SnapshotID,SnapshotTime,YardBlockID,OccupiedTEU,CapacityTEU
YS000001,2025-01-01 00:00:00,Y01,1007,1995
YS000002,2025-01-01 00:00:00,Y02,687,1249
YS000003,2025-01-01 00:00:00,Y03,771,986
YS000004,2025-01-01 00:00:00,Y04,490,1113
YS000005,2025-01-01 00:00:00,Y05,427,930
YS000006,2025-01-01 00:00:00,Y06,1229,1758
YS000007,2025-01-01 00:00:00,Y07,951,1034
YS000008,2025-01-01 00:00:00,Y08,737,1028
YS000009,2025-01-01 00:00:00,Y09,1043,1123
YS000010,2025-01-01 00:00:00,Y10,769,1339
YS000011,2025-01-01 08:00:00,Y01,1805,1995
YS000012,2025-01-01 08:00:00,Y02,702,1249
YS000013,2025-01-01 08:00:00,Y03,583,986
YS000014,2025-01-01 08:00:00,Y04,821,1113
YS000015,2025-01-01 08:00:00,Y05,806,930
YS000016,2025-01-01 08:00:00,Y06,1311,1758
YS000017,2025-01-01 08:00:00,Y07,937,1034
YS000018,2025-01-01 08:00:00,Y08,673,1028
YS000019,2025-01-01 08:00:00,Y09,812,1123
YS000020,2025-01-01 08:00:00,Y10,778,1339
YS000021,2025-01-01 16:00:00,Y01,1216,1995
YS000022,2025-01-01 16:00:00,Y02,570,1249
YS000023,2025-01-01 16:00:00,Y03,405,986
YS000024,2025-01-01 16:00:00,Y04,701,1113
YS000025,2025-01-01 16:00:00,Y05,455,930
YS000026,2025-01-01 16:00:00,Y06,1553,1758
YS000027,2025-01-01 16:00:00,Y07,886,1034
YS000028,2025-01-01 16:00:00,Y08,692,1028
YS000029,2025-01-01 16:00:00,Y09,531,1123
YS000030,2025-01-01 16:00:00,Y10,1135,1339
YS000031,2025-01-02 00:00:00,Y01,1898,1995
YS000032,2025-01-02 00:00:00,Y02,670,1249
YS000033,2025-01-02 00:00:00,Y03,964,986
YS000034,2025-01-02 00:00:00,Y04,506,1113
YS000035,2025-01-02 00:00:00,Y05,555,930
YS000036,2025-01-02 00:00:00,Y06,1122,1758
YS000037,2025-01-02 00:00:00,Y07,508,1034
YS000038,2025-01-02 00:00:00,Y08,795,1028
YS000039,2025-01-02 00:00:00,Y09,633,1123
YS000040,2025-01-02 00:00:00,Y10,1203,1339
YS000041,2025-01-02 08:00:00,Y01,1683,1995
YS000042,2025-01-02 08:00:00,Y02,1028,1249
YS000043,2025-01-02 08:00:00,Y03,691,986
YS000044,2025-01-02 08:00:00,Y04,1004,1113
YS000045,2025-01-02 08:00:00,Y05,652,930
YS000046,2025-01-02 08:00:00,Y06,1273,1758
YS000047,2025-01-02 08:00:00,Y07,461,1034
YS000048,2025-01-02 08:00:00,Y08,744,1028
YS000049,2025-01-02 08:00:00,Y09,727,1123
YS000050,2025-01-02 08:00:00,Y10,1121,1339
YS000051,2025-01-02 16:00:00,Y01,1465,1995
YS000052,2025-01-02 16:00:00,Y02,1013,1249
YS000053,2025-01-02 16:00:00,Y03,866,986
YS000054,2025-01-02 16:00:00,Y04,822,1113
YS000055,2025-01-02 16:00:00,Y05,577,930
YS000056,2025-01-02 16:00:00,Y06,1594,1758
YS000057,2025-01-02 16:00:00,Y07,489,1034
YS000058,2025-01-02 16:00:00,Y08,715,1028
YS000059,2025-01-02 16:00:00,Y09,502,1123
YS000060,2025-01-02 16:00:00,Y10,1165,1339
YS000061,2025-01-03 00:00:00,Y01,1780,1995
YS000062,2025-01-03 00:00:00,Y02,895,1249
YS000063,2025-01-03 00:00:00,Y03,839,986
YS000064,2025-01-03 00:00:00,Y04,849,1113
YS000065,2025-01-03 00:00:00,Y05,581,930
YS000066,2025-01-03 00:00:00,Y06,756,1758
YS000067,2025-01-03 00:00:00,Y07,817,1034
YS000068,2025-01-03 00:00:00,Y08,944,1028
YS000069,2025-01-03 00:00:00,Y09,630,1123
YS000070,2025-01-03 00:00:00,Y10,884,1339
YS000071,2025-01-03 08:00:00,Y01,1598,1995
YS000072,2025-01-03 08:00:00,Y02,600,1249
YS000073,2025-01-03 08:00:00,Y03,470,986
YS000074,2025-01-03 08:00:00,Y04,491,1113
YS000075,2025-01-03 08:00:00,Y05,399,930
YS000076,2025-01-03 08:00:00,Y06,1356,1758
YS000077,2025-01-03 08:00:00,Y07,710,1034
YS000078,2025-01-03 08:00:00,Y08,553,1028
YS000079,2025-01-03 08:00:00,Y09,882,1123
YS000080,2025-01-03 08:00:00,Y10,675,1339
YS000081,2025-01-03 16:00:00,Y01,1401,1995
YS000082,2025-01-03 16:00:00,Y02,925,1249
YS000083,2025-01-03 16:00:00,Y03,409,986
YS000084,2025-01-03 16:00:00,Y04,555,1113
YS000085,2025-01-03 16:00:00,Y05,836,930
YS000086,2025-01-03 16:00:00,Y06,1143,1758
YS000087,2025-01-03 16:00:00,Y07,997,1034
YS000088,2025-01-03 16:00:00,Y08,551,1028
YS000089,2025-01-03 16:00:00,Y09,992,1123
YS000090,2025-01-03 16:00:00,Y10,805,1339
YS000091,2025-01-04 00:00:00,Y01,1133,1995
YS000092,2025-01-04 00:00:00,Y02,1115,1249
YS000093,2025-01-04 00:00:00,Y03,754,986
YS000094,2025-01-04 00:00:00,Y04,724,1113
YS000095,2025-01-04 00:00:00,Y05,719,930
YS000096,2025-01-04 00:00:00,Y06,1664,1758
YS000097,2025-01-04 00:00:00,Y07,806,1034
YS000098,2025-01-04 00:00:00,Y08,609,1028
YS000099,2025-01-04 00:00:00,Y09,824,1123
YS000100,2025-01-04 00:00:00,Y10,1286,1339
YS000101,2025-01-04 08:00:00,Y01,882,1995
YS000102,2025-01-04 08:00:00,Y02,513,1249
YS000103,2025-01-04 08:00:00,Y03,624,986
YS000104,2025-01-04 08:00:00,Y04,934,1113
YS000105,2025-01-04 08:00:00,Y05,593,930
YS000106,2025-01-04 08:00:00,Y06,981,1758
YS000107,2025-01-04 08:00:00,Y07,981,1034
YS000108,2025-01-04 08:00:00,Y08,749,1028
YS000109,2025-01-04 08:00:00,Y09,583,1123
YS000110,2025-01-04 08:00:00,Y10,606,1339
YS000111,2025-01-04 16:00:00,Y01,1476,1995
YS000112,2025-01-04 16:00:00,Y02,828,1249
YS000113,2025-01-04 16:00:00,Y03,830,986
YS000114,2025-01-04 16:00:00,Y04,481,1113
YS000115,2025-01-04 16:00:00,Y05,572,930
YS000116,2025-01-04 16:00:00,Y06,888,1758
YS000117,2025-01-04 16:00:00,Y07,550,1034
YS000118,2025-01-04 16:00:00,Y08,933,1028
YS000119,2025-01-04 16:00:00,Y09,756,1123
YS000120,2025-01-04 16:00:00,Y10,1072,1339
YS000121,2025-01-05 00:00:00,Y01,1408,1995
YS000122,2025-01-05 00:00:00,Y02,927,1249
YS000123,2025-01-05 00:00:00,Y03,822,986
YS000124,2025-01-05 00:00:00,Y04,555,1113
YS000125,2025-01-05 00:00:00,Y05,683,930
YS000126,2025-01-05 00:00:00,Y06,1679,1758
YS000127,2025-01-05 00:00:00,Y07,687,1034
YS000128,2025-01-05 00:00:00,Y08,905,1028
YS000129,2025-01-05 00:00:00,Y09,507,1123
YS000130,2025-01-05 00:00:00,Y10,1041,1339
YS000131,2025-01-05 08:00:00,Y01,857,1995
YS000132,2025-01-05 08:00:00,Y02,866,1249
YS000133,2025-01-05 08:00:00,Y03,616,986
YS000134,2025-01-05 08:00:00,Y04,464,1113
YS000135,2025-01-05 08:00:00,Y05,688,930
YS000136,2025-01-05 08:00:00,Y06,1231,1758
YS000137,2025-01-05 08:00:00,Y07,852,1034
YS000138,2025-01-05 08:00:00,Y08,768,1028
YS000139,2025-01-05 08:00:00,Y09,613,1123
YS000140,2025-01-05 08:00:00,Y10,826,1339
YS000141,2025-01-05 16:00:00,Y01,1769,1995
YS000142,2025-01-05 16:00:00,Y02,1210,1249
YS000143,2025-01-05 16:00:00,Y03,443,986
YS000144,2025-01-05 16:00:00,Y04,731,1113
YS000145,2025-01-05 16:00:00,Y05,742,930
YS000146,2025-01-05 16:00:00,Y06,1075,1758
YS000147,2025-01-05 16:00:00,Y07,599,1034
YS000148,2025-01-05 16:00:00,Y08,747,1028
YS000149,2025-01-05 16:00:00,Y09,939,1123
YS000150,2025-01-05 16:00:00,Y10,1044,1339
YS000151,2025-01-06 00:00:00,Y01,1375,1995
YS000152,2025-01-06 00:00:00,Y02,514,1249
YS000153,2025-01-06 00:00:00,Y03,889,986
YS000154,2025-01-06 00:00:00,Y04,1078,1113
YS000155,2025-01-06 00:00:00,Y05,679,930
YS000156,2025-01-06 00:00:00,Y06,1303,1758
YS000157,2025-01-06 00:00:00,Y07,733,1034
YS000158,2025-01-06 00:00:00,Y08,755,1028
YS000159,2025-01-06 00:00:00,Y09,710,1123
YS000160,2025-01-06 00:00:00,Y10,1299,1339
YS000161,2025-01-06 08:00:00,Y01,808,1995
YS000162,2025-01-06 08:00:00,Y02,615,1249
YS000163,2025-01-06 08:00:00,Y03,556,986
YS000164,2025-01-06 08:00:00,Y04,827,1113
YS000165,2025-01-06 08:00:00,Y05,782,930
YS000166,2025-01-06 08:00:00,Y06,1206,1758
YS000167,2025-01-06 08:00:00,Y07,536,1034
YS000168,2025-01-06 08:00:00,Y08,461,1028
YS000169,2025-01-06 08:00:00,Y09,647,1123
YS000170,2025-01-06 08:00:00,Y10,1145,1339
YS000171,2025-01-06 16:00:00,Y01,1913,1995
YS000172,2025-01-06 16:00:00,Y02,1000,1249
YS000173,2025-01-06 16:00:00,Y03,868,986
YS000174,2025-01-06 16:00:00,Y04,970,1113
YS000175,2025-01-06 16:00:00,Y05,824,930
YS000176,2025-01-06 16:00:00,Y06,1327,1758
YS000177,2025-01-06 16:00:00,Y07,446,1034
YS000178,2025-01-06 16:00:00,Y08,621,1028
YS000179,2025-01-06 16:00:00,Y09,454,1123
YS000180,2025-01-06 16:00:00,Y10,1153,1339
YS000181,2025-01-07 00:00:00,Y01,850,1995
YS000182,2025-01-07 00:00:00,Y02,605,1249
YS000183,2025-01-07 00:00:00,Y03,445,986
YS000184,2025-01-07 00:00:00,Y04,898,1113
YS000185,2025-01-07 00:00:00,Y05,592,930
YS000186,2025-01-07 00:00:00,Y06,746,1758
YS000187,2025-01-07 00:00:00,Y07,788,1034
YS000188,2025-01-07 00:00:00,Y08,476,1028
YS000189,2025-01-07 00:00:00,Y09,1001,1123
YS000190,2025-01-07 00:00:00,Y10,952,1339
YS000191,2025-01-07 08:00:00,Y01,1173,1995
YS000192,2025-01-07 08:00:00,Y02,978,1249
YS000193,2025-01-07 08:00:00,Y03,855,986
YS000194,2025-01-07 08:00:00,Y04,657,1113
YS000195,2025-01-07 08:00:00,Y05,634,930
YS000196,2025-01-07 08:00:00,Y06,713,1758
YS000197,2025-01-07 08:00:00,Y07,848,1034
YS000198,2025-01-07 08:00:00,Y08,990,1028
YS000199,2025-01-07 08:00:00,Y09,962,1123
YS000200,2025-01-07 08:00:00,Y10,1227,1339
YS000201,2025-01-07 16:00:00,Y01,1439,1995
YS000202,2025-01-07 16:00:00,Y02,729,1249
YS000203,2025-01-07 16:00:00,Y03,589,986
YS000204,2025-01-07 16:00:00,Y04,512,1113
YS000205,2025-01-07 16:00:00,Y05,398,930
YS000206,2025-01-07 16:00:00,Y06,1398,1758
YS000207,2025-01-07 16:00:00,Y07,498,1034
YS000208,2025-01-07 16:00:00,Y08,740,1028
YS000209,2025-01-07 16:00:00,Y09,714,1123
YS000210,2025-01-07 16:00:00,Y10,934,1339
YS000211,2025-01-08 00:00:00,Y01,1742,1995
YS000212,2025-01-08 00:00:00,Y02,589,1249
YS000213,2025-01-08 00:00:00,Y03,640,986
YS000214,2025-01-08 00:00:00,Y04,682,1113
YS000215,2025-01-08 00:00:00,Y05,452,930
YS000216,2025-01-08 00:00:00,Y06,758,1758
YS000217,2025-01-08 00:00:00,Y07,995,1034
YS000218,2025-01-08 00:00:00,Y08,442,1028
YS000219,2025-01-08 00:00:00,Y09,657,1123
YS000220,2025-01-08 00:00:00,Y10,1018,1339
YS000221,2025-01-08 08:00:00,Y01,1802,1995
YS000222,2025-01-08 08:00:00,Y02,1069,1249
YS000223,2025-01-08 08:00:00,Y03,563,986
YS000224,2025-01-08 08:00:00,Y04,604,1113
YS000225,2025-01-08 08:00:00,Y05,823,930
YS000226,2025-01-08 08:00:00,Y06,1676,1758
YS000227,2025-01-08 08:00:00,Y07,621,1034
YS000228,2025-01-08 08:00:00,Y08,420,1028
YS000229,2025-01-08 08:00:00,Y09,995,1123
YS000230,2025-01-08 08:00:00,Y10,647,1339
YS000231,2025-01-08 16:00:00,Y01,1282,1995
YS000232,2025-01-08 16:00:00,Y02,946,1249
YS000233,2025-01-08 16:00:00,Y03,787,986
YS000234,2025-01-08 16:00:00,Y04,749,1113
YS000235,2025-01-08 16:00:00,Y05,595,930
YS000236,2025-01-08 16:00:00,Y06,1548,1758
YS000237,2025-01-08 16:00:00,Y07,838,1034
YS000238,2025-01-08 16:00:00,Y08,973,1028
YS000239,2025-01-08 16:00:00,Y09,505,1123
YS000240,2025-01-08 16:00:00,Y10,693,1339
YS000241,2025-01-09 00:00:00,Y01,1545,1995
YS000242,2025-01-09 00:00:00,Y02,1106,1249
YS000243,2025-01-09 00:00:00,Y03,591,986
YS000244,2025-01-09 00:00:00,Y04,615,1113
YS000245,2025-01-09 00:00:00,Y05,599,930
YS000246,2025-01-09 00:00:00,Y06,1017,1758
YS000247,2025-01-09 00:00:00,Y07,1013,1034
YS000248,2025-01-09 00:00:00,Y08,560,1028
YS000249,2025-01-09 00:00:00,Y09,493,1123
YS000250,2025-01-09 00:00:00,Y10,653,1339
YS000251,2025-01-09 08:00:00,Y01,1514,1995
YS000252,2025-01-09 08:00:00,Y02,547,1249
YS000253,2025-01-09 08:00:00,Y03,590,986
YS000254,2025-01-09 08:00:00,Y04,481,1113
YS000255,2025-01-09 08:00:00,Y05,604,930
YS000256,2025-01-09 08:00:00,Y06,1257,1758
YS000257,2025-01-09 08:00:00,Y07,461,1034
YS000258,2025-01-09 08:00:00,Y08,634,1028
YS000259,2025-01-09 08:00:00,Y09,452,1123
YS000260,2025-01-09 08:00:00,Y10,1011,1339
YS000261,2025-01-09 16:00:00,Y01,1521,1995
YS000262,2025-01-09 16:00:00,Y02,1073,1249
YS000263,2025-01-09 16:00:00,Y03,580,986
YS000264,2025-01-09 16:00:00,Y04,1057,1113
YS000265,2025-01-09 16:00:00,Y05,630,930
YS000266,2025-01-09 16:00:00,Y06,1109,1758
YS000267,2025-01-09 16:00:00,Y07,495,1034
YS000268,2025-01-09 16:00:00,Y08,950,1028
YS000269,2025-01-09 16:00:00,Y09,555,1123
YS000270,2025-01-09 16:00:00,Y10,836,1339
YS000271,2025-01-10 00:00:00,Y01,1229,1995
YS000272,2025-01-10 00:00:00,Y02,984,1249
YS000273,2025-01-10 00:00:00,Y03,459,986
YS000274,2025-01-10 00:00:00,Y04,746,1113
YS000275,2025-01-10 00:00:00,Y05,794,930
YS000276,2025-01-10 00:00:00,Y06,1417,1758
YS000277,2025-01-10 00:00:00,Y07,951,1034
YS000278,2025-01-10 00:00:00,Y08,881,1028
YS000279,2025-01-10 00:00:00,Y09,852,1123
YS000280,2025-01-10 00:00:00,Y10,788,1339
YS000281,2025-01-10 08:00:00,Y01,1415,1995
YS000282,2025-01-10 08:00:00,Y02,671,1249
YS000283,2025-01-10 08:00:00,Y03,553,986
YS000284,2025-01-10 08:00:00,Y04,723,1113
YS000285,2025-01-10 08:00:00,Y05,633,930
YS000286,2025-01-10 08:00:00,Y06,1582,1758
YS000287,2025-01-10 08:00:00,Y07,520,1034
YS000288,2025-01-10 08:00:00,Y08,502,1028
YS000289,2025-01-10 08:00:00,Y09,1076,1123
YS000290,2025-01-10 08:00:00,Y10,675,1339
YS000291,2025-01-10 16:00:00,Y01,1552,1995
YS000292,2025-01-10 16:00:00,Y02,575,1249
YS000293,2025-01-10 16:00:00,Y03,402,986
YS000294,2025-01-10 16:00:00,Y04,1071,1113
YS000295,2025-01-10 16:00:00,Y05,587,930
YS000296,2025-01-10 16:00:00,Y06,1416,1758
YS000297,2025-01-10 16:00:00,Y07,869,1034
YS000298,2025-01-10 16:00:00,Y08,883,1028
YS000299,2025-01-10 16:00:00,Y09,593,1123
YS000300,2025-01-10 16:00:00,Y10,1003,1339
YS000301,2025-01-11 00:00:00,Y01,1667,1995
YS000302,2025-01-11 00:00:00,Y02,708,1249
YS000303,2025-01-11 00:00:00,Y03,585,986
YS000304,2025-01-11 00:00:00,Y04,740,1113
YS000305,2025-01-11 00:00:00,Y05,896,930
YS000306,2025-01-11 00:00:00,Y06,1051,1758
YS000307,2025-01-11 00:00:00,Y07,874,1034
YS000308,2025-01-11 00:00:00,Y08,975,1028
YS000309,2025-01-11 00:00:00,Y09,746,1123
YS000310,2025-01-11 00:00:00,Y10,1298,1339
YS000311,2025-01-11 08:00:00,Y01,1334,1995
YS000312,2025-01-11 08:00:00,Y02,735,1249
YS000313,2025-01-11 08:00:00,Y03,584,986
YS000314,2025-01-11 08:00:00,Y04,690,1113
YS000315,2025-01-11 08:00:00,Y05,851,930
YS000316,2025-01-11 08:00:00,Y06,1323,1758
YS000317,2025-01-11 08:00:00,Y07,1005,1034
YS000318,2025-01-11 08:00:00,Y08,725,1028
YS000319,2025-01-11 08:00:00,Y09,739,1123
YS000320,2025-01-11 08:00:00,Y10,597,1339
YS000321,2025-01-11 16:00:00,Y01,1064,1995
YS000322,2025-01-11 16:00:00,Y02,1209,1249
YS000323,2025-01-11 16:00:00,Y03,469,986
YS000324,2025-01-11 16:00:00,Y04,1012,1113
YS000325,2025-01-11 16:00:00,Y05,444,930
YS000326,2025-01-11 16:00:00,Y06,991,1758
YS000327,2025-01-11 16:00:00,Y07,685,1034
YS000328,2025-01-11 16:00:00,Y08,510,1028
YS000329,2025-01-11 16:00:00,Y09,928,1123
YS000330,2025-01-11 16:00:00,Y10,1053,1339
YS000331,2025-01-12 00:00:00,Y01,1941,1995
YS000332,2025-01-12 00:00:00,Y02,580,1249
YS000333,2025-01-12 00:00:00,Y03,564,986
YS000334,2025-01-12 00:00:00,Y04,510,1113
YS000335,2025-01-12 00:00:00,Y05,490,930
YS000336,2025-01-12 00:00:00,Y06,904,1758
YS000337,2025-01-12 00:00:00,Y07,565,1034
YS000338,2025-01-12 00:00:00,Y08,500,1028
YS000339,2025-01-12 00:00:00,Y09,518,1123
YS000340,2025-01-12 00:00:00,Y10,1293,1339
YS000341,2025-01-12 08:00:00,Y01,925,1995
YS000342,2025-01-12 08:00:00,Y02,608,1249
YS000343,2025-01-12 08:00:00,Y03,929,986
YS000344,2025-01-12 08:00:00,Y04,721,1113
YS000345,2025-01-12 08:00:00,Y05,845,930
YS000346,2025-01-12 08:00:00,Y06,1385,1758
YS000347,2025-01-12 08:00:00,Y07,1012,1034
YS000348,2025-01-12 08:00:00,Y08,828,1028
YS000349,2025-01-12 08:00:00,Y09,513,1123
YS000350,2025-01-12 08:00:00,Y10,945,1339
YS000351,2025-01-12 16:00:00,Y01,1234,1995
YS000352,2025-01-12 16:00:00,Y02,864,1249
YS000353,2025-01-12 16:00:00,Y03,503,986
YS000354,2025-01-12 16:00:00,Y04,712,1113
YS000355,2025-01-12 16:00:00,Y05,456,930
YS000356,2025-01-12 16:00:00,Y06,1342,1758
YS000357,2025-01-12 16:00:00,Y07,607,1034
YS000358,2025-01-12 16:00:00,Y08,770,1028
YS000359,2025-01-12 16:00:00,Y09,805,1123
YS000360,2025-01-12 16:00:00,Y10,727,1339
YS000361,2025-01-13 00:00:00,Y01,942,1995
YS000362,2025-01-13 00:00:00,Y02,1043,1249
YS000363,2025-01-13 00:00:00,Y03,832,986
YS000364,2025-01-13 00:00:00,Y04,558,1113
YS000365,2025-01-13 00:00:00,Y05,438,930
YS000366,2025-01-13 00:00:00,Y06,856,1758
YS000367,2025-01-13 00:00:00,Y07,442,1034
YS000368,2025-01-13 00:00:00,Y08,725,1028
YS000369,2025-01-13 00:00:00,Y09,1024,1123
YS000370,2025-01-13 00:00:00,Y10,1128,1339
YS000371,2025-01-13 08:00:00,Y01,861,1995
YS000372,2025-01-13 08:00:00,Y02,984,1249
YS000373,2025-01-13 08:00:00,Y03,441,986
YS000374,2025-01-13 08:00:00,Y04,935,1113
YS000375,2025-01-13 08:00:00,Y05,415,930
YS000376,2025-01-13 08:00:00,Y06,1552,1758
YS000377,2025-01-13 08:00:00,Y07,991,1034
YS000378,2025-01-13 08:00:00,Y08,895,1028
YS000379,2025-01-13 08:00:00,Y09,454,1123
YS000380,2025-01-13 08:00:00,Y10,973,1339
YS000381,2025-01-13 16:00:00,Y01,1253,1995
YS000382,2025-01-13 16:00:00,Y02,635,1249
YS000383,2025-01-13 16:00:00,Y03,590,986
YS000384,2025-01-13 16:00:00,Y04,604,1113
YS000385,2025-01-13 16:00:00,Y05,790,930
YS000386,2025-01-13 16:00:00,Y06,1121,1758
YS000387,2025-01-13 16:00:00,Y07,862,1034
YS000388,2025-01-13 16:00:00,Y08,715,1028
YS000389,2025-01-13 16:00:00,Y09,1059,1123
YS000390,2025-01-13 16:00:00,Y10,547,1339
YS000391,2025-01-14 00:00:00,Y01,921,1995
YS000392,2025-01-14 00:00:00,Y02,1004,1249
YS000393,2025-01-14 00:00:00,Y03,627,986
YS000394,2025-01-14 00:00:00,Y04,975,1113
YS000395,2025-01-14 00:00:00,Y05,652,930
YS000396,2025-01-14 00:00:00,Y06,832,1758
YS000397,2025-01-14 00:00:00,Y07,868,1034
YS000398,2025-01-14 00:00:00,Y08,457,1028
YS000399,2025-01-14 00:00:00,Y09,664,1123
YS000400,2025-01-14 00:00:00,Y10,774,1339
YS000401,2025-01-14 08:00:00,Y01,1192,1995
YS000402,2025-01-14 08:00:00,Y02,1129,1249
YS000403,2025-01-14 08:00:00,Y03,487,986
YS000404,2025-01-14 08:00:00,Y04,899,1113
YS000405,2025-01-14 08:00:00,Y05,775,930
YS000406,2025-01-14 08:00:00,Y06,1073,1758
YS000407,2025-01-14 08:00:00,Y07,610,1034
YS000408,2025-01-14 08:00:00,Y08,599,1028
YS000409,2025-01-14 08:00:00,Y09,1068,1123
YS000410,2025-01-14 08:00:00,Y10,908,1339
YS000411,2025-01-14 16:00:00,Y01,1940,1995
YS000412,2025-01-14 16:00:00,Y02,931,1249
YS000413,2025-01-14 16:00:00,Y03,670,986
YS000414,2025-01-14 16:00:00,Y04,710,1113
YS000415,2025-01-14 16:00:00,Y05,524,930
YS000416,2025-01-14 16:00:00,Y06,878,1758
YS000417,2025-01-14 16:00:00,Y07,786,1034
YS000418,2025-01-14 16:00:00,Y08,515,1028
YS000419,2025-01-14 16:00:00,Y09,992,1123
YS000420,2025-01-14 16:00:00,Y10,1035,1339
YS000421,2025-01-15 00:00:00,Y01,1736,1995
YS000422,2025-01-15 00:00:00,Y02,1163,1249
YS000423,2025-01-15 00:00:00,Y03,424,986
YS000424,2025-01-15 00:00:00,Y04,966,1113
YS000425,2025-01-15 00:00:00,Y05,475,930
YS000426,2025-01-15 00:00:00,Y06,1063,1758
YS000427,2025-01-15 00:00:00,Y07,643,1034
YS000428,2025-01-15 00:00:00,Y08,886,1028
YS000429,2025-01-15 00:00:00,Y09,850,1123
YS000430,2025-01-15 00:00:00,Y10,570,1339
YS000431,2025-01-15 08:00:00,Y01,1418,1995
YS000432,2025-01-15 08:00:00,Y02,1060,1249
YS000433,2025-01-15 08:00:00,Y03,528,986
YS000434,2025-01-15 08:00:00,Y04,1065,1113
YS000435,2025-01-15 08:00:00,Y05,816,930
YS000436,2025-01-15 08:00:00,Y06,1062,1758
YS000437,2025-01-15 08:00:00,Y07,603,1034
YS000438,2025-01-15 08:00:00,Y08,923,1028
YS000439,2025-01-15 08:00:00,Y09,726,1123
YS000440,2025-01-15 08:00:00,Y10,1004,1339
YS000441,2025-01-15 16:00:00,Y01,977,1995
YS000442,2025-01-15 16:00:00,Y02,709,1249
YS000443,2025-01-15 16:00:00,Y03,645,986
YS000444,2025-01-15 16:00:00,Y04,647,1113
YS000445,2025-01-15 16:00:00,Y05,488,930
YS000446,2025-01-15 16:00:00,Y06,1370,1758
YS000447,2025-01-15 16:00:00,Y07,797,1034
YS000448,2025-01-15 16:00:00,Y08,626,1028
YS000449,2025-01-15 16:00:00,Y09,589,1123
YS000450,2025-01-15 16:00:00,Y10,918,1339
YS000451,2025-01-16 00:00:00,Y01,911,1995
YS000452,2025-01-16 00:00:00,Y02,788,1249
YS000453,2025-01-16 00:00:00,Y03,428,986
YS000454,2025-01-16 00:00:00,Y04,1065,1113
YS000455,2025-01-16 00:00:00,Y05,589,930
YS000456,2025-01-16 00:00:00,Y06,716,1758
YS000457,2025-01-16 00:00:00,Y07,827,1034
YS000458,2025-01-16 00:00:00,Y08,894,1028
YS000459,2025-01-16 00:00:00,Y09,671,1123
YS000460,2025-01-16 00:00:00,Y10,1182,1339
YS000461,2025-01-16 08:00:00,Y01,1931,1995
YS000462,2025-01-16 08:00:00,Y02,520,1249
YS000463,2025-01-16 08:00:00,Y03,894,986
YS000464,2025-01-16 08:00:00,Y04,741,1113
YS000465,2025-01-16 08:00:00,Y05,754,930
YS000466,2025-01-16 08:00:00,Y06,1570,1758
YS000467,2025-01-16 08:00:00,Y07,613,1034
YS000468,2025-01-16 08:00:00,Y08,559,1028
YS000469,2025-01-16 08:00:00,Y09,674,1123
YS000470,2025-01-16 08:00:00,Y10,616,1339
YS000471,2025-01-16 16:00:00,Y01,1432,1995
YS000472,2025-01-16 16:00:00,Y02,855,1249
YS000473,2025-01-16 16:00:00,Y03,780,986
YS000474,2025-01-16 16:00:00,Y04,685,1113
YS000475,2025-01-16 16:00:00,Y05,851,930
YS000476,2025-01-16 16:00:00,Y06,1373,1758
YS000477,2025-01-16 16:00:00,Y07,439,1034
YS000478,2025-01-16 16:00:00,Y08,951,1028
YS000479,2025-01-16 16:00:00,Y09,986,1123
YS000480,2025-01-16 16:00:00,Y10,651,1339
YS000481,2025-01-17 00:00:00,Y01,1911,1995
YS000482,2025-01-17 00:00:00,Y02,1181,1249
YS000483,2025-01-17 00:00:00,Y03,588,986
YS000484,2025-01-17 00:00:00,Y04,593,1113
YS000485,2025-01-17 00:00:00,Y05,457,930
YS000486,2025-01-17 00:00:00,Y06,1416,1758
YS000487,2025-01-17 00:00:00,Y07,825,1034
YS000488,2025-01-17 00:00:00,Y08,655,1028
YS000489,2025-01-17 00:00:00,Y09,914,1123
YS000490,2025-01-17 00:00:00,Y10,1254,1339
YS000491,2025-01-17 08:00:00,Y01,1083,1995
YS000492,2025-01-17 08:00:00,Y02,1104,1249
YS000493,2025-01-17 08:00:00,Y03,919,986
YS000494,2025-01-17 08:00:00,Y04,554,1113
YS000495,2025-01-17 08:00:00,Y05,671,930
YS000496,2025-01-17 08:00:00,Y06,990,1758
YS000497,2025-01-17 08:00:00,Y07,529,1034
YS000498,2025-01-17 08:00:00,Y08,459,1028
YS000499,2025-01-17 08:00:00,Y09,805,1123
YS000500,2025-01-17 08:00:00,Y10,1133,1339
YS000501,2025-01-17 16:00:00,Y01,1510,1995
YS000502,2025-01-17 16:00:00,Y02,519,1249
YS000503,2025-01-17 16:00:00,Y03,697,986
YS000504,2025-01-17 16:00:00,Y04,672,1113
YS000505,2025-01-17 16:00:00,Y05,749,930
YS000506,2025-01-17 16:00:00,Y06,1695,1758
YS000507,2025-01-17 16:00:00,Y07,609,1034
YS000508,2025-01-17 16:00:00,Y08,580,1028
YS000509,2025-01-17 16:00:00,Y09,478,1123
YS000510,2025-01-17 16:00:00,Y10,1099,1339
YS000511,2025-01-18 00:00:00,Y01,1770,1995
YS000512,2025-01-18 00:00:00,Y02,917,1249
YS000513,2025-01-18 00:00:00,Y03,583,986
YS000514,2025-01-18 00:00:00,Y04,465,1113
YS000515,2025-01-18 00:00:00,Y05,788,930
YS000516,2025-01-18 00:00:00,Y06,946,1758
YS000517,2025-01-18 00:00:00,Y07,483,1034
YS000518,2025-01-18 00:00:00,Y08,859,1028
YS000519,2025-01-18 00:00:00,Y09,1039,1123
YS000520,2025-01-18 00:00:00,Y10,1278,1339
YS000521,2025-01-18 08:00:00,Y01,1065,1995
YS000522,2025-01-18 08:00:00,Y02,634,1249
YS000523,2025-01-18 08:00:00,Y03,792,986
YS000524,2025-01-18 08:00:00,Y04,532,1113
YS000525,2025-01-18 08:00:00,Y05,507,930
YS000526,2025-01-18 08:00:00,Y06,997,1758
YS000527,2025-01-18 08:00:00,Y07,891,1034
YS000528,2025-01-18 08:00:00,Y08,437,1028
YS000529,2025-01-18 08:00:00,Y09,933,1123
YS000530,2025-01-18 08:00:00,Y10,1006,1339
YS000531,2025-01-18 16:00:00,Y01,1125,1995
YS000532,2025-01-18 16:00:00,Y02,726,1249
YS000533,2025-01-18 16:00:00,Y03,776,986
YS000534,2025-01-18 16:00:00,Y04,915,1113
YS000535,2025-01-18 16:00:00,Y05,399,930
YS000536,2025-01-18 16:00:00,Y06,1085,1758
YS000537,2025-01-18 16:00:00,Y07,738,1034
YS000538,2025-01-18 16:00:00,Y08,693,1028
YS000539,2025-01-18 16:00:00,Y09,957,1123
YS000540,2025-01-18 16:00:00,Y10,661,1339
YS000541,2025-01-19 00:00:00,Y01,1376,1995
YS000542,2025-01-19 00:00:00,Y02,709,1249
YS000543,2025-01-19 00:00:00,Y03,640,986
YS000544,2025-01-19 00:00:00,Y04,803,1113
YS000545,2025-01-19 00:00:00,Y05,859,930
YS000546,2025-01-19 00:00:00,Y06,1216,1758
YS000547,2025-01-19 00:00:00,Y07,462,1034
YS000548,2025-01-19 00:00:00,Y08,670,1028
YS000549,2025-01-19 00:00:00,Y09,693,1123
YS000550,2025-01-19 00:00:00,Y10,701,1339
YS000551,2025-01-19 08:00:00,Y01,1370,1995
YS000552,2025-01-19 08:00:00,Y02,767,1249
YS000553,2025-01-19 08:00:00,Y03,861,986
YS000554,2025-01-19 08:00:00,Y04,973,1113
YS000555,2025-01-19 08:00:00,Y05,881,930
YS000556,2025-01-19 08:00:00,Y06,747,1758
YS000557,2025-01-19 08:00:00,Y07,920,1034
YS000558,2025-01-19 08:00:00,Y08,674,1028
YS000559,2025-01-19 08:00:00,Y09,965,1123
YS000560,2025-01-19 08:00:00,Y10,1195,1339
YS000561,2025-01-19 16:00:00,Y01,1584,1995
YS000562,2025-01-19 16:00:00,Y02,524,1249
YS000563,2025-01-19 16:00:00,Y03,728,986
YS000564,2025-01-19 16:00:00,Y04,860,1113
YS000565,2025-01-19 16:00:00,Y05,871,930
YS000566,2025-01-19 16:00:00,Y06,993,1758
YS000567,2025-01-19 16:00:00,Y07,823,1034
YS000568,2025-01-19 16:00:00,Y08,576,1028
YS000569,2025-01-19 16:00:00,Y09,1034,1123
YS000570,2025-01-19 16:00:00,Y10,1133,1339
YS000571,2025-01-20 00:00:00,Y01,836,1995
YS000572,2025-01-20 00:00:00,Y02,1065,1249
YS000573,2025-01-20 00:00:00,Y03,614,986
YS000574,2025-01-20 00:00:00,Y04,641,1113
YS000575,2025-01-20 00:00:00,Y05,626,930
YS000576,2025-01-20 00:00:00,Y06,1649,1758
YS000577,2025-01-20 00:00:00,Y07,724,1034
YS000578,2025-01-20 00:00:00,Y08,676,1028
YS000579,2025-01-20 00:00:00,Y09,1021,1123
YS000580,2025-01-20 00:00:00,Y10,577,1339
YS000581,2025-01-20 08:00:00,Y01,1668,1995
YS000582,2025-01-20 08:00:00,Y02,1175,1249
YS000583,2025-01-20 08:00:00,Y03,691,986
YS000584,2025-01-20 08:00:00,Y04,703,1113
YS000585,2025-01-20 08:00:00,Y05,761,930
YS000586,2025-01-20 08:00:00,Y06,1548,1758
YS000587,2025-01-20 08:00:00,Y07,963,1034
YS000588,2025-01-20 08:00:00,Y08,924,1028
YS000589,2025-01-20 08:00:00,Y09,663,1123
YS000590,2025-01-20 08:00:00,Y10,1088,1339
YS000591,2025-01-20 16:00:00,Y01,1624,1995
YS000592,2025-01-20 16:00:00,Y02,898,1249
YS000593,2025-01-20 16:00:00,Y03,568,986
YS000594,2025-01-20 16:00:00,Y04,1080,1113
YS000595,2025-01-20 16:00:00,Y05,441,930
YS000596,2025-01-20 16:00:00,Y06,1101,1758
YS000597,2025-01-20 16:00:00,Y07,670,1034
YS000598,2025-01-20 16:00:00,Y08,965,1028
YS000599,2025-01-20 16:00:00,Y09,942,1123
YS000600,2025-01-20 16:00:00,Y10,984,1339
YS000601,2025-01-21 00:00:00,Y01,1142,1995
YS000602,2025-01-21 00:00:00,Y02,683,1249
YS000603,2025-01-21 00:00:00,Y03,545,986
YS000604,2025-01-21 00:00:00,Y04,959,1113
YS000605,2025-01-21 00:00:00,Y05,614,930
YS000606,2025-01-21 00:00:00,Y06,1095,1758
YS000607,2025-01-21 00:00:00,Y07,670,1034
YS000608,2025-01-21 00:00:00,Y08,747,1028
YS000609,2025-01-21 00:00:00,Y09,636,1123
YS000610,2025-01-21 00:00:00,Y10,540,1339
YS000611,2025-01-21 08:00:00,Y01,1217,1995
YS000612,2025-01-21 08:00:00,Y02,672,1249
YS000613,2025-01-21 08:00:00,Y03,599,986
YS000614,2025-01-21 08:00:00,Y04,558,1113
YS000615,2025-01-21 08:00:00,Y05,627,930
YS000616,2025-01-21 08:00:00,Y06,1703,1758
YS000617,2025-01-21 08:00:00,Y07,564,1034
YS000618,2025-01-21 08:00:00,Y08,582,1028
YS000619,2025-01-21 08:00:00,Y09,840,1123
YS000620,2025-01-21 08:00:00,Y10,1273,1339
YS000621,2025-01-21 16:00:00,Y01,1565,1995
YS000622,2025-01-21 16:00:00,Y02,813,1249
YS000623,2025-01-21 16:00:00,Y03,459,986
YS000624,2025-01-21 16:00:00,Y04,743,1113
YS000625,2025-01-21 16:00:00,Y05,733,930
YS000626,2025-01-21 16:00:00,Y06,1690,1758
YS000627,2025-01-21 16:00:00,Y07,806,1034
YS000628,2025-01-21 16:00:00,Y08,994,1028
YS000629,2025-01-21 16:00:00,Y09,538,1123
YS000630,2025-01-21 16:00:00,Y10,1187,1339
YS000631,2025-01-22 00:00:00,Y01,1700,1995
YS000632,2025-01-22 00:00:00,Y02,814,1249
YS000633,2025-01-22 00:00:00,Y03,550,986
YS000634,2025-01-22 00:00:00,Y04,613,1113
YS000635,2025-01-22 00:00:00,Y05,380,930
YS000636,2025-01-22 00:00:00,Y06,1054,1758
YS000637,2025-01-22 00:00:00,Y07,765,1034
YS000638,2025-01-22 00:00:00,Y08,841,1028
YS000639,2025-01-22 00:00:00,Y09,522,1123
YS000640,2025-01-22 00:00:00,Y10,608,1339
YS000641,2025-01-22 08:00:00,Y01,1301,1995
YS000642,2025-01-22 08:00:00,Y02,981,1249
YS000643,2025-01-22 08:00:00,Y03,515,986
YS000644,2025-01-22 08:00:00,Y04,680,1113
YS000645,2025-01-22 08:00:00,Y05,820,930
YS000646,2025-01-22 08:00:00,Y06,1393,1758
YS000647,2025-01-22 08:00:00,Y07,665,1034
YS000648,2025-01-22 08:00:00,Y08,476,1028
YS000649,2025-01-22 08:00:00,Y09,917,1123
YS000650,2025-01-22 08:00:00,Y10,695,1339
YS000651,2025-01-22 16:00:00,Y01,1644,1995
YS000652,2025-01-22 16:00:00,Y02,643,1249
YS000653,2025-01-22 16:00:00,Y03,627,986
YS000654,2025-01-22 16:00:00,Y04,973,1113
YS000655,2025-01-22 16:00:00,Y05,529,930
YS000656,2025-01-22 16:00:00,Y06,841,1758
YS000657,2025-01-22 16:00:00,Y07,1009,1034
YS000658,2025-01-22 16:00:00,Y08,517,1028
YS000659,2025-01-22 16:00:00,Y09,725,1123
YS000660,2025-01-22 16:00:00,Y10,1038,1339
YS000661,2025-01-23 00:00:00,Y01,1547,1995
YS000662,2025-01-23 00:00:00,Y02,883,1249
YS000663,2025-01-23 00:00:00,Y03,931,986
YS000664,2025-01-23 00:00:00,Y04,886,1113
YS000665,2025-01-23 00:00:00,Y05,579,930
YS000666,2025-01-23 00:00:00,Y06,1022,1758
YS000667,2025-01-23 00:00:00,Y07,555,1034
YS000668,2025-01-23 00:00:00,Y08,527,1028
YS000669,2025-01-23 00:00:00,Y09,926,1123
YS000670,2025-01-23 00:00:00,Y10,1249,1339
YS000671,2025-01-23 08:00:00,Y01,1102,1995
YS000672,2025-01-23 08:00:00,Y02,724,1249
YS000673,2025-01-23 08:00:00,Y03,636,986
YS000674,2025-01-23 08:00:00,Y04,956,1113
YS000675,2025-01-23 08:00:00,Y05,572,930
YS000676,2025-01-23 08:00:00,Y06,998,1758
YS000677,2025-01-23 08:00:00,Y07,864,1034
YS000678,2025-01-23 08:00:00,Y08,738,1028
YS000679,2025-01-23 08:00:00,Y09,720,1123
YS000680,2025-01-23 08:00:00,Y10,867,1339
YS000681,2025-01-23 16:00:00,Y01,1519,1995
YS000682,2025-01-23 16:00:00,Y02,1190,1249
YS000683,2025-01-23 16:00:00,Y03,617,986
YS000684,2025-01-23 16:00:00,Y04,992,1113
YS000685,2025-01-23 16:00:00,Y05,846,930
YS000686,2025-01-23 16:00:00,Y06,1413,1758
YS000687,2025-01-23 16:00:00,Y07,464,1034
YS000688,2025-01-23 16:00:00,Y08,910,1028
YS000689,2025-01-23 16:00:00,Y09,980,1123
YS000690,2025-01-23 16:00:00,Y10,629,1339
YS000691,2025-01-24 00:00:00,Y01,1489,1995
YS000692,2025-01-24 00:00:00,Y02,967,1249
YS000693,2025-01-24 00:00:00,Y03,749,986
YS000694,2025-01-24 00:00:00,Y04,646,1113
YS000695,2025-01-24 00:00:00,Y05,607,930
YS000696,2025-01-24 00:00:00,Y06,1429,1758
YS000697,2025-01-24 00:00:00,Y07,454,1034
YS000698,2025-01-24 00:00:00,Y08,530,1028
YS000699,2025-01-24 00:00:00,Y09,557,1123
YS000700,2025-01-24 00:00:00,Y10,913,1339
YS000701,2025-01-24 08:00:00,Y01,1478,1995
YS000702,2025-01-24 08:00:00,Y02,1078,1249
YS000703,2025-01-24 08:00:00,Y03,808,986
YS000704,2025-01-24 08:00:00,Y04,948,1113
YS000705,2025-01-24 08:00:00,Y05,670,930
YS000706,2025-01-24 08:00:00,Y06,977,1758
YS000707,2025-01-24 08:00:00,Y07,564,1034
YS000708,2025-01-24 08:00:00,Y08,964,1028
YS000709,2025-01-24 08:00:00,Y09,650,1123
YS000710,2025-01-24 08:00:00,Y10,1269,1339
YS000711,2025-01-24 16:00:00,Y01,1146,1995
YS000712,2025-01-24 16:00:00,Y02,506,1249
YS000713,2025-01-24 16:00:00,Y03,557,986
YS000714,2025-01-24 16:00:00,Y04,726,1113
YS000715,2025-01-24 16:00:00,Y05,864,930
YS000716,2025-01-24 16:00:00,Y06,995,1758
YS000717,2025-01-24 16:00:00,Y07,594,1034
YS000718,2025-01-24 16:00:00,Y08,495,1028
YS000719,2025-01-24 16:00:00,Y09,544,1123
YS000720,2025-01-24 16:00:00,Y10,900,1339
YS000721,2025-01-25 00:00:00,Y01,1216,1995
YS000722,2025-01-25 00:00:00,Y02,1023,1249
YS000723,2025-01-25 00:00:00,Y03,754,986
YS000724,2025-01-25 00:00:00,Y04,652,1113
YS000725,2025-01-25 00:00:00,Y05,461,930
YS000726,2025-01-25 00:00:00,Y06,752,1758
YS000727,2025-01-25 00:00:00,Y07,883,1034
YS000728,2025-01-25 00:00:00,Y08,691,1028
YS000729,2025-01-25 00:00:00,Y09,463,1123
YS000730,2025-01-25 00:00:00,Y10,996,1339
YS000731,2025-01-25 08:00:00,Y01,1392,1995
YS000732,2025-01-25 08:00:00,Y02,776,1249
YS000733,2025-01-25 08:00:00,Y03,633,986
YS000734,2025-01-25 08:00:00,Y04,758,1113
YS000735,2025-01-25 08:00:00,Y05,474,930
YS000736,2025-01-25 08:00:00,Y06,958,1758
YS000737,2025-01-25 08:00:00,Y07,742,1034
YS000738,2025-01-25 08:00:00,Y08,692,1028
YS000739,2025-01-25 08:00:00,Y09,945,1123
YS000740,2025-01-25 08:00:00,Y10,1196,1339
YS000741,2025-01-25 16:00:00,Y01,1155,1995
YS000742,2025-01-25 16:00:00,Y02,593,1249
YS000743,2025-01-25 16:00:00,Y03,965,986
YS000744,2025-01-25 16:00:00,Y04,668,1113
YS000745,2025-01-25 16:00:00,Y05,906,930
YS000746,2025-01-25 16:00:00,Y06,1623,1758
YS000747,2025-01-25 16:00:00,Y07,906,1034
YS000748,2025-01-25 16:00:00,Y08,605,1028
YS000749,2025-01-25 16:00:00,Y09,1076,1123
YS000750,2025-01-25 16:00:00,Y10,896,1339
YS000751,2025-01-26 00:00:00,Y01,1856,1995
YS000752,2025-01-26 00:00:00,Y02,1210,1249
YS000753,2025-01-26 00:00:00,Y03,546,986
YS000754,2025-01-26 00:00:00,Y04,666,1113
YS000755,2025-01-26 00:00:00,Y05,644,930
YS000756,2025-01-26 00:00:00,Y06,1391,1758
YS000757,2025-01-26 00:00:00,Y07,992,1034
YS000758,2025-01-26 00:00:00,Y08,757,1028
YS000759,2025-01-26 00:00:00,Y09,764,1123
YS000760,2025-01-26 00:00:00,Y10,1233,1339
YS000761,2025-01-26 08:00:00,Y01,1197,1995
YS000762,2025-01-26 08:00:00,Y02,830,1249
YS000763,2025-01-26 08:00:00,Y03,826,986
YS000764,2025-01-26 08:00:00,Y04,972,1113
YS000765,2025-01-26 08:00:00,Y05,494,930
YS000766,2025-01-26 08:00:00,Y06,1274,1758
YS000767,2025-01-26 08:00:00,Y07,1005,1034
YS000768,2025-01-26 08:00:00,Y08,528,1028
YS000769,2025-01-26 08:00:00,Y09,533,1123
YS000770,2025-01-26 08:00:00,Y10,1169,1339
YS000771,2025-01-26 16:00:00,Y01,1082,1995
YS000772,2025-01-26 16:00:00,Y02,662,1249
YS000773,2025-01-26 16:00:00,Y03,550,986
YS000774,2025-01-26 16:00:00,Y04,994,1113
YS000775,2025-01-26 16:00:00,Y05,668,930
YS000776,2025-01-26 16:00:00,Y06,1696,1758
YS000777,2025-01-26 16:00:00,Y07,581,1034
YS000778,2025-01-26 16:00:00,Y08,514,1028
YS000779,2025-01-26 16:00:00,Y09,601,1123
YS000780,2025-01-26 16:00:00,Y10,965,1339
YS000781,2025-01-27 00:00:00,Y01,1374,1995
YS000782,2025-01-27 00:00:00,Y02,1189,1249
YS000783,2025-01-27 00:00:00,Y03,591,986
YS000784,2025-01-27 00:00:00,Y04,796,1113
YS000785,2025-01-27 00:00:00,Y05,878,930
YS000786,2025-01-27 00:00:00,Y06,884,1758
YS000787,2025-01-27 00:00:00,Y07,942,1034
YS000788,2025-01-27 00:00:00,Y08,708,1028
YS000789,2025-01-27 00:00:00,Y09,509,1123
YS000790,2025-01-27 00:00:00,Y10,899,1339
YS000791,2025-01-27 08:00:00,Y01,1054,1995
YS000792,2025-01-27 08:00:00,Y02,893,1249
YS000793,2025-01-27 08:00:00,Y03,434,986
YS000794,2025-01-27 08:00:00,Y04,1048,1113
YS000795,2025-01-27 08:00:00,Y05,819,930
YS000796,2025-01-27 08:00:00,Y06,1599,1758
YS000797,2025-01-27 08:00:00,Y07,1010,1034
YS000798,2025-01-27 08:00:00,Y08,736,1028
YS000799,2025-01-27 08:00:00,Y09,953,1123
YS000800,2025-01-27 08:00:00,Y10,1015,1339
YS000801,2025-01-27 16:00:00,Y01,1572,1995
YS000802,2025-01-27 16:00:00,Y02,959,1249
YS000803,2025-01-27 16:00:00,Y03,822,986
YS000804,2025-01-27 16:00:00,Y04,647,1113
YS000805,2025-01-27 16:00:00,Y05,643,930
YS000806,2025-01-27 16:00:00,Y06,801,1758
YS000807,2025-01-27 16:00:00,Y07,1005,1034
YS000808,2025-01-27 16:00:00,Y08,443,1028
YS000809,2025-01-27 16:00:00,Y09,983,1123
YS000810,2025-01-27 16:00:00,Y10,959,1339
YS000811,2025-01-28 00:00:00,Y01,1501,1995
YS000812,2025-01-28 00:00:00,Y02,852,1249
YS000813,2025-01-28 00:00:00,Y03,577,986
YS000814,2025-01-28 00:00:00,Y04,898,1113
YS000815,2025-01-28 00:00:00,Y05,815,930
YS000816,2025-01-28 00:00:00,Y06,1577,1758
YS000817,2025-01-28 00:00:00,Y07,498,1034
YS000818,2025-01-28 00:00:00,Y08,928,1028
YS000819,2025-01-28 00:00:00,Y09,826,1123
YS000820,2025-01-28 00:00:00,Y10,663,1339
YS000821,2025-01-28 08:00:00,Y01,1877,1995
YS000822,2025-01-28 08:00:00,Y02,541,1249
YS000823,2025-01-28 08:00:00,Y03,863,986
YS000824,2025-01-28 08:00:00,Y04,463,1113
YS000825,2025-01-28 08:00:00,Y05,416,930
YS000826,2025-01-28 08:00:00,Y06,745,1758
YS000827,2025-01-28 08:00:00,Y07,513,1034
YS000828,2025-01-28 08:00:00,Y08,711,1028
YS000829,2025-01-28 08:00:00,Y09,855,1123
YS000830,2025-01-28 08:00:00,Y10,616,1339
YS000831,2025-01-28 16:00:00,Y01,993,1995
YS000832,2025-01-28 16:00:00,Y02,1043,1249
YS000833,2025-01-28 16:00:00,Y03,733,986
YS000834,2025-01-28 16:00:00,Y04,518,1113
YS000835,2025-01-28 16:00:00,Y05,739,930
YS000836,2025-01-28 16:00:00,Y06,1474,1758
YS000837,2025-01-28 16:00:00,Y07,580,1034
YS000838,2025-01-28 16:00:00,Y08,796,1028
YS000839,2025-01-28 16:00:00,Y09,756,1123
YS000840,2025-01-28 16:00:00,Y10,992,1339
YS000841,2025-01-29 00:00:00,Y01,1368,1995
YS000842,2025-01-29 00:00:00,Y02,745,1249
YS000843,2025-01-29 00:00:00,Y03,734,986
YS000844,2025-01-29 00:00:00,Y04,631,1113
YS000845,2025-01-29 00:00:00,Y05,557,930
YS000846,2025-01-29 00:00:00,Y06,1170,1758
YS000847,2025-01-29 00:00:00,Y07,847,1034
YS000848,2025-01-29 00:00:00,Y08,594,1028
YS000849,2025-01-29 00:00:00,Y09,671,1123
YS000850,2025-01-29 00:00:00,Y10,1018,1339
YS000851,2025-01-29 08:00:00,Y01,977,1995
YS000852,2025-01-29 08:00:00,Y02,545,1249
YS000853,2025-01-29 08:00:00,Y03,427,986
YS000854,2025-01-29 08:00:00,Y04,661,1113
YS000855,2025-01-29 08:00:00,Y05,696,930
YS000856,2025-01-29 08:00:00,Y06,1284,1758
YS000857,2025-01-29 08:00:00,Y07,623,1034
YS000858,2025-01-29 08:00:00,Y08,955,1028
YS000859,2025-01-29 08:00:00,Y09,731,1123
YS000860,2025-01-29 08:00:00,Y10,1175,1339
YS000861,2025-01-29 16:00:00,Y01,812,1995
YS000862,2025-01-29 16:00:00,Y02,918,1249
YS000863,2025-01-29 16:00:00,Y03,838,986
YS000864,2025-01-29 16:00:00,Y04,516,1113
YS000865,2025-01-29 16:00:00,Y05,451,930
YS000866,2025-01-29 16:00:00,Y06,1406,1758
YS000867,2025-01-29 16:00:00,Y07,674,1034
YS000868,2025-01-29 16:00:00,Y08,437,1028
YS000869,2025-01-29 16:00:00,Y09,1050,1123
YS000870,2025-01-29 16:00:00,Y10,1222,1339
YS000871,2025-01-30 00:00:00,Y01,1295,1995
YS000872,2025-01-30 00:00:00,Y02,724,1249
YS000873,2025-01-30 00:00:00,Y03,475,986
YS000874,2025-01-30 00:00:00,Y04,895,1113
YS000875,2025-01-30 00:00:00,Y05,411,930
YS000876,2025-01-30 00:00:00,Y06,846,1758
YS000877,2025-01-30 00:00:00,Y07,798,1034
YS000878,2025-01-30 00:00:00,Y08,422,1028
YS000879,2025-01-30 00:00:00,Y09,1083,1123
YS000880,2025-01-30 00:00:00,Y10,916,1339
YS000881,2025-01-30 08:00:00,Y01,1889,1995
YS000882,2025-01-30 08:00:00,Y02,994,1249
YS000883,2025-01-30 08:00:00,Y03,658,986
YS000884,2025-01-30 08:00:00,Y04,895,1113
YS000885,2025-01-30 08:00:00,Y05,556,930
YS000886,2025-01-30 08:00:00,Y06,1487,1758
YS000887,2025-01-30 08:00:00,Y07,574,1034
YS000888,2025-01-30 08:00:00,Y08,576,1028
YS000889,2025-01-30 08:00:00,Y09,788,1123
YS000890,2025-01-30 08:00:00,Y10,634,1339
YS000891,2025-01-30 16:00:00,Y01,1306,1995
YS000892,2025-01-30 16:00:00,Y02,837,1249
YS000893,2025-01-30 16:00:00,Y03,417,986
YS000894,2025-01-30 16:00:00,Y04,451,1113
YS000895,2025-01-30 16:00:00,Y05,867,930
YS000896,2025-01-30 16:00:00,Y06,1251,1758
YS000897,2025-01-30 16:00:00,Y07,890,1034
YS000898,2025-01-30 16:00:00,Y08,644,1028
YS000899,2025-01-30 16:00:00,Y09,671,1123
YS000900,2025-01-30 16:00:00,Y10,865,1339
YS000901,2025-01-31 00:00:00,Y01,1396,1995
YS000902,2025-01-31 00:00:00,Y02,1057,1249
YS000903,2025-01-31 00:00:00,Y03,571,986
YS000904,2025-01-31 00:00:00,Y04,768,1113
YS000905,2025-01-31 00:00:00,Y05,450,930
YS000906,2025-01-31 00:00:00,Y06,1405,1758
YS000907,2025-01-31 00:00:00,Y07,875,1034
YS000908,2025-01-31 00:00:00,Y08,921,1028
YS000909,2025-01-31 00:00:00,Y09,688,1123
YS000910,2025-01-31 00:00:00,Y10,1166,1339
YS000911,2025-01-31 08:00:00,Y01,1938,1995
YS000912,2025-01-31 08:00:00,Y02,993,1249
YS000913,2025-01-31 08:00:00,Y03,597,986
YS000914,2025-01-31 08:00:00,Y04,671,1113
YS000915,2025-01-31 08:00:00,Y05,789,930
YS000916,2025-01-31 08:00:00,Y06,929,1758
YS000917,2025-01-31 08:00:00,Y07,844,1034
YS000918,2025-01-31 08:00:00,Y08,795,1028
YS000919,2025-01-31 08:00:00,Y09,788,1123
YS000920,2025-01-31 08:00:00,Y10,863,1339
YS000921,2025-01-31 16:00:00,Y01,1763,1995
YS000922,2025-01-31 16:00:00,Y02,756,1249
YS000923,2025-01-31 16:00:00,Y03,932,986
YS000924,2025-01-31 16:00:00,Y04,964,1113
YS000925,2025-01-31 16:00:00,Y05,883,930
YS000926,2025-01-31 16:00:00,Y06,802,1758
YS000927,2025-01-31 16:00:00,Y07,596,1034
YS000928,2025-01-31 16:00:00,Y08,808,1028
YS000929,2025-01-31 16:00:00,Y09,912,1123
YS000930,2025-01-31 16:00:00,Y10,792,1339
YS000931,2025-02-01 00:00:00,Y01,1592,1995
YS000932,2025-02-01 00:00:00,Y02,596,1249
YS000933,2025-02-01 00:00:00,Y03,610,986
YS000934,2025-02-01 00:00:00,Y04,1029,1113
YS000935,2025-02-01 00:00:00,Y05,821,930
YS000936,2025-02-01 00:00:00,Y06,1148,1758
YS000937,2025-02-01 00:00:00,Y07,482,1034
YS000938,2025-02-01 00:00:00,Y08,437,1028
YS000939,2025-02-01 00:00:00,Y09,997,1123
YS000940,2025-02-01 00:00:00,Y10,606,1339
YS000941,2025-02-01 08:00:00,Y01,1482,1995
YS000942,2025-02-01 08:00:00,Y02,795,1249
YS000943,2025-02-01 08:00:00,Y03,929,986
YS000944,2025-02-01 08:00:00,Y04,846,1113
YS000945,2025-02-01 08:00:00,Y05,751,930
YS000946,2025-02-01 08:00:00,Y06,1345,1758
YS000947,2025-02-01 08:00:00,Y07,860,1034
YS000948,2025-02-01 08:00:00,Y08,987,1028
YS000949,2025-02-01 08:00:00,Y09,1100,1123
YS000950,2025-02-01 08:00:00,Y10,666,1339
YS000951,2025-02-01 16:00:00,Y01,1331,1995
YS000952,2025-02-01 16:00:00,Y02,1212,1249
YS000953,2025-02-01 16:00:00,Y03,482,986
YS000954,2025-02-01 16:00:00,Y04,1059,1113
YS000955,2025-02-01 16:00:00,Y05,587,930
YS000956,2025-02-01 16:00:00,Y06,1217,1758
YS000957,2025-02-01 16:00:00,Y07,642,1034
YS000958,2025-02-01 16:00:00,Y08,786,1028
YS000959,2025-02-01 16:00:00,Y09,1070,1123
YS000960,2025-02-01 16:00:00,Y10,859,1339
YS000961,2025-02-02 00:00:00,Y01,971,1995
YS000962,2025-02-02 00:00:00,Y02,1082,1249
YS000963,2025-02-02 00:00:00,Y03,697,986
YS000964,2025-02-02 00:00:00,Y04,495,1113
YS000965,2025-02-02 00:00:00,Y05,617,930
YS000966,2025-02-02 00:00:00,Y06,1632,1758
YS000967,2025-02-02 00:00:00,Y07,992,1034
YS000968,2025-02-02 00:00:00,Y08,577,1028
YS000969,2025-02-02 00:00:00,Y09,704,1123
YS000970,2025-02-02 00:00:00,Y10,595,1339
YS000971,2025-02-02 08:00:00,Y01,1235,1995
YS000972,2025-02-02 08:00:00,Y02,885,1249
YS000973,2025-02-02 08:00:00,Y03,581,986
YS000974,2025-02-02 08:00:00,Y04,534,1113
YS000975,2025-02-02 08:00:00,Y05,652,930
YS000976,2025-02-02 08:00:00,Y06,1332,1758
YS000977,2025-02-02 08:00:00,Y07,502,1034
YS000978,2025-02-02 08:00:00,Y08,989,1028
YS000979,2025-02-02 08:00:00,Y09,920,1123
YS000980,2025-02-02 08:00:00,Y10,954,1339
YS000981,2025-02-02 16:00:00,Y01,1715,1995
YS000982,2025-02-02 16:00:00,Y02,665,1249
YS000983,2025-02-02 16:00:00,Y03,871,986
YS000984,2025-02-02 16:00:00,Y04,586,1113
YS000985,2025-02-02 16:00:00,Y05,722,930
YS000986,2025-02-02 16:00:00,Y06,739,1758
YS000987,2025-02-02 16:00:00,Y07,436,1034
YS000988,2025-02-02 16:00:00,Y08,443,1028
YS000989,2025-02-02 16:00:00,Y09,843,1123
YS000990,2025-02-02 16:00:00,Y10,678,1339
YS000991,2025-02-03 00:00:00,Y01,1670,1995
YS000992,2025-02-03 00:00:00,Y02,669,1249
YS000993,2025-02-03 00:00:00,Y03,868,986
YS000994,2025-02-03 00:00:00,Y04,473,1113
YS000995,2025-02-03 00:00:00,Y05,497,930
YS000996,2025-02-03 00:00:00,Y06,892,1758
YS000997,2025-02-03 00:00:00,Y07,673,1034
YS000998,2025-02-03 00:00:00,Y08,784,1028
YS000999,2025-02-03 00:00:00,Y09,979,1123
YS001000,2025-02-03 00:00:00,Y10,892,1339
YS001001,2025-02-03 08:00:00,Y01,1812,1995
YS001002,2025-02-03 08:00:00,Y02,1214,1249
YS001003,2025-02-03 08:00:00,Y03,573,986
YS001004,2025-02-03 08:00:00,Y04,806,1113
YS001005,2025-02-03 08:00:00,Y05,705,930
YS001006,2025-02-03 08:00:00,Y06,1536,1758
YS001007,2025-02-03 08:00:00,Y07,730,1034
YS001008,2025-02-03 08:00:00,Y08,860,1028
YS001009,2025-02-03 08:00:00,Y09,968,1123
YS001010,2025-02-03 08:00:00,Y10,1103,1339
YS001011,2025-02-03 16:00:00,Y01,1297,1995
YS001012,2025-02-03 16:00:00,Y02,1044,1249
YS001013,2025-02-03 16:00:00,Y03,545,986
YS001014,2025-02-03 16:00:00,Y04,448,1113
YS001015,2025-02-03 16:00:00,Y05,617,930
YS001016,2025-02-03 16:00:00,Y06,1477,1758
YS001017,2025-02-03 16:00:00,Y07,509,1034
YS001018,2025-02-03 16:00:00,Y08,808,1028
YS001019,2025-02-03 16:00:00,Y09,760,1123
YS001020,2025-02-03 16:00:00,Y10,757,1339
YS001021,2025-02-04 00:00:00,Y01,1311,1995
YS001022,2025-02-04 00:00:00,Y02,823,1249
YS001023,2025-02-04 00:00:00,Y03,575,986
YS001024,2025-02-04 00:00:00,Y04,449,1113
YS001025,2025-02-04 00:00:00,Y05,545,930
YS001026,2025-02-04 00:00:00,Y06,1450,1758
YS001027,2025-02-04 00:00:00,Y07,1012,1034
YS001028,2025-02-04 00:00:00,Y08,417,1028
YS001029,2025-02-04 00:00:00,Y09,712,1123
YS001030,2025-02-04 00:00:00,Y10,1304,1339
YS001031,2025-02-04 08:00:00,Y01,1931,1995
YS001032,2025-02-04 08:00:00,Y02,998,1249
YS001033,2025-02-04 08:00:00,Y03,571,986
YS001034,2025-02-04 08:00:00,Y04,721,1113
YS001035,2025-02-04 08:00:00,Y05,633,930
YS001036,2025-02-04 08:00:00,Y06,1121,1758
YS001037,2025-02-04 08:00:00,Y07,915,1034
YS001038,2025-02-04 08:00:00,Y08,915,1028
YS001039,2025-02-04 08:00:00,Y09,960,1123
YS001040,2025-02-04 08:00:00,Y10,613,1339
YS001041,2025-02-04 16:00:00,Y01,1470,1995
YS001042,2025-02-04 16:00:00,Y02,1075,1249
YS001043,2025-02-04 16:00:00,Y03,906,986
YS001044,2025-02-04 16:00:00,Y04,850,1113
YS001045,2025-02-04 16:00:00,Y05,896,930
YS001046,2025-02-04 16:00:00,Y06,1666,1758
YS001047,2025-02-04 16:00:00,Y07,936,1034
YS001048,2025-02-04 16:00:00,Y08,445,1028
YS001049,2025-02-04 16:00:00,Y09,1059,1123
YS001050,2025-02-04 16:00:00,Y10,801,1339
YS001051,2025-02-05 00:00:00,Y01,1779,1995
YS001052,2025-02-05 00:00:00,Y02,736,1249
YS001053,2025-02-05 00:00:00,Y03,865,986
YS001054,2025-02-05 00:00:00,Y04,884,1113
YS001055,2025-02-05 00:00:00,Y05,472,930
YS001056,2025-02-05 00:00:00,Y06,1640,1758
YS001057,2025-02-05 00:00:00,Y07,547,1034
YS001058,2025-02-05 00:00:00,Y08,876,1028
YS001059,2025-02-05 00:00:00,Y09,957,1123
YS001060,2025-02-05 00:00:00,Y10,563,1339
YS001061,2025-02-05 08:00:00,Y01,1455,1995
YS001062,2025-02-05 08:00:00,Y02,659,1249
YS001063,2025-02-05 08:00:00,Y03,892,986
YS001064,2025-02-05 08:00:00,Y04,685,1113
YS001065,2025-02-05 08:00:00,Y05,789,930
YS001066,2025-02-05 08:00:00,Y06,855,1758
YS001067,2025-02-05 08:00:00,Y07,630,1034
YS001068,2025-02-05 08:00:00,Y08,679,1028
YS001069,2025-02-05 08:00:00,Y09,485,1123
YS001070,2025-02-05 08:00:00,Y10,763,1339
YS001071,2025-02-05 16:00:00,Y01,1657,1995
YS001072,2025-02-05 16:00:00,Y02,1018,1249
YS001073,2025-02-05 16:00:00,Y03,613,986
YS001074,2025-02-05 16:00:00,Y04,979,1113
YS001075,2025-02-05 16:00:00,Y05,758,930
YS001076,2025-02-05 16:00:00,Y06,1678,1758
YS001077,2025-02-05 16:00:00,Y07,720,1034
YS001078,2025-02-05 16:00:00,Y08,571,1028
YS001079,2025-02-05 16:00:00,Y09,652,1123
YS001080,2025-02-05 16:00:00,Y10,569,1339
YS001081,2025-02-06 00:00:00,Y01,1009,1995
YS001082,2025-02-06 00:00:00,Y02,864,1249
YS001083,2025-02-06 00:00:00,Y03,599,986
YS001084,2025-02-06 00:00:00,Y04,1062,1113
YS001085,2025-02-06 00:00:00,Y05,510,930
YS001086,2025-02-06 00:00:00,Y06,1080,1758
YS001087,2025-02-06 00:00:00,Y07,577,1034
YS001088,2025-02-06 00:00:00,Y08,519,1028
YS001089,2025-02-06 00:00:00,Y09,924,1123
YS001090,2025-02-06 00:00:00,Y10,870,1339
YS001091,2025-02-06 08:00:00,Y01,1912,1995
YS001092,2025-02-06 08:00:00,Y02,834,1249
YS001093,2025-02-06 08:00:00,Y03,520,986
YS001094,2025-02-06 08:00:00,Y04,496,1113
YS001095,2025-02-06 08:00:00,Y05,528,930
YS001096,2025-02-06 08:00:00,Y06,1506,1758
YS001097,2025-02-06 08:00:00,Y07,453,1034
YS001098,2025-02-06 08:00:00,Y08,886,1028
YS001099,2025-02-06 08:00:00,Y09,452,1123
YS001100,2025-02-06 08:00:00,Y10,1235,1339
YS001101,2025-02-06 16:00:00,Y01,1274,1995
YS001102,2025-02-06 16:00:00,Y02,689,1249
YS001103,2025-02-06 16:00:00,Y03,817,986
YS001104,2025-02-06 16:00:00,Y04,908,1113
YS001105,2025-02-06 16:00:00,Y05,601,930
YS001106,2025-02-06 16:00:00,Y06,1632,1758
YS001107,2025-02-06 16:00:00,Y07,885,1034
YS001108,2025-02-06 16:00:00,Y08,747,1028
YS001109,2025-02-06 16:00:00,Y09,785,1123
YS001110,2025-02-06 16:00:00,Y10,1275,1339
YS001111,2025-02-07 00:00:00,Y01,1867,1995
YS001112,2025-02-07 00:00:00,Y02,997,1249
YS001113,2025-02-07 00:00:00,Y03,963,986
YS001114,2025-02-07 00:00:00,Y04,1047,1113
YS001115,2025-02-07 00:00:00,Y05,641,930
YS001116,2025-02-07 00:00:00,Y06,1478,1758
YS001117,2025-02-07 00:00:00,Y07,989,1034
YS001118,2025-02-07 00:00:00,Y08,928,1028
YS001119,2025-02-07 00:00:00,Y09,937,1123
YS001120,2025-02-07 00:00:00,Y10,921,1339
YS001121,2025-02-07 08:00:00,Y01,1807,1995
YS001122,2025-02-07 08:00:00,Y02,1213,1249
YS001123,2025-02-07 08:00:00,Y03,930,986
YS001124,2025-02-07 08:00:00,Y04,983,1113
YS001125,2025-02-07 08:00:00,Y05,889,930
YS001126,2025-02-07 08:00:00,Y06,1327,1758
YS001127,2025-02-07 08:00:00,Y07,680,1034
YS001128,2025-02-07 08:00:00,Y08,889,1028
YS001129,2025-02-07 08:00:00,Y09,1003,1123
YS001130,2025-02-07 08:00:00,Y10,562,1339
YS001131,2025-02-07 16:00:00,Y01,826,1995
YS001132,2025-02-07 16:00:00,Y02,964,1249
YS001133,2025-02-07 16:00:00,Y03,740,986
YS001134,2025-02-07 16:00:00,Y04,710,1113
YS001135,2025-02-07 16:00:00,Y05,600,930
YS001136,2025-02-07 16:00:00,Y06,1609,1758
YS001137,2025-02-07 16:00:00,Y07,432,1034
YS001138,2025-02-07 16:00:00,Y08,472,1028
YS001139,2025-02-07 16:00:00,Y09,957,1123
YS001140,2025-02-07 16:00:00,Y10,1158,1339
YS001141,2025-02-08 00:00:00,Y01,1467,1995
YS001142,2025-02-08 00:00:00,Y02,954,1249
YS001143,2025-02-08 00:00:00,Y03,541,986
YS001144,2025-02-08 00:00:00,Y04,519,1113
YS001145,2025-02-08 00:00:00,Y05,480,930
YS001146,2025-02-08 00:00:00,Y06,1609,1758
YS001147,2025-02-08 00:00:00,Y07,821,1034
YS001148,2025-02-08 00:00:00,Y08,618,1028
YS001149,2025-02-08 00:00:00,Y09,487,1123
YS001150,2025-02-08 00:00:00,Y10,1260,1339
YS001151,2025-02-08 08:00:00,Y01,975,1995
YS001152,2025-02-08 08:00:00,Y02,948,1249
YS001153,2025-02-08 08:00:00,Y03,586,986
YS001154,2025-02-08 08:00:00,Y04,623,1113
YS001155,2025-02-08 08:00:00,Y05,661,930
YS001156,2025-02-08 08:00:00,Y06,848,1758
YS001157,2025-02-08 08:00:00,Y07,438,1034
YS001158,2025-02-08 08:00:00,Y08,422,1028
YS001159,2025-02-08 08:00:00,Y09,725,1123
YS001160,2025-02-08 08:00:00,Y10,1182,1339
YS001161,2025-02-08 16:00:00,Y01,1243,1995
YS001162,2025-02-08 16:00:00,Y02,1187,1249
YS001163,2025-02-08 16:00:00,Y03,621,986
YS001164,2025-02-08 16:00:00,Y04,785,1113
YS001165,2025-02-08 16:00:00,Y05,803,930
YS001166,2025-02-08 16:00:00,Y06,986,1758
YS001167,2025-02-08 16:00:00,Y07,890,1034
YS001168,2025-02-08 16:00:00,Y08,460,1028
YS001169,2025-02-08 16:00:00,Y09,907,1123
YS001170,2025-02-08 16:00:00,Y10,615,1339
YS001171,2025-02-09 00:00:00,Y01,1240,1995
YS001172,2025-02-09 00:00:00,Y02,1209,1249
YS001173,2025-02-09 00:00:00,Y03,742,986
YS001174,2025-02-09 00:00:00,Y04,738,1113
YS001175,2025-02-09 00:00:00,Y05,807,930
YS001176,2025-02-09 00:00:00,Y06,942,1758
YS001177,2025-02-09 00:00:00,Y07,488,1034
YS001178,2025-02-09 00:00:00,Y08,579,1028
YS001179,2025-02-09 00:00:00,Y09,598,1123
YS001180,2025-02-09 00:00:00,Y10,1215,1339
YS001181,2025-02-09 08:00:00,Y01,1031,1995
YS001182,2025-02-09 08:00:00,Y02,985,1249
YS001183,2025-02-09 08:00:00,Y03,928,986
YS001184,2025-02-09 08:00:00,Y04,1004,1113
YS001185,2025-02-09 08:00:00,Y05,573,930
YS001186,2025-02-09 08:00:00,Y06,1145,1758
YS001187,2025-02-09 08:00:00,Y07,563,1034
YS001188,2025-02-09 08:00:00,Y08,897,1028
YS001189,2025-02-09 08:00:00,Y09,613,1123
YS001190,2025-02-09 08:00:00,Y10,834,1339
YS001191,2025-02-09 16:00:00,Y01,1281,1995
YS001192,2025-02-09 16:00:00,Y02,588,1249
YS001193,2025-02-09 16:00:00,Y03,749,986
YS001194,2025-02-09 16:00:00,Y04,691,1113
YS001195,2025-02-09 16:00:00,Y05,885,930
YS001196,2025-02-09 16:00:00,Y06,788,1758
YS001197,2025-02-09 16:00:00,Y07,763,1034
YS001198,2025-02-09 16:00:00,Y08,461,1028
YS001199,2025-02-09 16:00:00,Y09,747,1123
YS001200,2025-02-09 16:00:00,Y10,894,1339
YS001201,2025-02-10 00:00:00,Y01,1548,1995
YS001202,2025-02-10 00:00:00,Y02,783,1249
YS001203,2025-02-10 00:00:00,Y03,963,986
YS001204,2025-02-10 00:00:00,Y04,712,1113
YS001205,2025-02-10 00:00:00,Y05,650,930
YS001206,2025-02-10 00:00:00,Y06,1203,1758
YS001207,2025-02-10 00:00:00,Y07,801,1034
YS001208,2025-02-10 00:00:00,Y08,612,1028
YS001209,2025-02-10 00:00:00,Y09,789,1123
YS001210,2025-02-10 00:00:00,Y10,580,1339
YS001211,2025-02-10 08:00:00,Y01,1558,1995
YS001212,2025-02-10 08:00:00,Y02,688,1249
YS001213,2025-02-10 08:00:00,Y03,866,986
YS001214,2025-02-10 08:00:00,Y04,802,1113
YS001215,2025-02-10 08:00:00,Y05,731,930
YS001216,2025-02-10 08:00:00,Y06,811,1758
YS001217,2025-02-10 08:00:00,Y07,452,1034
YS001218,2025-02-10 08:00:00,Y08,611,1028
YS001219,2025-02-10 08:00:00,Y09,980,1123
YS001220,2025-02-10 08:00:00,Y10,1076,1339
YS001221,2025-02-10 16:00:00,Y01,920,1995
YS001222,2025-02-10 16:00:00,Y02,749,1249
YS001223,2025-02-10 16:00:00,Y03,661,986
YS001224,2025-02-10 16:00:00,Y04,912,1113
YS001225,2025-02-10 16:00:00,Y05,631,930
YS001226,2025-02-10 16:00:00,Y06,1093,1758
YS001227,2025-02-10 16:00:00,Y07,781,1034
YS001228,2025-02-10 16:00:00,Y08,663,1028
YS001229,2025-02-10 16:00:00,Y09,535,1123
YS001230,2025-02-10 16:00:00,Y10,1003,1339
YS001231,2025-02-11 00:00:00,Y01,1096,1995
YS001232,2025-02-11 00:00:00,Y02,1026,1249
YS001233,2025-02-11 00:00:00,Y03,544,986
YS001234,2025-02-11 00:00:00,Y04,990,1113
YS001235,2025-02-11 00:00:00,Y05,848,930
YS001236,2025-02-11 00:00:00,Y06,1042,1758
YS001237,2025-02-11 00:00:00,Y07,783,1034
YS001238,2025-02-11 00:00:00,Y08,970,1028
YS001239,2025-02-11 00:00:00,Y09,1049,1123
YS001240,2025-02-11 00:00:00,Y10,907,1339
YS001241,2025-02-11 08:00:00,Y01,1355,1995
YS001242,2025-02-11 08:00:00,Y02,564,1249
YS001243,2025-02-11 08:00:00,Y03,564,986
YS001244,2025-02-11 08:00:00,Y04,688,1113
YS001245,2025-02-11 08:00:00,Y05,672,930
YS001246,2025-02-11 08:00:00,Y06,1674,1758
YS001247,2025-02-11 08:00:00,Y07,659,1034
YS001248,2025-02-11 08:00:00,Y08,828,1028
YS001249,2025-02-11 08:00:00,Y09,999,1123
YS001250,2025-02-11 08:00:00,Y10,690,1339
YS001251,2025-02-11 16:00:00,Y01,1688,1995
YS001252,2025-02-11 16:00:00,Y02,512,1249
YS001253,2025-02-11 16:00:00,Y03,699,986
YS001254,2025-02-11 16:00:00,Y04,985,1113
YS001255,2025-02-11 16:00:00,Y05,618,930
YS001256,2025-02-11 16:00:00,Y06,1371,1758
YS001257,2025-02-11 16:00:00,Y07,817,1034
YS001258,2025-02-11 16:00:00,Y08,581,1028
YS001259,2025-02-11 16:00:00,Y09,744,1123
YS001260,2025-02-11 16:00:00,Y10,1042,1339
YS001261,2025-02-12 00:00:00,Y01,876,1995
YS001262,2025-02-12 00:00:00,Y02,955,1249
YS001263,2025-02-12 00:00:00,Y03,564,986
YS001264,2025-02-12 00:00:00,Y04,985,1113
YS001265,2025-02-12 00:00:00,Y05,779,930
YS001266,2025-02-12 00:00:00,Y06,1134,1758
YS001267,2025-02-12 00:00:00,Y07,849,1034
YS001268,2025-02-12 00:00:00,Y08,434,1028
YS001269,2025-02-12 00:00:00,Y09,768,1123
YS001270,2025-02-12 00:00:00,Y10,600,1339
YS001271,2025-02-12 08:00:00,Y01,1379,1995
YS001272,2025-02-12 08:00:00,Y02,688,1249
YS001273,2025-02-12 08:00:00,Y03,870,986
YS001274,2025-02-12 08:00:00,Y04,786,1113
YS001275,2025-02-12 08:00:00,Y05,552,930
YS001276,2025-02-12 08:00:00,Y06,892,1758
YS001277,2025-02-12 08:00:00,Y07,918,1034
YS001278,2025-02-12 08:00:00,Y08,881,1028
YS001279,2025-02-12 08:00:00,Y09,575,1123
YS001280,2025-02-12 08:00:00,Y10,654,1339
YS001281,2025-02-12 16:00:00,Y01,1194,1995
YS001282,2025-02-12 16:00:00,Y02,1136,1249
YS001283,2025-02-12 16:00:00,Y03,567,986
YS001284,2025-02-12 16:00:00,Y04,960,1113
YS001285,2025-02-12 16:00:00,Y05,679,930
YS001286,2025-02-12 16:00:00,Y06,1503,1758
YS001287,2025-02-12 16:00:00,Y07,996,1034
YS001288,2025-02-12 16:00:00,Y08,915,1028
YS001289,2025-02-12 16:00:00,Y09,1030,1123
YS001290,2025-02-12 16:00:00,Y10,1029,1339
YS001291,2025-02-13 00:00:00,Y01,1852,1995
YS001292,2025-02-13 00:00:00,Y02,1009,1249
YS001293,2025-02-13 00:00:00,Y03,699,986
YS001294,2025-02-13 00:00:00,Y04,739,1113
YS001295,2025-02-13 00:00:00,Y05,790,930
YS001296,2025-02-13 00:00:00,Y06,1444,1758
YS001297,2025-02-13 00:00:00,Y07,488,1034
YS001298,2025-02-13 00:00:00,Y08,548,1028
YS001299,2025-02-13 00:00:00,Y09,850,1123
YS001300,2025-02-13 00:00:00,Y10,1110,1339
YS001301,2025-02-13 08:00:00,Y01,981,1995
YS001302,2025-02-13 08:00:00,Y02,825,1249
YS001303,2025-02-13 08:00:00,Y03,753,986
YS001304,2025-02-13 08:00:00,Y04,1014,1113
YS001305,2025-02-13 08:00:00,Y05,902,930
YS001306,2025-02-13 08:00:00,Y06,927,1758
YS001307,2025-02-13 08:00:00,Y07,651,1034
YS001308,2025-02-13 08:00:00,Y08,459,1028
YS001309,2025-02-13 08:00:00,Y09,810,1123
YS001310,2025-02-13 08:00:00,Y10,586,1339
YS001311,2025-02-13 16:00:00,Y01,862,1995
YS001312,2025-02-13 16:00:00,Y02,749,1249
YS001313,2025-02-13 16:00:00,Y03,818,986
YS001314,2025-02-13 16:00:00,Y04,1022,1113
YS001315,2025-02-13 16:00:00,Y05,535,930
YS001316,2025-02-13 16:00:00,Y06,1530,1758
YS001317,2025-02-13 16:00:00,Y07,446,1034
YS001318,2025-02-13 16:00:00,Y08,773,1028
YS001319,2025-02-13 16:00:00,Y09,1019,1123
YS001320,2025-02-13 16:00:00,Y10,1161,1339
YS001321,2025-02-14 00:00:00,Y01,967,1995
YS001322,2025-02-14 00:00:00,Y02,1185,1249
YS001323,2025-02-14 00:00:00,Y03,600,986
YS001324,2025-02-14 00:00:00,Y04,852,1113
YS001325,2025-02-14 00:00:00,Y05,417,930
YS001326,2025-02-14 00:00:00,Y06,938,1758
YS001327,2025-02-14 00:00:00,Y07,926,1034
YS001328,2025-02-14 00:00:00,Y08,969,1028
YS001329,2025-02-14 00:00:00,Y09,548,1123
YS001330,2025-02-14 00:00:00,Y10,1275,1339
YS001331,2025-02-14 08:00:00,Y01,1572,1995
YS001332,2025-02-14 08:00:00,Y02,625,1249
YS001333,2025-02-14 08:00:00,Y03,875,986
YS001334,2025-02-14 08:00:00,Y04,878,1113
YS001335,2025-02-14 08:00:00,Y05,822,930
YS001336,2025-02-14 08:00:00,Y06,1290,1758
YS001337,2025-02-14 08:00:00,Y07,729,1034
YS001338,2025-02-14 08:00:00,Y08,544,1028
YS001339,2025-02-14 08:00:00,Y09,623,1123
YS001340,2025-02-14 08:00:00,Y10,594,1339
YS001341,2025-02-14 16:00:00,Y01,845,1995
YS001342,2025-02-14 16:00:00,Y02,796,1249
YS001343,2025-02-14 16:00:00,Y03,763,986
YS001344,2025-02-14 16:00:00,Y04,952,1113
YS001345,2025-02-14 16:00:00,Y05,656,930
YS001346,2025-02-14 16:00:00,Y06,1663,1758
YS001347,2025-02-14 16:00:00,Y07,446,1034
YS001348,2025-02-14 16:00:00,Y08,699,1028
YS001349,2025-02-14 16:00:00,Y09,767,1123
YS001350,2025-02-14 16:00:00,Y10,707,1339
YS001351,2025-02-15 00:00:00,Y01,914,1995
YS001352,2025-02-15 00:00:00,Y02,639,1249
YS001353,2025-02-15 00:00:00,Y03,691,986
YS001354,2025-02-15 00:00:00,Y04,878,1113
YS001355,2025-02-15 00:00:00,Y05,373,930
YS001356,2025-02-15 00:00:00,Y06,1423,1758
YS001357,2025-02-15 00:00:00,Y07,915,1034
YS001358,2025-02-15 00:00:00,Y08,711,1028
YS001359,2025-02-15 00:00:00,Y09,849,1123
YS001360,2025-02-15 00:00:00,Y10,646,1339
YS001361,2025-02-15 08:00:00,Y01,1235,1995
YS001362,2025-02-15 08:00:00,Y02,525,1249
YS001363,2025-02-15 08:00:00,Y03,649,986
YS001364,2025-02-15 08:00:00,Y04,937,1113
YS001365,2025-02-15 08:00:00,Y05,697,930
YS001366,2025-02-15 08:00:00,Y06,831,1758
YS001367,2025-02-15 08:00:00,Y07,780,1034
YS001368,2025-02-15 08:00:00,Y08,602,1028
YS001369,2025-02-15 08:00:00,Y09,1069,1123
YS001370,2025-02-15 08:00:00,Y10,644,1339
YS001371,2025-02-15 16:00:00,Y01,1339,1995
YS001372,2025-02-15 16:00:00,Y02,547,1249
YS001373,2025-02-15 16:00:00,Y03,703,986
YS001374,2025-02-15 16:00:00,Y04,737,1113
YS001375,2025-02-15 16:00:00,Y05,593,930
YS001376,2025-02-15 16:00:00,Y06,1467,1758
YS001377,2025-02-15 16:00:00,Y07,874,1034
YS001378,2025-02-15 16:00:00,Y08,902,1028
YS001379,2025-02-15 16:00:00,Y09,713,1123
YS001380,2025-02-15 16:00:00,Y10,1120,1339
YS001381,2025-02-16 00:00:00,Y01,952,1995
YS001382,2025-02-16 00:00:00,Y02,940,1249
YS001383,2025-02-16 00:00:00,Y03,683,986
YS001384,2025-02-16 00:00:00,Y04,940,1113
YS001385,2025-02-16 00:00:00,Y05,620,930
YS001386,2025-02-16 00:00:00,Y06,966,1758
YS001387,2025-02-16 00:00:00,Y07,980,1034
YS001388,2025-02-16 00:00:00,Y08,627,1028
YS001389,2025-02-16 00:00:00,Y09,466,1123
YS001390,2025-02-16 00:00:00,Y10,1307,1339
YS001391,2025-02-16 08:00:00,Y01,1892,1995
YS001392,2025-02-16 08:00:00,Y02,1041,1249
YS001393,2025-02-16 08:00:00,Y03,437,986
YS001394,2025-02-16 08:00:00,Y04,1070,1113
YS001395,2025-02-16 08:00:00,Y05,659,930
YS001396,2025-02-16 08:00:00,Y06,967,1758
YS001397,2025-02-16 08:00:00,Y07,419,1034
YS001398,2025-02-16 08:00:00,Y08,955,1028
YS001399,2025-02-16 08:00:00,Y09,668,1123
YS001400,2025-02-16 08:00:00,Y10,794,1339
YS001401,2025-02-16 16:00:00,Y01,946,1995
YS001402,2025-02-16 16:00:00,Y02,531,1249
YS001403,2025-02-16 16:00:00,Y03,669,986
YS001404,2025-02-16 16:00:00,Y04,1067,1113
YS001405,2025-02-16 16:00:00,Y05,521,930
YS001406,2025-02-16 16:00:00,Y06,1460,1758
YS001407,2025-02-16 16:00:00,Y07,852,1034
YS001408,2025-02-16 16:00:00,Y08,590,1028
YS001409,2025-02-16 16:00:00,Y09,890,1123
YS001410,2025-02-16 16:00:00,Y10,1100,1339
YS001411,2025-02-17 00:00:00,Y01,1028,1995
YS001412,2025-02-17 00:00:00,Y02,1151,1249
YS001413,2025-02-17 00:00:00,Y03,468,986
YS001414,2025-02-17 00:00:00,Y04,527,1113
YS001415,2025-02-17 00:00:00,Y05,447,930
YS001416,2025-02-17 00:00:00,Y06,1255,1758
YS001417,2025-02-17 00:00:00,Y07,742,1034
YS001418,2025-02-17 00:00:00,Y08,815,1028
YS001419,2025-02-17 00:00:00,Y09,959,1123
YS001420,2025-02-17 00:00:00,Y10,1012,1339
YS001421,2025-02-17 08:00:00,Y01,1460,1995
YS001422,2025-02-17 08:00:00,Y02,1193,1249
YS001423,2025-02-17 08:00:00,Y03,478,986
YS001424,2025-02-17 08:00:00,Y04,757,1113
YS001425,2025-02-17 08:00:00,Y05,402,930
YS001426,2025-02-17 08:00:00,Y06,1106,1758
YS001427,2025-02-17 08:00:00,Y07,552,1034
YS001428,2025-02-17 08:00:00,Y08,637,1028
YS001429,2025-02-17 08:00:00,Y09,640,1123
YS001430,2025-02-17 08:00:00,Y10,904,1339
YS001431,2025-02-17 16:00:00,Y01,1676,1995
YS001432,2025-02-17 16:00:00,Y02,965,1249
YS001433,2025-02-17 16:00:00,Y03,782,986
YS001434,2025-02-17 16:00:00,Y04,552,1113
YS001435,2025-02-17 16:00:00,Y05,648,930
YS001436,2025-02-17 16:00:00,Y06,1696,1758
YS001437,2025-02-17 16:00:00,Y07,500,1034
YS001438,2025-02-17 16:00:00,Y08,794,1028
YS001439,2025-02-17 16:00:00,Y09,618,1123
YS001440,2025-02-17 16:00:00,Y10,896,1339
YS001441,2025-02-18 00:00:00,Y01,1865,1995
YS001442,2025-02-18 00:00:00,Y02,1023,1249
YS001443,2025-02-18 00:00:00,Y03,467,986
YS001444,2025-02-18 00:00:00,Y04,561,1113
YS001445,2025-02-18 00:00:00,Y05,501,930
YS001446,2025-02-18 00:00:00,Y06,1186,1758
YS001447,2025-02-18 00:00:00,Y07,542,1034
YS001448,2025-02-18 00:00:00,Y08,778,1028
YS001449,2025-02-18 00:00:00,Y09,915,1123
YS001450,2025-02-18 00:00:00,Y10,969,1339
YS001451,2025-02-18 08:00:00,Y01,1702,1995
YS001452,2025-02-18 08:00:00,Y02,1062,1249
YS001453,2025-02-18 08:00:00,Y03,716,986
YS001454,2025-02-18 08:00:00,Y04,1061,1113
YS001455,2025-02-18 08:00:00,Y05,850,930
YS001456,2025-02-18 08:00:00,Y06,1636,1758
YS001457,2025-02-18 08:00:00,Y07,854,1034
YS001458,2025-02-18 08:00:00,Y08,596,1028
YS001459,2025-02-18 08:00:00,Y09,970,1123
YS001460,2025-02-18 08:00:00,Y10,1167,1339
YS001461,2025-02-18 16:00:00,Y01,1358,1995
YS001462,2025-02-18 16:00:00,Y02,792,1249
YS001463,2025-02-18 16:00:00,Y03,517,986
YS001464,2025-02-18 16:00:00,Y04,616,1113
YS001465,2025-02-18 16:00:00,Y05,618,930
YS001466,2025-02-18 16:00:00,Y06,1492,1758
YS001467,2025-02-18 16:00:00,Y07,749,1034
YS001468,2025-02-18 16:00:00,Y08,1001,1028
YS001469,2025-02-18 16:00:00,Y09,497,1123
YS001470,2025-02-18 16:00:00,Y10,1177,1339
YS001471,2025-02-19 00:00:00,Y01,1592,1995
YS001472,2025-02-19 00:00:00,Y02,955,1249
YS001473,2025-02-19 00:00:00,Y03,944,986
YS001474,2025-02-19 00:00:00,Y04,934,1113
YS001475,2025-02-19 00:00:00,Y05,722,930
YS001476,2025-02-19 00:00:00,Y06,1138,1758
YS001477,2025-02-19 00:00:00,Y07,664,1034
YS001478,2025-02-19 00:00:00,Y08,924,1028
YS001479,2025-02-19 00:00:00,Y09,969,1123
YS001480,2025-02-19 00:00:00,Y10,676,1339
YS001481,2025-02-19 08:00:00,Y01,1261,1995
YS001482,2025-02-19 08:00:00,Y02,1104,1249
YS001483,2025-02-19 08:00:00,Y03,573,986
YS001484,2025-02-19 08:00:00,Y04,549,1113
YS001485,2025-02-19 08:00:00,Y05,639,930
YS001486,2025-02-19 08:00:00,Y06,1652,1758
YS001487,2025-02-19 08:00:00,Y07,841,1034
YS001488,2025-02-19 08:00:00,Y08,697,1028
YS001489,2025-02-19 08:00:00,Y09,844,1123
YS001490,2025-02-19 08:00:00,Y10,1104,1339
YS001491,2025-02-19 16:00:00,Y01,1355,1995
YS001492,2025-02-19 16:00:00,Y02,1189,1249
YS001493,2025-02-19 16:00:00,Y03,565,986
YS001494,2025-02-19 16:00:00,Y04,1033,1113
YS001495,2025-02-19 16:00:00,Y05,858,930
YS001496,2025-02-19 16:00:00,Y06,1578,1758
YS001497,2025-02-19 16:00:00,Y07,820,1034
YS001498,2025-02-19 16:00:00,Y08,436,1028
YS001499,2025-02-19 16:00:00,Y09,497,1123
YS001500,2025-02-19 16:00:00,Y10,952,1339
YS001501,2025-02-20 00:00:00,Y01,1461,1995
YS001502,2025-02-20 00:00:00,Y02,538,1249
YS001503,2025-02-20 00:00:00,Y03,755,986
YS001504,2025-02-20 00:00:00,Y04,916,1113
YS001505,2025-02-20 00:00:00,Y05,530,930
YS001506,2025-02-20 00:00:00,Y06,1340,1758
YS001507,2025-02-20 00:00:00,Y07,509,1034
YS001508,2025-02-20 00:00:00,Y08,647,1028
YS001509,2025-02-20 00:00:00,Y09,563,1123
YS001510,2025-02-20 00:00:00,Y10,1306,1339
YS001511,2025-02-20 08:00:00,Y01,1257,1995
YS001512,2025-02-20 08:00:00,Y02,544,1249
YS001513,2025-02-20 08:00:00,Y03,399,986
YS001514,2025-02-20 08:00:00,Y04,1044,1113
YS001515,2025-02-20 08:00:00,Y05,457,930
YS001516,2025-02-20 08:00:00,Y06,934,1758
YS001517,2025-02-20 08:00:00,Y07,594,1034
YS001518,2025-02-20 08:00:00,Y08,896,1028
YS001519,2025-02-20 08:00:00,Y09,576,1123
YS001520,2025-02-20 08:00:00,Y10,1046,1339
YS001521,2025-02-20 16:00:00,Y01,1252,1995
YS001522,2025-02-20 16:00:00,Y02,899,1249
YS001523,2025-02-20 16:00:00,Y03,607,986
YS001524,2025-02-20 16:00:00,Y04,541,1113
YS001525,2025-02-20 16:00:00,Y05,806,930
YS001526,2025-02-20 16:00:00,Y06,1040,1758
YS001527,2025-02-20 16:00:00,Y07,722,1034
YS001528,2025-02-20 16:00:00,Y08,433,1028
YS001529,2025-02-20 16:00:00,Y09,1080,1123
YS001530,2025-02-20 16:00:00,Y10,1065,1339
YS001531,2025-02-21 00:00:00,Y01,1746,1995
YS001532,2025-02-21 00:00:00,Y02,682,1249
YS001533,2025-02-21 00:00:00,Y03,648,986
YS001534,2025-02-21 00:00:00,Y04,544,1113
YS001535,2025-02-21 00:00:00,Y05,558,930
YS001536,2025-02-21 00:00:00,Y06,941,1758
YS001537,2025-02-21 00:00:00,Y07,774,1034
YS001538,2025-02-21 00:00:00,Y08,907,1028
YS001539,2025-02-21 00:00:00,Y09,536,1123
YS001540,2025-02-21 00:00:00,Y10,880,1339
YS001541,2025-02-21 08:00:00,Y01,1007,1995
YS001542,2025-02-21 08:00:00,Y02,510,1249
YS001543,2025-02-21 08:00:00,Y03,830,986
YS001544,2025-02-21 08:00:00,Y04,1072,1113
YS001545,2025-02-21 08:00:00,Y05,821,930
YS001546,2025-02-21 08:00:00,Y06,1681,1758
YS001547,2025-02-21 08:00:00,Y07,718,1034
YS001548,2025-02-21 08:00:00,Y08,594,1028
YS001549,2025-02-21 08:00:00,Y09,664,1123
YS001550,2025-02-21 08:00:00,Y10,797,1339
YS001551,2025-02-21 16:00:00,Y01,1908,1995
YS001552,2025-02-21 16:00:00,Y02,1085,1249
YS001553,2025-02-21 16:00:00,Y03,563,986
YS001554,2025-02-21 16:00:00,Y04,682,1113
YS001555,2025-02-21 16:00:00,Y05,694,930
YS001556,2025-02-21 16:00:00,Y06,832,1758
YS001557,2025-02-21 16:00:00,Y07,845,1034
YS001558,2025-02-21 16:00:00,Y08,822,1028
YS001559,2025-02-21 16:00:00,Y09,894,1123
YS001560,2025-02-21 16:00:00,Y10,980,1339
YS001561,2025-02-22 00:00:00,Y01,1117,1995
YS001562,2025-02-22 00:00:00,Y02,854,1249
YS001563,2025-02-22 00:00:00,Y03,788,986
YS001564,2025-02-22 00:00:00,Y04,473,1113
YS001565,2025-02-22 00:00:00,Y05,724,930
YS001566,2025-02-22 00:00:00,Y06,936,1758
YS001567,2025-02-22 00:00:00,Y07,797,1034
YS001568,2025-02-22 00:00:00,Y08,919,1028
YS001569,2025-02-22 00:00:00,Y09,980,1123
YS001570,2025-02-22 00:00:00,Y10,961,1339
YS001571,2025-02-22 08:00:00,Y01,1791,1995
YS001572,2025-02-22 08:00:00,Y02,732,1249
YS001573,2025-02-22 08:00:00,Y03,779,986
YS001574,2025-02-22 08:00:00,Y04,566,1113
YS001575,2025-02-22 08:00:00,Y05,632,930
YS001576,2025-02-22 08:00:00,Y06,1024,1758
YS001577,2025-02-22 08:00:00,Y07,988,1034
YS001578,2025-02-22 08:00:00,Y08,878,1028
YS001579,2025-02-22 08:00:00,Y09,796,1123
YS001580,2025-02-22 08:00:00,Y10,604,1339
YS001581,2025-02-22 16:00:00,Y01,1888,1995
YS001582,2025-02-22 16:00:00,Y02,1146,1249
YS001583,2025-02-22 16:00:00,Y03,704,986
YS001584,2025-02-22 16:00:00,Y04,684,1113
YS001585,2025-02-22 16:00:00,Y05,825,930
YS001586,2025-02-22 16:00:00,Y06,1422,1758
YS001587,2025-02-22 16:00:00,Y07,706,1034
YS001588,2025-02-22 16:00:00,Y08,487,1028
YS001589,2025-02-22 16:00:00,Y09,1065,1123
YS001590,2025-02-22 16:00:00,Y10,626,1339
YS001591,2025-02-23 00:00:00,Y01,1532,1995
YS001592,2025-02-23 00:00:00,Y02,1206,1249
YS001593,2025-02-23 00:00:00,Y03,877,986
YS001594,2025-02-23 00:00:00,Y04,1035,1113
YS001595,2025-02-23 00:00:00,Y05,433,930
YS001596,2025-02-23 00:00:00,Y06,954,1758
YS001597,2025-02-23 00:00:00,Y07,504,1034
YS001598,2025-02-23 00:00:00,Y08,785,1028
YS001599,2025-02-23 00:00:00,Y09,981,1123
YS001600,2025-02-23 00:00:00,Y10,1050,1339
YS001601,2025-02-23 08:00:00,Y01,1133,1995
YS001602,2025-02-23 08:00:00,Y02,1153,1249
YS001603,2025-02-23 08:00:00,Y03,869,986
YS001604,2025-02-23 08:00:00,Y04,530,1113
YS001605,2025-02-23 08:00:00,Y05,436,930
YS001606,2025-02-23 08:00:00,Y06,1514,1758
YS001607,2025-02-23 08:00:00,Y07,704,1034
YS001608,2025-02-23 08:00:00,Y08,633,1028
YS001609,2025-02-23 08:00:00,Y09,535,1123
YS001610,2025-02-23 08:00:00,Y10,896,1339
YS001611,2025-02-23 16:00:00,Y01,1006,1995
YS001612,2025-02-23 16:00:00,Y02,720,1249
YS001613,2025-02-23 16:00:00,Y03,515,986
YS001614,2025-02-23 16:00:00,Y04,456,1113
YS001615,2025-02-23 16:00:00,Y05,474,930
YS001616,2025-02-23 16:00:00,Y06,1624,1758
YS001617,2025-02-23 16:00:00,Y07,700,1034
YS001618,2025-02-23 16:00:00,Y08,451,1028
YS001619,2025-02-23 16:00:00,Y09,789,1123
YS001620,2025-02-23 16:00:00,Y10,998,1339
YS001621,2025-02-24 00:00:00,Y01,1351,1995
YS001622,2025-02-24 00:00:00,Y02,949,1249
YS001623,2025-02-24 00:00:00,Y03,790,986
YS001624,2025-02-24 00:00:00,Y04,573,1113
YS001625,2025-02-24 00:00:00,Y05,514,930
YS001626,2025-02-24 00:00:00,Y06,1013,1758
YS001627,2025-02-24 00:00:00,Y07,417,1034
YS001628,2025-02-24 00:00:00,Y08,990,1028
YS001629,2025-02-24 00:00:00,Y09,790,1123
YS001630,2025-02-24 00:00:00,Y10,1192,1339
YS001631,2025-02-24 08:00:00,Y01,1465,1995
YS001632,2025-02-24 08:00:00,Y02,569,1249
YS001633,2025-02-24 08:00:00,Y03,505,986
YS001634,2025-02-24 08:00:00,Y04,484,1113
YS001635,2025-02-24 08:00:00,Y05,595,930
YS001636,2025-02-24 08:00:00,Y06,1462,1758
YS001637,2025-02-24 08:00:00,Y07,922,1034
YS001638,2025-02-24 08:00:00,Y08,546,1028
YS001639,2025-02-24 08:00:00,Y09,468,1123
YS001640,2025-02-24 08:00:00,Y10,758,1339
YS001641,2025-02-24 16:00:00,Y01,1123,1995
YS001642,2025-02-24 16:00:00,Y02,735,1249
YS001643,2025-02-24 16:00:00,Y03,430,986
YS001644,2025-02-24 16:00:00,Y04,967,1113
YS001645,2025-02-24 16:00:00,Y05,513,930
YS001646,2025-02-24 16:00:00,Y06,932,1758
YS001647,2025-02-24 16:00:00,Y07,821,1034
YS001648,2025-02-24 16:00:00,Y08,931,1028
YS001649,2025-02-24 16:00:00,Y09,527,1123
YS001650,2025-02-24 16:00:00,Y10,946,1339
YS001651,2025-02-25 00:00:00,Y01,1244,1995
YS001652,2025-02-25 00:00:00,Y02,1106,1249
YS001653,2025-02-25 00:00:00,Y03,955,986
YS001654,2025-02-25 00:00:00,Y04,877,1113
YS001655,2025-02-25 00:00:00,Y05,526,930
YS001656,2025-02-25 00:00:00,Y06,974,1758
YS001657,2025-02-25 00:00:00,Y07,991,1034
YS001658,2025-02-25 00:00:00,Y08,615,1028
YS001659,2025-02-25 00:00:00,Y09,635,1123
YS001660,2025-02-25 00:00:00,Y10,752,1339
YS001661,2025-02-25 08:00:00,Y01,879,1995
YS001662,2025-02-25 08:00:00,Y02,584,1249
YS001663,2025-02-25 08:00:00,Y03,918,986
YS001664,2025-02-25 08:00:00,Y04,957,1113
YS001665,2025-02-25 08:00:00,Y05,856,930
YS001666,2025-02-25 08:00:00,Y06,784,1758
YS001667,2025-02-25 08:00:00,Y07,580,1034
YS001668,2025-02-25 08:00:00,Y08,735,1028
YS001669,2025-02-25 08:00:00,Y09,858,1123
YS001670,2025-02-25 08:00:00,Y10,1230,1339
YS001671,2025-02-25 16:00:00,Y01,1331,1995
YS001672,2025-02-25 16:00:00,Y02,555,1249
YS001673,2025-02-25 16:00:00,Y03,913,986
YS001674,2025-02-25 16:00:00,Y04,1054,1113
YS001675,2025-02-25 16:00:00,Y05,434,930
YS001676,2025-02-25 16:00:00,Y06,1631,1758
YS001677,2025-02-25 16:00:00,Y07,932,1034
YS001678,2025-02-25 16:00:00,Y08,418,1028
YS001679,2025-02-25 16:00:00,Y09,640,1123
YS001680,2025-02-25 16:00:00,Y10,631,1339
YS001681,2025-02-26 00:00:00,Y01,1373,1995
YS001682,2025-02-26 00:00:00,Y02,1169,1249
YS001683,2025-02-26 00:00:00,Y03,952,986
YS001684,2025-02-26 00:00:00,Y04,587,1113
YS001685,2025-02-26 00:00:00,Y05,844,930
YS001686,2025-02-26 00:00:00,Y06,1477,1758
YS001687,2025-02-26 00:00:00,Y07,890,1034
YS001688,2025-02-26 00:00:00,Y08,897,1028
YS001689,2025-02-26 00:00:00,Y09,820,1123
YS001690,2025-02-26 00:00:00,Y10,1046,1339
YS001691,2025-02-26 08:00:00,Y01,1271,1995
YS001692,2025-02-26 08:00:00,Y02,1076,1249
YS001693,2025-02-26 08:00:00,Y03,780,986
YS001694,2025-02-26 08:00:00,Y04,641,1113
YS001695,2025-02-26 08:00:00,Y05,880,930
YS001696,2025-02-26 08:00:00,Y06,1316,1758
YS001697,2025-02-26 08:00:00,Y07,488,1034
YS001698,2025-02-26 08:00:00,Y08,765,1028
YS001699,2025-02-26 08:00:00,Y09,1073,1123
YS001700,2025-02-26 08:00:00,Y10,888,1339
YS001701,2025-02-26 16:00:00,Y01,1367,1995
YS001702,2025-02-26 16:00:00,Y02,1158,1249
YS001703,2025-02-26 16:00:00,Y03,539,986
YS001704,2025-02-26 16:00:00,Y04,665,1113
YS001705,2025-02-26 16:00:00,Y05,801,930
YS001706,2025-02-26 16:00:00,Y06,794,1758
YS001707,2025-02-26 16:00:00,Y07,582,1034
YS001708,2025-02-26 16:00:00,Y08,781,1028
YS001709,2025-02-26 16:00:00,Y09,950,1123
YS001710,2025-02-26 16:00:00,Y10,918,1339
YS001711,2025-02-27 00:00:00,Y01,825,1995
YS001712,2025-02-27 00:00:00,Y02,1156,1249
YS001713,2025-02-27 00:00:00,Y03,495,986
YS001714,2025-02-27 00:00:00,Y04,740,1113
YS001715,2025-02-27 00:00:00,Y05,410,930
YS001716,2025-02-27 00:00:00,Y06,1390,1758
YS001717,2025-02-27 00:00:00,Y07,566,1034
YS001718,2025-02-27 00:00:00,Y08,518,1028
YS001719,2025-02-27 00:00:00,Y09,820,1123
YS001720,2025-02-27 00:00:00,Y10,566,1339
YS001721,2025-02-27 08:00:00,Y01,1007,1995
YS001722,2025-02-27 08:00:00,Y02,900,1249
YS001723,2025-02-27 08:00:00,Y03,889,986
YS001724,2025-02-27 08:00:00,Y04,790,1113
YS001725,2025-02-27 08:00:00,Y05,832,930
YS001726,2025-02-27 08:00:00,Y06,1158,1758
YS001727,2025-02-27 08:00:00,Y07,683,1034
YS001728,2025-02-27 08:00:00,Y08,860,1028
YS001729,2025-02-27 08:00:00,Y09,475,1123
YS001730,2025-02-27 08:00:00,Y10,648,1339
YS001731,2025-02-27 16:00:00,Y01,1857,1995
YS001732,2025-02-27 16:00:00,Y02,597,1249
YS001733,2025-02-27 16:00:00,Y03,611,986
YS001734,2025-02-27 16:00:00,Y04,576,1113
YS001735,2025-02-27 16:00:00,Y05,771,930
YS001736,2025-02-27 16:00:00,Y06,1092,1758
YS001737,2025-02-27 16:00:00,Y07,683,1034
YS001738,2025-02-27 16:00:00,Y08,910,1028
YS001739,2025-02-27 16:00:00,Y09,644,1123
YS001740,2025-02-27 16:00:00,Y10,1191,1339
YS001741,2025-02-28 00:00:00,Y01,1869,1995
YS001742,2025-02-28 00:00:00,Y02,564,1249
YS001743,2025-02-28 00:00:00,Y03,608,986
YS001744,2025-02-28 00:00:00,Y04,923,1113
YS001745,2025-02-28 00:00:00,Y05,772,930
YS001746,2025-02-28 00:00:00,Y06,1716,1758
YS001747,2025-02-28 00:00:00,Y07,778,1034
YS001748,2025-02-28 00:00:00,Y08,676,1028
YS001749,2025-02-28 00:00:00,Y09,1043,1123
YS001750,2025-02-28 00:00:00,Y10,659,1339
YS001751,2025-02-28 08:00:00,Y01,841,1995
YS001752,2025-02-28 08:00:00,Y02,782,1249
YS001753,2025-02-28 08:00:00,Y03,942,986
YS001754,2025-02-28 08:00:00,Y04,909,1113
YS001755,2025-02-28 08:00:00,Y05,901,930
YS001756,2025-02-28 08:00:00,Y06,937,1758
YS001757,2025-02-28 08:00:00,Y07,545,1034
YS001758,2025-02-28 08:00:00,Y08,584,1028
YS001759,2025-02-28 08:00:00,Y09,677,1123
YS001760,2025-02-28 08:00:00,Y10,784,1339
YS001761,2025-02-28 16:00:00,Y01,1788,1995
YS001762,2025-02-28 16:00:00,Y02,1183,1249
YS001763,2025-02-28 16:00:00,Y03,851,986
YS001764,2025-02-28 16:00:00,Y04,453,1113
YS001765,2025-02-28 16:00:00,Y05,542,930
YS001766,2025-02-28 16:00:00,Y06,1011,1758
YS001767,2025-02-28 16:00:00,Y07,730,1034
YS001768,2025-02-28 16:00:00,Y08,485,1028
YS001769,2025-02-28 16:00:00,Y09,1084,1123
YS001770,2025-02-28 16:00:00,Y10,816,1339
YS001771,2025-03-01 00:00:00,Y01,1829,1995
YS001772,2025-03-01 00:00:00,Y02,943,1249
YS001773,2025-03-01 00:00:00,Y03,397,986
YS001774,2025-03-01 00:00:00,Y04,1006,1113
YS001775,2025-03-01 00:00:00,Y05,467,930
YS001776,2025-03-01 00:00:00,Y06,1573,1758
YS001777,2025-03-01 00:00:00,Y07,527,1034
YS001778,2025-03-01 00:00:00,Y08,667,1028
YS001779,2025-03-01 00:00:00,Y09,746,1123
YS001780,2025-03-01 00:00:00,Y10,1102,1339
YS001781,2025-03-01 08:00:00,Y01,1819,1995
YS001782,2025-03-01 08:00:00,Y02,1070,1249
YS001783,2025-03-01 08:00:00,Y03,424,986
YS001784,2025-03-01 08:00:00,Y04,634,1113
YS001785,2025-03-01 08:00:00,Y05,412,930
YS001786,2025-03-01 08:00:00,Y06,829,1758
YS001787,2025-03-01 08:00:00,Y07,915,1034
YS001788,2025-03-01 08:00:00,Y08,816,1028
YS001789,2025-03-01 08:00:00,Y09,1087,1123
YS001790,2025-03-01 08:00:00,Y10,1105,1339
YS001791,2025-03-01 16:00:00,Y01,1196,1995
YS001792,2025-03-01 16:00:00,Y02,505,1249
YS001793,2025-03-01 16:00:00,Y03,872,986
YS001794,2025-03-01 16:00:00,Y04,1082,1113
YS001795,2025-03-01 16:00:00,Y05,475,930
YS001796,2025-03-01 16:00:00,Y06,1382,1758
YS001797,2025-03-01 16:00:00,Y07,560,1034
YS001798,2025-03-01 16:00:00,Y08,870,1028
YS001799,2025-03-01 16:00:00,Y09,501,1123
YS001800,2025-03-01 16:00:00,Y10,844,1339
YS001801,2025-03-02 00:00:00,Y01,961,1995
YS001802,2025-03-02 00:00:00,Y02,598,1249
YS001803,2025-03-02 00:00:00,Y03,601,986
YS001804,2025-03-02 00:00:00,Y04,538,1113
YS001805,2025-03-02 00:00:00,Y05,472,930
YS001806,2025-03-02 00:00:00,Y06,1393,1758
YS001807,2025-03-02 00:00:00,Y07,495,1034
YS001808,2025-03-02 00:00:00,Y08,932,1028
YS001809,2025-03-02 00:00:00,Y09,1034,1123
YS001810,2025-03-02 00:00:00,Y10,1105,1339
YS001811,2025-03-02 08:00:00,Y01,950,1995
YS001812,2025-03-02 08:00:00,Y02,927,1249
YS001813,2025-03-02 08:00:00,Y03,503,986
YS001814,2025-03-02 08:00:00,Y04,677,1113
YS001815,2025-03-02 08:00:00,Y05,618,930
YS001816,2025-03-02 08:00:00,Y06,1519,1758
YS001817,2025-03-02 08:00:00,Y07,1005,1034
YS001818,2025-03-02 08:00:00,Y08,423,1028
YS001819,2025-03-02 08:00:00,Y09,945,1123
YS001820,2025-03-02 08:00:00,Y10,910,1339
YS001821,2025-03-02 16:00:00,Y01,1762,1995
YS001822,2025-03-02 16:00:00,Y02,561,1249
YS001823,2025-03-02 16:00:00,Y03,693,986
YS001824,2025-03-02 16:00:00,Y04,1048,1113
YS001825,2025-03-02 16:00:00,Y05,491,930
YS001826,2025-03-02 16:00:00,Y06,997,1758
YS001827,2025-03-02 16:00:00,Y07,751,1034
YS001828,2025-03-02 16:00:00,Y08,684,1028
YS001829,2025-03-02 16:00:00,Y09,996,1123
YS001830,2025-03-02 16:00:00,Y10,963,1339
YS001831,2025-03-03 00:00:00,Y01,1655,1995
YS001832,2025-03-03 00:00:00,Y02,1044,1249
YS001833,2025-03-03 00:00:00,Y03,485,986
YS001834,2025-03-03 00:00:00,Y04,1086,1113
YS001835,2025-03-03 00:00:00,Y05,827,930
YS001836,2025-03-03 00:00:00,Y06,895,1758
YS001837,2025-03-03 00:00:00,Y07,918,1034
YS001838,2025-03-03 00:00:00,Y08,853,1028
YS001839,2025-03-03 00:00:00,Y09,952,1123
YS001840,2025-03-03 00:00:00,Y10,807,1339
YS001841,2025-03-03 08:00:00,Y01,917,1995
YS001842,2025-03-03 08:00:00,Y02,928,1249
YS001843,2025-03-03 08:00:00,Y03,587,986
YS001844,2025-03-03 08:00:00,Y04,928,1113
YS001845,2025-03-03 08:00:00,Y05,391,930
YS001846,2025-03-03 08:00:00,Y06,801,1758
YS001847,2025-03-03 08:00:00,Y07,732,1034
YS001848,2025-03-03 08:00:00,Y08,442,1028
YS001849,2025-03-03 08:00:00,Y09,987,1123
YS001850,2025-03-03 08:00:00,Y10,968,1339
YS001851,2025-03-03 16:00:00,Y01,1877,1995
YS001852,2025-03-03 16:00:00,Y02,506,1249
YS001853,2025-03-03 16:00:00,Y03,856,986
YS001854,2025-03-03 16:00:00,Y04,900,1113
YS001855,2025-03-03 16:00:00,Y05,446,930
YS001856,2025-03-03 16:00:00,Y06,860,1758
YS001857,2025-03-03 16:00:00,Y07,952,1034
YS001858,2025-03-03 16:00:00,Y08,758,1028
YS001859,2025-03-03 16:00:00,Y09,1030,1123
YS001860,2025-03-03 16:00:00,Y10,613,1339
YS001861,2025-03-04 00:00:00,Y01,966,1995
YS001862,2025-03-04 00:00:00,Y02,1127,1249
YS001863,2025-03-04 00:00:00,Y03,757,986
YS001864,2025-03-04 00:00:00,Y04,967,1113
YS001865,2025-03-04 00:00:00,Y05,671,930
YS001866,2025-03-04 00:00:00,Y06,1146,1758
YS001867,2025-03-04 00:00:00,Y07,997,1034
YS001868,2025-03-04 00:00:00,Y08,768,1028
YS001869,2025-03-04 00:00:00,Y09,1048,1123
YS001870,2025-03-04 00:00:00,Y10,1012,1339
YS001871,2025-03-04 08:00:00,Y01,1376,1995
YS001872,2025-03-04 08:00:00,Y02,592,1249
YS001873,2025-03-04 08:00:00,Y03,497,986
YS001874,2025-03-04 08:00:00,Y04,744,1113
YS001875,2025-03-04 08:00:00,Y05,563,930
YS001876,2025-03-04 08:00:00,Y06,896,1758
YS001877,2025-03-04 08:00:00,Y07,813,1034
YS001878,2025-03-04 08:00:00,Y08,656,1028
YS001879,2025-03-04 08:00:00,Y09,677,1123
YS001880,2025-03-04 08:00:00,Y10,555,1339
YS001881,2025-03-04 16:00:00,Y01,1698,1995
YS001882,2025-03-04 16:00:00,Y02,601,1249
YS001883,2025-03-04 16:00:00,Y03,658,986
YS001884,2025-03-04 16:00:00,Y04,849,1113
YS001885,2025-03-04 16:00:00,Y05,495,930
YS001886,2025-03-04 16:00:00,Y06,1232,1758
YS001887,2025-03-04 16:00:00,Y07,471,1034
YS001888,2025-03-04 16:00:00,Y08,492,1028
YS001889,2025-03-04 16:00:00,Y09,694,1123
YS001890,2025-03-04 16:00:00,Y10,887,1339
YS001891,2025-03-05 00:00:00,Y01,1656,1995
YS001892,2025-03-05 00:00:00,Y02,798,1249
YS001893,2025-03-05 00:00:00,Y03,745,986
YS001894,2025-03-05 00:00:00,Y04,705,1113
YS001895,2025-03-05 00:00:00,Y05,807,930
YS001896,2025-03-05 00:00:00,Y06,874,1758
YS001897,2025-03-05 00:00:00,Y07,932,1034
YS001898,2025-03-05 00:00:00,Y08,824,1028
YS001899,2025-03-05 00:00:00,Y09,454,1123
YS001900,2025-03-05 00:00:00,Y10,848,1339
YS001901,2025-03-05 08:00:00,Y01,1419,1995
YS001902,2025-03-05 08:00:00,Y02,662,1249
YS001903,2025-03-05 08:00:00,Y03,498,986
YS001904,2025-03-05 08:00:00,Y04,962,1113
YS001905,2025-03-05 08:00:00,Y05,678,930
YS001906,2025-03-05 08:00:00,Y06,1329,1758
YS001907,2025-03-05 08:00:00,Y07,997,1034
YS001908,2025-03-05 08:00:00,Y08,484,1028
YS001909,2025-03-05 08:00:00,Y09,529,1123
YS001910,2025-03-05 08:00:00,Y10,592,1339
YS001911,2025-03-05 16:00:00,Y01,1864,1995
YS001912,2025-03-05 16:00:00,Y02,696,1249
YS001913,2025-03-05 16:00:00,Y03,504,986
YS001914,2025-03-05 16:00:00,Y04,1016,1113
YS001915,2025-03-05 16:00:00,Y05,718,930
YS001916,2025-03-05 16:00:00,Y06,1376,1758
YS001917,2025-03-05 16:00:00,Y07,622,1034
YS001918,2025-03-05 16:00:00,Y08,522,1028
YS001919,2025-03-05 16:00:00,Y09,782,1123
YS001920,2025-03-05 16:00:00,Y10,1312,1339
YS001921,2025-03-06 00:00:00,Y01,1932,1995
YS001922,2025-03-06 00:00:00,Y02,869,1249
YS001923,2025-03-06 00:00:00,Y03,895,986
YS001924,2025-03-06 00:00:00,Y04,654,1113
YS001925,2025-03-06 00:00:00,Y05,380,930
YS001926,2025-03-06 00:00:00,Y06,823,1758
YS001927,2025-03-06 00:00:00,Y07,616,1034
YS001928,2025-03-06 00:00:00,Y08,602,1028
YS001929,2025-03-06 00:00:00,Y09,829,1123
YS001930,2025-03-06 00:00:00,Y10,1041,1339
YS001931,2025-03-06 08:00:00,Y01,1638,1995
YS001932,2025-03-06 08:00:00,Y02,565,1249
YS001933,2025-03-06 08:00:00,Y03,488,986
YS001934,2025-03-06 08:00:00,Y04,848,1113
YS001935,2025-03-06 08:00:00,Y05,409,930
YS001936,2025-03-06 08:00:00,Y06,1114,1758
YS001937,2025-03-06 08:00:00,Y07,925,1034
YS001938,2025-03-06 08:00:00,Y08,492,1028
YS001939,2025-03-06 08:00:00,Y09,719,1123
YS001940,2025-03-06 08:00:00,Y10,1003,1339
YS001941,2025-03-06 16:00:00,Y01,1343,1995
YS001942,2025-03-06 16:00:00,Y02,647,1249
YS001943,2025-03-06 16:00:00,Y03,939,986
YS001944,2025-03-06 16:00:00,Y04,732,1113
YS001945,2025-03-06 16:00:00,Y05,796,930
YS001946,2025-03-06 16:00:00,Y06,1358,1758
YS001947,2025-03-06 16:00:00,Y07,986,1034
YS001948,2025-03-06 16:00:00,Y08,756,1028
YS001949,2025-03-06 16:00:00,Y09,961,1123
YS001950,2025-03-06 16:00:00,Y10,727,1339
YS001951,2025-03-07 00:00:00,Y01,1615,1995
YS001952,2025-03-07 00:00:00,Y02,1014,1249
YS001953,2025-03-07 00:00:00,Y03,929,986
YS001954,2025-03-07 00:00:00,Y04,1051,1113
YS001955,2025-03-07 00:00:00,Y05,617,930
YS001956,2025-03-07 00:00:00,Y06,1575,1758
YS001957,2025-03-07 00:00:00,Y07,558,1034
YS001958,2025-03-07 00:00:00,Y08,737,1028
YS001959,2025-03-07 00:00:00,Y09,612,1123
YS001960,2025-03-07 00:00:00,Y10,1243,1339
YS001961,2025-03-07 08:00:00,Y01,1042,1995
YS001962,2025-03-07 08:00:00,Y02,981,1249
YS001963,2025-03-07 08:00:00,Y03,743,986
YS001964,2025-03-07 08:00:00,Y04,1064,1113
YS001965,2025-03-07 08:00:00,Y05,774,930
YS001966,2025-03-07 08:00:00,Y06,1325,1758
YS001967,2025-03-07 08:00:00,Y07,648,1034
YS001968,2025-03-07 08:00:00,Y08,856,1028
YS001969,2025-03-07 08:00:00,Y09,897,1123
YS001970,2025-03-07 08:00:00,Y10,608,1339
YS001971,2025-03-07 16:00:00,Y01,1592,1995
YS001972,2025-03-07 16:00:00,Y02,935,1249
YS001973,2025-03-07 16:00:00,Y03,760,986
YS001974,2025-03-07 16:00:00,Y04,998,1113
YS001975,2025-03-07 16:00:00,Y05,484,930
YS001976,2025-03-07 16:00:00,Y06,1528,1758
YS001977,2025-03-07 16:00:00,Y07,540,1034
YS001978,2025-03-07 16:00:00,Y08,563,1028
YS001979,2025-03-07 16:00:00,Y09,604,1123
YS001980,2025-03-07 16:00:00,Y10,1154,1339
YS001981,2025-03-08 00:00:00,Y01,1245,1995
YS001982,2025-03-08 00:00:00,Y02,659,1249
YS001983,2025-03-08 00:00:00,Y03,522,986
YS001984,2025-03-08 00:00:00,Y04,824,1113
YS001985,2025-03-08 00:00:00,Y05,378,930
YS001986,2025-03-08 00:00:00,Y06,783,1758
YS001987,2025-03-08 00:00:00,Y07,481,1034
YS001988,2025-03-08 00:00:00,Y08,872,1028
YS001989,2025-03-08 00:00:00,Y09,940,1123
YS001990,2025-03-08 00:00:00,Y10,1179,1339
YS001991,2025-03-08 08:00:00,Y01,883,1995
YS001992,2025-03-08 08:00:00,Y02,841,1249
YS001993,2025-03-08 08:00:00,Y03,729,986
YS001994,2025-03-08 08:00:00,Y04,853,1113
YS001995,2025-03-08 08:00:00,Y05,480,930
YS001996,2025-03-08 08:00:00,Y06,1472,1758
YS001997,2025-03-08 08:00:00,Y07,594,1034
YS001998,2025-03-08 08:00:00,Y08,541,1028
YS001999,2025-03-08 08:00:00,Y09,686,1123
YS002000,2025-03-08 08:00:00,Y10,699,1339
YS002001,2025-03-08 16:00:00,Y01,808,1995
YS002002,2025-03-08 16:00:00,Y02,690,1249
YS002003,2025-03-08 16:00:00,Y03,827,986
YS002004,2025-03-08 16:00:00,Y04,697,1113
YS002005,2025-03-08 16:00:00,Y05,787,930
YS002006,2025-03-08 16:00:00,Y06,1683,1758
YS002007,2025-03-08 16:00:00,Y07,824,1034
YS002008,2025-03-08 16:00:00,Y08,495,1028
YS002009,2025-03-08 16:00:00,Y09,914,1123
YS002010,2025-03-08 16:00:00,Y10,1068,1339
YS002011,2025-03-09 00:00:00,Y01,1483,1995
YS002012,2025-03-09 00:00:00,Y02,708,1249
YS002013,2025-03-09 00:00:00,Y03,753,986
YS002014,2025-03-09 00:00:00,Y04,1034,1113
YS002015,2025-03-09 00:00:00,Y05,585,930
YS002016,2025-03-09 00:00:00,Y06,732,1758
YS002017,2025-03-09 00:00:00,Y07,780,1034
YS002018,2025-03-09 00:00:00,Y08,800,1028
YS002019,2025-03-09 00:00:00,Y09,451,1123
YS002020,2025-03-09 00:00:00,Y10,680,1339
YS002021,2025-03-09 08:00:00,Y01,1286,1995
YS002022,2025-03-09 08:00:00,Y02,901,1249
YS002023,2025-03-09 08:00:00,Y03,863,986
YS002024,2025-03-09 08:00:00,Y04,1023,1113
YS002025,2025-03-09 08:00:00,Y05,852,930
YS002026,2025-03-09 08:00:00,Y06,998,1758
YS002027,2025-03-09 08:00:00,Y07,1004,1034
YS002028,2025-03-09 08:00:00,Y08,1003,1028
YS002029,2025-03-09 08:00:00,Y09,959,1123
YS002030,2025-03-09 08:00:00,Y10,1109,1339
YS002031,2025-03-09 16:00:00,Y01,1109,1995
YS002032,2025-03-09 16:00:00,Y02,1211,1249
YS002033,2025-03-09 16:00:00,Y03,588,986
YS002034,2025-03-09 16:00:00,Y04,700,1113
YS002035,2025-03-09 16:00:00,Y05,623,930
YS002036,2025-03-09 16:00:00,Y06,890,1758
YS002037,2025-03-09 16:00:00,Y07,885,1034
YS002038,2025-03-09 16:00:00,Y08,691,1028
YS002039,2025-03-09 16:00:00,Y09,1058,1123
YS002040,2025-03-09 16:00:00,Y10,854,1339
YS002041,2025-03-10 00:00:00,Y01,1023,1995
YS002042,2025-03-10 00:00:00,Y02,678,1249
YS002043,2025-03-10 00:00:00,Y03,786,986
YS002044,2025-03-10 00:00:00,Y04,886,1113
YS002045,2025-03-10 00:00:00,Y05,664,930
YS002046,2025-03-10 00:00:00,Y06,1186,1758
YS002047,2025-03-10 00:00:00,Y07,920,1034
YS002048,2025-03-10 00:00:00,Y08,481,1028
YS002049,2025-03-10 00:00:00,Y09,1051,1123
YS002050,2025-03-10 00:00:00,Y10,1105,1339
YS002051,2025-03-10 08:00:00,Y01,1501,1995
YS002052,2025-03-10 08:00:00,Y02,1043,1249
YS002053,2025-03-10 08:00:00,Y03,543,986
YS002054,2025-03-10 08:00:00,Y04,1055,1113
YS002055,2025-03-10 08:00:00,Y05,598,930
YS002056,2025-03-10 08:00:00,Y06,1515,1758
YS002057,2025-03-10 08:00:00,Y07,923,1034
YS002058,2025-03-10 08:00:00,Y08,806,1028
YS002059,2025-03-10 08:00:00,Y09,604,1123
YS002060,2025-03-10 08:00:00,Y10,935,1339
YS002061,2025-03-10 16:00:00,Y01,1391,1995
YS002062,2025-03-10 16:00:00,Y02,805,1249
YS002063,2025-03-10 16:00:00,Y03,751,986
YS002064,2025-03-10 16:00:00,Y04,794,1113
YS002065,2025-03-10 16:00:00,Y05,787,930
YS002066,2025-03-10 16:00:00,Y06,730,1758
YS002067,2025-03-10 16:00:00,Y07,713,1034
YS002068,2025-03-10 16:00:00,Y08,726,1028
YS002069,2025-03-10 16:00:00,Y09,768,1123
YS002070,2025-03-10 16:00:00,Y10,1014,1339
YS002071,2025-03-11 00:00:00,Y01,1222,1995
YS002072,2025-03-11 00:00:00,Y02,771,1249
YS002073,2025-03-11 00:00:00,Y03,546,986
YS002074,2025-03-11 00:00:00,Y04,458,1113
YS002075,2025-03-11 00:00:00,Y05,755,930
YS002076,2025-03-11 00:00:00,Y06,1435,1758
YS002077,2025-03-11 00:00:00,Y07,857,1034
YS002078,2025-03-11 00:00:00,Y08,909,1028
YS002079,2025-03-11 00:00:00,Y09,1043,1123
YS002080,2025-03-11 00:00:00,Y10,878,1339
YS002081,2025-03-11 08:00:00,Y01,1492,1995
YS002082,2025-03-11 08:00:00,Y02,1157,1249
YS002083,2025-03-11 08:00:00,Y03,573,986
YS002084,2025-03-11 08:00:00,Y04,1001,1113
YS002085,2025-03-11 08:00:00,Y05,452,930
YS002086,2025-03-11 08:00:00,Y06,708,1758
YS002087,2025-03-11 08:00:00,Y07,479,1034
YS002088,2025-03-11 08:00:00,Y08,491,1028
YS002089,2025-03-11 08:00:00,Y09,729,1123
YS002090,2025-03-11 08:00:00,Y10,792,1339
YS002091,2025-03-11 16:00:00,Y01,1203,1995
YS002092,2025-03-11 16:00:00,Y02,640,1249
YS002093,2025-03-11 16:00:00,Y03,562,986
YS002094,2025-03-11 16:00:00,Y04,963,1113
YS002095,2025-03-11 16:00:00,Y05,558,930
YS002096,2025-03-11 16:00:00,Y06,748,1758
YS002097,2025-03-11 16:00:00,Y07,669,1034
YS002098,2025-03-11 16:00:00,Y08,645,1028
YS002099,2025-03-11 16:00:00,Y09,899,1123
YS002100,2025-03-11 16:00:00,Y10,696,1339
YS002101,2025-03-12 00:00:00,Y01,1389,1995
YS002102,2025-03-12 00:00:00,Y02,903,1249
YS002103,2025-03-12 00:00:00,Y03,663,986
YS002104,2025-03-12 00:00:00,Y04,1071,1113
YS002105,2025-03-12 00:00:00,Y05,880,930
YS002106,2025-03-12 00:00:00,Y06,1667,1758
YS002107,2025-03-12 00:00:00,Y07,718,1034
YS002108,2025-03-12 00:00:00,Y08,877,1028
YS002109,2025-03-12 00:00:00,Y09,617,1123
YS002110,2025-03-12 00:00:00,Y10,613,1339
YS002111,2025-03-12 08:00:00,Y01,1274,1995
YS002112,2025-03-12 08:00:00,Y02,995,1249
YS002113,2025-03-12 08:00:00,Y03,533,986
YS002114,2025-03-12 08:00:00,Y04,738,1113
YS002115,2025-03-12 08:00:00,Y05,855,930
YS002116,2025-03-12 08:00:00,Y06,1133,1758
YS002117,2025-03-12 08:00:00,Y07,571,1034
YS002118,2025-03-12 08:00:00,Y08,846,1028
YS002119,2025-03-12 08:00:00,Y09,1021,1123
YS002120,2025-03-12 08:00:00,Y10,1175,1339
YS002121,2025-03-12 16:00:00,Y01,851,1995
YS002122,2025-03-12 16:00:00,Y02,900,1249
YS002123,2025-03-12 16:00:00,Y03,902,986
YS002124,2025-03-12 16:00:00,Y04,1045,1113
YS002125,2025-03-12 16:00:00,Y05,682,930
YS002126,2025-03-12 16:00:00,Y06,1581,1758
YS002127,2025-03-12 16:00:00,Y07,725,1034
YS002128,2025-03-12 16:00:00,Y08,547,1028
YS002129,2025-03-12 16:00:00,Y09,678,1123
YS002130,2025-03-12 16:00:00,Y10,615,1339
YS002131,2025-03-13 00:00:00,Y01,942,1995
YS002132,2025-03-13 00:00:00,Y02,737,1249
YS002133,2025-03-13 00:00:00,Y03,533,986
YS002134,2025-03-13 00:00:00,Y04,746,1113
YS002135,2025-03-13 00:00:00,Y05,384,930
YS002136,2025-03-13 00:00:00,Y06,1563,1758
YS002137,2025-03-13 00:00:00,Y07,704,1034
YS002138,2025-03-13 00:00:00,Y08,594,1028
YS002139,2025-03-13 00:00:00,Y09,569,1123
YS002140,2025-03-13 00:00:00,Y10,858,1339
YS002141,2025-03-13 08:00:00,Y01,884,1995
YS002142,2025-03-13 08:00:00,Y02,848,1249
YS002143,2025-03-13 08:00:00,Y03,464,986
YS002144,2025-03-13 08:00:00,Y04,962,1113
YS002145,2025-03-13 08:00:00,Y05,372,930
YS002146,2025-03-13 08:00:00,Y06,1151,1758
YS002147,2025-03-13 08:00:00,Y07,701,1034
YS002148,2025-03-13 08:00:00,Y08,823,1028
YS002149,2025-03-13 08:00:00,Y09,669,1123
YS002150,2025-03-13 08:00:00,Y10,646,1339
YS002151,2025-03-13 16:00:00,Y01,1952,1995
YS002152,2025-03-13 16:00:00,Y02,619,1249
YS002153,2025-03-13 16:00:00,Y03,786,986
YS002154,2025-03-13 16:00:00,Y04,831,1113
YS002155,2025-03-13 16:00:00,Y05,764,930
YS002156,2025-03-13 16:00:00,Y06,1509,1758
YS002157,2025-03-13 16:00:00,Y07,532,1034
YS002158,2025-03-13 16:00:00,Y08,587,1028
YS002159,2025-03-13 16:00:00,Y09,964,1123
YS002160,2025-03-13 16:00:00,Y10,998,1339
YS002161,2025-03-14 00:00:00,Y01,1753,1995
YS002162,2025-03-14 00:00:00,Y02,933,1249
YS002163,2025-03-14 00:00:00,Y03,952,986
YS002164,2025-03-14 00:00:00,Y04,1083,1113
YS002165,2025-03-14 00:00:00,Y05,523,930
YS002166,2025-03-14 00:00:00,Y06,806,1758
YS002167,2025-03-14 00:00:00,Y07,494,1034
YS002168,2025-03-14 00:00:00,Y08,443,1028
YS002169,2025-03-14 00:00:00,Y09,451,1123
YS002170,2025-03-14 00:00:00,Y10,968,1339
YS002171,2025-03-14 08:00:00,Y01,1661,1995
YS002172,2025-03-14 08:00:00,Y02,949,1249
YS002173,2025-03-14 08:00:00,Y03,437,986
YS002174,2025-03-14 08:00:00,Y04,802,1113
YS002175,2025-03-14 08:00:00,Y05,899,930
YS002176,2025-03-14 08:00:00,Y06,1237,1758
YS002177,2025-03-14 08:00:00,Y07,765,1034
YS002178,2025-03-14 08:00:00,Y08,800,1028
YS002179,2025-03-14 08:00:00,Y09,721,1123
YS002180,2025-03-14 08:00:00,Y10,1195,1339
YS002181,2025-03-14 16:00:00,Y01,1245,1995
YS002182,2025-03-14 16:00:00,Y02,1160,1249
YS002183,2025-03-14 16:00:00,Y03,432,986
YS002184,2025-03-14 16:00:00,Y04,1057,1113
YS002185,2025-03-14 16:00:00,Y05,677,930
YS002186,2025-03-14 16:00:00,Y06,1689,1758
YS002187,2025-03-14 16:00:00,Y07,551,1034
YS002188,2025-03-14 16:00:00,Y08,944,1028
YS002189,2025-03-14 16:00:00,Y09,999,1123
YS002190,2025-03-14 16:00:00,Y10,1291,1339
YS002191,2025-03-15 00:00:00,Y01,1224,1995
YS002192,2025-03-15 00:00:00,Y02,699,1249
YS002193,2025-03-15 00:00:00,Y03,415,986
YS002194,2025-03-15 00:00:00,Y04,795,1113
YS002195,2025-03-15 00:00:00,Y05,853,930
YS002196,2025-03-15 00:00:00,Y06,1582,1758
YS002197,2025-03-15 00:00:00,Y07,795,1034
YS002198,2025-03-15 00:00:00,Y08,843,1028
YS002199,2025-03-15 00:00:00,Y09,641,1123
YS002200,2025-03-15 00:00:00,Y10,1057,1339
YS002201,2025-03-15 08:00:00,Y01,1891,1995
YS002202,2025-03-15 08:00:00,Y02,898,1249
YS002203,2025-03-15 08:00:00,Y03,802,986
YS002204,2025-03-15 08:00:00,Y04,520,1113
YS002205,2025-03-15 08:00:00,Y05,799,930
YS002206,2025-03-15 08:00:00,Y06,819,1758
YS002207,2025-03-15 08:00:00,Y07,936,1034
YS002208,2025-03-15 08:00:00,Y08,800,1028
YS002209,2025-03-15 08:00:00,Y09,722,1123
YS002210,2025-03-15 08:00:00,Y10,1178,1339
YS002211,2025-03-15 16:00:00,Y01,1334,1995
YS002212,2025-03-15 16:00:00,Y02,529,1249
YS002213,2025-03-15 16:00:00,Y03,948,986
YS002214,2025-03-15 16:00:00,Y04,632,1113
YS002215,2025-03-15 16:00:00,Y05,425,930
YS002216,2025-03-15 16:00:00,Y06,1031,1758
YS002217,2025-03-15 16:00:00,Y07,901,1034
YS002218,2025-03-15 16:00:00,Y08,539,1028
YS002219,2025-03-15 16:00:00,Y09,823,1123
YS002220,2025-03-15 16:00:00,Y10,719,1339
YS002221,2025-03-16 00:00:00,Y01,1132,1995
YS002222,2025-03-16 00:00:00,Y02,570,1249
YS002223,2025-03-16 00:00:00,Y03,741,986
YS002224,2025-03-16 00:00:00,Y04,1032,1113
YS002225,2025-03-16 00:00:00,Y05,854,930
YS002226,2025-03-16 00:00:00,Y06,1481,1758
YS002227,2025-03-16 00:00:00,Y07,999,1034
YS002228,2025-03-16 00:00:00,Y08,819,1028
YS002229,2025-03-16 00:00:00,Y09,807,1123
YS002230,2025-03-16 00:00:00,Y10,766,1339
YS002231,2025-03-16 08:00:00,Y01,1388,1995
YS002232,2025-03-16 08:00:00,Y02,898,1249
YS002233,2025-03-16 08:00:00,Y03,672,986
YS002234,2025-03-16 08:00:00,Y04,797,1113
YS002235,2025-03-16 08:00:00,Y05,451,930
YS002236,2025-03-16 08:00:00,Y06,1080,1758
YS002237,2025-03-16 08:00:00,Y07,897,1034
YS002238,2025-03-16 08:00:00,Y08,460,1028
YS002239,2025-03-16 08:00:00,Y09,825,1123
YS002240,2025-03-16 08:00:00,Y10,1084,1339
YS002241,2025-03-16 16:00:00,Y01,852,1995
YS002242,2025-03-16 16:00:00,Y02,640,1249
YS002243,2025-03-16 16:00:00,Y03,806,986
YS002244,2025-03-16 16:00:00,Y04,597,1113
YS002245,2025-03-16 16:00:00,Y05,779,930
YS002246,2025-03-16 16:00:00,Y06,1023,1758
YS002247,2025-03-16 16:00:00,Y07,939,1034
YS002248,2025-03-16 16:00:00,Y08,730,1028
YS002249,2025-03-16 16:00:00,Y09,1053,1123
YS002250,2025-03-16 16:00:00,Y10,1232,1339
YS002251,2025-03-17 00:00:00,Y01,1320,1995
YS002252,2025-03-17 00:00:00,Y02,1022,1249
YS002253,2025-03-17 00:00:00,Y03,877,986
YS002254,2025-03-17 00:00:00,Y04,838,1113
YS002255,2025-03-17 00:00:00,Y05,591,930
YS002256,2025-03-17 00:00:00,Y06,790,1758
YS002257,2025-03-17 00:00:00,Y07,884,1034
YS002258,2025-03-17 00:00:00,Y08,471,1028
YS002259,2025-03-17 00:00:00,Y09,1041,1123
YS002260,2025-03-17 00:00:00,Y10,1060,1339
YS002261,2025-03-17 08:00:00,Y01,1932,1995
YS002262,2025-03-17 08:00:00,Y02,791,1249
YS002263,2025-03-17 08:00:00,Y03,701,986
YS002264,2025-03-17 08:00:00,Y04,775,1113
YS002265,2025-03-17 08:00:00,Y05,578,930
YS002266,2025-03-17 08:00:00,Y06,852,1758
YS002267,2025-03-17 08:00:00,Y07,609,1034
YS002268,2025-03-17 08:00:00,Y08,672,1028
YS002269,2025-03-17 08:00:00,Y09,973,1123
YS002270,2025-03-17 08:00:00,Y10,1008,1339
YS002271,2025-03-17 16:00:00,Y01,1257,1995
YS002272,2025-03-17 16:00:00,Y02,734,1249
YS002273,2025-03-17 16:00:00,Y03,722,986
YS002274,2025-03-17 16:00:00,Y04,461,1113
YS002275,2025-03-17 16:00:00,Y05,687,930
YS002276,2025-03-17 16:00:00,Y06,1096,1758
YS002277,2025-03-17 16:00:00,Y07,810,1034
YS002278,2025-03-17 16:00:00,Y08,694,1028
YS002279,2025-03-17 16:00:00,Y09,510,1123
YS002280,2025-03-17 16:00:00,Y10,1273,1339
YS002281,2025-03-18 00:00:00,Y01,1412,1995
YS002282,2025-03-18 00:00:00,Y02,1059,1249
YS002283,2025-03-18 00:00:00,Y03,950,986
YS002284,2025-03-18 00:00:00,Y04,833,1113
YS002285,2025-03-18 00:00:00,Y05,424,930
YS002286,2025-03-18 00:00:00,Y06,945,1758
YS002287,2025-03-18 00:00:00,Y07,950,1034
YS002288,2025-03-18 00:00:00,Y08,774,1028
YS002289,2025-03-18 00:00:00,Y09,634,1123
YS002290,2025-03-18 00:00:00,Y10,972,1339
YS002291,2025-03-18 08:00:00,Y01,1719,1995
YS002292,2025-03-18 08:00:00,Y02,504,1249
YS002293,2025-03-18 08:00:00,Y03,889,986
YS002294,2025-03-18 08:00:00,Y04,483,1113
YS002295,2025-03-18 08:00:00,Y05,459,930
YS002296,2025-03-18 08:00:00,Y06,1381,1758
YS002297,2025-03-18 08:00:00,Y07,967,1034
YS002298,2025-03-18 08:00:00,Y08,747,1028
YS002299,2025-03-18 08:00:00,Y09,1093,1123
YS002300,2025-03-18 08:00:00,Y10,1003,1339
YS002301,2025-03-18 16:00:00,Y01,1746,1995
YS002302,2025-03-18 16:00:00,Y02,606,1249
YS002303,2025-03-18 16:00:00,Y03,709,986
YS002304,2025-03-18 16:00:00,Y04,514,1113
YS002305,2025-03-18 16:00:00,Y05,453,930
YS002306,2025-03-18 16:00:00,Y06,735,1758
YS002307,2025-03-18 16:00:00,Y07,551,1034
YS002308,2025-03-18 16:00:00,Y08,737,1028
YS002309,2025-03-18 16:00:00,Y09,735,1123
YS002310,2025-03-18 16:00:00,Y10,1287,1339
YS002311,2025-03-19 00:00:00,Y01,958,1995
YS002312,2025-03-19 00:00:00,Y02,1055,1249
YS002313,2025-03-19 00:00:00,Y03,604,986
YS002314,2025-03-19 00:00:00,Y04,946,1113
YS002315,2025-03-19 00:00:00,Y05,838,930
YS002316,2025-03-19 00:00:00,Y06,1013,1758
YS002317,2025-03-19 00:00:00,Y07,655,1034
YS002318,2025-03-19 00:00:00,Y08,980,1028
YS002319,2025-03-19 00:00:00,Y09,859,1123
YS002320,2025-03-19 00:00:00,Y10,1152,1339
YS002321,2025-03-19 08:00:00,Y01,1791,1995
YS002322,2025-03-19 08:00:00,Y02,847,1249
YS002323,2025-03-19 08:00:00,Y03,506,986
YS002324,2025-03-19 08:00:00,Y04,997,1113
YS002325,2025-03-19 08:00:00,Y05,570,930
YS002326,2025-03-19 08:00:00,Y06,1248,1758
YS002327,2025-03-19 08:00:00,Y07,442,1034
YS002328,2025-03-19 08:00:00,Y08,933,1028
YS002329,2025-03-19 08:00:00,Y09,687,1123
YS002330,2025-03-19 08:00:00,Y10,1208,1339
YS002331,2025-03-19 16:00:00,Y01,1524,1995
YS002332,2025-03-19 16:00:00,Y02,555,1249
YS002333,2025-03-19 16:00:00,Y03,895,986
YS002334,2025-03-19 16:00:00,Y04,944,1113
YS002335,2025-03-19 16:00:00,Y05,690,930
YS002336,2025-03-19 16:00:00,Y06,975,1758
YS002337,2025-03-19 16:00:00,Y07,742,1034
YS002338,2025-03-19 16:00:00,Y08,985,1028
YS002339,2025-03-19 16:00:00,Y09,554,1123
YS002340,2025-03-19 16:00:00,Y10,1060,1339
YS002341,2025-03-20 00:00:00,Y01,1289,1995
YS002342,2025-03-20 00:00:00,Y02,862,1249
YS002343,2025-03-20 00:00:00,Y03,932,986
YS002344,2025-03-20 00:00:00,Y04,791,1113
YS002345,2025-03-20 00:00:00,Y05,530,930
YS002346,2025-03-20 00:00:00,Y06,1068,1758
YS002347,2025-03-20 00:00:00,Y07,469,1034
YS002348,2025-03-20 00:00:00,Y08,426,1028
YS002349,2025-03-20 00:00:00,Y09,783,1123
YS002350,2025-03-20 00:00:00,Y10,899,1339
YS002351,2025-03-20 08:00:00,Y01,1784,1995
YS002352,2025-03-20 08:00:00,Y02,748,1249
YS002353,2025-03-20 08:00:00,Y03,710,986
YS002354,2025-03-20 08:00:00,Y04,831,1113
YS002355,2025-03-20 08:00:00,Y05,382,930
YS002356,2025-03-20 08:00:00,Y06,1244,1758
YS002357,2025-03-20 08:00:00,Y07,656,1034
YS002358,2025-03-20 08:00:00,Y08,537,1028
YS002359,2025-03-20 08:00:00,Y09,938,1123
YS002360,2025-03-20 08:00:00,Y10,1247,1339
YS002361,2025-03-20 16:00:00,Y01,1809,1995
YS002362,2025-03-20 16:00:00,Y02,862,1249
YS002363,2025-03-20 16:00:00,Y03,455,986
YS002364,2025-03-20 16:00:00,Y04,826,1113
YS002365,2025-03-20 16:00:00,Y05,648,930
YS002366,2025-03-20 16:00:00,Y06,1576,1758
YS002367,2025-03-20 16:00:00,Y07,820,1034
YS002368,2025-03-20 16:00:00,Y08,985,1028
YS002369,2025-03-20 16:00:00,Y09,855,1123
YS002370,2025-03-20 16:00:00,Y10,1059,1339
YS002371,2025-03-21 00:00:00,Y01,819,1995
YS002372,2025-03-21 00:00:00,Y02,1223,1249
YS002373,2025-03-21 00:00:00,Y03,406,986
YS002374,2025-03-21 00:00:00,Y04,699,1113
YS002375,2025-03-21 00:00:00,Y05,392,930
YS002376,2025-03-21 00:00:00,Y06,920,1758
YS002377,2025-03-21 00:00:00,Y07,618,1034
YS002378,2025-03-21 00:00:00,Y08,860,1028
YS002379,2025-03-21 00:00:00,Y09,877,1123
YS002380,2025-03-21 00:00:00,Y10,1252,1339
YS002381,2025-03-21 08:00:00,Y01,1302,1995
YS002382,2025-03-21 08:00:00,Y02,695,1249
YS002383,2025-03-21 08:00:00,Y03,402,986
YS002384,2025-03-21 08:00:00,Y04,688,1113
YS002385,2025-03-21 08:00:00,Y05,716,930
YS002386,2025-03-21 08:00:00,Y06,1106,1758
YS002387,2025-03-21 08:00:00,Y07,852,1034
YS002388,2025-03-21 08:00:00,Y08,610,1028
YS002389,2025-03-21 08:00:00,Y09,1041,1123
YS002390,2025-03-21 08:00:00,Y10,1019,1339
YS002391,2025-03-21 16:00:00,Y01,1390,1995
YS002392,2025-03-21 16:00:00,Y02,612,1249
YS002393,2025-03-21 16:00:00,Y03,414,986
YS002394,2025-03-21 16:00:00,Y04,623,1113
YS002395,2025-03-21 16:00:00,Y05,627,930
YS002396,2025-03-21 16:00:00,Y06,1527,1758
YS002397,2025-03-21 16:00:00,Y07,769,1034
YS002398,2025-03-21 16:00:00,Y08,464,1028
YS002399,2025-03-21 16:00:00,Y09,755,1123
YS002400,2025-03-21 16:00:00,Y10,760,1339
YS002401,2025-03-22 00:00:00,Y01,1408,1995
YS002402,2025-03-22 00:00:00,Y02,724,1249
YS002403,2025-03-22 00:00:00,Y03,556,986
YS002404,2025-03-22 00:00:00,Y04,525,1113
YS002405,2025-03-22 00:00:00,Y05,761,930
YS002406,2025-03-22 00:00:00,Y06,1467,1758
YS002407,2025-03-22 00:00:00,Y07,767,1034
YS002408,2025-03-22 00:00:00,Y08,759,1028
YS002409,2025-03-22 00:00:00,Y09,618,1123
YS002410,2025-03-22 00:00:00,Y10,1151,1339
YS002411,2025-03-22 08:00:00,Y01,1731,1995
YS002412,2025-03-22 08:00:00,Y02,718,1249
YS002413,2025-03-22 08:00:00,Y03,751,986
YS002414,2025-03-22 08:00:00,Y04,755,1113
YS002415,2025-03-22 08:00:00,Y05,585,930
YS002416,2025-03-22 08:00:00,Y06,909,1758
YS002417,2025-03-22 08:00:00,Y07,544,1034
YS002418,2025-03-22 08:00:00,Y08,656,1028
YS002419,2025-03-22 08:00:00,Y09,738,1123
YS002420,2025-03-22 08:00:00,Y10,1029,1339
YS002421,2025-03-22 16:00:00,Y01,1702,1995
YS002422,2025-03-22 16:00:00,Y02,1162,1249
YS002423,2025-03-22 16:00:00,Y03,802,986
YS002424,2025-03-22 16:00:00,Y04,768,1113
YS002425,2025-03-22 16:00:00,Y05,715,930
YS002426,2025-03-22 16:00:00,Y06,945,1758
YS002427,2025-03-22 16:00:00,Y07,735,1034
YS002428,2025-03-22 16:00:00,Y08,586,1028
YS002429,2025-03-22 16:00:00,Y09,926,1123
YS002430,2025-03-22 16:00:00,Y10,845,1339
YS002431,2025-03-23 00:00:00,Y01,1682,1995
YS002432,2025-03-23 00:00:00,Y02,543,1249
YS002433,2025-03-23 00:00:00,Y03,753,986
YS002434,2025-03-23 00:00:00,Y04,669,1113
YS002435,2025-03-23 00:00:00,Y05,405,930
YS002436,2025-03-23 00:00:00,Y06,996,1758
YS002437,2025-03-23 00:00:00,Y07,711,1034
YS002438,2025-03-23 00:00:00,Y08,622,1028
YS002439,2025-03-23 00:00:00,Y09,673,1123
YS002440,2025-03-23 00:00:00,Y10,1266,1339
YS002441,2025-03-23 08:00:00,Y01,1818,1995
YS002442,2025-03-23 08:00:00,Y02,885,1249
YS002443,2025-03-23 08:00:00,Y03,466,986
YS002444,2025-03-23 08:00:00,Y04,1040,1113
YS002445,2025-03-23 08:00:00,Y05,879,930
YS002446,2025-03-23 08:00:00,Y06,1039,1758
YS002447,2025-03-23 08:00:00,Y07,739,1034
YS002448,2025-03-23 08:00:00,Y08,719,1028
YS002449,2025-03-23 08:00:00,Y09,506,1123
YS002450,2025-03-23 08:00:00,Y10,1053,1339
YS002451,2025-03-23 16:00:00,Y01,1063,1995
YS002452,2025-03-23 16:00:00,Y02,899,1249
YS002453,2025-03-23 16:00:00,Y03,862,986
YS002454,2025-03-23 16:00:00,Y04,993,1113
YS002455,2025-03-23 16:00:00,Y05,745,930
YS002456,2025-03-23 16:00:00,Y06,1665,1758
YS002457,2025-03-23 16:00:00,Y07,866,1034
YS002458,2025-03-23 16:00:00,Y08,622,1028
YS002459,2025-03-23 16:00:00,Y09,817,1123
YS002460,2025-03-23 16:00:00,Y10,583,1339
YS002461,2025-03-24 00:00:00,Y01,1166,1995
YS002462,2025-03-24 00:00:00,Y02,1183,1249
YS002463,2025-03-24 00:00:00,Y03,405,986
YS002464,2025-03-24 00:00:00,Y04,761,1113
YS002465,2025-03-24 00:00:00,Y05,735,930
YS002466,2025-03-24 00:00:00,Y06,1047,1758
YS002467,2025-03-24 00:00:00,Y07,942,1034
YS002468,2025-03-24 00:00:00,Y08,871,1028
YS002469,2025-03-24 00:00:00,Y09,601,1123
YS002470,2025-03-24 00:00:00,Y10,1264,1339
YS002471,2025-03-24 08:00:00,Y01,1587,1995
YS002472,2025-03-24 08:00:00,Y02,594,1249
YS002473,2025-03-24 08:00:00,Y03,946,986
YS002474,2025-03-24 08:00:00,Y04,829,1113
YS002475,2025-03-24 08:00:00,Y05,506,930
YS002476,2025-03-24 08:00:00,Y06,723,1758
YS002477,2025-03-24 08:00:00,Y07,711,1034
YS002478,2025-03-24 08:00:00,Y08,435,1028
YS002479,2025-03-24 08:00:00,Y09,936,1123
YS002480,2025-03-24 08:00:00,Y10,980,1339
YS002481,2025-03-24 16:00:00,Y01,1336,1995
YS002482,2025-03-24 16:00:00,Y02,966,1249
YS002483,2025-03-24 16:00:00,Y03,529,986
YS002484,2025-03-24 16:00:00,Y04,685,1113
YS002485,2025-03-24 16:00:00,Y05,528,930
YS002486,2025-03-24 16:00:00,Y06,1399,1758
YS002487,2025-03-24 16:00:00,Y07,520,1034
YS002488,2025-03-24 16:00:00,Y08,423,1028
YS002489,2025-03-24 16:00:00,Y09,599,1123
YS002490,2025-03-24 16:00:00,Y10,902,1339
YS002491,2025-03-25 00:00:00,Y01,1082,1995
YS002492,2025-03-25 00:00:00,Y02,1083,1249
YS002493,2025-03-25 00:00:00,Y03,434,986
YS002494,2025-03-25 00:00:00,Y04,942,1113
YS002495,2025-03-25 00:00:00,Y05,429,930
YS002496,2025-03-25 00:00:00,Y06,1597,1758
YS002497,2025-03-25 00:00:00,Y07,836,1034
YS002498,2025-03-25 00:00:00,Y08,585,1028
YS002499,2025-03-25 00:00:00,Y09,850,1123
YS002500,2025-03-25 00:00:00,Y10,1253,1339
YS002501,2025-03-25 08:00:00,Y01,1505,1995
YS002502,2025-03-25 08:00:00,Y02,931,1249
YS002503,2025-03-25 08:00:00,Y03,913,986
YS002504,2025-03-25 08:00:00,Y04,589,1113
YS002505,2025-03-25 08:00:00,Y05,875,930
YS002506,2025-03-25 08:00:00,Y06,997,1758
YS002507,2025-03-25 08:00:00,Y07,525,1034
YS002508,2025-03-25 08:00:00,Y08,833,1028
YS002509,2025-03-25 08:00:00,Y09,540,1123
YS002510,2025-03-25 08:00:00,Y10,1270,1339
YS002511,2025-03-25 16:00:00,Y01,1053,1995
YS002512,2025-03-25 16:00:00,Y02,565,1249
YS002513,2025-03-25 16:00:00,Y03,863,986
YS002514,2025-03-25 16:00:00,Y04,778,1113
YS002515,2025-03-25 16:00:00,Y05,618,930
YS002516,2025-03-25 16:00:00,Y06,774,1758
YS002517,2025-03-25 16:00:00,Y07,612,1034
YS002518,2025-03-25 16:00:00,Y08,660,1028
YS002519,2025-03-25 16:00:00,Y09,480,1123
YS002520,2025-03-25 16:00:00,Y10,714,1339
YS002521,2025-03-26 00:00:00,Y01,886,1995
YS002522,2025-03-26 00:00:00,Y02,973,1249
YS002523,2025-03-26 00:00:00,Y03,414,986
YS002524,2025-03-26 00:00:00,Y04,857,1113
YS002525,2025-03-26 00:00:00,Y05,382,930
YS002526,2025-03-26 00:00:00,Y06,800,1758
YS002527,2025-03-26 00:00:00,Y07,865,1034
YS002528,2025-03-26 00:00:00,Y08,574,1028
YS002529,2025-03-26 00:00:00,Y09,736,1123
YS002530,2025-03-26 00:00:00,Y10,883,1339
YS002531,2025-03-26 08:00:00,Y01,1503,1995
YS002532,2025-03-26 08:00:00,Y02,891,1249
YS002533,2025-03-26 08:00:00,Y03,546,986
YS002534,2025-03-26 08:00:00,Y04,935,1113
YS002535,2025-03-26 08:00:00,Y05,647,930
YS002536,2025-03-26 08:00:00,Y06,1237,1758
YS002537,2025-03-26 08:00:00,Y07,841,1034
YS002538,2025-03-26 08:00:00,Y08,877,1028
YS002539,2025-03-26 08:00:00,Y09,918,1123
YS002540,2025-03-26 08:00:00,Y10,740,1339
YS002541,2025-03-26 16:00:00,Y01,1822,1995
YS002542,2025-03-26 16:00:00,Y02,795,1249
YS002543,2025-03-26 16:00:00,Y03,898,986
YS002544,2025-03-26 16:00:00,Y04,927,1113
YS002545,2025-03-26 16:00:00,Y05,897,930
YS002546,2025-03-26 16:00:00,Y06,1317,1758
YS002547,2025-03-26 16:00:00,Y07,470,1034
YS002548,2025-03-26 16:00:00,Y08,502,1028
YS002549,2025-03-26 16:00:00,Y09,1008,1123
YS002550,2025-03-26 16:00:00,Y10,856,1339
YS002551,2025-03-27 00:00:00,Y01,958,1995
YS002552,2025-03-27 00:00:00,Y02,753,1249
YS002553,2025-03-27 00:00:00,Y03,483,986
YS002554,2025-03-27 00:00:00,Y04,911,1113
YS002555,2025-03-27 00:00:00,Y05,829,930
YS002556,2025-03-27 00:00:00,Y06,1038,1758
YS002557,2025-03-27 00:00:00,Y07,562,1034
YS002558,2025-03-27 00:00:00,Y08,644,1028
YS002559,2025-03-27 00:00:00,Y09,1043,1123
YS002560,2025-03-27 00:00:00,Y10,1136,1339
YS002561,2025-03-27 08:00:00,Y01,982,1995
YS002562,2025-03-27 08:00:00,Y02,860,1249
YS002563,2025-03-27 08:00:00,Y03,917,986
YS002564,2025-03-27 08:00:00,Y04,619,1113
YS002565,2025-03-27 08:00:00,Y05,795,930
YS002566,2025-03-27 08:00:00,Y06,1279,1758
YS002567,2025-03-27 08:00:00,Y07,872,1034
YS002568,2025-03-27 08:00:00,Y08,547,1028
YS002569,2025-03-27 08:00:00,Y09,676,1123
YS002570,2025-03-27 08:00:00,Y10,833,1339
YS002571,2025-03-27 16:00:00,Y01,1592,1995
YS002572,2025-03-27 16:00:00,Y02,862,1249
YS002573,2025-03-27 16:00:00,Y03,434,986
YS002574,2025-03-27 16:00:00,Y04,495,1113
YS002575,2025-03-27 16:00:00,Y05,661,930
YS002576,2025-03-27 16:00:00,Y06,728,1758
YS002577,2025-03-27 16:00:00,Y07,624,1034
YS002578,2025-03-27 16:00:00,Y08,430,1028
YS002579,2025-03-27 16:00:00,Y09,610,1123
YS002580,2025-03-27 16:00:00,Y10,686,1339
YS002581,2025-03-28 00:00:00,Y01,1772,1995
YS002582,2025-03-28 00:00:00,Y02,1140,1249
YS002583,2025-03-28 00:00:00,Y03,817,986
YS002584,2025-03-28 00:00:00,Y04,707,1113
YS002585,2025-03-28 00:00:00,Y05,489,930
YS002586,2025-03-28 00:00:00,Y06,1129,1758
YS002587,2025-03-28 00:00:00,Y07,749,1034
YS002588,2025-03-28 00:00:00,Y08,414,1028
YS002589,2025-03-28 00:00:00,Y09,760,1123
YS002590,2025-03-28 00:00:00,Y10,791,1339
YS002591,2025-03-28 08:00:00,Y01,1246,1995
YS002592,2025-03-28 08:00:00,Y02,667,1249
YS002593,2025-03-28 08:00:00,Y03,694,986
YS002594,2025-03-28 08:00:00,Y04,660,1113
YS002595,2025-03-28 08:00:00,Y05,647,930
YS002596,2025-03-28 08:00:00,Y06,703,1758
YS002597,2025-03-28 08:00:00,Y07,813,1034
YS002598,2025-03-28 08:00:00,Y08,536,1028
YS002599,2025-03-28 08:00:00,Y09,538,1123
YS002600,2025-03-28 08:00:00,Y10,722,1339
YS002601,2025-03-28 16:00:00,Y01,1470,1995
YS002602,2025-03-28 16:00:00,Y02,1036,1249
YS002603,2025-03-28 16:00:00,Y03,837,986
YS002604,2025-03-28 16:00:00,Y04,1087,1113
YS002605,2025-03-28 16:00:00,Y05,695,930
YS002606,2025-03-28 16:00:00,Y06,887,1758
YS002607,2025-03-28 16:00:00,Y07,826,1034
YS002608,2025-03-28 16:00:00,Y08,861,1028
YS002609,2025-03-28 16:00:00,Y09,739,1123
YS002610,2025-03-28 16:00:00,Y10,608,1339
YS002611,2025-03-29 00:00:00,Y01,1610,1995
YS002612,2025-03-29 00:00:00,Y02,906,1249
YS002613,2025-03-29 00:00:00,Y03,758,986
YS002614,2025-03-29 00:00:00,Y04,1050,1113
YS002615,2025-03-29 00:00:00,Y05,407,930
YS002616,2025-03-29 00:00:00,Y06,1440,1758
YS002617,2025-03-29 00:00:00,Y07,533,1034
YS002618,2025-03-29 00:00:00,Y08,830,1028
YS002619,2025-03-29 00:00:00,Y09,563,1123
YS002620,2025-03-29 00:00:00,Y10,622,1339
YS002621,2025-03-29 08:00:00,Y01,1243,1995
YS002622,2025-03-29 08:00:00,Y02,750,1249
YS002623,2025-03-29 08:00:00,Y03,709,986
YS002624,2025-03-29 08:00:00,Y04,862,1113
YS002625,2025-03-29 08:00:00,Y05,886,930
YS002626,2025-03-29 08:00:00,Y06,1680,1758
YS002627,2025-03-29 08:00:00,Y07,778,1034
YS002628,2025-03-29 08:00:00,Y08,808,1028
YS002629,2025-03-29 08:00:00,Y09,1028,1123
YS002630,2025-03-29 08:00:00,Y10,794,1339
YS002631,2025-03-29 16:00:00,Y01,1470,1995
YS002632,2025-03-29 16:00:00,Y02,1094,1249
YS002633,2025-03-29 16:00:00,Y03,951,986
YS002634,2025-03-29 16:00:00,Y04,502,1113
YS002635,2025-03-29 16:00:00,Y05,802,930
YS002636,2025-03-29 16:00:00,Y06,803,1758
YS002637,2025-03-29 16:00:00,Y07,881,1034
YS002638,2025-03-29 16:00:00,Y08,807,1028
YS002639,2025-03-29 16:00:00,Y09,690,1123
YS002640,2025-03-29 16:00:00,Y10,1244,1339
YS002641,2025-03-30 00:00:00,Y01,1057,1995
YS002642,2025-03-30 00:00:00,Y02,920,1249
YS002643,2025-03-30 00:00:00,Y03,687,986
YS002644,2025-03-30 00:00:00,Y04,1005,1113
YS002645,2025-03-30 00:00:00,Y05,622,930
YS002646,2025-03-30 00:00:00,Y06,922,1758
YS002647,2025-03-30 00:00:00,Y07,438,1034
YS002648,2025-03-30 00:00:00,Y08,699,1028
YS002649,2025-03-30 00:00:00,Y09,624,1123
YS002650,2025-03-30 00:00:00,Y10,901,1339
YS002651,2025-03-30 08:00:00,Y01,1032,1995
YS002652,2025-03-30 08:00:00,Y02,839,1249
YS002653,2025-03-30 08:00:00,Y03,446,986
YS002654,2025-03-30 08:00:00,Y04,720,1113
YS002655,2025-03-30 08:00:00,Y05,867,930
YS002656,2025-03-30 08:00:00,Y06,716,1758
YS002657,2025-03-30 08:00:00,Y07,982,1034
YS002658,2025-03-30 08:00:00,Y08,757,1028
YS002659,2025-03-30 08:00:00,Y09,1082,1123
YS002660,2025-03-30 08:00:00,Y10,1224,1339
YS002661,2025-03-30 16:00:00,Y01,1904,1995
YS002662,2025-03-30 16:00:00,Y02,1029,1249
YS002663,2025-03-30 16:00:00,Y03,422,986
YS002664,2025-03-30 16:00:00,Y04,536,1113
YS002665,2025-03-30 16:00:00,Y05,514,930
YS002666,2025-03-30 16:00:00,Y06,1334,1758
YS002667,2025-03-30 16:00:00,Y07,978,1034
YS002668,2025-03-30 16:00:00,Y08,496,1028
YS002669,2025-03-30 16:00:00,Y09,912,1123
YS002670,2025-03-30 16:00:00,Y10,788,1339
YS002671,2025-03-31 00:00:00,Y01,1349,1995
YS002672,2025-03-31 00:00:00,Y02,606,1249
YS002673,2025-03-31 00:00:00,Y03,432,986
YS002674,2025-03-31 00:00:00,Y04,454,1113
YS002675,2025-03-31 00:00:00,Y05,734,930
YS002676,2025-03-31 00:00:00,Y06,1629,1758
YS002677,2025-03-31 00:00:00,Y07,819,1034
YS002678,2025-03-31 00:00:00,Y08,787,1028
YS002679,2025-03-31 00:00:00,Y09,1055,1123
YS002680,2025-03-31 00:00:00,Y10,962,1339
YS002681,2025-03-31 08:00:00,Y01,1878,1995
YS002682,2025-03-31 08:00:00,Y02,653,1249
YS002683,2025-03-31 08:00:00,Y03,887,986
YS002684,2025-03-31 08:00:00,Y04,607,1113
YS002685,2025-03-31 08:00:00,Y05,687,930
YS002686,2025-03-31 08:00:00,Y06,1177,1758
YS002687,2025-03-31 08:00:00,Y07,652,1034
YS002688,2025-03-31 08:00:00,Y08,537,1028
YS002689,2025-03-31 08:00:00,Y09,732,1123
YS002690,2025-03-31 08:00:00,Y10,1237,1339
YS002691,2025-03-31 16:00:00,Y01,1163,1995
YS002692,2025-03-31 16:00:00,Y02,1194,1249
YS002693,2025-03-31 16:00:00,Y03,702,986
YS002694,2025-03-31 16:00:00,Y04,800,1113
YS002695,2025-03-31 16:00:00,Y05,893,930
YS002696,2025-03-31 16:00:00,Y06,913,1758
YS002697,2025-03-31 16:00:00,Y07,426,1034
YS002698,2025-03-31 16:00:00,Y08,437,1028
YS002699,2025-03-31 16:00:00,Y09,1050,1123
YS002700,2025-03-31 16:00:00,Y10,1212,1339
YS002701,2025-04-01 00:00:00,Y01,1098,1995
YS002702,2025-04-01 00:00:00,Y02,959,1249
YS002703,2025-04-01 00:00:00,Y03,783,986
YS002704,2025-04-01 00:00:00,Y04,905,1113
YS002705,2025-04-01 00:00:00,Y05,442,930
YS002706,2025-04-01 00:00:00,Y06,983,1758
YS002707,2025-04-01 00:00:00,Y07,810,1034
YS002708,2025-04-01 00:00:00,Y08,783,1028
YS002709,2025-04-01 00:00:00,Y09,865,1123
YS002710,2025-04-01 00:00:00,Y10,1278,1339
YS002711,2025-04-01 08:00:00,Y01,1082,1995
YS002712,2025-04-01 08:00:00,Y02,658,1249
YS002713,2025-04-01 08:00:00,Y03,888,986
YS002714,2025-04-01 08:00:00,Y04,812,1113
YS002715,2025-04-01 08:00:00,Y05,473,930
YS002716,2025-04-01 08:00:00,Y06,848,1758
YS002717,2025-04-01 08:00:00,Y07,696,1034
YS002718,2025-04-01 08:00:00,Y08,699,1028
YS002719,2025-04-01 08:00:00,Y09,688,1123
YS002720,2025-04-01 08:00:00,Y10,755,1339
YS002721,2025-04-01 16:00:00,Y01,1177,1995
YS002722,2025-04-01 16:00:00,Y02,732,1249
YS002723,2025-04-01 16:00:00,Y03,465,986
YS002724,2025-04-01 16:00:00,Y04,805,1113
YS002725,2025-04-01 16:00:00,Y05,685,930
YS002726,2025-04-01 16:00:00,Y06,1519,1758
YS002727,2025-04-01 16:00:00,Y07,676,1034
YS002728,2025-04-01 16:00:00,Y08,981,1028
YS002729,2025-04-01 16:00:00,Y09,755,1123
YS002730,2025-04-01 16:00:00,Y10,830,1339
YS002731,2025-04-02 00:00:00,Y01,1931,1995
YS002732,2025-04-02 00:00:00,Y02,1162,1249
YS002733,2025-04-02 00:00:00,Y03,532,986
YS002734,2025-04-02 00:00:00,Y04,833,1113
YS002735,2025-04-02 00:00:00,Y05,691,930
YS002736,2025-04-02 00:00:00,Y06,739,1758
YS002737,2025-04-02 00:00:00,Y07,731,1034
YS002738,2025-04-02 00:00:00,Y08,941,1028
YS002739,2025-04-02 00:00:00,Y09,955,1123
YS002740,2025-04-02 00:00:00,Y10,1048,1339
YS002741,2025-04-02 08:00:00,Y01,960,1995
YS002742,2025-04-02 08:00:00,Y02,642,1249
YS002743,2025-04-02 08:00:00,Y03,866,986
YS002744,2025-04-02 08:00:00,Y04,834,1113
YS002745,2025-04-02 08:00:00,Y05,549,930
YS002746,2025-04-02 08:00:00,Y06,1033,1758
YS002747,2025-04-02 08:00:00,Y07,588,1034
YS002748,2025-04-02 08:00:00,Y08,868,1028
YS002749,2025-04-02 08:00:00,Y09,530,1123
YS002750,2025-04-02 08:00:00,Y10,626,1339
YS002751,2025-04-02 16:00:00,Y01,973,1995
YS002752,2025-04-02 16:00:00,Y02,914,1249
YS002753,2025-04-02 16:00:00,Y03,766,986
YS002754,2025-04-02 16:00:00,Y04,535,1113
YS002755,2025-04-02 16:00:00,Y05,904,930
YS002756,2025-04-02 16:00:00,Y06,1247,1758
YS002757,2025-04-02 16:00:00,Y07,728,1034
YS002758,2025-04-02 16:00:00,Y08,579,1028
YS002759,2025-04-02 16:00:00,Y09,718,1123
YS002760,2025-04-02 16:00:00,Y10,558,1339
YS002761,2025-04-03 00:00:00,Y01,1821,1995
YS002762,2025-04-03 00:00:00,Y02,1036,1249
YS002763,2025-04-03 00:00:00,Y03,521,986
YS002764,2025-04-03 00:00:00,Y04,988,1113
YS002765,2025-04-03 00:00:00,Y05,385,930
YS002766,2025-04-03 00:00:00,Y06,1007,1758
YS002767,2025-04-03 00:00:00,Y07,514,1034
YS002768,2025-04-03 00:00:00,Y08,485,1028
YS002769,2025-04-03 00:00:00,Y09,637,1123
YS002770,2025-04-03 00:00:00,Y10,537,1339
YS002771,2025-04-03 08:00:00,Y01,1862,1995
YS002772,2025-04-03 08:00:00,Y02,750,1249
YS002773,2025-04-03 08:00:00,Y03,701,986
YS002774,2025-04-03 08:00:00,Y04,495,1113
YS002775,2025-04-03 08:00:00,Y05,513,930
YS002776,2025-04-03 08:00:00,Y06,871,1758
YS002777,2025-04-03 08:00:00,Y07,935,1034
YS002778,2025-04-03 08:00:00,Y08,793,1028
YS002779,2025-04-03 08:00:00,Y09,630,1123
YS002780,2025-04-03 08:00:00,Y10,1297,1339
YS002781,2025-04-03 16:00:00,Y01,1445,1995
YS002782,2025-04-03 16:00:00,Y02,932,1249
YS002783,2025-04-03 16:00:00,Y03,792,986
YS002784,2025-04-03 16:00:00,Y04,896,1113
YS002785,2025-04-03 16:00:00,Y05,610,930
YS002786,2025-04-03 16:00:00,Y06,829,1758
YS002787,2025-04-03 16:00:00,Y07,662,1034
YS002788,2025-04-03 16:00:00,Y08,514,1028
YS002789,2025-04-03 16:00:00,Y09,847,1123
YS002790,2025-04-03 16:00:00,Y10,847,1339
YS002791,2025-04-04 00:00:00,Y01,1400,1995
YS002792,2025-04-04 00:00:00,Y02,1019,1249
YS002793,2025-04-04 00:00:00,Y03,417,986
YS002794,2025-04-04 00:00:00,Y04,1019,1113
YS002795,2025-04-04 00:00:00,Y05,580,930
YS002796,2025-04-04 00:00:00,Y06,1296,1758
YS002797,2025-04-04 00:00:00,Y07,774,1034
YS002798,2025-04-04 00:00:00,Y08,972,1028
YS002799,2025-04-04 00:00:00,Y09,938,1123
YS002800,2025-04-04 00:00:00,Y10,1023,1339
YS002801,2025-04-04 08:00:00,Y01,1265,1995
YS002802,2025-04-04 08:00:00,Y02,877,1249
YS002803,2025-04-04 08:00:00,Y03,725,986
YS002804,2025-04-04 08:00:00,Y04,504,1113
YS002805,2025-04-04 08:00:00,Y05,572,930
YS002806,2025-04-04 08:00:00,Y06,1405,1758
YS002807,2025-04-04 08:00:00,Y07,847,1034
YS002808,2025-04-04 08:00:00,Y08,458,1028
YS002809,2025-04-04 08:00:00,Y09,762,1123
YS002810,2025-04-04 08:00:00,Y10,1269,1339
YS002811,2025-04-04 16:00:00,Y01,1356,1995
YS002812,2025-04-04 16:00:00,Y02,881,1249
YS002813,2025-04-04 16:00:00,Y03,922,986
YS002814,2025-04-04 16:00:00,Y04,451,1113
YS002815,2025-04-04 16:00:00,Y05,648,930
YS002816,2025-04-04 16:00:00,Y06,1170,1758
YS002817,2025-04-04 16:00:00,Y07,703,1034
YS002818,2025-04-04 16:00:00,Y08,503,1028
YS002819,2025-04-04 16:00:00,Y09,920,1123
YS002820,2025-04-04 16:00:00,Y10,1135,1339
YS002821,2025-04-05 00:00:00,Y01,947,1995
YS002822,2025-04-05 00:00:00,Y02,863,1249
YS002823,2025-04-05 00:00:00,Y03,663,986
YS002824,2025-04-05 00:00:00,Y04,449,1113
YS002825,2025-04-05 00:00:00,Y05,401,930
YS002826,2025-04-05 00:00:00,Y06,1215,1758
YS002827,2025-04-05 00:00:00,Y07,592,1034
YS002828,2025-04-05 00:00:00,Y08,579,1028
YS002829,2025-04-05 00:00:00,Y09,524,1123
YS002830,2025-04-05 00:00:00,Y10,913,1339
YS002831,2025-04-05 08:00:00,Y01,1424,1995
YS002832,2025-04-05 08:00:00,Y02,1191,1249
YS002833,2025-04-05 08:00:00,Y03,722,986
YS002834,2025-04-05 08:00:00,Y04,936,1113
YS002835,2025-04-05 08:00:00,Y05,873,930
YS002836,2025-04-05 08:00:00,Y06,1133,1758
YS002837,2025-04-05 08:00:00,Y07,950,1034
YS002838,2025-04-05 08:00:00,Y08,699,1028
YS002839,2025-04-05 08:00:00,Y09,869,1123
YS002840,2025-04-05 08:00:00,Y10,985,1339
YS002841,2025-04-05 16:00:00,Y01,1413,1995
YS002842,2025-04-05 16:00:00,Y02,642,1249
YS002843,2025-04-05 16:00:00,Y03,439,986
YS002844,2025-04-05 16:00:00,Y04,777,1113
YS002845,2025-04-05 16:00:00,Y05,734,930
YS002846,2025-04-05 16:00:00,Y06,747,1758
YS002847,2025-04-05 16:00:00,Y07,965,1034
YS002848,2025-04-05 16:00:00,Y08,955,1028
YS002849,2025-04-05 16:00:00,Y09,606,1123
YS002850,2025-04-05 16:00:00,Y10,713,1339
YS002851,2025-04-06 00:00:00,Y01,864,1995
YS002852,2025-04-06 00:00:00,Y02,1166,1249
YS002853,2025-04-06 00:00:00,Y03,516,986
YS002854,2025-04-06 00:00:00,Y04,990,1113
YS002855,2025-04-06 00:00:00,Y05,801,930
YS002856,2025-04-06 00:00:00,Y06,1569,1758
YS002857,2025-04-06 00:00:00,Y07,434,1034
YS002858,2025-04-06 00:00:00,Y08,956,1028
YS002859,2025-04-06 00:00:00,Y09,876,1123
YS002860,2025-04-06 00:00:00,Y10,1072,1339
YS002861,2025-04-06 08:00:00,Y01,1711,1995
YS002862,2025-04-06 08:00:00,Y02,733,1249
YS002863,2025-04-06 08:00:00,Y03,461,986
YS002864,2025-04-06 08:00:00,Y04,791,1113
YS002865,2025-04-06 08:00:00,Y05,676,930
YS002866,2025-04-06 08:00:00,Y06,1393,1758
YS002867,2025-04-06 08:00:00,Y07,748,1034
YS002868,2025-04-06 08:00:00,Y08,607,1028
YS002869,2025-04-06 08:00:00,Y09,600,1123
YS002870,2025-04-06 08:00:00,Y10,1047,1339
YS002871,2025-04-06 16:00:00,Y01,1367,1995
YS002872,2025-04-06 16:00:00,Y02,512,1249
YS002873,2025-04-06 16:00:00,Y03,964,986
YS002874,2025-04-06 16:00:00,Y04,1042,1113
YS002875,2025-04-06 16:00:00,Y05,587,930
YS002876,2025-04-06 16:00:00,Y06,1283,1758
YS002877,2025-04-06 16:00:00,Y07,713,1034
YS002878,2025-04-06 16:00:00,Y08,457,1028
YS002879,2025-04-06 16:00:00,Y09,1037,1123
YS002880,2025-04-06 16:00:00,Y10,620,1339
YS002881,2025-04-07 00:00:00,Y01,1015,1995
YS002882,2025-04-07 00:00:00,Y02,949,1249
YS002883,2025-04-07 00:00:00,Y03,810,986
YS002884,2025-04-07 00:00:00,Y04,785,1113
YS002885,2025-04-07 00:00:00,Y05,509,930
YS002886,2025-04-07 00:00:00,Y06,1387,1758
YS002887,2025-04-07 00:00:00,Y07,710,1034
YS002888,2025-04-07 00:00:00,Y08,781,1028
YS002889,2025-04-07 00:00:00,Y09,532,1123
YS002890,2025-04-07 00:00:00,Y10,1262,1339
YS002891,2025-04-07 08:00:00,Y01,1681,1995
YS002892,2025-04-07 08:00:00,Y02,1161,1249
YS002893,2025-04-07 08:00:00,Y03,407,986
YS002894,2025-04-07 08:00:00,Y04,1022,1113
YS002895,2025-04-07 08:00:00,Y05,780,930
YS002896,2025-04-07 08:00:00,Y06,1328,1758
YS002897,2025-04-07 08:00:00,Y07,611,1034
YS002898,2025-04-07 08:00:00,Y08,652,1028
YS002899,2025-04-07 08:00:00,Y09,494,1123
YS002900,2025-04-07 08:00:00,Y10,602,1339
YS002901,2025-04-07 16:00:00,Y01,1581,1995
YS002902,2025-04-07 16:00:00,Y02,1162,1249
YS002903,2025-04-07 16:00:00,Y03,582,986
YS002904,2025-04-07 16:00:00,Y04,540,1113
YS002905,2025-04-07 16:00:00,Y05,555,930
YS002906,2025-04-07 16:00:00,Y06,1024,1758
YS002907,2025-04-07 16:00:00,Y07,635,1034
YS002908,2025-04-07 16:00:00,Y08,1005,1028
YS002909,2025-04-07 16:00:00,Y09,688,1123
YS002910,2025-04-07 16:00:00,Y10,1281,1339
YS002911,2025-04-08 00:00:00,Y01,920,1995
YS002912,2025-04-08 00:00:00,Y02,984,1249
YS002913,2025-04-08 00:00:00,Y03,587,986
YS002914,2025-04-08 00:00:00,Y04,720,1113
YS002915,2025-04-08 00:00:00,Y05,718,930
YS002916,2025-04-08 00:00:00,Y06,856,1758
YS002917,2025-04-08 00:00:00,Y07,768,1034
YS002918,2025-04-08 00:00:00,Y08,660,1028
YS002919,2025-04-08 00:00:00,Y09,836,1123
YS002920,2025-04-08 00:00:00,Y10,955,1339
YS002921,2025-04-08 08:00:00,Y01,1088,1995
YS002922,2025-04-08 08:00:00,Y02,796,1249
YS002923,2025-04-08 08:00:00,Y03,907,986
YS002924,2025-04-08 08:00:00,Y04,477,1113
YS002925,2025-04-08 08:00:00,Y05,705,930
YS002926,2025-04-08 08:00:00,Y06,706,1758
YS002927,2025-04-08 08:00:00,Y07,664,1034
YS002928,2025-04-08 08:00:00,Y08,770,1028
YS002929,2025-04-08 08:00:00,Y09,1046,1123
YS002930,2025-04-08 08:00:00,Y10,912,1339
YS002931,2025-04-08 16:00:00,Y01,1584,1995
YS002932,2025-04-08 16:00:00,Y02,558,1249
YS002933,2025-04-08 16:00:00,Y03,750,986
YS002934,2025-04-08 16:00:00,Y04,838,1113
YS002935,2025-04-08 16:00:00,Y05,603,930
YS002936,2025-04-08 16:00:00,Y06,1069,1758
YS002937,2025-04-08 16:00:00,Y07,662,1034
YS002938,2025-04-08 16:00:00,Y08,446,1028
YS002939,2025-04-08 16:00:00,Y09,882,1123
YS002940,2025-04-08 16:00:00,Y10,1220,1339
YS002941,2025-04-09 00:00:00,Y01,861,1995
YS002942,2025-04-09 00:00:00,Y02,1197,1249
YS002943,2025-04-09 00:00:00,Y03,420,986
YS002944,2025-04-09 00:00:00,Y04,706,1113
YS002945,2025-04-09 00:00:00,Y05,451,930
YS002946,2025-04-09 00:00:00,Y06,1467,1758
YS002947,2025-04-09 00:00:00,Y07,467,1034
YS002948,2025-04-09 00:00:00,Y08,811,1028
YS002949,2025-04-09 00:00:00,Y09,841,1123
YS002950,2025-04-09 00:00:00,Y10,824,1339
YS002951,2025-04-09 08:00:00,Y01,1485,1995
YS002952,2025-04-09 08:00:00,Y02,506,1249
YS002953,2025-04-09 08:00:00,Y03,906,986
YS002954,2025-04-09 08:00:00,Y04,715,1113
YS002955,2025-04-09 08:00:00,Y05,441,930
YS002956,2025-04-09 08:00:00,Y06,747,1758
YS002957,2025-04-09 08:00:00,Y07,545,1034
YS002958,2025-04-09 08:00:00,Y08,489,1028
YS002959,2025-04-09 08:00:00,Y09,940,1123
YS002960,2025-04-09 08:00:00,Y10,1259,1339
YS002961,2025-04-09 16:00:00,Y01,1615,1995
YS002962,2025-04-09 16:00:00,Y02,874,1249
YS002963,2025-04-09 16:00:00,Y03,476,986
YS002964,2025-04-09 16:00:00,Y04,995,1113
YS002965,2025-04-09 16:00:00,Y05,403,930
YS002966,2025-04-09 16:00:00,Y06,1572,1758
YS002967,2025-04-09 16:00:00,Y07,816,1034
YS002968,2025-04-09 16:00:00,Y08,757,1028
YS002969,2025-04-09 16:00:00,Y09,1033,1123
YS002970,2025-04-09 16:00:00,Y10,798,1339
YS002971,2025-04-10 00:00:00,Y01,1536,1995
YS002972,2025-04-10 00:00:00,Y02,816,1249
YS002973,2025-04-10 00:00:00,Y03,401,986
YS002974,2025-04-10 00:00:00,Y04,600,1113
YS002975,2025-04-10 00:00:00,Y05,490,930
YS002976,2025-04-10 00:00:00,Y06,1442,1758
YS002977,2025-04-10 00:00:00,Y07,738,1034
YS002978,2025-04-10 00:00:00,Y08,870,1028
YS002979,2025-04-10 00:00:00,Y09,790,1123
YS002980,2025-04-10 00:00:00,Y10,766,1339
YS002981,2025-04-10 08:00:00,Y01,1330,1995
YS002982,2025-04-10 08:00:00,Y02,964,1249
YS002983,2025-04-10 08:00:00,Y03,406,986
YS002984,2025-04-10 08:00:00,Y04,610,1113
YS002985,2025-04-10 08:00:00,Y05,374,930
YS002986,2025-04-10 08:00:00,Y06,1038,1758
YS002987,2025-04-10 08:00:00,Y07,689,1034
YS002988,2025-04-10 08:00:00,Y08,1007,1028
YS002989,2025-04-10 08:00:00,Y09,920,1123
YS002990,2025-04-10 08:00:00,Y10,1249,1339
YS002991,2025-04-10 16:00:00,Y01,1397,1995
YS002992,2025-04-10 16:00:00,Y02,1108,1249
YS002993,2025-04-10 16:00:00,Y03,728,986
YS002994,2025-04-10 16:00:00,Y04,741,1113
YS002995,2025-04-10 16:00:00,Y05,877,930
YS002996,2025-04-10 16:00:00,Y06,1610,1758
YS002997,2025-04-10 16:00:00,Y07,804,1034
YS002998,2025-04-10 16:00:00,Y08,862,1028
YS002999,2025-04-10 16:00:00,Y09,835,1123
YS003000,2025-04-10 16:00:00,Y10,869,1339
YS003001,2025-04-11 00:00:00,Y01,1877,1995
YS003002,2025-04-11 00:00:00,Y02,530,1249
YS003003,2025-04-11 00:00:00,Y03,767,986
YS003004,2025-04-11 00:00:00,Y04,648,1113
YS003005,2025-04-11 00:00:00,Y05,894,930
YS003006,2025-04-11 00:00:00,Y06,816,1758
YS003007,2025-04-11 00:00:00,Y07,936,1034
YS003008,2025-04-11 00:00:00,Y08,752,1028
YS003009,2025-04-11 00:00:00,Y09,814,1123
YS003010,2025-04-11 00:00:00,Y10,1004,1339
YS003011,2025-04-11 08:00:00,Y01,1392,1995
YS003012,2025-04-11 08:00:00,Y02,707,1249
YS003013,2025-04-11 08:00:00,Y03,915,986
YS003014,2025-04-11 08:00:00,Y04,998,1113
YS003015,2025-04-11 08:00:00,Y05,523,930
YS003016,2025-04-11 08:00:00,Y06,1711,1758
YS003017,2025-04-11 08:00:00,Y07,884,1034
YS003018,2025-04-11 08:00:00,Y08,662,1028
YS003019,2025-04-11 08:00:00,Y09,753,1123
YS003020,2025-04-11 08:00:00,Y10,799,1339
YS003021,2025-04-11 16:00:00,Y01,1131,1995
YS003022,2025-04-11 16:00:00,Y02,794,1249
YS003023,2025-04-11 16:00:00,Y03,596,986
YS003024,2025-04-11 16:00:00,Y04,521,1113
YS003025,2025-04-11 16:00:00,Y05,602,930
YS003026,2025-04-11 16:00:00,Y06,1603,1758
YS003027,2025-04-11 16:00:00,Y07,978,1034
YS003028,2025-04-11 16:00:00,Y08,882,1028
YS003029,2025-04-11 16:00:00,Y09,527,1123
YS003030,2025-04-11 16:00:00,Y10,1153,1339
YS003031,2025-04-12 00:00:00,Y01,1937,1995
YS003032,2025-04-12 00:00:00,Y02,1025,1249
YS003033,2025-04-12 00:00:00,Y03,804,986
YS003034,2025-04-12 00:00:00,Y04,1042,1113
YS003035,2025-04-12 00:00:00,Y05,398,930
YS003036,2025-04-12 00:00:00,Y06,1196,1758
YS003037,2025-04-12 00:00:00,Y07,724,1034
YS003038,2025-04-12 00:00:00,Y08,489,1028
YS003039,2025-04-12 00:00:00,Y09,837,1123
YS003040,2025-04-12 00:00:00,Y10,1004,1339
YS003041,2025-04-12 08:00:00,Y01,1530,1995
YS003042,2025-04-12 08:00:00,Y02,681,1249
YS003043,2025-04-12 08:00:00,Y03,552,986
YS003044,2025-04-12 08:00:00,Y04,833,1113
YS003045,2025-04-12 08:00:00,Y05,782,930
YS003046,2025-04-12 08:00:00,Y06,839,1758
YS003047,2025-04-12 08:00:00,Y07,797,1034
YS003048,2025-04-12 08:00:00,Y08,895,1028
YS003049,2025-04-12 08:00:00,Y09,812,1123
YS003050,2025-04-12 08:00:00,Y10,1111,1339
YS003051,2025-04-12 16:00:00,Y01,1580,1995
YS003052,2025-04-12 16:00:00,Y02,787,1249
YS003053,2025-04-12 16:00:00,Y03,591,986
YS003054,2025-04-12 16:00:00,Y04,752,1113
YS003055,2025-04-12 16:00:00,Y05,614,930
YS003056,2025-04-12 16:00:00,Y06,957,1758
YS003057,2025-04-12 16:00:00,Y07,789,1034
YS003058,2025-04-12 16:00:00,Y08,717,1028
YS003059,2025-04-12 16:00:00,Y09,458,1123
YS003060,2025-04-12 16:00:00,Y10,1227,1339
YS003061,2025-04-13 00:00:00,Y01,1136,1995
YS003062,2025-04-13 00:00:00,Y02,533,1249
YS003063,2025-04-13 00:00:00,Y03,914,986
YS003064,2025-04-13 00:00:00,Y04,811,1113
YS003065,2025-04-13 00:00:00,Y05,658,930
YS003066,2025-04-13 00:00:00,Y06,1385,1758
YS003067,2025-04-13 00:00:00,Y07,854,1034
YS003068,2025-04-13 00:00:00,Y08,707,1028
YS003069,2025-04-13 00:00:00,Y09,880,1123
YS003070,2025-04-13 00:00:00,Y10,1030,1339
YS003071,2025-04-13 08:00:00,Y01,1531,1995
YS003072,2025-04-13 08:00:00,Y02,583,1249
YS003073,2025-04-13 08:00:00,Y03,625,986
YS003074,2025-04-13 08:00:00,Y04,975,1113
YS003075,2025-04-13 08:00:00,Y05,736,930
YS003076,2025-04-13 08:00:00,Y06,936,1758
YS003077,2025-04-13 08:00:00,Y07,721,1034
YS003078,2025-04-13 08:00:00,Y08,627,1028
YS003079,2025-04-13 08:00:00,Y09,1071,1123
YS003080,2025-04-13 08:00:00,Y10,982,1339
YS003081,2025-04-13 16:00:00,Y01,905,1995
YS003082,2025-04-13 16:00:00,Y02,786,1249
YS003083,2025-04-13 16:00:00,Y03,435,986
YS003084,2025-04-13 16:00:00,Y04,453,1113
YS003085,2025-04-13 16:00:00,Y05,880,930
YS003086,2025-04-13 16:00:00,Y06,1481,1758
YS003087,2025-04-13 16:00:00,Y07,995,1034
YS003088,2025-04-13 16:00:00,Y08,510,1028
YS003089,2025-04-13 16:00:00,Y09,956,1123
YS003090,2025-04-13 16:00:00,Y10,966,1339
YS003091,2025-04-14 00:00:00,Y01,1709,1995
YS003092,2025-04-14 00:00:00,Y02,741,1249
YS003093,2025-04-14 00:00:00,Y03,713,986
YS003094,2025-04-14 00:00:00,Y04,640,1113
YS003095,2025-04-14 00:00:00,Y05,713,930
YS003096,2025-04-14 00:00:00,Y06,857,1758
YS003097,2025-04-14 00:00:00,Y07,414,1034
YS003098,2025-04-14 00:00:00,Y08,978,1028
YS003099,2025-04-14 00:00:00,Y09,533,1123
YS003100,2025-04-14 00:00:00,Y10,1267,1339
YS003101,2025-04-14 08:00:00,Y01,1409,1995
YS003102,2025-04-14 08:00:00,Y02,864,1249
YS003103,2025-04-14 08:00:00,Y03,934,986
YS003104,2025-04-14 08:00:00,Y04,473,1113
YS003105,2025-04-14 08:00:00,Y05,860,930
YS003106,2025-04-14 08:00:00,Y06,1427,1758
YS003107,2025-04-14 08:00:00,Y07,969,1034
YS003108,2025-04-14 08:00:00,Y08,826,1028
YS003109,2025-04-14 08:00:00,Y09,1087,1123
YS003110,2025-04-14 08:00:00,Y10,584,1339
YS003111,2025-04-14 16:00:00,Y01,1035,1995
YS003112,2025-04-14 16:00:00,Y02,1221,1249
YS003113,2025-04-14 16:00:00,Y03,812,986
YS003114,2025-04-14 16:00:00,Y04,699,1113
YS003115,2025-04-14 16:00:00,Y05,749,930
YS003116,2025-04-14 16:00:00,Y06,1247,1758
YS003117,2025-04-14 16:00:00,Y07,631,1034
YS003118,2025-04-14 16:00:00,Y08,743,1028
YS003119,2025-04-14 16:00:00,Y09,763,1123
YS003120,2025-04-14 16:00:00,Y10,1121,1339
YS003121,2025-04-15 00:00:00,Y01,1286,1995
YS003122,2025-04-15 00:00:00,Y02,983,1249
YS003123,2025-04-15 00:00:00,Y03,654,986
YS003124,2025-04-15 00:00:00,Y04,793,1113
YS003125,2025-04-15 00:00:00,Y05,809,930
YS003126,2025-04-15 00:00:00,Y06,1162,1758
YS003127,2025-04-15 00:00:00,Y07,819,1034
YS003128,2025-04-15 00:00:00,Y08,902,1028
YS003129,2025-04-15 00:00:00,Y09,763,1123
YS003130,2025-04-15 00:00:00,Y10,718,1339
YS003131,2025-04-15 08:00:00,Y01,1558,1995
YS003132,2025-04-15 08:00:00,Y02,835,1249
YS003133,2025-04-15 08:00:00,Y03,704,986
YS003134,2025-04-15 08:00:00,Y04,1025,1113
YS003135,2025-04-15 08:00:00,Y05,438,930
YS003136,2025-04-15 08:00:00,Y06,1103,1758
YS003137,2025-04-15 08:00:00,Y07,519,1034
YS003138,2025-04-15 08:00:00,Y08,767,1028
YS003139,2025-04-15 08:00:00,Y09,821,1123
YS003140,2025-04-15 08:00:00,Y10,1103,1339
YS003141,2025-04-15 16:00:00,Y01,1494,1995
YS003142,2025-04-15 16:00:00,Y02,1033,1249
YS003143,2025-04-15 16:00:00,Y03,574,986
YS003144,2025-04-15 16:00:00,Y04,894,1113
YS003145,2025-04-15 16:00:00,Y05,528,930
YS003146,2025-04-15 16:00:00,Y06,785,1758
YS003147,2025-04-15 16:00:00,Y07,933,1034
YS003148,2025-04-15 16:00:00,Y08,515,1028
YS003149,2025-04-15 16:00:00,Y09,505,1123
YS003150,2025-04-15 16:00:00,Y10,1256,1339
YS003151,2025-04-16 00:00:00,Y01,977,1995
YS003152,2025-04-16 00:00:00,Y02,1003,1249
YS003153,2025-04-16 00:00:00,Y03,721,986
YS003154,2025-04-16 00:00:00,Y04,852,1113
YS003155,2025-04-16 00:00:00,Y05,408,930
YS003156,2025-04-16 00:00:00,Y06,1312,1758
YS003157,2025-04-16 00:00:00,Y07,550,1034
YS003158,2025-04-16 00:00:00,Y08,789,1028
YS003159,2025-04-16 00:00:00,Y09,616,1123
YS003160,2025-04-16 00:00:00,Y10,1228,1339
YS003161,2025-04-16 08:00:00,Y01,1457,1995
YS003162,2025-04-16 08:00:00,Y02,504,1249
YS003163,2025-04-16 08:00:00,Y03,472,986
YS003164,2025-04-16 08:00:00,Y04,477,1113
YS003165,2025-04-16 08:00:00,Y05,383,930
YS003166,2025-04-16 08:00:00,Y06,1024,1758
YS003167,2025-04-16 08:00:00,Y07,482,1034
YS003168,2025-04-16 08:00:00,Y08,732,1028
YS003169,2025-04-16 08:00:00,Y09,481,1123
YS003170,2025-04-16 08:00:00,Y10,1036,1339
YS003171,2025-04-16 16:00:00,Y01,1075,1995
YS003172,2025-04-16 16:00:00,Y02,1211,1249
YS003173,2025-04-16 16:00:00,Y03,868,986
YS003174,2025-04-16 16:00:00,Y04,618,1113
YS003175,2025-04-16 16:00:00,Y05,401,930
YS003176,2025-04-16 16:00:00,Y06,752,1758
YS003177,2025-04-16 16:00:00,Y07,908,1034
YS003178,2025-04-16 16:00:00,Y08,684,1028
YS003179,2025-04-16 16:00:00,Y09,829,1123
YS003180,2025-04-16 16:00:00,Y10,560,1339
YS003181,2025-04-17 00:00:00,Y01,1606,1995
YS003182,2025-04-17 00:00:00,Y02,763,1249
YS003183,2025-04-17 00:00:00,Y03,730,986
YS003184,2025-04-17 00:00:00,Y04,746,1113
YS003185,2025-04-17 00:00:00,Y05,517,930
YS003186,2025-04-17 00:00:00,Y06,1613,1758
YS003187,2025-04-17 00:00:00,Y07,770,1034
YS003188,2025-04-17 00:00:00,Y08,730,1028
YS003189,2025-04-17 00:00:00,Y09,889,1123
YS003190,2025-04-17 00:00:00,Y10,1271,1339
YS003191,2025-04-17 08:00:00,Y01,1542,1995
YS003192,2025-04-17 08:00:00,Y02,817,1249
YS003193,2025-04-17 08:00:00,Y03,928,986
YS003194,2025-04-17 08:00:00,Y04,875,1113
YS003195,2025-04-17 08:00:00,Y05,759,930
YS003196,2025-04-17 08:00:00,Y06,910,1758
YS003197,2025-04-17 08:00:00,Y07,936,1034
YS003198,2025-04-17 08:00:00,Y08,716,1028
YS003199,2025-04-17 08:00:00,Y09,756,1123
YS003200,2025-04-17 08:00:00,Y10,942,1339
YS003201,2025-04-17 16:00:00,Y01,935,1995
YS003202,2025-04-17 16:00:00,Y02,807,1249
YS003203,2025-04-17 16:00:00,Y03,457,986
YS003204,2025-04-17 16:00:00,Y04,564,1113
YS003205,2025-04-17 16:00:00,Y05,555,930
YS003206,2025-04-17 16:00:00,Y06,1205,1758
YS003207,2025-04-17 16:00:00,Y07,420,1034
YS003208,2025-04-17 16:00:00,Y08,578,1028
YS003209,2025-04-17 16:00:00,Y09,626,1123
YS003210,2025-04-17 16:00:00,Y10,1070,1339
YS003211,2025-04-18 00:00:00,Y01,1072,1995
YS003212,2025-04-18 00:00:00,Y02,914,1249
YS003213,2025-04-18 00:00:00,Y03,849,986
YS003214,2025-04-18 00:00:00,Y04,851,1113
YS003215,2025-04-18 00:00:00,Y05,514,930
YS003216,2025-04-18 00:00:00,Y06,1111,1758
YS003217,2025-04-18 00:00:00,Y07,430,1034
YS003218,2025-04-18 00:00:00,Y08,433,1028
YS003219,2025-04-18 00:00:00,Y09,588,1123
YS003220,2025-04-18 00:00:00,Y10,1305,1339
YS003221,2025-04-18 08:00:00,Y01,1106,1995
YS003222,2025-04-18 08:00:00,Y02,1139,1249
YS003223,2025-04-18 08:00:00,Y03,413,986
YS003224,2025-04-18 08:00:00,Y04,736,1113
YS003225,2025-04-18 08:00:00,Y05,425,930
YS003226,2025-04-18 08:00:00,Y06,885,1758
YS003227,2025-04-18 08:00:00,Y07,554,1034
YS003228,2025-04-18 08:00:00,Y08,595,1028
YS003229,2025-04-18 08:00:00,Y09,761,1123
YS003230,2025-04-18 08:00:00,Y10,639,1339
YS003231,2025-04-18 16:00:00,Y01,1492,1995
YS003232,2025-04-18 16:00:00,Y02,1055,1249
YS003233,2025-04-18 16:00:00,Y03,830,986
YS003234,2025-04-18 16:00:00,Y04,870,1113
YS003235,2025-04-18 16:00:00,Y05,656,930
YS003236,2025-04-18 16:00:00,Y06,932,1758
YS003237,2025-04-18 16:00:00,Y07,550,1034
YS003238,2025-04-18 16:00:00,Y08,813,1028
YS003239,2025-04-18 16:00:00,Y09,797,1123
YS003240,2025-04-18 16:00:00,Y10,807,1339
YS003241,2025-04-19 00:00:00,Y01,1231,1995
YS003242,2025-04-19 00:00:00,Y02,1070,1249
YS003243,2025-04-19 00:00:00,Y03,911,986
YS003244,2025-04-19 00:00:00,Y04,829,1113
YS003245,2025-04-19 00:00:00,Y05,421,930
YS003246,2025-04-19 00:00:00,Y06,931,1758
YS003247,2025-04-19 00:00:00,Y07,576,1034
YS003248,2025-04-19 00:00:00,Y08,755,1028
YS003249,2025-04-19 00:00:00,Y09,512,1123
YS003250,2025-04-19 00:00:00,Y10,1040,1339
YS003251,2025-04-19 08:00:00,Y01,1845,1995
YS003252,2025-04-19 08:00:00,Y02,1182,1249
YS003253,2025-04-19 08:00:00,Y03,622,986
YS003254,2025-04-19 08:00:00,Y04,857,1113
YS003255,2025-04-19 08:00:00,Y05,792,930
YS003256,2025-04-19 08:00:00,Y06,1709,1758
YS003257,2025-04-19 08:00:00,Y07,864,1034
YS003258,2025-04-19 08:00:00,Y08,664,1028
YS003259,2025-04-19 08:00:00,Y09,510,1123
YS003260,2025-04-19 08:00:00,Y10,995,1339
YS003261,2025-04-19 16:00:00,Y01,1105,1995
YS003262,2025-04-19 16:00:00,Y02,867,1249
YS003263,2025-04-19 16:00:00,Y03,933,986
YS003264,2025-04-19 16:00:00,Y04,901,1113
YS003265,2025-04-19 16:00:00,Y05,771,930
YS003266,2025-04-19 16:00:00,Y06,1382,1758
YS003267,2025-04-19 16:00:00,Y07,623,1034
YS003268,2025-04-19 16:00:00,Y08,460,1028
YS003269,2025-04-19 16:00:00,Y09,1071,1123
YS003270,2025-04-19 16:00:00,Y10,1009,1339
YS003271,2025-04-20 00:00:00,Y01,1436,1995
YS003272,2025-04-20 00:00:00,Y02,656,1249
YS003273,2025-04-20 00:00:00,Y03,897,986
YS003274,2025-04-20 00:00:00,Y04,644,1113
YS003275,2025-04-20 00:00:00,Y05,749,930
YS003276,2025-04-20 00:00:00,Y06,1386,1758
YS003277,2025-04-20 00:00:00,Y07,443,1034
YS003278,2025-04-20 00:00:00,Y08,414,1028
YS003279,2025-04-20 00:00:00,Y09,677,1123
YS003280,2025-04-20 00:00:00,Y10,850,1339
YS003281,2025-04-20 08:00:00,Y01,1074,1995
YS003282,2025-04-20 08:00:00,Y02,869,1249
YS003283,2025-04-20 08:00:00,Y03,438,986
YS003284,2025-04-20 08:00:00,Y04,1064,1113
YS003285,2025-04-20 08:00:00,Y05,468,930
YS003286,2025-04-20 08:00:00,Y06,1246,1758
YS003287,2025-04-20 08:00:00,Y07,889,1034
YS003288,2025-04-20 08:00:00,Y08,885,1028
YS003289,2025-04-20 08:00:00,Y09,813,1123
YS003290,2025-04-20 08:00:00,Y10,603,1339
YS003291,2025-04-20 16:00:00,Y01,1168,1995
YS003292,2025-04-20 16:00:00,Y02,647,1249
YS003293,2025-04-20 16:00:00,Y03,444,986
YS003294,2025-04-20 16:00:00,Y04,446,1113
YS003295,2025-04-20 16:00:00,Y05,410,930
YS003296,2025-04-20 16:00:00,Y06,938,1758
YS003297,2025-04-20 16:00:00,Y07,614,1034
YS003298,2025-04-20 16:00:00,Y08,559,1028
YS003299,2025-04-20 16:00:00,Y09,722,1123
YS003300,2025-04-20 16:00:00,Y10,565,1339
YS003301,2025-04-21 00:00:00,Y01,1038,1995
YS003302,2025-04-21 00:00:00,Y02,970,1249
YS003303,2025-04-21 00:00:00,Y03,931,986
YS003304,2025-04-21 00:00:00,Y04,733,1113
YS003305,2025-04-21 00:00:00,Y05,740,930
YS003306,2025-04-21 00:00:00,Y06,938,1758
YS003307,2025-04-21 00:00:00,Y07,962,1034
YS003308,2025-04-21 00:00:00,Y08,768,1028
YS003309,2025-04-21 00:00:00,Y09,673,1123
YS003310,2025-04-21 00:00:00,Y10,874,1339
YS003311,2025-04-21 08:00:00,Y01,1269,1995
YS003312,2025-04-21 08:00:00,Y02,1089,1249
YS003313,2025-04-21 08:00:00,Y03,556,986
YS003314,2025-04-21 08:00:00,Y04,853,1113
YS003315,2025-04-21 08:00:00,Y05,526,930
YS003316,2025-04-21 08:00:00,Y06,1459,1758
YS003317,2025-04-21 08:00:00,Y07,958,1034
YS003318,2025-04-21 08:00:00,Y08,749,1028
YS003319,2025-04-21 08:00:00,Y09,613,1123
YS003320,2025-04-21 08:00:00,Y10,538,1339
YS003321,2025-04-21 16:00:00,Y01,1627,1995
YS003322,2025-04-21 16:00:00,Y02,868,1249
YS003323,2025-04-21 16:00:00,Y03,497,986
YS003324,2025-04-21 16:00:00,Y04,598,1113
YS003325,2025-04-21 16:00:00,Y05,439,930
YS003326,2025-04-21 16:00:00,Y06,1363,1758
YS003327,2025-04-21 16:00:00,Y07,697,1034
YS003328,2025-04-21 16:00:00,Y08,446,1028
YS003329,2025-04-21 16:00:00,Y09,479,1123
YS003330,2025-04-21 16:00:00,Y10,587,1339
YS003331,2025-04-22 00:00:00,Y01,1767,1995
YS003332,2025-04-22 00:00:00,Y02,702,1249
YS003333,2025-04-22 00:00:00,Y03,397,986
YS003334,2025-04-22 00:00:00,Y04,873,1113
YS003335,2025-04-22 00:00:00,Y05,734,930
YS003336,2025-04-22 00:00:00,Y06,1679,1758
YS003337,2025-04-22 00:00:00,Y07,489,1034
YS003338,2025-04-22 00:00:00,Y08,457,1028
YS003339,2025-04-22 00:00:00,Y09,594,1123
YS003340,2025-04-22 00:00:00,Y10,772,1339
YS003341,2025-04-22 08:00:00,Y01,1812,1995
YS003342,2025-04-22 08:00:00,Y02,900,1249
YS003343,2025-04-22 08:00:00,Y03,480,986
YS003344,2025-04-22 08:00:00,Y04,1049,1113
YS003345,2025-04-22 08:00:00,Y05,379,930
YS003346,2025-04-22 08:00:00,Y06,1359,1758
YS003347,2025-04-22 08:00:00,Y07,971,1034
YS003348,2025-04-22 08:00:00,Y08,494,1028
YS003349,2025-04-22 08:00:00,Y09,954,1123
YS003350,2025-04-22 08:00:00,Y10,996,1339
YS003351,2025-04-22 16:00:00,Y01,1523,1995
YS003352,2025-04-22 16:00:00,Y02,1025,1249
YS003353,2025-04-22 16:00:00,Y03,833,986
YS003354,2025-04-22 16:00:00,Y04,1016,1113
YS003355,2025-04-22 16:00:00,Y05,813,930
YS003356,2025-04-22 16:00:00,Y06,1299,1758
YS003357,2025-04-22 16:00:00,Y07,614,1034
YS003358,2025-04-22 16:00:00,Y08,596,1028
YS003359,2025-04-22 16:00:00,Y09,663,1123
YS003360,2025-04-22 16:00:00,Y10,1232,1339
YS003361,2025-04-23 00:00:00,Y01,1928,1995
YS003362,2025-04-23 00:00:00,Y02,584,1249
YS003363,2025-04-23 00:00:00,Y03,523,986
YS003364,2025-04-23 00:00:00,Y04,599,1113
YS003365,2025-04-23 00:00:00,Y05,493,930
YS003366,2025-04-23 00:00:00,Y06,755,1758
YS003367,2025-04-23 00:00:00,Y07,526,1034
YS003368,2025-04-23 00:00:00,Y08,972,1028
YS003369,2025-04-23 00:00:00,Y09,967,1123
YS003370,2025-04-23 00:00:00,Y10,914,1339
YS003371,2025-04-23 08:00:00,Y01,1408,1995
YS003372,2025-04-23 08:00:00,Y02,644,1249
YS003373,2025-04-23 08:00:00,Y03,881,986
YS003374,2025-04-23 08:00:00,Y04,922,1113
YS003375,2025-04-23 08:00:00,Y05,812,930
YS003376,2025-04-23 08:00:00,Y06,1491,1758
YS003377,2025-04-23 08:00:00,Y07,920,1034
YS003378,2025-04-23 08:00:00,Y08,491,1028
YS003379,2025-04-23 08:00:00,Y09,872,1123
YS003380,2025-04-23 08:00:00,Y10,1257,1339
YS003381,2025-04-23 16:00:00,Y01,1325,1995
YS003382,2025-04-23 16:00:00,Y02,660,1249
YS003383,2025-04-23 16:00:00,Y03,504,986
YS003384,2025-04-23 16:00:00,Y04,1032,1113
YS003385,2025-04-23 16:00:00,Y05,450,930
YS003386,2025-04-23 16:00:00,Y06,1578,1758
YS003387,2025-04-23 16:00:00,Y07,806,1034
YS003388,2025-04-23 16:00:00,Y08,943,1028
YS003389,2025-04-23 16:00:00,Y09,658,1123
YS003390,2025-04-23 16:00:00,Y10,681,1339
YS003391,2025-04-24 00:00:00,Y01,1315,1995
YS003392,2025-04-24 00:00:00,Y02,515,1249
YS003393,2025-04-24 00:00:00,Y03,431,986
YS003394,2025-04-24 00:00:00,Y04,622,1113
YS003395,2025-04-24 00:00:00,Y05,779,930
YS003396,2025-04-24 00:00:00,Y06,1230,1758
YS003397,2025-04-24 00:00:00,Y07,537,1034
YS003398,2025-04-24 00:00:00,Y08,439,1028
YS003399,2025-04-24 00:00:00,Y09,865,1123
YS003400,2025-04-24 00:00:00,Y10,778,1339
YS003401,2025-04-24 08:00:00,Y01,1377,1995
YS003402,2025-04-24 08:00:00,Y02,816,1249
YS003403,2025-04-24 08:00:00,Y03,483,986
YS003404,2025-04-24 08:00:00,Y04,496,1113
YS003405,2025-04-24 08:00:00,Y05,450,930
YS003406,2025-04-24 08:00:00,Y06,841,1758
YS003407,2025-04-24 08:00:00,Y07,483,1034
YS003408,2025-04-24 08:00:00,Y08,536,1028
YS003409,2025-04-24 08:00:00,Y09,638,1123
YS003410,2025-04-24 08:00:00,Y10,885,1339
YS003411,2025-04-24 16:00:00,Y01,1744,1995
YS003412,2025-04-24 16:00:00,Y02,1058,1249
YS003413,2025-04-24 16:00:00,Y03,881,986
YS003414,2025-04-24 16:00:00,Y04,993,1113
YS003415,2025-04-24 16:00:00,Y05,877,930
YS003416,2025-04-24 16:00:00,Y06,850,1758
YS003417,2025-04-24 16:00:00,Y07,778,1034
YS003418,2025-04-24 16:00:00,Y08,421,1028
YS003419,2025-04-24 16:00:00,Y09,638,1123
YS003420,2025-04-24 16:00:00,Y10,1193,1339
YS003421,2025-04-25 00:00:00,Y01,1685,1995
YS003422,2025-04-25 00:00:00,Y02,591,1249
YS003423,2025-04-25 00:00:00,Y03,574,986
YS003424,2025-04-25 00:00:00,Y04,969,1113
YS003425,2025-04-25 00:00:00,Y05,592,930
YS003426,2025-04-25 00:00:00,Y06,1410,1758
YS003427,2025-04-25 00:00:00,Y07,700,1034
YS003428,2025-04-25 00:00:00,Y08,550,1028
YS003429,2025-04-25 00:00:00,Y09,843,1123
YS003430,2025-04-25 00:00:00,Y10,618,1339
YS003431,2025-04-25 08:00:00,Y01,843,1995
YS003432,2025-04-25 08:00:00,Y02,602,1249
YS003433,2025-04-25 08:00:00,Y03,614,986
YS003434,2025-04-25 08:00:00,Y04,985,1113
YS003435,2025-04-25 08:00:00,Y05,489,930
YS003436,2025-04-25 08:00:00,Y06,1024,1758
YS003437,2025-04-25 08:00:00,Y07,703,1034
YS003438,2025-04-25 08:00:00,Y08,950,1028
YS003439,2025-04-25 08:00:00,Y09,528,1123
YS003440,2025-04-25 08:00:00,Y10,784,1339
YS003441,2025-04-25 16:00:00,Y01,1546,1995
YS003442,2025-04-25 16:00:00,Y02,501,1249
YS003443,2025-04-25 16:00:00,Y03,857,986
YS003444,2025-04-25 16:00:00,Y04,912,1113
YS003445,2025-04-25 16:00:00,Y05,554,930
YS003446,2025-04-25 16:00:00,Y06,1508,1758
YS003447,2025-04-25 16:00:00,Y07,780,1034
YS003448,2025-04-25 16:00:00,Y08,532,1028
YS003449,2025-04-25 16:00:00,Y09,1082,1123
YS003450,2025-04-25 16:00:00,Y10,1069,1339
YS003451,2025-04-26 00:00:00,Y01,1121,1995
YS003452,2025-04-26 00:00:00,Y02,773,1249
YS003453,2025-04-26 00:00:00,Y03,451,986
YS003454,2025-04-26 00:00:00,Y04,459,1113
YS003455,2025-04-26 00:00:00,Y05,452,930
YS003456,2025-04-26 00:00:00,Y06,1119,1758
YS003457,2025-04-26 00:00:00,Y07,948,1034
YS003458,2025-04-26 00:00:00,Y08,427,1028
YS003459,2025-04-26 00:00:00,Y09,635,1123
YS003460,2025-04-26 00:00:00,Y10,1269,1339
YS003461,2025-04-26 08:00:00,Y01,997,1995
YS003462,2025-04-26 08:00:00,Y02,984,1249
YS003463,2025-04-26 08:00:00,Y03,545,986
YS003464,2025-04-26 08:00:00,Y04,485,1113
YS003465,2025-04-26 08:00:00,Y05,552,930
YS003466,2025-04-26 08:00:00,Y06,1198,1758
YS003467,2025-04-26 08:00:00,Y07,873,1034
YS003468,2025-04-26 08:00:00,Y08,531,1028
YS003469,2025-04-26 08:00:00,Y09,844,1123
YS003470,2025-04-26 08:00:00,Y10,590,1339
YS003471,2025-04-26 16:00:00,Y01,1795,1995
YS003472,2025-04-26 16:00:00,Y02,1042,1249
YS003473,2025-04-26 16:00:00,Y03,851,986
YS003474,2025-04-26 16:00:00,Y04,1065,1113
YS003475,2025-04-26 16:00:00,Y05,484,930
YS003476,2025-04-26 16:00:00,Y06,1139,1758
YS003477,2025-04-26 16:00:00,Y07,822,1034
YS003478,2025-04-26 16:00:00,Y08,693,1028
YS003479,2025-04-26 16:00:00,Y09,924,1123
YS003480,2025-04-26 16:00:00,Y10,836,1339
YS003481,2025-04-27 00:00:00,Y01,1264,1995
YS003482,2025-04-27 00:00:00,Y02,1133,1249
YS003483,2025-04-27 00:00:00,Y03,714,986
YS003484,2025-04-27 00:00:00,Y04,991,1113
YS003485,2025-04-27 00:00:00,Y05,516,930
YS003486,2025-04-27 00:00:00,Y06,1253,1758
YS003487,2025-04-27 00:00:00,Y07,795,1034
YS003488,2025-04-27 00:00:00,Y08,736,1028
YS003489,2025-04-27 00:00:00,Y09,553,1123
YS003490,2025-04-27 00:00:00,Y10,1033,1339
YS003491,2025-04-27 08:00:00,Y01,1177,1995
YS003492,2025-04-27 08:00:00,Y02,1072,1249
YS003493,2025-04-27 08:00:00,Y03,842,986
YS003494,2025-04-27 08:00:00,Y04,465,1113
YS003495,2025-04-27 08:00:00,Y05,386,930
YS003496,2025-04-27 08:00:00,Y06,1227,1758
YS003497,2025-04-27 08:00:00,Y07,483,1034
YS003498,2025-04-27 08:00:00,Y08,813,1028
YS003499,2025-04-27 08:00:00,Y09,670,1123
YS003500,2025-04-27 08:00:00,Y10,800,1339
YS003501,2025-04-27 16:00:00,Y01,1724,1995
YS003502,2025-04-27 16:00:00,Y02,1115,1249
YS003503,2025-04-27 16:00:00,Y03,851,986
YS003504,2025-04-27 16:00:00,Y04,689,1113
YS003505,2025-04-27 16:00:00,Y05,405,930
YS003506,2025-04-27 16:00:00,Y06,1033,1758
YS003507,2025-04-27 16:00:00,Y07,902,1034
YS003508,2025-04-27 16:00:00,Y08,955,1028
YS003509,2025-04-27 16:00:00,Y09,811,1123
YS003510,2025-04-27 16:00:00,Y10,976,1339
YS003511,2025-04-28 00:00:00,Y01,852,1995
YS003512,2025-04-28 00:00:00,Y02,982,1249
YS003513,2025-04-28 00:00:00,Y03,953,986
YS003514,2025-04-28 00:00:00,Y04,804,1113
YS003515,2025-04-28 00:00:00,Y05,490,930
YS003516,2025-04-28 00:00:00,Y06,1350,1758
YS003517,2025-04-28 00:00:00,Y07,757,1034
YS003518,2025-04-28 00:00:00,Y08,894,1028
YS003519,2025-04-28 00:00:00,Y09,660,1123
YS003520,2025-04-28 00:00:00,Y10,929,1339
YS003521,2025-04-28 08:00:00,Y01,1139,1995
YS003522,2025-04-28 08:00:00,Y02,689,1249
YS003523,2025-04-28 08:00:00,Y03,932,986
YS003524,2025-04-28 08:00:00,Y04,692,1113
YS003525,2025-04-28 08:00:00,Y05,654,930
YS003526,2025-04-28 08:00:00,Y06,977,1758
YS003527,2025-04-28 08:00:00,Y07,654,1034
YS003528,2025-04-28 08:00:00,Y08,713,1028
YS003529,2025-04-28 08:00:00,Y09,1011,1123
YS003530,2025-04-28 08:00:00,Y10,808,1339
YS003531,2025-04-28 16:00:00,Y01,1560,1995
YS003532,2025-04-28 16:00:00,Y02,569,1249
YS003533,2025-04-28 16:00:00,Y03,572,986
YS003534,2025-04-28 16:00:00,Y04,1025,1113
YS003535,2025-04-28 16:00:00,Y05,655,930
YS003536,2025-04-28 16:00:00,Y06,1174,1758
YS003537,2025-04-28 16:00:00,Y07,843,1034
YS003538,2025-04-28 16:00:00,Y08,939,1028
YS003539,2025-04-28 16:00:00,Y09,947,1123
YS003540,2025-04-28 16:00:00,Y10,1308,1339
YS003541,2025-04-29 00:00:00,Y01,980,1995
YS003542,2025-04-29 00:00:00,Y02,638,1249
YS003543,2025-04-29 00:00:00,Y03,718,986
YS003544,2025-04-29 00:00:00,Y04,1077,1113
YS003545,2025-04-29 00:00:00,Y05,632,930
YS003546,2025-04-29 00:00:00,Y06,909,1758
YS003547,2025-04-29 00:00:00,Y07,916,1034
YS003548,2025-04-29 00:00:00,Y08,438,1028
YS003549,2025-04-29 00:00:00,Y09,699,1123
YS003550,2025-04-29 00:00:00,Y10,979,1339
YS003551,2025-04-29 08:00:00,Y01,997,1995
YS003552,2025-04-29 08:00:00,Y02,853,1249
YS003553,2025-04-29 08:00:00,Y03,564,986
YS003554,2025-04-29 08:00:00,Y04,762,1113
YS003555,2025-04-29 08:00:00,Y05,853,930
YS003556,2025-04-29 08:00:00,Y06,1278,1758
YS003557,2025-04-29 08:00:00,Y07,547,1034
YS003558,2025-04-29 08:00:00,Y08,832,1028
YS003559,2025-04-29 08:00:00,Y09,981,1123
YS003560,2025-04-29 08:00:00,Y10,1187,1339
YS003561,2025-04-29 16:00:00,Y01,818,1995
YS003562,2025-04-29 16:00:00,Y02,536,1249
YS003563,2025-04-29 16:00:00,Y03,449,986
YS003564,2025-04-29 16:00:00,Y04,1083,1113
YS003565,2025-04-29 16:00:00,Y05,378,930
YS003566,2025-04-29 16:00:00,Y06,715,1758
YS003567,2025-04-29 16:00:00,Y07,821,1034
YS003568,2025-04-29 16:00:00,Y08,834,1028
YS003569,2025-04-29 16:00:00,Y09,799,1123
YS003570,2025-04-29 16:00:00,Y10,658,1339
YS003571,2025-04-30 00:00:00,Y01,1769,1995
YS003572,2025-04-30 00:00:00,Y02,993,1249
YS003573,2025-04-30 00:00:00,Y03,754,986
YS003574,2025-04-30 00:00:00,Y04,817,1113
YS003575,2025-04-30 00:00:00,Y05,789,930
YS003576,2025-04-30 00:00:00,Y06,1716,1758
YS003577,2025-04-30 00:00:00,Y07,768,1034
YS003578,2025-04-30 00:00:00,Y08,638,1028
YS003579,2025-04-30 00:00:00,Y09,519,1123
YS003580,2025-04-30 00:00:00,Y10,1042,1339
YS003581,2025-04-30 08:00:00,Y01,817,1995
YS003582,2025-04-30 08:00:00,Y02,545,1249
YS003583,2025-04-30 08:00:00,Y03,604,986
YS003584,2025-04-30 08:00:00,Y04,609,1113
YS003585,2025-04-30 08:00:00,Y05,697,930
YS003586,2025-04-30 08:00:00,Y06,943,1758
YS003587,2025-04-30 08:00:00,Y07,540,1034
YS003588,2025-04-30 08:00:00,Y08,652,1028
YS003589,2025-04-30 08:00:00,Y09,1023,1123
YS003590,2025-04-30 08:00:00,Y10,549,1339
YS003591,2025-04-30 16:00:00,Y01,870,1995
YS003592,2025-04-30 16:00:00,Y02,641,1249
YS003593,2025-04-30 16:00:00,Y03,526,986
YS003594,2025-04-30 16:00:00,Y04,1076,1113
YS003595,2025-04-30 16:00:00,Y05,424,930
YS003596,2025-04-30 16:00:00,Y06,949,1758
YS003597,2025-04-30 16:00:00,Y07,777,1034
YS003598,2025-04-30 16:00:00,Y08,625,1028
YS003599,2025-04-30 16:00:00,Y09,655,1123
YS003600,2025-04-30 16:00:00,Y10,848,1339
YS003601,2025-05-01 00:00:00,Y01,1910,1995
YS003602,2025-05-01 00:00:00,Y02,509,1249
YS003603,2025-05-01 00:00:00,Y03,874,986
YS003604,2025-05-01 00:00:00,Y04,1007,1113
YS003605,2025-05-01 00:00:00,Y05,715,930
YS003606,2025-05-01 00:00:00,Y06,1470,1758
YS003607,2025-05-01 00:00:00,Y07,502,1034
YS003608,2025-05-01 00:00:00,Y08,525,1028
YS003609,2025-05-01 00:00:00,Y09,1067,1123
YS003610,2025-05-01 00:00:00,Y10,910,1339
YS003611,2025-05-01 08:00:00,Y01,1380,1995
YS003612,2025-05-01 08:00:00,Y02,828,1249
YS003613,2025-05-01 08:00:00,Y03,517,986
YS003614,2025-05-01 08:00:00,Y04,605,1113
YS003615,2025-05-01 08:00:00,Y05,645,930
YS003616,2025-05-01 08:00:00,Y06,1007,1758
YS003617,2025-05-01 08:00:00,Y07,874,1034
YS003618,2025-05-01 08:00:00,Y08,946,1028
YS003619,2025-05-01 08:00:00,Y09,933,1123
YS003620,2025-05-01 08:00:00,Y10,664,1339
YS003621,2025-05-01 16:00:00,Y01,1720,1995
YS003622,2025-05-01 16:00:00,Y02,1105,1249
YS003623,2025-05-01 16:00:00,Y03,652,986
YS003624,2025-05-01 16:00:00,Y04,675,1113
YS003625,2025-05-01 16:00:00,Y05,732,930
YS003626,2025-05-01 16:00:00,Y06,1689,1758
YS003627,2025-05-01 16:00:00,Y07,809,1034
YS003628,2025-05-01 16:00:00,Y08,811,1028
YS003629,2025-05-01 16:00:00,Y09,592,1123
YS003630,2025-05-01 16:00:00,Y10,717,1339
YS003631,2025-05-02 00:00:00,Y01,1811,1995
YS003632,2025-05-02 00:00:00,Y02,549,1249
YS003633,2025-05-02 00:00:00,Y03,415,986
YS003634,2025-05-02 00:00:00,Y04,980,1113
YS003635,2025-05-02 00:00:00,Y05,542,930
YS003636,2025-05-02 00:00:00,Y06,1345,1758
YS003637,2025-05-02 00:00:00,Y07,968,1034
YS003638,2025-05-02 00:00:00,Y08,986,1028
YS003639,2025-05-02 00:00:00,Y09,905,1123
YS003640,2025-05-02 00:00:00,Y10,729,1339
YS003641,2025-05-02 08:00:00,Y01,1872,1995
YS003642,2025-05-02 08:00:00,Y02,991,1249
YS003643,2025-05-02 08:00:00,Y03,889,986
YS003644,2025-05-02 08:00:00,Y04,609,1113
YS003645,2025-05-02 08:00:00,Y05,649,930
YS003646,2025-05-02 08:00:00,Y06,1080,1758
YS003647,2025-05-02 08:00:00,Y07,774,1034
YS003648,2025-05-02 08:00:00,Y08,623,1028
YS003649,2025-05-02 08:00:00,Y09,907,1123
YS003650,2025-05-02 08:00:00,Y10,1157,1339
YS003651,2025-05-02 16:00:00,Y01,821,1995
YS003652,2025-05-02 16:00:00,Y02,1039,1249
YS003653,2025-05-02 16:00:00,Y03,826,986
YS003654,2025-05-02 16:00:00,Y04,544,1113
YS003655,2025-05-02 16:00:00,Y05,419,930
YS003656,2025-05-02 16:00:00,Y06,1062,1758
YS003657,2025-05-02 16:00:00,Y07,463,1034
YS003658,2025-05-02 16:00:00,Y08,659,1028
YS003659,2025-05-02 16:00:00,Y09,697,1123
YS003660,2025-05-02 16:00:00,Y10,1168,1339
YS003661,2025-05-03 00:00:00,Y01,1070,1995
YS003662,2025-05-03 00:00:00,Y02,862,1249
YS003663,2025-05-03 00:00:00,Y03,620,986
YS003664,2025-05-03 00:00:00,Y04,563,1113
YS003665,2025-05-03 00:00:00,Y05,793,930
YS003666,2025-05-03 00:00:00,Y06,746,1758
YS003667,2025-05-03 00:00:00,Y07,508,1034
YS003668,2025-05-03 00:00:00,Y08,587,1028
YS003669,2025-05-03 00:00:00,Y09,569,1123
YS003670,2025-05-03 00:00:00,Y10,590,1339
YS003671,2025-05-03 08:00:00,Y01,1387,1995
YS003672,2025-05-03 08:00:00,Y02,1129,1249
YS003673,2025-05-03 08:00:00,Y03,961,986
YS003674,2025-05-03 08:00:00,Y04,872,1113
YS003675,2025-05-03 08:00:00,Y05,386,930
YS003676,2025-05-03 08:00:00,Y06,1262,1758
YS003677,2025-05-03 08:00:00,Y07,499,1034
YS003678,2025-05-03 08:00:00,Y08,597,1028
YS003679,2025-05-03 08:00:00,Y09,580,1123
YS003680,2025-05-03 08:00:00,Y10,836,1339
YS003681,2025-05-03 16:00:00,Y01,1797,1995
YS003682,2025-05-03 16:00:00,Y02,1057,1249
YS003683,2025-05-03 16:00:00,Y03,843,986
YS003684,2025-05-03 16:00:00,Y04,1006,1113
YS003685,2025-05-03 16:00:00,Y05,408,930
YS003686,2025-05-03 16:00:00,Y06,1327,1758
YS003687,2025-05-03 16:00:00,Y07,424,1034
YS003688,2025-05-03 16:00:00,Y08,560,1028
YS003689,2025-05-03 16:00:00,Y09,959,1123
YS003690,2025-05-03 16:00:00,Y10,854,1339
YS003691,2025-05-04 00:00:00,Y01,963,1995
YS003692,2025-05-04 00:00:00,Y02,717,1249
YS003693,2025-05-04 00:00:00,Y03,765,986
YS003694,2025-05-04 00:00:00,Y04,883,1113
YS003695,2025-05-04 00:00:00,Y05,882,930
YS003696,2025-05-04 00:00:00,Y06,1146,1758
YS003697,2025-05-04 00:00:00,Y07,645,1034
YS003698,2025-05-04 00:00:00,Y08,1004,1028
YS003699,2025-05-04 00:00:00,Y09,1056,1123
YS003700,2025-05-04 00:00:00,Y10,595,1339
YS003701,2025-05-04 08:00:00,Y01,1813,1995
YS003702,2025-05-04 08:00:00,Y02,748,1249
YS003703,2025-05-04 08:00:00,Y03,751,986
YS003704,2025-05-04 08:00:00,Y04,841,1113
YS003705,2025-05-04 08:00:00,Y05,703,930
YS003706,2025-05-04 08:00:00,Y06,723,1758
YS003707,2025-05-04 08:00:00,Y07,778,1034
YS003708,2025-05-04 08:00:00,Y08,891,1028
YS003709,2025-05-04 08:00:00,Y09,882,1123
YS003710,2025-05-04 08:00:00,Y10,785,1339
YS003711,2025-05-04 16:00:00,Y01,898,1995
YS003712,2025-05-04 16:00:00,Y02,675,1249
YS003713,2025-05-04 16:00:00,Y03,626,986
YS003714,2025-05-04 16:00:00,Y04,807,1113
YS003715,2025-05-04 16:00:00,Y05,621,930
YS003716,2025-05-04 16:00:00,Y06,1016,1758
YS003717,2025-05-04 16:00:00,Y07,554,1034
YS003718,2025-05-04 16:00:00,Y08,651,1028
YS003719,2025-05-04 16:00:00,Y09,577,1123
YS003720,2025-05-04 16:00:00,Y10,589,1339
YS003721,2025-05-05 00:00:00,Y01,808,1995
YS003722,2025-05-05 00:00:00,Y02,879,1249
YS003723,2025-05-05 00:00:00,Y03,778,986
YS003724,2025-05-05 00:00:00,Y04,914,1113
YS003725,2025-05-05 00:00:00,Y05,759,930
YS003726,2025-05-05 00:00:00,Y06,1303,1758
YS003727,2025-05-05 00:00:00,Y07,584,1034
YS003728,2025-05-05 00:00:00,Y08,501,1028
YS003729,2025-05-05 00:00:00,Y09,791,1123
YS003730,2025-05-05 00:00:00,Y10,1100,1339
YS003731,2025-05-05 08:00:00,Y01,1337,1995
YS003732,2025-05-05 08:00:00,Y02,812,1249
YS003733,2025-05-05 08:00:00,Y03,725,986
YS003734,2025-05-05 08:00:00,Y04,703,1113
YS003735,2025-05-05 08:00:00,Y05,832,930
YS003736,2025-05-05 08:00:00,Y06,1342,1758
YS003737,2025-05-05 08:00:00,Y07,515,1034
YS003738,2025-05-05 08:00:00,Y08,627,1028
YS003739,2025-05-05 08:00:00,Y09,454,1123
YS003740,2025-05-05 08:00:00,Y10,960,1339
YS003741,2025-05-05 16:00:00,Y01,1532,1995
YS003742,2025-05-05 16:00:00,Y02,700,1249
YS003743,2025-05-05 16:00:00,Y03,424,986
YS003744,2025-05-05 16:00:00,Y04,852,1113
YS003745,2025-05-05 16:00:00,Y05,643,930
YS003746,2025-05-05 16:00:00,Y06,1550,1758
YS003747,2025-05-05 16:00:00,Y07,609,1034
YS003748,2025-05-05 16:00:00,Y08,533,1028
YS003749,2025-05-05 16:00:00,Y09,503,1123
YS003750,2025-05-05 16:00:00,Y10,878,1339
YS003751,2025-05-06 00:00:00,Y01,1924,1995
YS003752,2025-05-06 00:00:00,Y02,1127,1249
YS003753,2025-05-06 00:00:00,Y03,398,986
YS003754,2025-05-06 00:00:00,Y04,878,1113
YS003755,2025-05-06 00:00:00,Y05,716,930
YS003756,2025-05-06 00:00:00,Y06,1088,1758
YS003757,2025-05-06 00:00:00,Y07,988,1034
YS003758,2025-05-06 00:00:00,Y08,733,1028
YS003759,2025-05-06 00:00:00,Y09,856,1123
YS003760,2025-05-06 00:00:00,Y10,630,1339
YS003761,2025-05-06 08:00:00,Y01,1432,1995
YS003762,2025-05-06 08:00:00,Y02,1144,1249
YS003763,2025-05-06 08:00:00,Y03,405,986
YS003764,2025-05-06 08:00:00,Y04,672,1113
YS003765,2025-05-06 08:00:00,Y05,497,930
YS003766,2025-05-06 08:00:00,Y06,831,1758
YS003767,2025-05-06 08:00:00,Y07,987,1034
YS003768,2025-05-06 08:00:00,Y08,853,1028
YS003769,2025-05-06 08:00:00,Y09,493,1123
YS003770,2025-05-06 08:00:00,Y10,1030,1339
YS003771,2025-05-06 16:00:00,Y01,1740,1995
YS003772,2025-05-06 16:00:00,Y02,851,1249
YS003773,2025-05-06 16:00:00,Y03,611,986
YS003774,2025-05-06 16:00:00,Y04,949,1113
YS003775,2025-05-06 16:00:00,Y05,373,930
YS003776,2025-05-06 16:00:00,Y06,1198,1758
YS003777,2025-05-06 16:00:00,Y07,551,1034
YS003778,2025-05-06 16:00:00,Y08,419,1028
YS003779,2025-05-06 16:00:00,Y09,1089,1123
YS003780,2025-05-06 16:00:00,Y10,920,1339
YS003781,2025-05-07 00:00:00,Y01,1745,1995
YS003782,2025-05-07 00:00:00,Y02,719,1249
YS003783,2025-05-07 00:00:00,Y03,830,986
YS003784,2025-05-07 00:00:00,Y04,536,1113
YS003785,2025-05-07 00:00:00,Y05,813,930
YS003786,2025-05-07 00:00:00,Y06,1529,1758
YS003787,2025-05-07 00:00:00,Y07,955,1034
YS003788,2025-05-07 00:00:00,Y08,527,1028
YS003789,2025-05-07 00:00:00,Y09,871,1123
YS003790,2025-05-07 00:00:00,Y10,1106,1339
YS003791,2025-05-07 08:00:00,Y01,1375,1995
YS003792,2025-05-07 08:00:00,Y02,544,1249
YS003793,2025-05-07 08:00:00,Y03,625,986
YS003794,2025-05-07 08:00:00,Y04,776,1113
YS003795,2025-05-07 08:00:00,Y05,605,930
YS003796,2025-05-07 08:00:00,Y06,834,1758
YS003797,2025-05-07 08:00:00,Y07,880,1034
YS003798,2025-05-07 08:00:00,Y08,807,1028
YS003799,2025-05-07 08:00:00,Y09,664,1123
YS003800,2025-05-07 08:00:00,Y10,1129,1339
YS003801,2025-05-07 16:00:00,Y01,1794,1995
YS003802,2025-05-07 16:00:00,Y02,549,1249
YS003803,2025-05-07 16:00:00,Y03,618,986
YS003804,2025-05-07 16:00:00,Y04,540,1113
YS003805,2025-05-07 16:00:00,Y05,686,930
YS003806,2025-05-07 16:00:00,Y06,1372,1758
YS003807,2025-05-07 16:00:00,Y07,699,1034
YS003808,2025-05-07 16:00:00,Y08,542,1028
YS003809,2025-05-07 16:00:00,Y09,522,1123
YS003810,2025-05-07 16:00:00,Y10,1192,1339
YS003811,2025-05-08 00:00:00,Y01,1188,1995
YS003812,2025-05-08 00:00:00,Y02,543,1249
YS003813,2025-05-08 00:00:00,Y03,635,986
YS003814,2025-05-08 00:00:00,Y04,1038,1113
YS003815,2025-05-08 00:00:00,Y05,532,930
YS003816,2025-05-08 00:00:00,Y06,1245,1758
YS003817,2025-05-08 00:00:00,Y07,1002,1034
YS003818,2025-05-08 00:00:00,Y08,712,1028
YS003819,2025-05-08 00:00:00,Y09,462,1123
YS003820,2025-05-08 00:00:00,Y10,632,1339
YS003821,2025-05-08 08:00:00,Y01,1129,1995
YS003822,2025-05-08 08:00:00,Y02,602,1249
YS003823,2025-05-08 08:00:00,Y03,788,986
YS003824,2025-05-08 08:00:00,Y04,977,1113
YS003825,2025-05-08 08:00:00,Y05,471,930
YS003826,2025-05-08 08:00:00,Y06,951,1758
YS003827,2025-05-08 08:00:00,Y07,667,1034
YS003828,2025-05-08 08:00:00,Y08,501,1028
YS003829,2025-05-08 08:00:00,Y09,989,1123
YS003830,2025-05-08 08:00:00,Y10,830,1339
YS003831,2025-05-08 16:00:00,Y01,1212,1995
YS003832,2025-05-08 16:00:00,Y02,709,1249
YS003833,2025-05-08 16:00:00,Y03,419,986
YS003834,2025-05-08 16:00:00,Y04,770,1113
YS003835,2025-05-08 16:00:00,Y05,907,930
YS003836,2025-05-08 16:00:00,Y06,1158,1758
YS003837,2025-05-08 16:00:00,Y07,983,1034
YS003838,2025-05-08 16:00:00,Y08,429,1028
YS003839,2025-05-08 16:00:00,Y09,486,1123
YS003840,2025-05-08 16:00:00,Y10,1052,1339
YS003841,2025-05-09 00:00:00,Y01,1559,1995
YS003842,2025-05-09 00:00:00,Y02,861,1249
YS003843,2025-05-09 00:00:00,Y03,845,986
YS003844,2025-05-09 00:00:00,Y04,866,1113
YS003845,2025-05-09 00:00:00,Y05,722,930
YS003846,2025-05-09 00:00:00,Y06,838,1758
YS003847,2025-05-09 00:00:00,Y07,791,1034
YS003848,2025-05-09 00:00:00,Y08,789,1028
YS003849,2025-05-09 00:00:00,Y09,719,1123
YS003850,2025-05-09 00:00:00,Y10,826,1339
YS003851,2025-05-09 08:00:00,Y01,1685,1995
YS003852,2025-05-09 08:00:00,Y02,685,1249
YS003853,2025-05-09 08:00:00,Y03,786,986
YS003854,2025-05-09 08:00:00,Y04,684,1113
YS003855,2025-05-09 08:00:00,Y05,655,930
YS003856,2025-05-09 08:00:00,Y06,837,1758
YS003857,2025-05-09 08:00:00,Y07,544,1034
YS003858,2025-05-09 08:00:00,Y08,681,1028
YS003859,2025-05-09 08:00:00,Y09,494,1123
YS003860,2025-05-09 08:00:00,Y10,776,1339
YS003861,2025-05-09 16:00:00,Y01,1794,1995
YS003862,2025-05-09 16:00:00,Y02,1099,1249
YS003863,2025-05-09 16:00:00,Y03,539,986
YS003864,2025-05-09 16:00:00,Y04,932,1113
YS003865,2025-05-09 16:00:00,Y05,710,930
YS003866,2025-05-09 16:00:00,Y06,1384,1758
YS003867,2025-05-09 16:00:00,Y07,649,1034
YS003868,2025-05-09 16:00:00,Y08,677,1028
YS003869,2025-05-09 16:00:00,Y09,598,1123
YS003870,2025-05-09 16:00:00,Y10,833,1339
YS003871,2025-05-10 00:00:00,Y01,1547,1995
YS003872,2025-05-10 00:00:00,Y02,600,1249
YS003873,2025-05-10 00:00:00,Y03,602,986
YS003874,2025-05-10 00:00:00,Y04,1075,1113
YS003875,2025-05-10 00:00:00,Y05,601,930
YS003876,2025-05-10 00:00:00,Y06,848,1758
YS003877,2025-05-10 00:00:00,Y07,944,1034
YS003878,2025-05-10 00:00:00,Y08,466,1028
YS003879,2025-05-10 00:00:00,Y09,1017,1123
YS003880,2025-05-10 00:00:00,Y10,949,1339
YS003881,2025-05-10 08:00:00,Y01,1776,1995
YS003882,2025-05-10 08:00:00,Y02,656,1249
YS003883,2025-05-10 08:00:00,Y03,801,986
YS003884,2025-05-10 08:00:00,Y04,807,1113
YS003885,2025-05-10 08:00:00,Y05,523,930
YS003886,2025-05-10 08:00:00,Y06,1595,1758
YS003887,2025-05-10 08:00:00,Y07,769,1034
YS003888,2025-05-10 08:00:00,Y08,664,1028
YS003889,2025-05-10 08:00:00,Y09,610,1123
YS003890,2025-05-10 08:00:00,Y10,1227,1339
YS003891,2025-05-10 16:00:00,Y01,1292,1995
YS003892,2025-05-10 16:00:00,Y02,1068,1249
YS003893,2025-05-10 16:00:00,Y03,774,986
YS003894,2025-05-10 16:00:00,Y04,965,1113
YS003895,2025-05-10 16:00:00,Y05,887,930
YS003896,2025-05-10 16:00:00,Y06,873,1758
YS003897,2025-05-10 16:00:00,Y07,475,1034
YS003898,2025-05-10 16:00:00,Y08,421,1028
YS003899,2025-05-10 16:00:00,Y09,860,1123
YS003900,2025-05-10 16:00:00,Y10,563,1339
YS003901,2025-05-11 00:00:00,Y01,1739,1995
YS003902,2025-05-11 00:00:00,Y02,998,1249
YS003903,2025-05-11 00:00:00,Y03,546,986
YS003904,2025-05-11 00:00:00,Y04,592,1113
YS003905,2025-05-11 00:00:00,Y05,601,930
YS003906,2025-05-11 00:00:00,Y06,1601,1758
YS003907,2025-05-11 00:00:00,Y07,628,1034
YS003908,2025-05-11 00:00:00,Y08,449,1028
YS003909,2025-05-11 00:00:00,Y09,1053,1123
YS003910,2025-05-11 00:00:00,Y10,1038,1339
YS003911,2025-05-11 08:00:00,Y01,1883,1995
YS003912,2025-05-11 08:00:00,Y02,1025,1249
YS003913,2025-05-11 08:00:00,Y03,817,986
YS003914,2025-05-11 08:00:00,Y04,636,1113
YS003915,2025-05-11 08:00:00,Y05,821,930
YS003916,2025-05-11 08:00:00,Y06,1247,1758
YS003917,2025-05-11 08:00:00,Y07,486,1034
YS003918,2025-05-11 08:00:00,Y08,981,1028
YS003919,2025-05-11 08:00:00,Y09,710,1123
YS003920,2025-05-11 08:00:00,Y10,769,1339
YS003921,2025-05-11 16:00:00,Y01,1272,1995
YS003922,2025-05-11 16:00:00,Y02,592,1249
YS003923,2025-05-11 16:00:00,Y03,794,986
YS003924,2025-05-11 16:00:00,Y04,1077,1113
YS003925,2025-05-11 16:00:00,Y05,444,930
YS003926,2025-05-11 16:00:00,Y06,1546,1758
YS003927,2025-05-11 16:00:00,Y07,517,1034
YS003928,2025-05-11 16:00:00,Y08,663,1028
YS003929,2025-05-11 16:00:00,Y09,982,1123
YS003930,2025-05-11 16:00:00,Y10,780,1339
YS003931,2025-05-12 00:00:00,Y01,942,1995
YS003932,2025-05-12 00:00:00,Y02,549,1249
YS003933,2025-05-12 00:00:00,Y03,866,986
YS003934,2025-05-12 00:00:00,Y04,798,1113
YS003935,2025-05-12 00:00:00,Y05,734,930
YS003936,2025-05-12 00:00:00,Y06,1013,1758
YS003937,2025-05-12 00:00:00,Y07,553,1034
YS003938,2025-05-12 00:00:00,Y08,991,1028
YS003939,2025-05-12 00:00:00,Y09,769,1123
YS003940,2025-05-12 00:00:00,Y10,908,1339
YS003941,2025-05-12 08:00:00,Y01,1557,1995
YS003942,2025-05-12 08:00:00,Y02,972,1249
YS003943,2025-05-12 08:00:00,Y03,575,986
YS003944,2025-05-12 08:00:00,Y04,659,1113
YS003945,2025-05-12 08:00:00,Y05,525,930
YS003946,2025-05-12 08:00:00,Y06,817,1758
YS003947,2025-05-12 08:00:00,Y07,675,1034
YS003948,2025-05-12 08:00:00,Y08,725,1028
YS003949,2025-05-12 08:00:00,Y09,474,1123
YS003950,2025-05-12 08:00:00,Y10,663,1339
YS003951,2025-05-12 16:00:00,Y01,909,1995
YS003952,2025-05-12 16:00:00,Y02,510,1249
YS003953,2025-05-12 16:00:00,Y03,876,986
YS003954,2025-05-12 16:00:00,Y04,1055,1113
YS003955,2025-05-12 16:00:00,Y05,699,930
YS003956,2025-05-12 16:00:00,Y06,1497,1758
YS003957,2025-05-12 16:00:00,Y07,573,1034
YS003958,2025-05-12 16:00:00,Y08,970,1028
YS003959,2025-05-12 16:00:00,Y09,967,1123
YS003960,2025-05-12 16:00:00,Y10,957,1339
YS003961,2025-05-13 00:00:00,Y01,932,1995
YS003962,2025-05-13 00:00:00,Y02,793,1249
YS003963,2025-05-13 00:00:00,Y03,503,986
YS003964,2025-05-13 00:00:00,Y04,769,1113
YS003965,2025-05-13 00:00:00,Y05,518,930
YS003966,2025-05-13 00:00:00,Y06,1131,1758
YS003967,2025-05-13 00:00:00,Y07,687,1034
YS003968,2025-05-13 00:00:00,Y08,727,1028
YS003969,2025-05-13 00:00:00,Y09,678,1123
YS003970,2025-05-13 00:00:00,Y10,920,1339
YS003971,2025-05-13 08:00:00,Y01,885,1995
YS003972,2025-05-13 08:00:00,Y02,823,1249
YS003973,2025-05-13 08:00:00,Y03,459,986
YS003974,2025-05-13 08:00:00,Y04,558,1113
YS003975,2025-05-13 08:00:00,Y05,635,930
YS003976,2025-05-13 08:00:00,Y06,1013,1758
YS003977,2025-05-13 08:00:00,Y07,765,1034
YS003978,2025-05-13 08:00:00,Y08,439,1028
YS003979,2025-05-13 08:00:00,Y09,1052,1123
YS003980,2025-05-13 08:00:00,Y10,822,1339
YS003981,2025-05-13 16:00:00,Y01,1096,1995
YS003982,2025-05-13 16:00:00,Y02,996,1249
YS003983,2025-05-13 16:00:00,Y03,694,986
YS003984,2025-05-13 16:00:00,Y04,1006,1113
YS003985,2025-05-13 16:00:00,Y05,430,930
YS003986,2025-05-13 16:00:00,Y06,1310,1758
YS003987,2025-05-13 16:00:00,Y07,727,1034
YS003988,2025-05-13 16:00:00,Y08,723,1028
YS003989,2025-05-13 16:00:00,Y09,491,1123
YS003990,2025-05-13 16:00:00,Y10,1285,1339
YS003991,2025-05-14 00:00:00,Y01,1171,1995
YS003992,2025-05-14 00:00:00,Y02,872,1249
YS003993,2025-05-14 00:00:00,Y03,603,986
YS003994,2025-05-14 00:00:00,Y04,759,1113
YS003995,2025-05-14 00:00:00,Y05,812,930
YS003996,2025-05-14 00:00:00,Y06,766,1758
YS003997,2025-05-14 00:00:00,Y07,867,1034
YS003998,2025-05-14 00:00:00,Y08,488,1028
YS003999,2025-05-14 00:00:00,Y09,725,1123
YS004000,2025-05-14 00:00:00,Y10,1263,1339
YS004001,2025-05-14 08:00:00,Y01,1663,1995
YS004002,2025-05-14 08:00:00,Y02,908,1249
YS004003,2025-05-14 08:00:00,Y03,888,986
YS004004,2025-05-14 08:00:00,Y04,492,1113
YS004005,2025-05-14 08:00:00,Y05,546,930
YS004006,2025-05-14 08:00:00,Y06,822,1758
YS004007,2025-05-14 08:00:00,Y07,909,1034
YS004008,2025-05-14 08:00:00,Y08,729,1028
YS004009,2025-05-14 08:00:00,Y09,578,1123
YS004010,2025-05-14 08:00:00,Y10,876,1339
YS004011,2025-05-14 16:00:00,Y01,856,1995
YS004012,2025-05-14 16:00:00,Y02,812,1249
YS004013,2025-05-14 16:00:00,Y03,951,986
YS004014,2025-05-14 16:00:00,Y04,538,1113
YS004015,2025-05-14 16:00:00,Y05,584,930
YS004016,2025-05-14 16:00:00,Y06,900,1758
YS004017,2025-05-14 16:00:00,Y07,680,1034
YS004018,2025-05-14 16:00:00,Y08,816,1028
YS004019,2025-05-14 16:00:00,Y09,662,1123
YS004020,2025-05-14 16:00:00,Y10,903,1339
YS004021,2025-05-15 00:00:00,Y01,1236,1995
YS004022,2025-05-15 00:00:00,Y02,1142,1249
YS004023,2025-05-15 00:00:00,Y03,397,986
YS004024,2025-05-15 00:00:00,Y04,813,1113
YS004025,2025-05-15 00:00:00,Y05,404,930
YS004026,2025-05-15 00:00:00,Y06,1427,1758
YS004027,2025-05-15 00:00:00,Y07,775,1034
YS004028,2025-05-15 00:00:00,Y08,843,1028
YS004029,2025-05-15 00:00:00,Y09,1032,1123
YS004030,2025-05-15 00:00:00,Y10,956,1339
YS004031,2025-05-15 08:00:00,Y01,1345,1995
YS004032,2025-05-15 08:00:00,Y02,643,1249
YS004033,2025-05-15 08:00:00,Y03,741,986
YS004034,2025-05-15 08:00:00,Y04,548,1113
YS004035,2025-05-15 08:00:00,Y05,650,930
YS004036,2025-05-15 08:00:00,Y06,1350,1758
YS004037,2025-05-15 08:00:00,Y07,514,1034
YS004038,2025-05-15 08:00:00,Y08,512,1028
YS004039,2025-05-15 08:00:00,Y09,952,1123
YS004040,2025-05-15 08:00:00,Y10,904,1339
YS004041,2025-05-15 16:00:00,Y01,964,1995
YS004042,2025-05-15 16:00:00,Y02,697,1249
YS004043,2025-05-15 16:00:00,Y03,554,986
YS004044,2025-05-15 16:00:00,Y04,811,1113
YS004045,2025-05-15 16:00:00,Y05,727,930
YS004046,2025-05-15 16:00:00,Y06,1623,1758
YS004047,2025-05-15 16:00:00,Y07,737,1034
YS004048,2025-05-15 16:00:00,Y08,511,1028
YS004049,2025-05-15 16:00:00,Y09,1007,1123
YS004050,2025-05-15 16:00:00,Y10,1271,1339
YS004051,2025-05-16 00:00:00,Y01,865,1995
YS004052,2025-05-16 00:00:00,Y02,948,1249
YS004053,2025-05-16 00:00:00,Y03,642,986
YS004054,2025-05-16 00:00:00,Y04,529,1113
YS004055,2025-05-16 00:00:00,Y05,883,930
YS004056,2025-05-16 00:00:00,Y06,1690,1758
YS004057,2025-05-16 00:00:00,Y07,483,1034
YS004058,2025-05-16 00:00:00,Y08,751,1028
YS004059,2025-05-16 00:00:00,Y09,761,1123
YS004060,2025-05-16 00:00:00,Y10,1179,1339
YS004061,2025-05-16 08:00:00,Y01,1309,1995
YS004062,2025-05-16 08:00:00,Y02,559,1249
YS004063,2025-05-16 08:00:00,Y03,444,986
YS004064,2025-05-16 08:00:00,Y04,759,1113
YS004065,2025-05-16 08:00:00,Y05,762,930
YS004066,2025-05-16 08:00:00,Y06,820,1758
YS004067,2025-05-16 08:00:00,Y07,515,1034
YS004068,2025-05-16 08:00:00,Y08,926,1028
YS004069,2025-05-16 08:00:00,Y09,805,1123
YS004070,2025-05-16 08:00:00,Y10,893,1339
YS004071,2025-05-16 16:00:00,Y01,1853,1995
YS004072,2025-05-16 16:00:00,Y02,962,1249
YS004073,2025-05-16 16:00:00,Y03,547,986
YS004074,2025-05-16 16:00:00,Y04,998,1113
YS004075,2025-05-16 16:00:00,Y05,904,930
YS004076,2025-05-16 16:00:00,Y06,1680,1758
YS004077,2025-05-16 16:00:00,Y07,418,1034
YS004078,2025-05-16 16:00:00,Y08,879,1028
YS004079,2025-05-16 16:00:00,Y09,902,1123
YS004080,2025-05-16 16:00:00,Y10,881,1339
YS004081,2025-05-17 00:00:00,Y01,1327,1995
YS004082,2025-05-17 00:00:00,Y02,592,1249
YS004083,2025-05-17 00:00:00,Y03,932,986
YS004084,2025-05-17 00:00:00,Y04,932,1113
YS004085,2025-05-17 00:00:00,Y05,381,930
YS004086,2025-05-17 00:00:00,Y06,738,1758
YS004087,2025-05-17 00:00:00,Y07,479,1034
YS004088,2025-05-17 00:00:00,Y08,962,1028
YS004089,2025-05-17 00:00:00,Y09,497,1123
YS004090,2025-05-17 00:00:00,Y10,1289,1339
YS004091,2025-05-17 08:00:00,Y01,1606,1995
YS004092,2025-05-17 08:00:00,Y02,878,1249
YS004093,2025-05-17 08:00:00,Y03,548,986
YS004094,2025-05-17 08:00:00,Y04,854,1113
YS004095,2025-05-17 08:00:00,Y05,784,930
YS004096,2025-05-17 08:00:00,Y06,767,1758
YS004097,2025-05-17 08:00:00,Y07,933,1034
YS004098,2025-05-17 08:00:00,Y08,995,1028
YS004099,2025-05-17 08:00:00,Y09,479,1123
YS004100,2025-05-17 08:00:00,Y10,662,1339
YS004101,2025-05-17 16:00:00,Y01,1674,1995
YS004102,2025-05-17 16:00:00,Y02,927,1249
YS004103,2025-05-17 16:00:00,Y03,899,986
YS004104,2025-05-17 16:00:00,Y04,531,1113
YS004105,2025-05-17 16:00:00,Y05,731,930
YS004106,2025-05-17 16:00:00,Y06,1597,1758
YS004107,2025-05-17 16:00:00,Y07,759,1034
YS004108,2025-05-17 16:00:00,Y08,812,1028
YS004109,2025-05-17 16:00:00,Y09,532,1123
YS004110,2025-05-17 16:00:00,Y10,809,1339
YS004111,2025-05-18 00:00:00,Y01,942,1995
YS004112,2025-05-18 00:00:00,Y02,886,1249
YS004113,2025-05-18 00:00:00,Y03,665,986
YS004114,2025-05-18 00:00:00,Y04,795,1113
YS004115,2025-05-18 00:00:00,Y05,880,930
YS004116,2025-05-18 00:00:00,Y06,961,1758
YS004117,2025-05-18 00:00:00,Y07,576,1034
YS004118,2025-05-18 00:00:00,Y08,741,1028
YS004119,2025-05-18 00:00:00,Y09,930,1123
YS004120,2025-05-18 00:00:00,Y10,630,1339
YS004121,2025-05-18 08:00:00,Y01,1793,1995
YS004122,2025-05-18 08:00:00,Y02,659,1249
YS004123,2025-05-18 08:00:00,Y03,781,986
YS004124,2025-05-18 08:00:00,Y04,535,1113
YS004125,2025-05-18 08:00:00,Y05,583,930
YS004126,2025-05-18 08:00:00,Y06,978,1758
YS004127,2025-05-18 08:00:00,Y07,925,1034
YS004128,2025-05-18 08:00:00,Y08,837,1028
YS004129,2025-05-18 08:00:00,Y09,726,1123
YS004130,2025-05-18 08:00:00,Y10,793,1339
YS004131,2025-05-18 16:00:00,Y01,1668,1995
YS004132,2025-05-18 16:00:00,Y02,576,1249
YS004133,2025-05-18 16:00:00,Y03,629,986
YS004134,2025-05-18 16:00:00,Y04,1021,1113
YS004135,2025-05-18 16:00:00,Y05,391,930
YS004136,2025-05-18 16:00:00,Y06,1208,1758
YS004137,2025-05-18 16:00:00,Y07,832,1034
YS004138,2025-05-18 16:00:00,Y08,700,1028
YS004139,2025-05-18 16:00:00,Y09,704,1123
YS004140,2025-05-18 16:00:00,Y10,728,1339
YS004141,2025-05-19 00:00:00,Y01,802,1995
YS004142,2025-05-19 00:00:00,Y02,985,1249
YS004143,2025-05-19 00:00:00,Y03,515,986
YS004144,2025-05-19 00:00:00,Y04,652,1113
YS004145,2025-05-19 00:00:00,Y05,900,930
YS004146,2025-05-19 00:00:00,Y06,1524,1758
YS004147,2025-05-19 00:00:00,Y07,503,1034
YS004148,2025-05-19 00:00:00,Y08,767,1028
YS004149,2025-05-19 00:00:00,Y09,842,1123
YS004150,2025-05-19 00:00:00,Y10,1013,1339
YS004151,2025-05-19 08:00:00,Y01,1153,1995
YS004152,2025-05-19 08:00:00,Y02,707,1249
YS004153,2025-05-19 08:00:00,Y03,744,986
YS004154,2025-05-19 08:00:00,Y04,836,1113
YS004155,2025-05-19 08:00:00,Y05,468,930
YS004156,2025-05-19 08:00:00,Y06,1453,1758
YS004157,2025-05-19 08:00:00,Y07,600,1034
YS004158,2025-05-19 08:00:00,Y08,757,1028
YS004159,2025-05-19 08:00:00,Y09,1099,1123
YS004160,2025-05-19 08:00:00,Y10,662,1339
YS004161,2025-05-19 16:00:00,Y01,1073,1995
YS004162,2025-05-19 16:00:00,Y02,1123,1249
YS004163,2025-05-19 16:00:00,Y03,860,986
YS004164,2025-05-19 16:00:00,Y04,492,1113
YS004165,2025-05-19 16:00:00,Y05,792,930
YS004166,2025-05-19 16:00:00,Y06,1208,1758
YS004167,2025-05-19 16:00:00,Y07,562,1034
YS004168,2025-05-19 16:00:00,Y08,536,1028
YS004169,2025-05-19 16:00:00,Y09,923,1123
YS004170,2025-05-19 16:00:00,Y10,581,1339
YS004171,2025-05-20 00:00:00,Y01,1755,1995
YS004172,2025-05-20 00:00:00,Y02,896,1249
YS004173,2025-05-20 00:00:00,Y03,633,986
YS004174,2025-05-20 00:00:00,Y04,948,1113
YS004175,2025-05-20 00:00:00,Y05,619,930
YS004176,2025-05-20 00:00:00,Y06,777,1758
YS004177,2025-05-20 00:00:00,Y07,891,1034
YS004178,2025-05-20 00:00:00,Y08,814,1028
YS004179,2025-05-20 00:00:00,Y09,863,1123
YS004180,2025-05-20 00:00:00,Y10,1220,1339
YS004181,2025-05-20 08:00:00,Y01,1663,1995
YS004182,2025-05-20 08:00:00,Y02,845,1249
YS004183,2025-05-20 08:00:00,Y03,770,986
YS004184,2025-05-20 08:00:00,Y04,624,1113
YS004185,2025-05-20 08:00:00,Y05,426,930
YS004186,2025-05-20 08:00:00,Y06,1217,1758
YS004187,2025-05-20 08:00:00,Y07,968,1034
YS004188,2025-05-20 08:00:00,Y08,622,1028
YS004189,2025-05-20 08:00:00,Y09,633,1123
YS004190,2025-05-20 08:00:00,Y10,732,1339
YS004191,2025-05-20 16:00:00,Y01,1268,1995
YS004192,2025-05-20 16:00:00,Y02,890,1249
YS004193,2025-05-20 16:00:00,Y03,500,986
YS004194,2025-05-20 16:00:00,Y04,883,1113
YS004195,2025-05-20 16:00:00,Y05,656,930
YS004196,2025-05-20 16:00:00,Y06,1685,1758
YS004197,2025-05-20 16:00:00,Y07,733,1034
YS004198,2025-05-20 16:00:00,Y08,977,1028
YS004199,2025-05-20 16:00:00,Y09,473,1123
YS004200,2025-05-20 16:00:00,Y10,888,1339
YS004201,2025-05-21 00:00:00,Y01,1149,1995
YS004202,2025-05-21 00:00:00,Y02,920,1249
YS004203,2025-05-21 00:00:00,Y03,719,986
YS004204,2025-05-21 00:00:00,Y04,639,1113
YS004205,2025-05-21 00:00:00,Y05,402,930
YS004206,2025-05-21 00:00:00,Y06,1389,1758
YS004207,2025-05-21 00:00:00,Y07,785,1034
YS004208,2025-05-21 00:00:00,Y08,642,1028
YS004209,2025-05-21 00:00:00,Y09,855,1123
YS004210,2025-05-21 00:00:00,Y10,665,1339
YS004211,2025-05-21 08:00:00,Y01,1228,1995
YS004212,2025-05-21 08:00:00,Y02,657,1249
YS004213,2025-05-21 08:00:00,Y03,476,986
YS004214,2025-05-21 08:00:00,Y04,1042,1113
YS004215,2025-05-21 08:00:00,Y05,431,930
YS004216,2025-05-21 08:00:00,Y06,957,1758
YS004217,2025-05-21 08:00:00,Y07,707,1034
YS004218,2025-05-21 08:00:00,Y08,437,1028
YS004219,2025-05-21 08:00:00,Y09,731,1123
YS004220,2025-05-21 08:00:00,Y10,822,1339
YS004221,2025-05-21 16:00:00,Y01,1045,1995
YS004222,2025-05-21 16:00:00,Y02,796,1249
YS004223,2025-05-21 16:00:00,Y03,881,986
YS004224,2025-05-21 16:00:00,Y04,776,1113
YS004225,2025-05-21 16:00:00,Y05,658,930
YS004226,2025-05-21 16:00:00,Y06,784,1758
YS004227,2025-05-21 16:00:00,Y07,673,1034
YS004228,2025-05-21 16:00:00,Y08,426,1028
YS004229,2025-05-21 16:00:00,Y09,896,1123
YS004230,2025-05-21 16:00:00,Y10,812,1339
YS004231,2025-05-22 00:00:00,Y01,881,1995
YS004232,2025-05-22 00:00:00,Y02,662,1249
YS004233,2025-05-22 00:00:00,Y03,799,986
YS004234,2025-05-22 00:00:00,Y04,634,1113
YS004235,2025-05-22 00:00:00,Y05,813,930
YS004236,2025-05-22 00:00:00,Y06,1042,1758
YS004237,2025-05-22 00:00:00,Y07,807,1034
YS004238,2025-05-22 00:00:00,Y08,811,1028
YS004239,2025-05-22 00:00:00,Y09,449,1123
YS004240,2025-05-22 00:00:00,Y10,788,1339
YS004241,2025-05-22 08:00:00,Y01,814,1995
YS004242,2025-05-22 08:00:00,Y02,961,1249
YS004243,2025-05-22 08:00:00,Y03,775,986
YS004244,2025-05-22 08:00:00,Y04,469,1113
YS004245,2025-05-22 08:00:00,Y05,682,930
YS004246,2025-05-22 08:00:00,Y06,1270,1758
YS004247,2025-05-22 08:00:00,Y07,946,1034
YS004248,2025-05-22 08:00:00,Y08,423,1028
YS004249,2025-05-22 08:00:00,Y09,491,1123
YS004250,2025-05-22 08:00:00,Y10,837,1339
YS004251,2025-05-22 16:00:00,Y01,1229,1995
YS004252,2025-05-22 16:00:00,Y02,566,1249
YS004253,2025-05-22 16:00:00,Y03,446,986
YS004254,2025-05-22 16:00:00,Y04,825,1113
YS004255,2025-05-22 16:00:00,Y05,502,930
YS004256,2025-05-22 16:00:00,Y06,1111,1758
YS004257,2025-05-22 16:00:00,Y07,986,1034
YS004258,2025-05-22 16:00:00,Y08,879,1028
YS004259,2025-05-22 16:00:00,Y09,475,1123
YS004260,2025-05-22 16:00:00,Y10,974,1339
YS004261,2025-05-23 00:00:00,Y01,934,1995
YS004262,2025-05-23 00:00:00,Y02,1139,1249
YS004263,2025-05-23 00:00:00,Y03,685,986
YS004264,2025-05-23 00:00:00,Y04,549,1113
YS004265,2025-05-23 00:00:00,Y05,472,930
YS004266,2025-05-23 00:00:00,Y06,768,1758
YS004267,2025-05-23 00:00:00,Y07,602,1034
YS004268,2025-05-23 00:00:00,Y08,500,1028
YS004269,2025-05-23 00:00:00,Y09,1074,1123
YS004270,2025-05-23 00:00:00,Y10,1227,1339
YS004271,2025-05-23 08:00:00,Y01,810,1995
YS004272,2025-05-23 08:00:00,Y02,1066,1249
YS004273,2025-05-23 08:00:00,Y03,465,986
YS004274,2025-05-23 08:00:00,Y04,576,1113
YS004275,2025-05-23 08:00:00,Y05,708,930
YS004276,2025-05-23 08:00:00,Y06,906,1758
YS004277,2025-05-23 08:00:00,Y07,711,1034
YS004278,2025-05-23 08:00:00,Y08,840,1028
YS004279,2025-05-23 08:00:00,Y09,1075,1123
YS004280,2025-05-23 08:00:00,Y10,835,1339
YS004281,2025-05-23 16:00:00,Y01,1942,1995
YS004282,2025-05-23 16:00:00,Y02,844,1249
YS004283,2025-05-23 16:00:00,Y03,939,986
YS004284,2025-05-23 16:00:00,Y04,455,1113
YS004285,2025-05-23 16:00:00,Y05,845,930
YS004286,2025-05-23 16:00:00,Y06,1408,1758
YS004287,2025-05-23 16:00:00,Y07,483,1034
YS004288,2025-05-23 16:00:00,Y08,616,1028
YS004289,2025-05-23 16:00:00,Y09,834,1123
YS004290,2025-05-23 16:00:00,Y10,1143,1339
YS004291,2025-05-24 00:00:00,Y01,1025,1995
YS004292,2025-05-24 00:00:00,Y02,878,1249
YS004293,2025-05-24 00:00:00,Y03,646,986
YS004294,2025-05-24 00:00:00,Y04,989,1113
YS004295,2025-05-24 00:00:00,Y05,807,930
YS004296,2025-05-24 00:00:00,Y06,1505,1758
YS004297,2025-05-24 00:00:00,Y07,945,1034
YS004298,2025-05-24 00:00:00,Y08,885,1028
YS004299,2025-05-24 00:00:00,Y09,599,1123
YS004300,2025-05-24 00:00:00,Y10,1053,1339
YS004301,2025-05-24 08:00:00,Y01,1726,1995
YS004302,2025-05-24 08:00:00,Y02,673,1249
YS004303,2025-05-24 08:00:00,Y03,469,986
YS004304,2025-05-24 08:00:00,Y04,548,1113
YS004305,2025-05-24 08:00:00,Y05,749,930
YS004306,2025-05-24 08:00:00,Y06,1145,1758
YS004307,2025-05-24 08:00:00,Y07,916,1034
YS004308,2025-05-24 08:00:00,Y08,613,1028
YS004309,2025-05-24 08:00:00,Y09,1037,1123
YS004310,2025-05-24 08:00:00,Y10,861,1339
YS004311,2025-05-24 16:00:00,Y01,1723,1995
YS004312,2025-05-24 16:00:00,Y02,984,1249
YS004313,2025-05-24 16:00:00,Y03,920,986
YS004314,2025-05-24 16:00:00,Y04,557,1113
YS004315,2025-05-24 16:00:00,Y05,547,930
YS004316,2025-05-24 16:00:00,Y06,856,1758
YS004317,2025-05-24 16:00:00,Y07,668,1034
YS004318,2025-05-24 16:00:00,Y08,513,1028
YS004319,2025-05-24 16:00:00,Y09,581,1123
YS004320,2025-05-24 16:00:00,Y10,899,1339
YS004321,2025-05-25 00:00:00,Y01,1875,1995
YS004322,2025-05-25 00:00:00,Y02,1195,1249
YS004323,2025-05-25 00:00:00,Y03,552,986
YS004324,2025-05-25 00:00:00,Y04,785,1113
YS004325,2025-05-25 00:00:00,Y05,703,930
YS004326,2025-05-25 00:00:00,Y06,1715,1758
YS004327,2025-05-25 00:00:00,Y07,797,1034
YS004328,2025-05-25 00:00:00,Y08,927,1028
YS004329,2025-05-25 00:00:00,Y09,1031,1123
YS004330,2025-05-25 00:00:00,Y10,1297,1339
YS004331,2025-05-25 08:00:00,Y01,1521,1995
YS004332,2025-05-25 08:00:00,Y02,739,1249
YS004333,2025-05-25 08:00:00,Y03,699,986
YS004334,2025-05-25 08:00:00,Y04,995,1113
YS004335,2025-05-25 08:00:00,Y05,495,930
YS004336,2025-05-25 08:00:00,Y06,1357,1758
YS004337,2025-05-25 08:00:00,Y07,673,1034
YS004338,2025-05-25 08:00:00,Y08,493,1028
YS004339,2025-05-25 08:00:00,Y09,897,1123
YS004340,2025-05-25 08:00:00,Y10,677,1339
YS004341,2025-05-25 16:00:00,Y01,1132,1995
YS004342,2025-05-25 16:00:00,Y02,533,1249
YS004343,2025-05-25 16:00:00,Y03,643,986
YS004344,2025-05-25 16:00:00,Y04,821,1113
YS004345,2025-05-25 16:00:00,Y05,815,930
YS004346,2025-05-25 16:00:00,Y06,987,1758
YS004347,2025-05-25 16:00:00,Y07,694,1034
YS004348,2025-05-25 16:00:00,Y08,581,1028
YS004349,2025-05-25 16:00:00,Y09,727,1123
YS004350,2025-05-25 16:00:00,Y10,1217,1339
YS004351,2025-05-26 00:00:00,Y01,1812,1995
YS004352,2025-05-26 00:00:00,Y02,722,1249
YS004353,2025-05-26 00:00:00,Y03,911,986
YS004354,2025-05-26 00:00:00,Y04,837,1113
YS004355,2025-05-26 00:00:00,Y05,613,930
YS004356,2025-05-26 00:00:00,Y06,1473,1758
YS004357,2025-05-26 00:00:00,Y07,522,1034
YS004358,2025-05-26 00:00:00,Y08,782,1028
YS004359,2025-05-26 00:00:00,Y09,558,1123
YS004360,2025-05-26 00:00:00,Y10,1258,1339
YS004361,2025-05-26 08:00:00,Y01,823,1995
YS004362,2025-05-26 08:00:00,Y02,574,1249
YS004363,2025-05-26 08:00:00,Y03,664,986
YS004364,2025-05-26 08:00:00,Y04,1051,1113
YS004365,2025-05-26 08:00:00,Y05,613,930
YS004366,2025-05-26 08:00:00,Y06,1053,1758
YS004367,2025-05-26 08:00:00,Y07,461,1034
YS004368,2025-05-26 08:00:00,Y08,430,1028
YS004369,2025-05-26 08:00:00,Y09,1014,1123
YS004370,2025-05-26 08:00:00,Y10,1090,1339
YS004371,2025-05-26 16:00:00,Y01,1144,1995
YS004372,2025-05-26 16:00:00,Y02,857,1249
YS004373,2025-05-26 16:00:00,Y03,897,986
YS004374,2025-05-26 16:00:00,Y04,1015,1113
YS004375,2025-05-26 16:00:00,Y05,709,930
YS004376,2025-05-26 16:00:00,Y06,764,1758
YS004377,2025-05-26 16:00:00,Y07,813,1034
YS004378,2025-05-26 16:00:00,Y08,616,1028
YS004379,2025-05-26 16:00:00,Y09,563,1123
YS004380,2025-05-26 16:00:00,Y10,879,1339
YS004381,2025-05-27 00:00:00,Y01,1286,1995
YS004382,2025-05-27 00:00:00,Y02,1141,1249
YS004383,2025-05-27 00:00:00,Y03,821,986
YS004384,2025-05-27 00:00:00,Y04,480,1113
YS004385,2025-05-27 00:00:00,Y05,624,930
YS004386,2025-05-27 00:00:00,Y06,1487,1758
YS004387,2025-05-27 00:00:00,Y07,460,1034
YS004388,2025-05-27 00:00:00,Y08,926,1028
YS004389,2025-05-27 00:00:00,Y09,919,1123
YS004390,2025-05-27 00:00:00,Y10,769,1339
YS004391,2025-05-27 08:00:00,Y01,1186,1995
YS004392,2025-05-27 08:00:00,Y02,936,1249
YS004393,2025-05-27 08:00:00,Y03,628,986
YS004394,2025-05-27 08:00:00,Y04,698,1113
YS004395,2025-05-27 08:00:00,Y05,715,930
YS004396,2025-05-27 08:00:00,Y06,1562,1758
YS004397,2025-05-27 08:00:00,Y07,427,1034
YS004398,2025-05-27 08:00:00,Y08,960,1028
YS004399,2025-05-27 08:00:00,Y09,573,1123
YS004400,2025-05-27 08:00:00,Y10,825,1339
YS004401,2025-05-27 16:00:00,Y01,1669,1995
YS004402,2025-05-27 16:00:00,Y02,1130,1249
YS004403,2025-05-27 16:00:00,Y03,798,986
YS004404,2025-05-27 16:00:00,Y04,797,1113
YS004405,2025-05-27 16:00:00,Y05,700,930
YS004406,2025-05-27 16:00:00,Y06,969,1758
YS004407,2025-05-27 16:00:00,Y07,436,1034
YS004408,2025-05-27 16:00:00,Y08,926,1028
YS004409,2025-05-27 16:00:00,Y09,563,1123
YS004410,2025-05-27 16:00:00,Y10,820,1339
YS004411,2025-05-28 00:00:00,Y01,1568,1995
YS004412,2025-05-28 00:00:00,Y02,939,1249
YS004413,2025-05-28 00:00:00,Y03,607,986
YS004414,2025-05-28 00:00:00,Y04,687,1113
YS004415,2025-05-28 00:00:00,Y05,502,930
YS004416,2025-05-28 00:00:00,Y06,813,1758
YS004417,2025-05-28 00:00:00,Y07,897,1034
YS004418,2025-05-28 00:00:00,Y08,449,1028
YS004419,2025-05-28 00:00:00,Y09,550,1123
YS004420,2025-05-28 00:00:00,Y10,754,1339
YS004421,2025-05-28 08:00:00,Y01,961,1995
YS004422,2025-05-28 08:00:00,Y02,1105,1249
YS004423,2025-05-28 08:00:00,Y03,522,986
YS004424,2025-05-28 08:00:00,Y04,895,1113
YS004425,2025-05-28 08:00:00,Y05,411,930
YS004426,2025-05-28 08:00:00,Y06,1398,1758
YS004427,2025-05-28 08:00:00,Y07,793,1034
YS004428,2025-05-28 08:00:00,Y08,462,1028
YS004429,2025-05-28 08:00:00,Y09,1001,1123
YS004430,2025-05-28 08:00:00,Y10,1099,1339
YS004431,2025-05-28 16:00:00,Y01,1458,1995
YS004432,2025-05-28 16:00:00,Y02,1046,1249
YS004433,2025-05-28 16:00:00,Y03,644,986
YS004434,2025-05-28 16:00:00,Y04,956,1113
YS004435,2025-05-28 16:00:00,Y05,806,930
YS004436,2025-05-28 16:00:00,Y06,1059,1758
YS004437,2025-05-28 16:00:00,Y07,808,1034
YS004438,2025-05-28 16:00:00,Y08,915,1028
YS004439,2025-05-28 16:00:00,Y09,573,1123
YS004440,2025-05-28 16:00:00,Y10,1210,1339
YS004441,2025-05-29 00:00:00,Y01,895,1995
YS004442,2025-05-29 00:00:00,Y02,994,1249
YS004443,2025-05-29 00:00:00,Y03,481,986
YS004444,2025-05-29 00:00:00,Y04,552,1113
YS004445,2025-05-29 00:00:00,Y05,617,930
YS004446,2025-05-29 00:00:00,Y06,1341,1758
YS004447,2025-05-29 00:00:00,Y07,641,1034
YS004448,2025-05-29 00:00:00,Y08,716,1028
YS004449,2025-05-29 00:00:00,Y09,811,1123
YS004450,2025-05-29 00:00:00,Y10,647,1339
YS004451,2025-05-29 08:00:00,Y01,1809,1995
YS004452,2025-05-29 08:00:00,Y02,810,1249
YS004453,2025-05-29 08:00:00,Y03,844,986
YS004454,2025-05-29 08:00:00,Y04,1055,1113
YS004455,2025-05-29 08:00:00,Y05,610,930
YS004456,2025-05-29 08:00:00,Y06,1371,1758
YS004457,2025-05-29 08:00:00,Y07,987,1034
YS004458,2025-05-29 08:00:00,Y08,988,1028
YS004459,2025-05-29 08:00:00,Y09,564,1123
YS004460,2025-05-29 08:00:00,Y10,1075,1339
YS004461,2025-05-29 16:00:00,Y01,1738,1995
YS004462,2025-05-29 16:00:00,Y02,887,1249
YS004463,2025-05-29 16:00:00,Y03,897,986
YS004464,2025-05-29 16:00:00,Y04,474,1113
YS004465,2025-05-29 16:00:00,Y05,439,930
YS004466,2025-05-29 16:00:00,Y06,742,1758
YS004467,2025-05-29 16:00:00,Y07,832,1034
YS004468,2025-05-29 16:00:00,Y08,588,1028
YS004469,2025-05-29 16:00:00,Y09,900,1123
YS004470,2025-05-29 16:00:00,Y10,679,1339
YS004471,2025-05-30 00:00:00,Y01,1766,1995
YS004472,2025-05-30 00:00:00,Y02,1209,1249
YS004473,2025-05-30 00:00:00,Y03,821,986
YS004474,2025-05-30 00:00:00,Y04,762,1113
YS004475,2025-05-30 00:00:00,Y05,621,930
YS004476,2025-05-30 00:00:00,Y06,1490,1758
YS004477,2025-05-30 00:00:00,Y07,687,1034
YS004478,2025-05-30 00:00:00,Y08,930,1028
YS004479,2025-05-30 00:00:00,Y09,1030,1123
YS004480,2025-05-30 00:00:00,Y10,740,1339
YS004481,2025-05-30 08:00:00,Y01,1681,1995
YS004482,2025-05-30 08:00:00,Y02,739,1249
YS004483,2025-05-30 08:00:00,Y03,553,986
YS004484,2025-05-30 08:00:00,Y04,668,1113
YS004485,2025-05-30 08:00:00,Y05,444,930
YS004486,2025-05-30 08:00:00,Y06,986,1758
YS004487,2025-05-30 08:00:00,Y07,793,1034
YS004488,2025-05-30 08:00:00,Y08,777,1028
YS004489,2025-05-30 08:00:00,Y09,633,1123
YS004490,2025-05-30 08:00:00,Y10,709,1339
YS004491,2025-05-30 16:00:00,Y01,1897,1995
YS004492,2025-05-30 16:00:00,Y02,924,1249
YS004493,2025-05-30 16:00:00,Y03,416,986
YS004494,2025-05-30 16:00:00,Y04,669,1113
YS004495,2025-05-30 16:00:00,Y05,726,930
YS004496,2025-05-30 16:00:00,Y06,1668,1758
YS004497,2025-05-30 16:00:00,Y07,869,1034
YS004498,2025-05-30 16:00:00,Y08,677,1028
YS004499,2025-05-30 16:00:00,Y09,1088,1123
YS004500,2025-05-30 16:00:00,Y10,974,1339
YS004501,2025-05-31 00:00:00,Y01,1181,1995
YS004502,2025-05-31 00:00:00,Y02,757,1249
YS004503,2025-05-31 00:00:00,Y03,570,986
YS004504,2025-05-31 00:00:00,Y04,991,1113
YS004505,2025-05-31 00:00:00,Y05,733,930
YS004506,2025-05-31 00:00:00,Y06,992,1758
YS004507,2025-05-31 00:00:00,Y07,444,1034
YS004508,2025-05-31 00:00:00,Y08,437,1028
YS004509,2025-05-31 00:00:00,Y09,850,1123
YS004510,2025-05-31 00:00:00,Y10,1053,1339
YS004511,2025-05-31 08:00:00,Y01,1619,1995
YS004512,2025-05-31 08:00:00,Y02,890,1249
YS004513,2025-05-31 08:00:00,Y03,479,986
YS004514,2025-05-31 08:00:00,Y04,982,1113
YS004515,2025-05-31 08:00:00,Y05,666,930
YS004516,2025-05-31 08:00:00,Y06,1215,1758
YS004517,2025-05-31 08:00:00,Y07,811,1034
YS004518,2025-05-31 08:00:00,Y08,646,1028
YS004519,2025-05-31 08:00:00,Y09,714,1123
YS004520,2025-05-31 08:00:00,Y10,1129,1339
YS004521,2025-05-31 16:00:00,Y01,1218,1995
YS004522,2025-05-31 16:00:00,Y02,1062,1249
YS004523,2025-05-31 16:00:00,Y03,745,986
YS004524,2025-05-31 16:00:00,Y04,978,1113
YS004525,2025-05-31 16:00:00,Y05,697,930
YS004526,2025-05-31 16:00:00,Y06,866,1758
YS004527,2025-05-31 16:00:00,Y07,690,1034
YS004528,2025-05-31 16:00:00,Y08,917,1028
YS004529,2025-05-31 16:00:00,Y09,986,1123
YS004530,2025-05-31 16:00:00,Y10,770,1339
YS004531,2025-06-01 00:00:00,Y01,974,1995
YS004532,2025-06-01 00:00:00,Y02,1206,1249
YS004533,2025-06-01 00:00:00,Y03,914,986
YS004534,2025-06-01 00:00:00,Y04,966,1113
YS004535,2025-06-01 00:00:00,Y05,458,930
YS004536,2025-06-01 00:00:00,Y06,910,1758
YS004537,2025-06-01 00:00:00,Y07,579,1034
YS004538,2025-06-01 00:00:00,Y08,893,1028
YS004539,2025-06-01 00:00:00,Y09,1066,1123
YS004540,2025-06-01 00:00:00,Y10,653,1339
YS004541,2025-06-01 08:00:00,Y01,1772,1995
YS004542,2025-06-01 08:00:00,Y02,538,1249
YS004543,2025-06-01 08:00:00,Y03,891,986
YS004544,2025-06-01 08:00:00,Y04,731,1113
YS004545,2025-06-01 08:00:00,Y05,756,930
YS004546,2025-06-01 08:00:00,Y06,1677,1758
YS004547,2025-06-01 08:00:00,Y07,621,1034
YS004548,2025-06-01 08:00:00,Y08,557,1028
YS004549,2025-06-01 08:00:00,Y09,705,1123
YS004550,2025-06-01 08:00:00,Y10,975,1339
YS004551,2025-06-01 16:00:00,Y01,1903,1995
YS004552,2025-06-01 16:00:00,Y02,993,1249
YS004553,2025-06-01 16:00:00,Y03,863,986
YS004554,2025-06-01 16:00:00,Y04,697,1113
YS004555,2025-06-01 16:00:00,Y05,443,930
YS004556,2025-06-01 16:00:00,Y06,1217,1758
YS004557,2025-06-01 16:00:00,Y07,882,1034
YS004558,2025-06-01 16:00:00,Y08,849,1028
YS004559,2025-06-01 16:00:00,Y09,1021,1123
YS004560,2025-06-01 16:00:00,Y10,1236,1339
YS004561,2025-06-02 00:00:00,Y01,1135,1995
YS004562,2025-06-02 00:00:00,Y02,866,1249
YS004563,2025-06-02 00:00:00,Y03,475,986
YS004564,2025-06-02 00:00:00,Y04,513,1113
YS004565,2025-06-02 00:00:00,Y05,898,930
YS004566,2025-06-02 00:00:00,Y06,1346,1758
YS004567,2025-06-02 00:00:00,Y07,509,1034
YS004568,2025-06-02 00:00:00,Y08,867,1028
YS004569,2025-06-02 00:00:00,Y09,844,1123
YS004570,2025-06-02 00:00:00,Y10,784,1339
YS004571,2025-06-02 08:00:00,Y01,901,1995
YS004572,2025-06-02 08:00:00,Y02,789,1249
YS004573,2025-06-02 08:00:00,Y03,937,986
YS004574,2025-06-02 08:00:00,Y04,725,1113
YS004575,2025-06-02 08:00:00,Y05,685,930
YS004576,2025-06-02 08:00:00,Y06,1704,1758
YS004577,2025-06-02 08:00:00,Y07,678,1034
YS004578,2025-06-02 08:00:00,Y08,442,1028
YS004579,2025-06-02 08:00:00,Y09,884,1123
YS004580,2025-06-02 08:00:00,Y10,1051,1339
YS004581,2025-06-02 16:00:00,Y01,1342,1995
YS004582,2025-06-02 16:00:00,Y02,819,1249
YS004583,2025-06-02 16:00:00,Y03,827,986
YS004584,2025-06-02 16:00:00,Y04,798,1113
YS004585,2025-06-02 16:00:00,Y05,833,930
YS004586,2025-06-02 16:00:00,Y06,1374,1758
YS004587,2025-06-02 16:00:00,Y07,635,1034
YS004588,2025-06-02 16:00:00,Y08,437,1028
YS004589,2025-06-02 16:00:00,Y09,799,1123
YS004590,2025-06-02 16:00:00,Y10,1235,1339
YS004591,2025-06-03 00:00:00,Y01,1819,1995
YS004592,2025-06-03 00:00:00,Y02,1063,1249
YS004593,2025-06-03 00:00:00,Y03,772,986
YS004594,2025-06-03 00:00:00,Y04,924,1113
YS004595,2025-06-03 00:00:00,Y05,690,930
YS004596,2025-06-03 00:00:00,Y06,851,1758
YS004597,2025-06-03 00:00:00,Y07,906,1034
YS004598,2025-06-03 00:00:00,Y08,784,1028
YS004599,2025-06-03 00:00:00,Y09,808,1123
YS004600,2025-06-03 00:00:00,Y10,594,1339
YS004601,2025-06-03 08:00:00,Y01,1791,1995
YS004602,2025-06-03 08:00:00,Y02,656,1249
YS004603,2025-06-03 08:00:00,Y03,878,986
YS004604,2025-06-03 08:00:00,Y04,600,1113
YS004605,2025-06-03 08:00:00,Y05,785,930
YS004606,2025-06-03 08:00:00,Y06,973,1758
YS004607,2025-06-03 08:00:00,Y07,769,1034
YS004608,2025-06-03 08:00:00,Y08,723,1028
YS004609,2025-06-03 08:00:00,Y09,982,1123
YS004610,2025-06-03 08:00:00,Y10,814,1339
YS004611,2025-06-03 16:00:00,Y01,1218,1995
YS004612,2025-06-03 16:00:00,Y02,959,1249
YS004613,2025-06-03 16:00:00,Y03,816,986
YS004614,2025-06-03 16:00:00,Y04,1006,1113
YS004615,2025-06-03 16:00:00,Y05,425,930
YS004616,2025-06-03 16:00:00,Y06,900,1758
YS004617,2025-06-03 16:00:00,Y07,868,1034
YS004618,2025-06-03 16:00:00,Y08,547,1028
YS004619,2025-06-03 16:00:00,Y09,759,1123
YS004620,2025-06-03 16:00:00,Y10,687,1339
YS004621,2025-06-04 00:00:00,Y01,1381,1995
YS004622,2025-06-04 00:00:00,Y02,1006,1249
YS004623,2025-06-04 00:00:00,Y03,852,986
YS004624,2025-06-04 00:00:00,Y04,557,1113
YS004625,2025-06-04 00:00:00,Y05,701,930
YS004626,2025-06-04 00:00:00,Y06,1477,1758
YS004627,2025-06-04 00:00:00,Y07,750,1034
YS004628,2025-06-04 00:00:00,Y08,654,1028
YS004629,2025-06-04 00:00:00,Y09,887,1123
YS004630,2025-06-04 00:00:00,Y10,822,1339
YS004631,2025-06-04 08:00:00,Y01,900,1995
YS004632,2025-06-04 08:00:00,Y02,927,1249
YS004633,2025-06-04 08:00:00,Y03,889,986
YS004634,2025-06-04 08:00:00,Y04,748,1113
YS004635,2025-06-04 08:00:00,Y05,670,930
YS004636,2025-06-04 08:00:00,Y06,784,1758
YS004637,2025-06-04 08:00:00,Y07,960,1034
YS004638,2025-06-04 08:00:00,Y08,911,1028
YS004639,2025-06-04 08:00:00,Y09,865,1123
YS004640,2025-06-04 08:00:00,Y10,1021,1339
YS004641,2025-06-04 16:00:00,Y01,1402,1995
YS004642,2025-06-04 16:00:00,Y02,501,1249
YS004643,2025-06-04 16:00:00,Y03,880,986
YS004644,2025-06-04 16:00:00,Y04,914,1113
YS004645,2025-06-04 16:00:00,Y05,373,930
YS004646,2025-06-04 16:00:00,Y06,840,1758
YS004647,2025-06-04 16:00:00,Y07,964,1034
YS004648,2025-06-04 16:00:00,Y08,564,1028
YS004649,2025-06-04 16:00:00,Y09,1041,1123
YS004650,2025-06-04 16:00:00,Y10,967,1339
YS004651,2025-06-05 00:00:00,Y01,1875,1995
YS004652,2025-06-05 00:00:00,Y02,1091,1249
YS004653,2025-06-05 00:00:00,Y03,935,986
YS004654,2025-06-05 00:00:00,Y04,828,1113
YS004655,2025-06-05 00:00:00,Y05,519,930
YS004656,2025-06-05 00:00:00,Y06,1279,1758
YS004657,2025-06-05 00:00:00,Y07,489,1034
YS004658,2025-06-05 00:00:00,Y08,418,1028
YS004659,2025-06-05 00:00:00,Y09,707,1123
YS004660,2025-06-05 00:00:00,Y10,1043,1339
YS004661,2025-06-05 08:00:00,Y01,1489,1995
YS004662,2025-06-05 08:00:00,Y02,942,1249
YS004663,2025-06-05 08:00:00,Y03,763,986
YS004664,2025-06-05 08:00:00,Y04,1084,1113
YS004665,2025-06-05 08:00:00,Y05,836,930
YS004666,2025-06-05 08:00:00,Y06,1273,1758
YS004667,2025-06-05 08:00:00,Y07,590,1034
YS004668,2025-06-05 08:00:00,Y08,613,1028
YS004669,2025-06-05 08:00:00,Y09,983,1123
YS004670,2025-06-05 08:00:00,Y10,1230,1339
YS004671,2025-06-05 16:00:00,Y01,954,1995
YS004672,2025-06-05 16:00:00,Y02,1119,1249
YS004673,2025-06-05 16:00:00,Y03,573,986
YS004674,2025-06-05 16:00:00,Y04,720,1113
YS004675,2025-06-05 16:00:00,Y05,556,930
YS004676,2025-06-05 16:00:00,Y06,1648,1758
YS004677,2025-06-05 16:00:00,Y07,977,1034
YS004678,2025-06-05 16:00:00,Y08,443,1028
YS004679,2025-06-05 16:00:00,Y09,468,1123
YS004680,2025-06-05 16:00:00,Y10,739,1339
YS004681,2025-06-06 00:00:00,Y01,1187,1995
YS004682,2025-06-06 00:00:00,Y02,840,1249
YS004683,2025-06-06 00:00:00,Y03,768,986
YS004684,2025-06-06 00:00:00,Y04,848,1113
YS004685,2025-06-06 00:00:00,Y05,595,930
YS004686,2025-06-06 00:00:00,Y06,1680,1758
YS004687,2025-06-06 00:00:00,Y07,580,1034
YS004688,2025-06-06 00:00:00,Y08,580,1028
YS004689,2025-06-06 00:00:00,Y09,705,1123
YS004690,2025-06-06 00:00:00,Y10,1214,1339
YS004691,2025-06-06 08:00:00,Y01,825,1995
YS004692,2025-06-06 08:00:00,Y02,714,1249
YS004693,2025-06-06 08:00:00,Y03,775,986
YS004694,2025-06-06 08:00:00,Y04,526,1113
YS004695,2025-06-06 08:00:00,Y05,768,930
YS004696,2025-06-06 08:00:00,Y06,1564,1758
YS004697,2025-06-06 08:00:00,Y07,634,1034
YS004698,2025-06-06 08:00:00,Y08,582,1028
YS004699,2025-06-06 08:00:00,Y09,750,1123
YS004700,2025-06-06 08:00:00,Y10,967,1339
YS004701,2025-06-06 16:00:00,Y01,1203,1995
YS004702,2025-06-06 16:00:00,Y02,503,1249
YS004703,2025-06-06 16:00:00,Y03,671,986
YS004704,2025-06-06 16:00:00,Y04,991,1113
YS004705,2025-06-06 16:00:00,Y05,483,930
YS004706,2025-06-06 16:00:00,Y06,1433,1758
YS004707,2025-06-06 16:00:00,Y07,664,1034
YS004708,2025-06-06 16:00:00,Y08,685,1028
YS004709,2025-06-06 16:00:00,Y09,507,1123
YS004710,2025-06-06 16:00:00,Y10,1312,1339
YS004711,2025-06-07 00:00:00,Y01,1808,1995
YS004712,2025-06-07 00:00:00,Y02,637,1249
YS004713,2025-06-07 00:00:00,Y03,675,986
YS004714,2025-06-07 00:00:00,Y04,716,1113
YS004715,2025-06-07 00:00:00,Y05,519,930
YS004716,2025-06-07 00:00:00,Y06,1646,1758
YS004717,2025-06-07 00:00:00,Y07,961,1034
YS004718,2025-06-07 00:00:00,Y08,982,1028
YS004719,2025-06-07 00:00:00,Y09,1067,1123
YS004720,2025-06-07 00:00:00,Y10,810,1339
YS004721,2025-06-07 08:00:00,Y01,1625,1995
YS004722,2025-06-07 08:00:00,Y02,994,1249
YS004723,2025-06-07 08:00:00,Y03,875,986
YS004724,2025-06-07 08:00:00,Y04,797,1113
YS004725,2025-06-07 08:00:00,Y05,402,930
YS004726,2025-06-07 08:00:00,Y06,1019,1758
YS004727,2025-06-07 08:00:00,Y07,454,1034
YS004728,2025-06-07 08:00:00,Y08,552,1028
YS004729,2025-06-07 08:00:00,Y09,940,1123
YS004730,2025-06-07 08:00:00,Y10,1205,1339
YS004731,2025-06-07 16:00:00,Y01,1332,1995
YS004732,2025-06-07 16:00:00,Y02,823,1249
YS004733,2025-06-07 16:00:00,Y03,649,986
YS004734,2025-06-07 16:00:00,Y04,540,1113
YS004735,2025-06-07 16:00:00,Y05,898,930
YS004736,2025-06-07 16:00:00,Y06,1565,1758
YS004737,2025-06-07 16:00:00,Y07,886,1034
YS004738,2025-06-07 16:00:00,Y08,649,1028
YS004739,2025-06-07 16:00:00,Y09,581,1123
YS004740,2025-06-07 16:00:00,Y10,1255,1339
YS004741,2025-06-08 00:00:00,Y01,1693,1995
YS004742,2025-06-08 00:00:00,Y02,637,1249
YS004743,2025-06-08 00:00:00,Y03,722,986
YS004744,2025-06-08 00:00:00,Y04,684,1113
YS004745,2025-06-08 00:00:00,Y05,501,930
YS004746,2025-06-08 00:00:00,Y06,1383,1758
YS004747,2025-06-08 00:00:00,Y07,522,1034
YS004748,2025-06-08 00:00:00,Y08,613,1028
YS004749,2025-06-08 00:00:00,Y09,718,1123
YS004750,2025-06-08 00:00:00,Y10,726,1339
YS004751,2025-06-08 08:00:00,Y01,1858,1995
YS004752,2025-06-08 08:00:00,Y02,1034,1249
YS004753,2025-06-08 08:00:00,Y03,433,986
YS004754,2025-06-08 08:00:00,Y04,683,1113
YS004755,2025-06-08 08:00:00,Y05,869,930
YS004756,2025-06-08 08:00:00,Y06,1655,1758
YS004757,2025-06-08 08:00:00,Y07,696,1034
YS004758,2025-06-08 08:00:00,Y08,435,1028
YS004759,2025-06-08 08:00:00,Y09,991,1123
YS004760,2025-06-08 08:00:00,Y10,940,1339
YS004761,2025-06-08 16:00:00,Y01,991,1995
YS004762,2025-06-08 16:00:00,Y02,1053,1249
YS004763,2025-06-08 16:00:00,Y03,571,986
YS004764,2025-06-08 16:00:00,Y04,812,1113
YS004765,2025-06-08 16:00:00,Y05,640,930
YS004766,2025-06-08 16:00:00,Y06,1550,1758
YS004767,2025-06-08 16:00:00,Y07,687,1034
YS004768,2025-06-08 16:00:00,Y08,666,1028
YS004769,2025-06-08 16:00:00,Y09,1064,1123
YS004770,2025-06-08 16:00:00,Y10,1228,1339
YS004771,2025-06-09 00:00:00,Y01,886,1995
YS004772,2025-06-09 00:00:00,Y02,541,1249
YS004773,2025-06-09 00:00:00,Y03,768,986
YS004774,2025-06-09 00:00:00,Y04,614,1113
YS004775,2025-06-09 00:00:00,Y05,772,930
YS004776,2025-06-09 00:00:00,Y06,1105,1758
YS004777,2025-06-09 00:00:00,Y07,1004,1034
YS004778,2025-06-09 00:00:00,Y08,449,1028
YS004779,2025-06-09 00:00:00,Y09,667,1123
YS004780,2025-06-09 00:00:00,Y10,558,1339
YS004781,2025-06-09 08:00:00,Y01,1440,1995
YS004782,2025-06-09 08:00:00,Y02,1218,1249
YS004783,2025-06-09 08:00:00,Y03,429,986
YS004784,2025-06-09 08:00:00,Y04,527,1113
YS004785,2025-06-09 08:00:00,Y05,838,930
YS004786,2025-06-09 08:00:00,Y06,983,1758
YS004787,2025-06-09 08:00:00,Y07,679,1034
YS004788,2025-06-09 08:00:00,Y08,849,1028
YS004789,2025-06-09 08:00:00,Y09,491,1123
YS004790,2025-06-09 08:00:00,Y10,1004,1339
YS004791,2025-06-09 16:00:00,Y01,1637,1995
YS004792,2025-06-09 16:00:00,Y02,1044,1249
YS004793,2025-06-09 16:00:00,Y03,921,986
YS004794,2025-06-09 16:00:00,Y04,1063,1113
YS004795,2025-06-09 16:00:00,Y05,442,930
YS004796,2025-06-09 16:00:00,Y06,1124,1758
YS004797,2025-06-09 16:00:00,Y07,482,1034
YS004798,2025-06-09 16:00:00,Y08,937,1028
YS004799,2025-06-09 16:00:00,Y09,721,1123
YS004800,2025-06-09 16:00:00,Y10,981,1339
YS004801,2025-06-10 00:00:00,Y01,1955,1995
YS004802,2025-06-10 00:00:00,Y02,907,1249
YS004803,2025-06-10 00:00:00,Y03,700,986
YS004804,2025-06-10 00:00:00,Y04,1089,1113
YS004805,2025-06-10 00:00:00,Y05,750,930
YS004806,2025-06-10 00:00:00,Y06,1304,1758
YS004807,2025-06-10 00:00:00,Y07,583,1034
YS004808,2025-06-10 00:00:00,Y08,1007,1028
YS004809,2025-06-10 00:00:00,Y09,566,1123
YS004810,2025-06-10 00:00:00,Y10,957,1339
YS004811,2025-06-10 08:00:00,Y01,1139,1995
YS004812,2025-06-10 08:00:00,Y02,1033,1249
YS004813,2025-06-10 08:00:00,Y03,482,986
YS004814,2025-06-10 08:00:00,Y04,525,1113
YS004815,2025-06-10 08:00:00,Y05,447,930
YS004816,2025-06-10 08:00:00,Y06,1136,1758
YS004817,2025-06-10 08:00:00,Y07,945,1034
YS004818,2025-06-10 08:00:00,Y08,625,1028
YS004819,2025-06-10 08:00:00,Y09,737,1123
YS004820,2025-06-10 08:00:00,Y10,820,1339
YS004821,2025-06-10 16:00:00,Y01,1720,1995
YS004822,2025-06-10 16:00:00,Y02,817,1249
YS004823,2025-06-10 16:00:00,Y03,811,986
YS004824,2025-06-10 16:00:00,Y04,652,1113
YS004825,2025-06-10 16:00:00,Y05,424,930
YS004826,2025-06-10 16:00:00,Y06,813,1758
YS004827,2025-06-10 16:00:00,Y07,665,1034
YS004828,2025-06-10 16:00:00,Y08,475,1028
YS004829,2025-06-10 16:00:00,Y09,774,1123
YS004830,2025-06-10 16:00:00,Y10,1083,1339
YS004831,2025-06-11 00:00:00,Y01,1464,1995
YS004832,2025-06-11 00:00:00,Y02,863,1249
YS004833,2025-06-11 00:00:00,Y03,822,986
YS004834,2025-06-11 00:00:00,Y04,792,1113
YS004835,2025-06-11 00:00:00,Y05,595,930
YS004836,2025-06-11 00:00:00,Y06,802,1758
YS004837,2025-06-11 00:00:00,Y07,497,1034
YS004838,2025-06-11 00:00:00,Y08,523,1028
YS004839,2025-06-11 00:00:00,Y09,766,1123
YS004840,2025-06-11 00:00:00,Y10,814,1339
YS004841,2025-06-11 08:00:00,Y01,1940,1995
YS004842,2025-06-11 08:00:00,Y02,714,1249
YS004843,2025-06-11 08:00:00,Y03,605,986
YS004844,2025-06-11 08:00:00,Y04,819,1113
YS004845,2025-06-11 08:00:00,Y05,415,930
YS004846,2025-06-11 08:00:00,Y06,994,1758
YS004847,2025-06-11 08:00:00,Y07,699,1034
YS004848,2025-06-11 08:00:00,Y08,631,1028
YS004849,2025-06-11 08:00:00,Y09,985,1123
YS004850,2025-06-11 08:00:00,Y10,1231,1339
YS004851,2025-06-11 16:00:00,Y01,1650,1995
YS004852,2025-06-11 16:00:00,Y02,1202,1249
YS004853,2025-06-11 16:00:00,Y03,622,986
YS004854,2025-06-11 16:00:00,Y04,989,1113
YS004855,2025-06-11 16:00:00,Y05,670,930
YS004856,2025-06-11 16:00:00,Y06,1188,1758
YS004857,2025-06-11 16:00:00,Y07,837,1034
YS004858,2025-06-11 16:00:00,Y08,698,1028
YS004859,2025-06-11 16:00:00,Y09,1088,1123
YS004860,2025-06-11 16:00:00,Y10,681,1339
YS004861,2025-06-12 00:00:00,Y01,1114,1995
YS004862,2025-06-12 00:00:00,Y02,1099,1249
YS004863,2025-06-12 00:00:00,Y03,697,986
YS004864,2025-06-12 00:00:00,Y04,833,1113
YS004865,2025-06-12 00:00:00,Y05,559,930
YS004866,2025-06-12 00:00:00,Y06,1049,1758
YS004867,2025-06-12 00:00:00,Y07,506,1034
YS004868,2025-06-12 00:00:00,Y08,414,1028
YS004869,2025-06-12 00:00:00,Y09,1007,1123
YS004870,2025-06-12 00:00:00,Y10,906,1339
YS004871,2025-06-12 08:00:00,Y01,1055,1995
YS004872,2025-06-12 08:00:00,Y02,515,1249
YS004873,2025-06-12 08:00:00,Y03,404,986
YS004874,2025-06-12 08:00:00,Y04,1053,1113
YS004875,2025-06-12 08:00:00,Y05,570,930
YS004876,2025-06-12 08:00:00,Y06,864,1758
YS004877,2025-06-12 08:00:00,Y07,995,1034
YS004878,2025-06-12 08:00:00,Y08,760,1028
YS004879,2025-06-12 08:00:00,Y09,676,1123
YS004880,2025-06-12 08:00:00,Y10,1300,1339
YS004881,2025-06-12 16:00:00,Y01,1661,1995
YS004882,2025-06-12 16:00:00,Y02,1207,1249
YS004883,2025-06-12 16:00:00,Y03,912,986
YS004884,2025-06-12 16:00:00,Y04,615,1113
YS004885,2025-06-12 16:00:00,Y05,448,930
YS004886,2025-06-12 16:00:00,Y06,1698,1758
YS004887,2025-06-12 16:00:00,Y07,647,1034
YS004888,2025-06-12 16:00:00,Y08,822,1028
YS004889,2025-06-12 16:00:00,Y09,986,1123
YS004890,2025-06-12 16:00:00,Y10,1235,1339
YS004891,2025-06-13 00:00:00,Y01,875,1995
YS004892,2025-06-13 00:00:00,Y02,1098,1249
YS004893,2025-06-13 00:00:00,Y03,934,986
YS004894,2025-06-13 00:00:00,Y04,917,1113
YS004895,2025-06-13 00:00:00,Y05,665,930
YS004896,2025-06-13 00:00:00,Y06,1688,1758
YS004897,2025-06-13 00:00:00,Y07,1000,1034
YS004898,2025-06-13 00:00:00,Y08,539,1028
YS004899,2025-06-13 00:00:00,Y09,838,1123
YS004900,2025-06-13 00:00:00,Y10,1217,1339
YS004901,2025-06-13 08:00:00,Y01,1865,1995
YS004902,2025-06-13 08:00:00,Y02,1139,1249
YS004903,2025-06-13 08:00:00,Y03,824,986
YS004904,2025-06-13 08:00:00,Y04,940,1113
YS004905,2025-06-13 08:00:00,Y05,654,930
YS004906,2025-06-13 08:00:00,Y06,1517,1758
YS004907,2025-06-13 08:00:00,Y07,621,1034
YS004908,2025-06-13 08:00:00,Y08,773,1028
YS004909,2025-06-13 08:00:00,Y09,954,1123
YS004910,2025-06-13 08:00:00,Y10,934,1339
YS004911,2025-06-13 16:00:00,Y01,929,1995
YS004912,2025-06-13 16:00:00,Y02,959,1249
YS004913,2025-06-13 16:00:00,Y03,721,986
YS004914,2025-06-13 16:00:00,Y04,783,1113
YS004915,2025-06-13 16:00:00,Y05,377,930
YS004916,2025-06-13 16:00:00,Y06,1526,1758
YS004917,2025-06-13 16:00:00,Y07,717,1034
YS004918,2025-06-13 16:00:00,Y08,768,1028
YS004919,2025-06-13 16:00:00,Y09,563,1123
YS004920,2025-06-13 16:00:00,Y10,1136,1339
YS004921,2025-06-14 00:00:00,Y01,1939,1995
YS004922,2025-06-14 00:00:00,Y02,858,1249
YS004923,2025-06-14 00:00:00,Y03,468,986
YS004924,2025-06-14 00:00:00,Y04,647,1113
YS004925,2025-06-14 00:00:00,Y05,905,930
YS004926,2025-06-14 00:00:00,Y06,1606,1758
YS004927,2025-06-14 00:00:00,Y07,603,1034
YS004928,2025-06-14 00:00:00,Y08,907,1028
YS004929,2025-06-14 00:00:00,Y09,959,1123
YS004930,2025-06-14 00:00:00,Y10,891,1339
YS004931,2025-06-14 08:00:00,Y01,1376,1995
YS004932,2025-06-14 08:00:00,Y02,656,1249
YS004933,2025-06-14 08:00:00,Y03,741,986
YS004934,2025-06-14 08:00:00,Y04,601,1113
YS004935,2025-06-14 08:00:00,Y05,372,930
YS004936,2025-06-14 08:00:00,Y06,897,1758
YS004937,2025-06-14 08:00:00,Y07,981,1034
YS004938,2025-06-14 08:00:00,Y08,488,1028
YS004939,2025-06-14 08:00:00,Y09,1009,1123
YS004940,2025-06-14 08:00:00,Y10,1157,1339
YS004941,2025-06-14 16:00:00,Y01,1938,1995
YS004942,2025-06-14 16:00:00,Y02,1178,1249
YS004943,2025-06-14 16:00:00,Y03,747,986
YS004944,2025-06-14 16:00:00,Y04,1052,1113
YS004945,2025-06-14 16:00:00,Y05,557,930
YS004946,2025-06-14 16:00:00,Y06,1579,1758
YS004947,2025-06-14 16:00:00,Y07,974,1034
YS004948,2025-06-14 16:00:00,Y08,899,1028
YS004949,2025-06-14 16:00:00,Y09,923,1123
YS004950,2025-06-14 16:00:00,Y10,603,1339
YS004951,2025-06-15 00:00:00,Y01,927,1995
YS004952,2025-06-15 00:00:00,Y02,562,1249
YS004953,2025-06-15 00:00:00,Y03,743,986
YS004954,2025-06-15 00:00:00,Y04,809,1113
YS004955,2025-06-15 00:00:00,Y05,441,930
YS004956,2025-06-15 00:00:00,Y06,1381,1758
YS004957,2025-06-15 00:00:00,Y07,431,1034
YS004958,2025-06-15 00:00:00,Y08,531,1028
YS004959,2025-06-15 00:00:00,Y09,712,1123
YS004960,2025-06-15 00:00:00,Y10,1288,1339
YS004961,2025-06-15 08:00:00,Y01,1465,1995
YS004962,2025-06-15 08:00:00,Y02,723,1249
YS004963,2025-06-15 08:00:00,Y03,631,986
YS004964,2025-06-15 08:00:00,Y04,770,1113
YS004965,2025-06-15 08:00:00,Y05,911,930
YS004966,2025-06-15 08:00:00,Y06,1229,1758
YS004967,2025-06-15 08:00:00,Y07,413,1034
YS004968,2025-06-15 08:00:00,Y08,684,1028
YS004969,2025-06-15 08:00:00,Y09,598,1123
YS004970,2025-06-15 08:00:00,Y10,1249,1339
YS004971,2025-06-15 16:00:00,Y01,1589,1995
YS004972,2025-06-15 16:00:00,Y02,568,1249
YS004973,2025-06-15 16:00:00,Y03,434,986
YS004974,2025-06-15 16:00:00,Y04,822,1113
YS004975,2025-06-15 16:00:00,Y05,560,930
YS004976,2025-06-15 16:00:00,Y06,967,1758
YS004977,2025-06-15 16:00:00,Y07,609,1034
YS004978,2025-06-15 16:00:00,Y08,680,1028
YS004979,2025-06-15 16:00:00,Y09,585,1123
YS004980,2025-06-15 16:00:00,Y10,893,1339
YS004981,2025-06-16 00:00:00,Y01,1166,1995
YS004982,2025-06-16 00:00:00,Y02,623,1249
YS004983,2025-06-16 00:00:00,Y03,624,986
YS004984,2025-06-16 00:00:00,Y04,988,1113
YS004985,2025-06-16 00:00:00,Y05,493,930
YS004986,2025-06-16 00:00:00,Y06,837,1758
YS004987,2025-06-16 00:00:00,Y07,791,1034
YS004988,2025-06-16 00:00:00,Y08,933,1028
YS004989,2025-06-16 00:00:00,Y09,567,1123
YS004990,2025-06-16 00:00:00,Y10,1100,1339
YS004991,2025-06-16 08:00:00,Y01,1388,1995
YS004992,2025-06-16 08:00:00,Y02,530,1249
YS004993,2025-06-16 08:00:00,Y03,488,986
YS004994,2025-06-16 08:00:00,Y04,597,1113
YS004995,2025-06-16 08:00:00,Y05,384,930
YS004996,2025-06-16 08:00:00,Y06,1616,1758
YS004997,2025-06-16 08:00:00,Y07,955,1034
YS004998,2025-06-16 08:00:00,Y08,870,1028
YS004999,2025-06-16 08:00:00,Y09,859,1123
YS005000,2025-06-16 08:00:00,Y10,1281,1339
YS005001,2025-06-16 16:00:00,Y01,951,1995
YS005002,2025-06-16 16:00:00,Y02,619,1249
YS005003,2025-06-16 16:00:00,Y03,810,986
YS005004,2025-06-16 16:00:00,Y04,939,1113
YS005005,2025-06-16 16:00:00,Y05,788,930
YS005006,2025-06-16 16:00:00,Y06,1622,1758
YS005007,2025-06-16 16:00:00,Y07,860,1034
YS005008,2025-06-16 16:00:00,Y08,847,1028
YS005009,2025-06-16 16:00:00,Y09,737,1123
YS005010,2025-06-16 16:00:00,Y10,1250,1339
YS005011,2025-06-17 00:00:00,Y01,1879,1995
YS005012,2025-06-17 00:00:00,Y02,1176,1249
YS005013,2025-06-17 00:00:00,Y03,478,986
YS005014,2025-06-17 00:00:00,Y04,604,1113
YS005015,2025-06-17 00:00:00,Y05,766,930
YS005016,2025-06-17 00:00:00,Y06,1111,1758
YS005017,2025-06-17 00:00:00,Y07,593,1034
YS005018,2025-06-17 00:00:00,Y08,475,1028
YS005019,2025-06-17 00:00:00,Y09,768,1123
YS005020,2025-06-17 00:00:00,Y10,870,1339
YS005021,2025-06-17 08:00:00,Y01,1842,1995
YS005022,2025-06-17 08:00:00,Y02,608,1249
YS005023,2025-06-17 08:00:00,Y03,650,986
YS005024,2025-06-17 08:00:00,Y04,1078,1113
YS005025,2025-06-17 08:00:00,Y05,714,930
YS005026,2025-06-17 08:00:00,Y06,903,1758
YS005027,2025-06-17 08:00:00,Y07,602,1034
YS005028,2025-06-17 08:00:00,Y08,743,1028
YS005029,2025-06-17 08:00:00,Y09,1019,1123
YS005030,2025-06-17 08:00:00,Y10,873,1339
YS005031,2025-06-17 16:00:00,Y01,1257,1995
YS005032,2025-06-17 16:00:00,Y02,746,1249
YS005033,2025-06-17 16:00:00,Y03,622,986
YS005034,2025-06-17 16:00:00,Y04,1014,1113
YS005035,2025-06-17 16:00:00,Y05,520,930
YS005036,2025-06-17 16:00:00,Y06,1636,1758
YS005037,2025-06-17 16:00:00,Y07,514,1034
YS005038,2025-06-17 16:00:00,Y08,954,1028
YS005039,2025-06-17 16:00:00,Y09,572,1123
YS005040,2025-06-17 16:00:00,Y10,982,1339
YS005041,2025-06-18 00:00:00,Y01,1556,1995
YS005042,2025-06-18 00:00:00,Y02,817,1249
YS005043,2025-06-18 00:00:00,Y03,827,986
YS005044,2025-06-18 00:00:00,Y04,498,1113
YS005045,2025-06-18 00:00:00,Y05,511,930
YS005046,2025-06-18 00:00:00,Y06,1308,1758
YS005047,2025-06-18 00:00:00,Y07,664,1034
YS005048,2025-06-18 00:00:00,Y08,528,1028
YS005049,2025-06-18 00:00:00,Y09,747,1123
YS005050,2025-06-18 00:00:00,Y10,845,1339
YS005051,2025-06-18 08:00:00,Y01,1135,1995
YS005052,2025-06-18 08:00:00,Y02,767,1249
YS005053,2025-06-18 08:00:00,Y03,744,986
YS005054,2025-06-18 08:00:00,Y04,901,1113
YS005055,2025-06-18 08:00:00,Y05,820,930
YS005056,2025-06-18 08:00:00,Y06,965,1758
YS005057,2025-06-18 08:00:00,Y07,469,1034
YS005058,2025-06-18 08:00:00,Y08,741,1028
YS005059,2025-06-18 08:00:00,Y09,1082,1123
YS005060,2025-06-18 08:00:00,Y10,901,1339
YS005061,2025-06-18 16:00:00,Y01,1064,1995
YS005062,2025-06-18 16:00:00,Y02,503,1249
YS005063,2025-06-18 16:00:00,Y03,609,986
YS005064,2025-06-18 16:00:00,Y04,816,1113
YS005065,2025-06-18 16:00:00,Y05,491,930
YS005066,2025-06-18 16:00:00,Y06,839,1758
YS005067,2025-06-18 16:00:00,Y07,724,1034
YS005068,2025-06-18 16:00:00,Y08,867,1028
YS005069,2025-06-18 16:00:00,Y09,610,1123
YS005070,2025-06-18 16:00:00,Y10,1216,1339
YS005071,2025-06-19 00:00:00,Y01,830,1995
YS005072,2025-06-19 00:00:00,Y02,1119,1249
YS005073,2025-06-19 00:00:00,Y03,648,986
YS005074,2025-06-19 00:00:00,Y04,972,1113
YS005075,2025-06-19 00:00:00,Y05,616,930
YS005076,2025-06-19 00:00:00,Y06,802,1758
YS005077,2025-06-19 00:00:00,Y07,888,1034
YS005078,2025-06-19 00:00:00,Y08,458,1028
YS005079,2025-06-19 00:00:00,Y09,645,1123
YS005080,2025-06-19 00:00:00,Y10,926,1339
YS005081,2025-06-19 08:00:00,Y01,911,1995
YS005082,2025-06-19 08:00:00,Y02,522,1249
YS005083,2025-06-19 08:00:00,Y03,527,986
YS005084,2025-06-19 08:00:00,Y04,650,1113
YS005085,2025-06-19 08:00:00,Y05,593,930
YS005086,2025-06-19 08:00:00,Y06,864,1758
YS005087,2025-06-19 08:00:00,Y07,638,1034
YS005088,2025-06-19 08:00:00,Y08,453,1028
YS005089,2025-06-19 08:00:00,Y09,584,1123
YS005090,2025-06-19 08:00:00,Y10,936,1339
YS005091,2025-06-19 16:00:00,Y01,1130,1995
YS005092,2025-06-19 16:00:00,Y02,1137,1249
YS005093,2025-06-19 16:00:00,Y03,926,986
YS005094,2025-06-19 16:00:00,Y04,541,1113
YS005095,2025-06-19 16:00:00,Y05,567,930
YS005096,2025-06-19 16:00:00,Y06,1507,1758
YS005097,2025-06-19 16:00:00,Y07,448,1034
YS005098,2025-06-19 16:00:00,Y08,895,1028
YS005099,2025-06-19 16:00:00,Y09,696,1123
YS005100,2025-06-19 16:00:00,Y10,669,1339
YS005101,2025-06-20 00:00:00,Y01,927,1995
YS005102,2025-06-20 00:00:00,Y02,1178,1249
YS005103,2025-06-20 00:00:00,Y03,682,986
YS005104,2025-06-20 00:00:00,Y04,730,1113
YS005105,2025-06-20 00:00:00,Y05,794,930
YS005106,2025-06-20 00:00:00,Y06,1203,1758
YS005107,2025-06-20 00:00:00,Y07,470,1034
YS005108,2025-06-20 00:00:00,Y08,695,1028
YS005109,2025-06-20 00:00:00,Y09,951,1123
YS005110,2025-06-20 00:00:00,Y10,931,1339
YS005111,2025-06-20 08:00:00,Y01,1501,1995
YS005112,2025-06-20 08:00:00,Y02,634,1249
YS005113,2025-06-20 08:00:00,Y03,613,986
YS005114,2025-06-20 08:00:00,Y04,793,1113
YS005115,2025-06-20 08:00:00,Y05,548,930
YS005116,2025-06-20 08:00:00,Y06,951,1758
YS005117,2025-06-20 08:00:00,Y07,1004,1034
YS005118,2025-06-20 08:00:00,Y08,673,1028
YS005119,2025-06-20 08:00:00,Y09,987,1123
YS005120,2025-06-20 08:00:00,Y10,1173,1339
YS005121,2025-06-20 16:00:00,Y01,1085,1995
YS005122,2025-06-20 16:00:00,Y02,561,1249
YS005123,2025-06-20 16:00:00,Y03,595,986
YS005124,2025-06-20 16:00:00,Y04,487,1113
YS005125,2025-06-20 16:00:00,Y05,764,930
YS005126,2025-06-20 16:00:00,Y06,1090,1758
YS005127,2025-06-20 16:00:00,Y07,900,1034
YS005128,2025-06-20 16:00:00,Y08,690,1028
YS005129,2025-06-20 16:00:00,Y09,1054,1123
YS005130,2025-06-20 16:00:00,Y10,923,1339
YS005131,2025-06-21 00:00:00,Y01,1892,1995
YS005132,2025-06-21 00:00:00,Y02,757,1249
YS005133,2025-06-21 00:00:00,Y03,768,986
YS005134,2025-06-21 00:00:00,Y04,629,1113
YS005135,2025-06-21 00:00:00,Y05,747,930
YS005136,2025-06-21 00:00:00,Y06,1502,1758
YS005137,2025-06-21 00:00:00,Y07,827,1034
YS005138,2025-06-21 00:00:00,Y08,813,1028
YS005139,2025-06-21 00:00:00,Y09,634,1123
YS005140,2025-06-21 00:00:00,Y10,1262,1339
YS005141,2025-06-21 08:00:00,Y01,1683,1995
YS005142,2025-06-21 08:00:00,Y02,561,1249
YS005143,2025-06-21 08:00:00,Y03,409,986
YS005144,2025-06-21 08:00:00,Y04,536,1113
YS005145,2025-06-21 08:00:00,Y05,594,930
YS005146,2025-06-21 08:00:00,Y06,1154,1758
YS005147,2025-06-21 08:00:00,Y07,755,1034
YS005148,2025-06-21 08:00:00,Y08,712,1028
YS005149,2025-06-21 08:00:00,Y09,983,1123
YS005150,2025-06-21 08:00:00,Y10,758,1339
YS005151,2025-06-21 16:00:00,Y01,800,1995
YS005152,2025-06-21 16:00:00,Y02,615,1249
YS005153,2025-06-21 16:00:00,Y03,802,986
YS005154,2025-06-21 16:00:00,Y04,638,1113
YS005155,2025-06-21 16:00:00,Y05,910,930
YS005156,2025-06-21 16:00:00,Y06,1598,1758
YS005157,2025-06-21 16:00:00,Y07,645,1034
YS005158,2025-06-21 16:00:00,Y08,977,1028
YS005159,2025-06-21 16:00:00,Y09,879,1123
YS005160,2025-06-21 16:00:00,Y10,725,1339
YS005161,2025-06-22 00:00:00,Y01,958,1995
YS005162,2025-06-22 00:00:00,Y02,1098,1249
YS005163,2025-06-22 00:00:00,Y03,522,986
YS005164,2025-06-22 00:00:00,Y04,584,1113
YS005165,2025-06-22 00:00:00,Y05,713,930
YS005166,2025-06-22 00:00:00,Y06,1023,1758
YS005167,2025-06-22 00:00:00,Y07,841,1034
YS005168,2025-06-22 00:00:00,Y08,891,1028
YS005169,2025-06-22 00:00:00,Y09,778,1123
YS005170,2025-06-22 00:00:00,Y10,680,1339
YS005171,2025-06-22 08:00:00,Y01,1161,1995
YS005172,2025-06-22 08:00:00,Y02,809,1249
YS005173,2025-06-22 08:00:00,Y03,830,986
YS005174,2025-06-22 08:00:00,Y04,912,1113
YS005175,2025-06-22 08:00:00,Y05,751,930
YS005176,2025-06-22 08:00:00,Y06,1673,1758
YS005177,2025-06-22 08:00:00,Y07,662,1034
YS005178,2025-06-22 08:00:00,Y08,806,1028
YS005179,2025-06-22 08:00:00,Y09,809,1123
YS005180,2025-06-22 08:00:00,Y10,898,1339
YS005181,2025-06-22 16:00:00,Y01,1936,1995
YS005182,2025-06-22 16:00:00,Y02,581,1249
YS005183,2025-06-22 16:00:00,Y03,760,986
YS005184,2025-06-22 16:00:00,Y04,658,1113
YS005185,2025-06-22 16:00:00,Y05,591,930
YS005186,2025-06-22 16:00:00,Y06,788,1758
YS005187,2025-06-22 16:00:00,Y07,966,1034
YS005188,2025-06-22 16:00:00,Y08,414,1028
YS005189,2025-06-22 16:00:00,Y09,980,1123
YS005190,2025-06-22 16:00:00,Y10,1211,1339
YS005191,2025-06-23 00:00:00,Y01,905,1995
YS005192,2025-06-23 00:00:00,Y02,944,1249
YS005193,2025-06-23 00:00:00,Y03,627,986
YS005194,2025-06-23 00:00:00,Y04,475,1113
YS005195,2025-06-23 00:00:00,Y05,881,930
YS005196,2025-06-23 00:00:00,Y06,1003,1758
YS005197,2025-06-23 00:00:00,Y07,989,1034
YS005198,2025-06-23 00:00:00,Y08,636,1028
YS005199,2025-06-23 00:00:00,Y09,768,1123
YS005200,2025-06-23 00:00:00,Y10,588,1339
YS005201,2025-06-23 08:00:00,Y01,1886,1995
YS005202,2025-06-23 08:00:00,Y02,588,1249
YS005203,2025-06-23 08:00:00,Y03,492,986
YS005204,2025-06-23 08:00:00,Y04,1088,1113
YS005205,2025-06-23 08:00:00,Y05,669,930
YS005206,2025-06-23 08:00:00,Y06,1403,1758
YS005207,2025-06-23 08:00:00,Y07,475,1034
YS005208,2025-06-23 08:00:00,Y08,886,1028
YS005209,2025-06-23 08:00:00,Y09,773,1123
YS005210,2025-06-23 08:00:00,Y10,939,1339
YS005211,2025-06-23 16:00:00,Y01,1209,1995
YS005212,2025-06-23 16:00:00,Y02,1175,1249
YS005213,2025-06-23 16:00:00,Y03,687,986
YS005214,2025-06-23 16:00:00,Y04,905,1113
YS005215,2025-06-23 16:00:00,Y05,712,930
YS005216,2025-06-23 16:00:00,Y06,1110,1758
YS005217,2025-06-23 16:00:00,Y07,938,1034
YS005218,2025-06-23 16:00:00,Y08,631,1028
YS005219,2025-06-23 16:00:00,Y09,1015,1123
YS005220,2025-06-23 16:00:00,Y10,1163,1339
YS005221,2025-06-24 00:00:00,Y01,1349,1995
YS005222,2025-06-24 00:00:00,Y02,859,1249
YS005223,2025-06-24 00:00:00,Y03,872,986
YS005224,2025-06-24 00:00:00,Y04,666,1113
YS005225,2025-06-24 00:00:00,Y05,672,930
YS005226,2025-06-24 00:00:00,Y06,774,1758
YS005227,2025-06-24 00:00:00,Y07,673,1034
YS005228,2025-06-24 00:00:00,Y08,414,1028
YS005229,2025-06-24 00:00:00,Y09,458,1123
YS005230,2025-06-24 00:00:00,Y10,878,1339
YS005231,2025-06-24 08:00:00,Y01,1595,1995
YS005232,2025-06-24 08:00:00,Y02,738,1249
YS005233,2025-06-24 08:00:00,Y03,765,986
YS005234,2025-06-24 08:00:00,Y04,890,1113
YS005235,2025-06-24 08:00:00,Y05,466,930
YS005236,2025-06-24 08:00:00,Y06,1285,1758
YS005237,2025-06-24 08:00:00,Y07,837,1034
YS005238,2025-06-24 08:00:00,Y08,778,1028
YS005239,2025-06-24 08:00:00,Y09,578,1123
YS005240,2025-06-24 08:00:00,Y10,923,1339
YS005241,2025-06-24 16:00:00,Y01,1307,1995
YS005242,2025-06-24 16:00:00,Y02,717,1249
YS005243,2025-06-24 16:00:00,Y03,444,986
YS005244,2025-06-24 16:00:00,Y04,1074,1113
YS005245,2025-06-24 16:00:00,Y05,477,930
YS005246,2025-06-24 16:00:00,Y06,820,1758
YS005247,2025-06-24 16:00:00,Y07,439,1034
YS005248,2025-06-24 16:00:00,Y08,551,1028
YS005249,2025-06-24 16:00:00,Y09,956,1123
YS005250,2025-06-24 16:00:00,Y10,1064,1339
YS005251,2025-06-25 00:00:00,Y01,1681,1995
YS005252,2025-06-25 00:00:00,Y02,1149,1249
YS005253,2025-06-25 00:00:00,Y03,761,986
YS005254,2025-06-25 00:00:00,Y04,930,1113
YS005255,2025-06-25 00:00:00,Y05,882,930
YS005256,2025-06-25 00:00:00,Y06,1582,1758
YS005257,2025-06-25 00:00:00,Y07,648,1034
YS005258,2025-06-25 00:00:00,Y08,675,1028
YS005259,2025-06-25 00:00:00,Y09,472,1123
YS005260,2025-06-25 00:00:00,Y10,1126,1339
YS005261,2025-06-25 08:00:00,Y01,1663,1995
YS005262,2025-06-25 08:00:00,Y02,530,1249
YS005263,2025-06-25 08:00:00,Y03,961,986
YS005264,2025-06-25 08:00:00,Y04,488,1113
YS005265,2025-06-25 08:00:00,Y05,887,930
YS005266,2025-06-25 08:00:00,Y06,1449,1758
YS005267,2025-06-25 08:00:00,Y07,747,1034
YS005268,2025-06-25 08:00:00,Y08,830,1028
YS005269,2025-06-25 08:00:00,Y09,466,1123
YS005270,2025-06-25 08:00:00,Y10,738,1339
YS005271,2025-06-25 16:00:00,Y01,1346,1995
YS005272,2025-06-25 16:00:00,Y02,722,1249
YS005273,2025-06-25 16:00:00,Y03,847,986
YS005274,2025-06-25 16:00:00,Y04,834,1113
YS005275,2025-06-25 16:00:00,Y05,872,930
YS005276,2025-06-25 16:00:00,Y06,947,1758
YS005277,2025-06-25 16:00:00,Y07,823,1034
YS005278,2025-06-25 16:00:00,Y08,969,1028
YS005279,2025-06-25 16:00:00,Y09,515,1123
YS005280,2025-06-25 16:00:00,Y10,947,1339
YS005281,2025-06-26 00:00:00,Y01,1711,1995
YS005282,2025-06-26 00:00:00,Y02,590,1249
YS005283,2025-06-26 00:00:00,Y03,860,986
YS005284,2025-06-26 00:00:00,Y04,1022,1113
YS005285,2025-06-26 00:00:00,Y05,664,930
YS005286,2025-06-26 00:00:00,Y06,913,1758
YS005287,2025-06-26 00:00:00,Y07,537,1034
YS005288,2025-06-26 00:00:00,Y08,877,1028
YS005289,2025-06-26 00:00:00,Y09,568,1123
YS005290,2025-06-26 00:00:00,Y10,883,1339
YS005291,2025-06-26 08:00:00,Y01,975,1995
YS005292,2025-06-26 08:00:00,Y02,760,1249
YS005293,2025-06-26 08:00:00,Y03,418,986
YS005294,2025-06-26 08:00:00,Y04,756,1113
YS005295,2025-06-26 08:00:00,Y05,613,930
YS005296,2025-06-26 08:00:00,Y06,718,1758
YS005297,2025-06-26 08:00:00,Y07,629,1034
YS005298,2025-06-26 08:00:00,Y08,965,1028
YS005299,2025-06-26 08:00:00,Y09,1071,1123
YS005300,2025-06-26 08:00:00,Y10,984,1339
YS005301,2025-06-26 16:00:00,Y01,1689,1995
YS005302,2025-06-26 16:00:00,Y02,763,1249
YS005303,2025-06-26 16:00:00,Y03,622,986
YS005304,2025-06-26 16:00:00,Y04,1019,1113
YS005305,2025-06-26 16:00:00,Y05,740,930
YS005306,2025-06-26 16:00:00,Y06,1336,1758
YS005307,2025-06-26 16:00:00,Y07,637,1034
YS005308,2025-06-26 16:00:00,Y08,861,1028
YS005309,2025-06-26 16:00:00,Y09,654,1123
YS005310,2025-06-26 16:00:00,Y10,957,1339
YS005311,2025-06-27 00:00:00,Y01,1786,1995
YS005312,2025-06-27 00:00:00,Y02,909,1249
YS005313,2025-06-27 00:00:00,Y03,530,986
YS005314,2025-06-27 00:00:00,Y04,496,1113
YS005315,2025-06-27 00:00:00,Y05,901,930
YS005316,2025-06-27 00:00:00,Y06,1212,1758
YS005317,2025-06-27 00:00:00,Y07,591,1034
YS005318,2025-06-27 00:00:00,Y08,812,1028
YS005319,2025-06-27 00:00:00,Y09,971,1123
YS005320,2025-06-27 00:00:00,Y10,834,1339
YS005321,2025-06-27 08:00:00,Y01,1323,1995
YS005322,2025-06-27 08:00:00,Y02,503,1249
YS005323,2025-06-27 08:00:00,Y03,514,986
YS005324,2025-06-27 08:00:00,Y04,628,1113
YS005325,2025-06-27 08:00:00,Y05,659,930
YS005326,2025-06-27 08:00:00,Y06,1702,1758
YS005327,2025-06-27 08:00:00,Y07,676,1034
YS005328,2025-06-27 08:00:00,Y08,926,1028
YS005329,2025-06-27 08:00:00,Y09,639,1123
YS005330,2025-06-27 08:00:00,Y10,800,1339
YS005331,2025-06-27 16:00:00,Y01,1947,1995
YS005332,2025-06-27 16:00:00,Y02,1114,1249
YS005333,2025-06-27 16:00:00,Y03,793,986
YS005334,2025-06-27 16:00:00,Y04,534,1113
YS005335,2025-06-27 16:00:00,Y05,870,930
YS005336,2025-06-27 16:00:00,Y06,755,1758
YS005337,2025-06-27 16:00:00,Y07,620,1034
YS005338,2025-06-27 16:00:00,Y08,776,1028
YS005339,2025-06-27 16:00:00,Y09,899,1123
YS005340,2025-06-27 16:00:00,Y10,947,1339
YS005341,2025-06-28 00:00:00,Y01,1485,1995
YS005342,2025-06-28 00:00:00,Y02,954,1249
YS005343,2025-06-28 00:00:00,Y03,398,986
YS005344,2025-06-28 00:00:00,Y04,594,1113
YS005345,2025-06-28 00:00:00,Y05,426,930
YS005346,2025-06-28 00:00:00,Y06,1419,1758
YS005347,2025-06-28 00:00:00,Y07,880,1034
YS005348,2025-06-28 00:00:00,Y08,962,1028
YS005349,2025-06-28 00:00:00,Y09,872,1123
YS005350,2025-06-28 00:00:00,Y10,855,1339
YS005351,2025-06-28 08:00:00,Y01,1485,1995
YS005352,2025-06-28 08:00:00,Y02,836,1249
YS005353,2025-06-28 08:00:00,Y03,439,986
YS005354,2025-06-28 08:00:00,Y04,524,1113
YS005355,2025-06-28 08:00:00,Y05,589,930
YS005356,2025-06-28 08:00:00,Y06,1342,1758
YS005357,2025-06-28 08:00:00,Y07,829,1034
YS005358,2025-06-28 08:00:00,Y08,803,1028
YS005359,2025-06-28 08:00:00,Y09,779,1123
YS005360,2025-06-28 08:00:00,Y10,607,1339
YS005361,2025-06-28 16:00:00,Y01,817,1995
YS005362,2025-06-28 16:00:00,Y02,499,1249
YS005363,2025-06-28 16:00:00,Y03,912,986
YS005364,2025-06-28 16:00:00,Y04,795,1113
YS005365,2025-06-28 16:00:00,Y05,788,930
YS005366,2025-06-28 16:00:00,Y06,1292,1758
YS005367,2025-06-28 16:00:00,Y07,848,1034
YS005368,2025-06-28 16:00:00,Y08,444,1028
YS005369,2025-06-28 16:00:00,Y09,982,1123
YS005370,2025-06-28 16:00:00,Y10,585,1339
YS005371,2025-06-29 00:00:00,Y01,1630,1995
YS005372,2025-06-29 00:00:00,Y02,926,1249
YS005373,2025-06-29 00:00:00,Y03,516,986
YS005374,2025-06-29 00:00:00,Y04,638,1113
YS005375,2025-06-29 00:00:00,Y05,859,930
YS005376,2025-06-29 00:00:00,Y06,1155,1758
YS005377,2025-06-29 00:00:00,Y07,788,1034
YS005378,2025-06-29 00:00:00,Y08,765,1028
YS005379,2025-06-29 00:00:00,Y09,512,1123
YS005380,2025-06-29 00:00:00,Y10,791,1339
YS005381,2025-06-29 08:00:00,Y01,1603,1995
YS005382,2025-06-29 08:00:00,Y02,1043,1249
YS005383,2025-06-29 08:00:00,Y03,909,986
YS005384,2025-06-29 08:00:00,Y04,1079,1113
YS005385,2025-06-29 08:00:00,Y05,778,930
YS005386,2025-06-29 08:00:00,Y06,1380,1758
YS005387,2025-06-29 08:00:00,Y07,946,1034
YS005388,2025-06-29 08:00:00,Y08,906,1028
YS005389,2025-06-29 08:00:00,Y09,891,1123
YS005390,2025-06-29 08:00:00,Y10,1028,1339
YS005391,2025-06-29 16:00:00,Y01,1237,1995
YS005392,2025-06-29 16:00:00,Y02,893,1249
YS005393,2025-06-29 16:00:00,Y03,775,986
YS005394,2025-06-29 16:00:00,Y04,1003,1113
YS005395,2025-06-29 16:00:00,Y05,566,930
YS005396,2025-06-29 16:00:00,Y06,1539,1758
YS005397,2025-06-29 16:00:00,Y07,766,1034
YS005398,2025-06-29 16:00:00,Y08,967,1028
YS005399,2025-06-29 16:00:00,Y09,915,1123
YS005400,2025-06-29 16:00:00,Y10,943,1339
YS005401,2025-06-30 00:00:00,Y01,1430,1995
YS005402,2025-06-30 00:00:00,Y02,1011,1249
YS005403,2025-06-30 00:00:00,Y03,518,986
YS005404,2025-06-30 00:00:00,Y04,462,1113
YS005405,2025-06-30 00:00:00,Y05,401,930
YS005406,2025-06-30 00:00:00,Y06,1419,1758
YS005407,2025-06-30 00:00:00,Y07,935,1034
YS005408,2025-06-30 00:00:00,Y08,481,1028
YS005409,2025-06-30 00:00:00,Y09,470,1123
YS005410,2025-06-30 00:00:00,Y10,770,1339
YS005411,2025-06-30 08:00:00,Y01,1525,1995
YS005412,2025-06-30 08:00:00,Y02,892,1249
YS005413,2025-06-30 08:00:00,Y03,510,986
YS005414,2025-06-30 08:00:00,Y04,950,1113
YS005415,2025-06-30 08:00:00,Y05,842,930
YS005416,2025-06-30 08:00:00,Y06,912,1758
YS005417,2025-06-30 08:00:00,Y07,613,1034
YS005418,2025-06-30 08:00:00,Y08,550,1028
YS005419,2025-06-30 08:00:00,Y09,669,1123
YS005420,2025-06-30 08:00:00,Y10,610,1339
YS005421,2025-06-30 16:00:00,Y01,1733,1995
YS005422,2025-06-30 16:00:00,Y02,650,1249
YS005423,2025-06-30 16:00:00,Y03,449,986
YS005424,2025-06-30 16:00:00,Y04,761,1113
YS005425,2025-06-30 16:00:00,Y05,648,930
YS005426,2025-06-30 16:00:00,Y06,713,1758
YS005427,2025-06-30 16:00:00,Y07,651,1034
YS005428,2025-06-30 16:00:00,Y08,655,1028
YS005429,2025-06-30 16:00:00,Y09,1085,1123
YS005430,2025-06-30 16:00:00,Y10,745,1339
YS005431,2025-07-01 00:00:00,Y01,1815,1995
YS005432,2025-07-01 00:00:00,Y02,807,1249
YS005433,2025-07-01 00:00:00,Y03,785,986
YS005434,2025-07-01 00:00:00,Y04,994,1113
YS005435,2025-07-01 00:00:00,Y05,531,930
YS005436,2025-07-01 00:00:00,Y06,920,1758
YS005437,2025-07-01 00:00:00,Y07,934,1034
YS005438,2025-07-01 00:00:00,Y08,659,1028
YS005439,2025-07-01 00:00:00,Y09,548,1123
YS005440,2025-07-01 00:00:00,Y10,1137,1339
YS005441,2025-07-01 08:00:00,Y01,1909,1995
YS005442,2025-07-01 08:00:00,Y02,754,1249
YS005443,2025-07-01 08:00:00,Y03,659,986
YS005444,2025-07-01 08:00:00,Y04,465,1113
YS005445,2025-07-01 08:00:00,Y05,647,930
YS005446,2025-07-01 08:00:00,Y06,1210,1758
YS005447,2025-07-01 08:00:00,Y07,623,1034
YS005448,2025-07-01 08:00:00,Y08,1004,1028
YS005449,2025-07-01 08:00:00,Y09,638,1123
YS005450,2025-07-01 08:00:00,Y10,963,1339
YS005451,2025-07-01 16:00:00,Y01,1883,1995
YS005452,2025-07-01 16:00:00,Y02,982,1249
YS005453,2025-07-01 16:00:00,Y03,726,986
YS005454,2025-07-01 16:00:00,Y04,744,1113
YS005455,2025-07-01 16:00:00,Y05,400,930
YS005456,2025-07-01 16:00:00,Y06,1614,1758
YS005457,2025-07-01 16:00:00,Y07,989,1034
YS005458,2025-07-01 16:00:00,Y08,731,1028
YS005459,2025-07-01 16:00:00,Y09,1019,1123
YS005460,2025-07-01 16:00:00,Y10,1183,1339
YS005461,2025-07-02 00:00:00,Y01,1589,1995
YS005462,2025-07-02 00:00:00,Y02,946,1249
YS005463,2025-07-02 00:00:00,Y03,509,986
YS005464,2025-07-02 00:00:00,Y04,896,1113
YS005465,2025-07-02 00:00:00,Y05,515,930
YS005466,2025-07-02 00:00:00,Y06,1581,1758
YS005467,2025-07-02 00:00:00,Y07,643,1034
YS005468,2025-07-02 00:00:00,Y08,617,1028
YS005469,2025-07-02 00:00:00,Y09,820,1123
YS005470,2025-07-02 00:00:00,Y10,782,1339
YS005471,2025-07-02 08:00:00,Y01,1768,1995
YS005472,2025-07-02 08:00:00,Y02,884,1249
YS005473,2025-07-02 08:00:00,Y03,454,986
YS005474,2025-07-02 08:00:00,Y04,1026,1113
YS005475,2025-07-02 08:00:00,Y05,377,930
YS005476,2025-07-02 08:00:00,Y06,1656,1758
YS005477,2025-07-02 08:00:00,Y07,837,1034
YS005478,2025-07-02 08:00:00,Y08,546,1028
YS005479,2025-07-02 08:00:00,Y09,908,1123
YS005480,2025-07-02 08:00:00,Y10,858,1339
YS005481,2025-07-02 16:00:00,Y01,1206,1995
YS005482,2025-07-02 16:00:00,Y02,506,1249
YS005483,2025-07-02 16:00:00,Y03,579,986
YS005484,2025-07-02 16:00:00,Y04,1006,1113
YS005485,2025-07-02 16:00:00,Y05,570,930
YS005486,2025-07-02 16:00:00,Y06,1048,1758
YS005487,2025-07-02 16:00:00,Y07,467,1034
YS005488,2025-07-02 16:00:00,Y08,718,1028
YS005489,2025-07-02 16:00:00,Y09,665,1123
YS005490,2025-07-02 16:00:00,Y10,740,1339
YS005491,2025-07-03 00:00:00,Y01,1055,1995
YS005492,2025-07-03 00:00:00,Y02,639,1249
YS005493,2025-07-03 00:00:00,Y03,800,986
YS005494,2025-07-03 00:00:00,Y04,488,1113
YS005495,2025-07-03 00:00:00,Y05,375,930
YS005496,2025-07-03 00:00:00,Y06,1579,1758
YS005497,2025-07-03 00:00:00,Y07,875,1034
YS005498,2025-07-03 00:00:00,Y08,900,1028
YS005499,2025-07-03 00:00:00,Y09,1040,1123
YS005500,2025-07-03 00:00:00,Y10,937,1339
YS005501,2025-07-03 08:00:00,Y01,1659,1995
YS005502,2025-07-03 08:00:00,Y02,891,1249
YS005503,2025-07-03 08:00:00,Y03,835,986
YS005504,2025-07-03 08:00:00,Y04,906,1113
YS005505,2025-07-03 08:00:00,Y05,712,930
YS005506,2025-07-03 08:00:00,Y06,1321,1758
YS005507,2025-07-03 08:00:00,Y07,893,1034
YS005508,2025-07-03 08:00:00,Y08,742,1028
YS005509,2025-07-03 08:00:00,Y09,1098,1123
YS005510,2025-07-03 08:00:00,Y10,549,1339
YS005511,2025-07-03 16:00:00,Y01,1155,1995
YS005512,2025-07-03 16:00:00,Y02,844,1249
YS005513,2025-07-03 16:00:00,Y03,652,986
YS005514,2025-07-03 16:00:00,Y04,1082,1113
YS005515,2025-07-03 16:00:00,Y05,479,930
YS005516,2025-07-03 16:00:00,Y06,1074,1758
YS005517,2025-07-03 16:00:00,Y07,874,1034
YS005518,2025-07-03 16:00:00,Y08,901,1028
YS005519,2025-07-03 16:00:00,Y09,615,1123
YS005520,2025-07-03 16:00:00,Y10,756,1339
YS005521,2025-07-04 00:00:00,Y01,1597,1995
YS005522,2025-07-04 00:00:00,Y02,500,1249
YS005523,2025-07-04 00:00:00,Y03,741,986
YS005524,2025-07-04 00:00:00,Y04,456,1113
YS005525,2025-07-04 00:00:00,Y05,809,930
YS005526,2025-07-04 00:00:00,Y06,892,1758
YS005527,2025-07-04 00:00:00,Y07,754,1034
YS005528,2025-07-04 00:00:00,Y08,463,1028
YS005529,2025-07-04 00:00:00,Y09,571,1123
YS005530,2025-07-04 00:00:00,Y10,701,1339
YS005531,2025-07-04 08:00:00,Y01,1230,1995
YS005532,2025-07-04 08:00:00,Y02,801,1249
YS005533,2025-07-04 08:00:00,Y03,485,986
YS005534,2025-07-04 08:00:00,Y04,878,1113
YS005535,2025-07-04 08:00:00,Y05,403,930
YS005536,2025-07-04 08:00:00,Y06,1638,1758
YS005537,2025-07-04 08:00:00,Y07,687,1034
YS005538,2025-07-04 08:00:00,Y08,584,1028
YS005539,2025-07-04 08:00:00,Y09,857,1123
YS005540,2025-07-04 08:00:00,Y10,771,1339
YS005541,2025-07-04 16:00:00,Y01,1391,1995
YS005542,2025-07-04 16:00:00,Y02,698,1249
YS005543,2025-07-04 16:00:00,Y03,434,986
YS005544,2025-07-04 16:00:00,Y04,933,1113
YS005545,2025-07-04 16:00:00,Y05,537,930
YS005546,2025-07-04 16:00:00,Y06,1360,1758
YS005547,2025-07-04 16:00:00,Y07,611,1034
YS005548,2025-07-04 16:00:00,Y08,878,1028
YS005549,2025-07-04 16:00:00,Y09,728,1123
YS005550,2025-07-04 16:00:00,Y10,673,1339
YS005551,2025-07-05 00:00:00,Y01,1734,1995
YS005552,2025-07-05 00:00:00,Y02,814,1249
YS005553,2025-07-05 00:00:00,Y03,547,986
YS005554,2025-07-05 00:00:00,Y04,739,1113
YS005555,2025-07-05 00:00:00,Y05,883,930
YS005556,2025-07-05 00:00:00,Y06,1379,1758
YS005557,2025-07-05 00:00:00,Y07,680,1034
YS005558,2025-07-05 00:00:00,Y08,917,1028
YS005559,2025-07-05 00:00:00,Y09,872,1123
YS005560,2025-07-05 00:00:00,Y10,972,1339
YS005561,2025-07-05 08:00:00,Y01,1881,1995
YS005562,2025-07-05 08:00:00,Y02,732,1249
YS005563,2025-07-05 08:00:00,Y03,722,986
YS005564,2025-07-05 08:00:00,Y04,901,1113
YS005565,2025-07-05 08:00:00,Y05,454,930
YS005566,2025-07-05 08:00:00,Y06,1293,1758
YS005567,2025-07-05 08:00:00,Y07,767,1034
YS005568,2025-07-05 08:00:00,Y08,631,1028
YS005569,2025-07-05 08:00:00,Y09,569,1123
YS005570,2025-07-05 08:00:00,Y10,843,1339
YS005571,2025-07-05 16:00:00,Y01,1159,1995
YS005572,2025-07-05 16:00:00,Y02,805,1249
YS005573,2025-07-05 16:00:00,Y03,723,986
YS005574,2025-07-05 16:00:00,Y04,774,1113
YS005575,2025-07-05 16:00:00,Y05,454,930
YS005576,2025-07-05 16:00:00,Y06,1515,1758
YS005577,2025-07-05 16:00:00,Y07,980,1034
YS005578,2025-07-05 16:00:00,Y08,616,1028
YS005579,2025-07-05 16:00:00,Y09,527,1123
YS005580,2025-07-05 16:00:00,Y10,663,1339
YS005581,2025-07-06 00:00:00,Y01,1720,1995
YS005582,2025-07-06 00:00:00,Y02,869,1249
YS005583,2025-07-06 00:00:00,Y03,479,986
YS005584,2025-07-06 00:00:00,Y04,1083,1113
YS005585,2025-07-06 00:00:00,Y05,614,930
YS005586,2025-07-06 00:00:00,Y06,1233,1758
YS005587,2025-07-06 00:00:00,Y07,698,1034
YS005588,2025-07-06 00:00:00,Y08,753,1028
YS005589,2025-07-06 00:00:00,Y09,977,1123
YS005590,2025-07-06 00:00:00,Y10,1278,1339
YS005591,2025-07-06 08:00:00,Y01,1348,1995
YS005592,2025-07-06 08:00:00,Y02,691,1249
YS005593,2025-07-06 08:00:00,Y03,765,986
YS005594,2025-07-06 08:00:00,Y04,648,1113
YS005595,2025-07-06 08:00:00,Y05,470,930
YS005596,2025-07-06 08:00:00,Y06,1356,1758
YS005597,2025-07-06 08:00:00,Y07,979,1034
YS005598,2025-07-06 08:00:00,Y08,773,1028
YS005599,2025-07-06 08:00:00,Y09,714,1123
YS005600,2025-07-06 08:00:00,Y10,822,1339
YS005601,2025-07-06 16:00:00,Y01,1910,1995
YS005602,2025-07-06 16:00:00,Y02,971,1249
YS005603,2025-07-06 16:00:00,Y03,502,986
YS005604,2025-07-06 16:00:00,Y04,691,1113
YS005605,2025-07-06 16:00:00,Y05,639,930
YS005606,2025-07-06 16:00:00,Y06,1590,1758
YS005607,2025-07-06 16:00:00,Y07,446,1034
YS005608,2025-07-06 16:00:00,Y08,722,1028
YS005609,2025-07-06 16:00:00,Y09,836,1123
YS005610,2025-07-06 16:00:00,Y10,1226,1339
YS005611,2025-07-07 00:00:00,Y01,1938,1995
YS005612,2025-07-07 00:00:00,Y02,754,1249
YS005613,2025-07-07 00:00:00,Y03,591,986
YS005614,2025-07-07 00:00:00,Y04,556,1113
YS005615,2025-07-07 00:00:00,Y05,826,930
YS005616,2025-07-07 00:00:00,Y06,1110,1758
YS005617,2025-07-07 00:00:00,Y07,651,1034
YS005618,2025-07-07 00:00:00,Y08,758,1028
YS005619,2025-07-07 00:00:00,Y09,815,1123
YS005620,2025-07-07 00:00:00,Y10,619,1339
YS005621,2025-07-07 08:00:00,Y01,1333,1995
YS005622,2025-07-07 08:00:00,Y02,1146,1249
YS005623,2025-07-07 08:00:00,Y03,539,986
YS005624,2025-07-07 08:00:00,Y04,1015,1113
YS005625,2025-07-07 08:00:00,Y05,659,930
YS005626,2025-07-07 08:00:00,Y06,1608,1758
YS005627,2025-07-07 08:00:00,Y07,540,1034
YS005628,2025-07-07 08:00:00,Y08,743,1028
YS005629,2025-07-07 08:00:00,Y09,923,1123
YS005630,2025-07-07 08:00:00,Y10,1001,1339
YS005631,2025-07-07 16:00:00,Y01,1559,1995
YS005632,2025-07-07 16:00:00,Y02,1005,1249
YS005633,2025-07-07 16:00:00,Y03,540,986
YS005634,2025-07-07 16:00:00,Y04,679,1113
YS005635,2025-07-07 16:00:00,Y05,522,930
YS005636,2025-07-07 16:00:00,Y06,1403,1758
YS005637,2025-07-07 16:00:00,Y07,651,1034
YS005638,2025-07-07 16:00:00,Y08,919,1028
YS005639,2025-07-07 16:00:00,Y09,981,1123
YS005640,2025-07-07 16:00:00,Y10,579,1339
YS005641,2025-07-08 00:00:00,Y01,912,1995
YS005642,2025-07-08 00:00:00,Y02,931,1249
YS005643,2025-07-08 00:00:00,Y03,705,986
YS005644,2025-07-08 00:00:00,Y04,703,1113
YS005645,2025-07-08 00:00:00,Y05,414,930
YS005646,2025-07-08 00:00:00,Y06,749,1758
YS005647,2025-07-08 00:00:00,Y07,931,1034
YS005648,2025-07-08 00:00:00,Y08,895,1028
YS005649,2025-07-08 00:00:00,Y09,634,1123
YS005650,2025-07-08 00:00:00,Y10,1217,1339
YS005651,2025-07-08 08:00:00,Y01,1898,1995
YS005652,2025-07-08 08:00:00,Y02,688,1249
YS005653,2025-07-08 08:00:00,Y03,845,986
YS005654,2025-07-08 08:00:00,Y04,599,1113
YS005655,2025-07-08 08:00:00,Y05,855,930
YS005656,2025-07-08 08:00:00,Y06,1370,1758
YS005657,2025-07-08 08:00:00,Y07,468,1034
YS005658,2025-07-08 08:00:00,Y08,577,1028
YS005659,2025-07-08 08:00:00,Y09,1081,1123
YS005660,2025-07-08 08:00:00,Y10,801,1339
YS005661,2025-07-08 16:00:00,Y01,1274,1995
YS005662,2025-07-08 16:00:00,Y02,1086,1249
YS005663,2025-07-08 16:00:00,Y03,922,986
YS005664,2025-07-08 16:00:00,Y04,459,1113
YS005665,2025-07-08 16:00:00,Y05,473,930
YS005666,2025-07-08 16:00:00,Y06,1420,1758
YS005667,2025-07-08 16:00:00,Y07,614,1034
YS005668,2025-07-08 16:00:00,Y08,718,1028
YS005669,2025-07-08 16:00:00,Y09,761,1123
YS005670,2025-07-08 16:00:00,Y10,659,1339
YS005671,2025-07-09 00:00:00,Y01,990,1995
YS005672,2025-07-09 00:00:00,Y02,1131,1249
YS005673,2025-07-09 00:00:00,Y03,435,986
YS005674,2025-07-09 00:00:00,Y04,748,1113
YS005675,2025-07-09 00:00:00,Y05,512,930
YS005676,2025-07-09 00:00:00,Y06,1595,1758
YS005677,2025-07-09 00:00:00,Y07,747,1034
YS005678,2025-07-09 00:00:00,Y08,819,1028
YS005679,2025-07-09 00:00:00,Y09,471,1123
YS005680,2025-07-09 00:00:00,Y10,667,1339
YS005681,2025-07-09 08:00:00,Y01,1433,1995
YS005682,2025-07-09 08:00:00,Y02,611,1249
YS005683,2025-07-09 08:00:00,Y03,906,986
YS005684,2025-07-09 08:00:00,Y04,591,1113
YS005685,2025-07-09 08:00:00,Y05,880,930
YS005686,2025-07-09 08:00:00,Y06,1594,1758
YS005687,2025-07-09 08:00:00,Y07,477,1034
YS005688,2025-07-09 08:00:00,Y08,731,1028
YS005689,2025-07-09 08:00:00,Y09,807,1123
YS005690,2025-07-09 08:00:00,Y10,951,1339
YS005691,2025-07-09 16:00:00,Y01,1395,1995
YS005692,2025-07-09 16:00:00,Y02,1079,1249
YS005693,2025-07-09 16:00:00,Y03,532,986
YS005694,2025-07-09 16:00:00,Y04,1059,1113
YS005695,2025-07-09 16:00:00,Y05,624,930
YS005696,2025-07-09 16:00:00,Y06,1263,1758
YS005697,2025-07-09 16:00:00,Y07,463,1034
YS005698,2025-07-09 16:00:00,Y08,788,1028
YS005699,2025-07-09 16:00:00,Y09,649,1123
YS005700,2025-07-09 16:00:00,Y10,839,1339
YS005701,2025-07-10 00:00:00,Y01,1324,1995
YS005702,2025-07-10 00:00:00,Y02,698,1249
YS005703,2025-07-10 00:00:00,Y03,747,986
YS005704,2025-07-10 00:00:00,Y04,611,1113
YS005705,2025-07-10 00:00:00,Y05,872,930
YS005706,2025-07-10 00:00:00,Y06,808,1758
YS005707,2025-07-10 00:00:00,Y07,553,1034
YS005708,2025-07-10 00:00:00,Y08,458,1028
YS005709,2025-07-10 00:00:00,Y09,573,1123
YS005710,2025-07-10 00:00:00,Y10,693,1339
YS005711,2025-07-10 08:00:00,Y01,1553,1995
YS005712,2025-07-10 08:00:00,Y02,1045,1249
YS005713,2025-07-10 08:00:00,Y03,924,986
YS005714,2025-07-10 08:00:00,Y04,560,1113
YS005715,2025-07-10 08:00:00,Y05,612,930
YS005716,2025-07-10 08:00:00,Y06,1249,1758
YS005717,2025-07-10 08:00:00,Y07,639,1034
YS005718,2025-07-10 08:00:00,Y08,463,1028
YS005719,2025-07-10 08:00:00,Y09,954,1123
YS005720,2025-07-10 08:00:00,Y10,1071,1339
YS005721,2025-07-10 16:00:00,Y01,1555,1995
YS005722,2025-07-10 16:00:00,Y02,640,1249
YS005723,2025-07-10 16:00:00,Y03,426,986
YS005724,2025-07-10 16:00:00,Y04,814,1113
YS005725,2025-07-10 16:00:00,Y05,806,930
YS005726,2025-07-10 16:00:00,Y06,1066,1758
YS005727,2025-07-10 16:00:00,Y07,745,1034
YS005728,2025-07-10 16:00:00,Y08,469,1028
YS005729,2025-07-10 16:00:00,Y09,736,1123
YS005730,2025-07-10 16:00:00,Y10,580,1339
YS005731,2025-07-11 00:00:00,Y01,1575,1995
YS005732,2025-07-11 00:00:00,Y02,839,1249
YS005733,2025-07-11 00:00:00,Y03,755,986
YS005734,2025-07-11 00:00:00,Y04,543,1113
YS005735,2025-07-11 00:00:00,Y05,896,930
YS005736,2025-07-11 00:00:00,Y06,1598,1758
YS005737,2025-07-11 00:00:00,Y07,467,1034
YS005738,2025-07-11 00:00:00,Y08,617,1028
YS005739,2025-07-11 00:00:00,Y09,685,1123
YS005740,2025-07-11 00:00:00,Y10,942,1339
YS005741,2025-07-11 08:00:00,Y01,1274,1995
YS005742,2025-07-11 08:00:00,Y02,616,1249
YS005743,2025-07-11 08:00:00,Y03,639,986
YS005744,2025-07-11 08:00:00,Y04,552,1113
YS005745,2025-07-11 08:00:00,Y05,787,930
YS005746,2025-07-11 08:00:00,Y06,1483,1758
YS005747,2025-07-11 08:00:00,Y07,757,1034
YS005748,2025-07-11 08:00:00,Y08,482,1028
YS005749,2025-07-11 08:00:00,Y09,1088,1123
YS005750,2025-07-11 08:00:00,Y10,836,1339
YS005751,2025-07-11 16:00:00,Y01,1223,1995
YS005752,2025-07-11 16:00:00,Y02,748,1249
YS005753,2025-07-11 16:00:00,Y03,840,986
YS005754,2025-07-11 16:00:00,Y04,769,1113
YS005755,2025-07-11 16:00:00,Y05,563,930
YS005756,2025-07-11 16:00:00,Y06,1630,1758
YS005757,2025-07-11 16:00:00,Y07,467,1034
YS005758,2025-07-11 16:00:00,Y08,625,1028
YS005759,2025-07-11 16:00:00,Y09,858,1123
YS005760,2025-07-11 16:00:00,Y10,610,1339
YS005761,2025-07-12 00:00:00,Y01,1944,1995
YS005762,2025-07-12 00:00:00,Y02,875,1249
YS005763,2025-07-12 00:00:00,Y03,709,986
YS005764,2025-07-12 00:00:00,Y04,1031,1113
YS005765,2025-07-12 00:00:00,Y05,849,930
YS005766,2025-07-12 00:00:00,Y06,1242,1758
YS005767,2025-07-12 00:00:00,Y07,850,1034
YS005768,2025-07-12 00:00:00,Y08,711,1028
YS005769,2025-07-12 00:00:00,Y09,800,1123
YS005770,2025-07-12 00:00:00,Y10,902,1339
YS005771,2025-07-12 08:00:00,Y01,908,1995
YS005772,2025-07-12 08:00:00,Y02,878,1249
YS005773,2025-07-12 08:00:00,Y03,795,986
YS005774,2025-07-12 08:00:00,Y04,949,1113
YS005775,2025-07-12 08:00:00,Y05,629,930
YS005776,2025-07-12 08:00:00,Y06,965,1758
YS005777,2025-07-12 08:00:00,Y07,994,1034
YS005778,2025-07-12 08:00:00,Y08,524,1028
YS005779,2025-07-12 08:00:00,Y09,696,1123
YS005780,2025-07-12 08:00:00,Y10,941,1339
YS005781,2025-07-12 16:00:00,Y01,1091,1995
YS005782,2025-07-12 16:00:00,Y02,850,1249
YS005783,2025-07-12 16:00:00,Y03,877,986
YS005784,2025-07-12 16:00:00,Y04,900,1113
YS005785,2025-07-12 16:00:00,Y05,611,930
YS005786,2025-07-12 16:00:00,Y06,1607,1758
YS005787,2025-07-12 16:00:00,Y07,628,1034
YS005788,2025-07-12 16:00:00,Y08,913,1028
YS005789,2025-07-12 16:00:00,Y09,770,1123
YS005790,2025-07-12 16:00:00,Y10,706,1339
YS005791,2025-07-13 00:00:00,Y01,1032,1995
YS005792,2025-07-13 00:00:00,Y02,1016,1249
YS005793,2025-07-13 00:00:00,Y03,599,986
YS005794,2025-07-13 00:00:00,Y04,569,1113
YS005795,2025-07-13 00:00:00,Y05,518,930
YS005796,2025-07-13 00:00:00,Y06,1150,1758
YS005797,2025-07-13 00:00:00,Y07,600,1034
YS005798,2025-07-13 00:00:00,Y08,929,1028
YS005799,2025-07-13 00:00:00,Y09,574,1123
YS005800,2025-07-13 00:00:00,Y10,1048,1339
YS005801,2025-07-13 08:00:00,Y01,1285,1995
YS005802,2025-07-13 08:00:00,Y02,749,1249
YS005803,2025-07-13 08:00:00,Y03,723,986
YS005804,2025-07-13 08:00:00,Y04,871,1113
YS005805,2025-07-13 08:00:00,Y05,820,930
YS005806,2025-07-13 08:00:00,Y06,1015,1758
YS005807,2025-07-13 08:00:00,Y07,493,1034
YS005808,2025-07-13 08:00:00,Y08,860,1028
YS005809,2025-07-13 08:00:00,Y09,455,1123
YS005810,2025-07-13 08:00:00,Y10,704,1339
YS005811,2025-07-13 16:00:00,Y01,815,1995
YS005812,2025-07-13 16:00:00,Y02,595,1249
YS005813,2025-07-13 16:00:00,Y03,842,986
YS005814,2025-07-13 16:00:00,Y04,767,1113
YS005815,2025-07-13 16:00:00,Y05,583,930
YS005816,2025-07-13 16:00:00,Y06,718,1758
YS005817,2025-07-13 16:00:00,Y07,978,1034
YS005818,2025-07-13 16:00:00,Y08,623,1028
YS005819,2025-07-13 16:00:00,Y09,1055,1123
YS005820,2025-07-13 16:00:00,Y10,1307,1339
YS005821,2025-07-14 00:00:00,Y01,1529,1995
YS005822,2025-07-14 00:00:00,Y02,577,1249
YS005823,2025-07-14 00:00:00,Y03,594,986
YS005824,2025-07-14 00:00:00,Y04,1086,1113
YS005825,2025-07-14 00:00:00,Y05,435,930
YS005826,2025-07-14 00:00:00,Y06,1072,1758
YS005827,2025-07-14 00:00:00,Y07,549,1034
YS005828,2025-07-14 00:00:00,Y08,864,1028
YS005829,2025-07-14 00:00:00,Y09,473,1123
YS005830,2025-07-14 00:00:00,Y10,1069,1339
YS005831,2025-07-14 08:00:00,Y01,866,1995
YS005832,2025-07-14 08:00:00,Y02,535,1249
YS005833,2025-07-14 08:00:00,Y03,852,986
YS005834,2025-07-14 08:00:00,Y04,499,1113
YS005835,2025-07-14 08:00:00,Y05,478,930
YS005836,2025-07-14 08:00:00,Y06,1504,1758
YS005837,2025-07-14 08:00:00,Y07,855,1034
YS005838,2025-07-14 08:00:00,Y08,607,1028
YS005839,2025-07-14 08:00:00,Y09,722,1123
YS005840,2025-07-14 08:00:00,Y10,992,1339
YS005841,2025-07-14 16:00:00,Y01,1090,1995
YS005842,2025-07-14 16:00:00,Y02,1219,1249
YS005843,2025-07-14 16:00:00,Y03,454,986
YS005844,2025-07-14 16:00:00,Y04,824,1113
YS005845,2025-07-14 16:00:00,Y05,584,930
YS005846,2025-07-14 16:00:00,Y06,795,1758
YS005847,2025-07-14 16:00:00,Y07,775,1034
YS005848,2025-07-14 16:00:00,Y08,747,1028
YS005849,2025-07-14 16:00:00,Y09,565,1123
YS005850,2025-07-14 16:00:00,Y10,1067,1339
YS005851,2025-07-15 00:00:00,Y01,1117,1995
YS005852,2025-07-15 00:00:00,Y02,671,1249
YS005853,2025-07-15 00:00:00,Y03,728,986
YS005854,2025-07-15 00:00:00,Y04,615,1113
YS005855,2025-07-15 00:00:00,Y05,803,930
YS005856,2025-07-15 00:00:00,Y06,1496,1758
YS005857,2025-07-15 00:00:00,Y07,725,1034
YS005858,2025-07-15 00:00:00,Y08,603,1028
YS005859,2025-07-15 00:00:00,Y09,798,1123
YS005860,2025-07-15 00:00:00,Y10,791,1339
YS005861,2025-07-15 08:00:00,Y01,1087,1995
YS005862,2025-07-15 08:00:00,Y02,992,1249
YS005863,2025-07-15 08:00:00,Y03,590,986
YS005864,2025-07-15 08:00:00,Y04,770,1113
YS005865,2025-07-15 08:00:00,Y05,717,930
YS005866,2025-07-15 08:00:00,Y06,1108,1758
YS005867,2025-07-15 08:00:00,Y07,887,1034
YS005868,2025-07-15 08:00:00,Y08,830,1028
YS005869,2025-07-15 08:00:00,Y09,805,1123
YS005870,2025-07-15 08:00:00,Y10,1037,1339
YS005871,2025-07-15 16:00:00,Y01,1258,1995
YS005872,2025-07-15 16:00:00,Y02,605,1249
YS005873,2025-07-15 16:00:00,Y03,544,986
YS005874,2025-07-15 16:00:00,Y04,834,1113
YS005875,2025-07-15 16:00:00,Y05,527,930
YS005876,2025-07-15 16:00:00,Y06,1546,1758
YS005877,2025-07-15 16:00:00,Y07,438,1034
YS005878,2025-07-15 16:00:00,Y08,819,1028
YS005879,2025-07-15 16:00:00,Y09,906,1123
YS005880,2025-07-15 16:00:00,Y10,1212,1339
YS005881,2025-07-16 00:00:00,Y01,1137,1995
YS005882,2025-07-16 00:00:00,Y02,848,1249
YS005883,2025-07-16 00:00:00,Y03,498,986
YS005884,2025-07-16 00:00:00,Y04,926,1113
YS005885,2025-07-16 00:00:00,Y05,540,930
YS005886,2025-07-16 00:00:00,Y06,1122,1758
YS005887,2025-07-16 00:00:00,Y07,688,1034
YS005888,2025-07-16 00:00:00,Y08,495,1028
YS005889,2025-07-16 00:00:00,Y09,994,1123
YS005890,2025-07-16 00:00:00,Y10,1087,1339
YS005891,2025-07-16 08:00:00,Y01,1454,1995
YS005892,2025-07-16 08:00:00,Y02,1192,1249
YS005893,2025-07-16 08:00:00,Y03,795,986
YS005894,2025-07-16 08:00:00,Y04,636,1113
YS005895,2025-07-16 08:00:00,Y05,696,930
YS005896,2025-07-16 08:00:00,Y06,1421,1758
YS005897,2025-07-16 08:00:00,Y07,887,1034
YS005898,2025-07-16 08:00:00,Y08,862,1028
YS005899,2025-07-16 08:00:00,Y09,555,1123
YS005900,2025-07-16 08:00:00,Y10,672,1339
YS005901,2025-07-16 16:00:00,Y01,1445,1995
YS005902,2025-07-16 16:00:00,Y02,1203,1249
YS005903,2025-07-16 16:00:00,Y03,449,986
YS005904,2025-07-16 16:00:00,Y04,800,1113
YS005905,2025-07-16 16:00:00,Y05,703,930
YS005906,2025-07-16 16:00:00,Y06,1400,1758
YS005907,2025-07-16 16:00:00,Y07,455,1034
YS005908,2025-07-16 16:00:00,Y08,798,1028
YS005909,2025-07-16 16:00:00,Y09,900,1123
YS005910,2025-07-16 16:00:00,Y10,1017,1339
YS005911,2025-07-17 00:00:00,Y01,959,1995
YS005912,2025-07-17 00:00:00,Y02,1173,1249
YS005913,2025-07-17 00:00:00,Y03,590,986
YS005914,2025-07-17 00:00:00,Y04,699,1113
YS005915,2025-07-17 00:00:00,Y05,587,930
YS005916,2025-07-17 00:00:00,Y06,1053,1758
YS005917,2025-07-17 00:00:00,Y07,745,1034
YS005918,2025-07-17 00:00:00,Y08,609,1028
YS005919,2025-07-17 00:00:00,Y09,808,1123
YS005920,2025-07-17 00:00:00,Y10,832,1339
YS005921,2025-07-17 08:00:00,Y01,1215,1995
YS005922,2025-07-17 08:00:00,Y02,614,1249
YS005923,2025-07-17 08:00:00,Y03,880,986
YS005924,2025-07-17 08:00:00,Y04,566,1113
YS005925,2025-07-17 08:00:00,Y05,694,930
YS005926,2025-07-17 08:00:00,Y06,929,1758
YS005927,2025-07-17 08:00:00,Y07,689,1034
YS005928,2025-07-17 08:00:00,Y08,903,1028
YS005929,2025-07-17 08:00:00,Y09,632,1123
YS005930,2025-07-17 08:00:00,Y10,834,1339
YS005931,2025-07-17 16:00:00,Y01,1669,1995
YS005932,2025-07-17 16:00:00,Y02,1198,1249
YS005933,2025-07-17 16:00:00,Y03,608,986
YS005934,2025-07-17 16:00:00,Y04,517,1113
YS005935,2025-07-17 16:00:00,Y05,662,930
YS005936,2025-07-17 16:00:00,Y06,793,1758
YS005937,2025-07-17 16:00:00,Y07,953,1034
YS005938,2025-07-17 16:00:00,Y08,412,1028
YS005939,2025-07-17 16:00:00,Y09,788,1123
YS005940,2025-07-17 16:00:00,Y10,839,1339
YS005941,2025-07-18 00:00:00,Y01,1870,1995
YS005942,2025-07-18 00:00:00,Y02,998,1249
YS005943,2025-07-18 00:00:00,Y03,500,986
YS005944,2025-07-18 00:00:00,Y04,663,1113
YS005945,2025-07-18 00:00:00,Y05,585,930
YS005946,2025-07-18 00:00:00,Y06,1035,1758
YS005947,2025-07-18 00:00:00,Y07,430,1034
YS005948,2025-07-18 00:00:00,Y08,892,1028
YS005949,2025-07-18 00:00:00,Y09,825,1123
YS005950,2025-07-18 00:00:00,Y10,997,1339
YS005951,2025-07-18 08:00:00,Y01,1182,1995
YS005952,2025-07-18 08:00:00,Y02,1188,1249
YS005953,2025-07-18 08:00:00,Y03,467,986
YS005954,2025-07-18 08:00:00,Y04,655,1113
YS005955,2025-07-18 08:00:00,Y05,410,930
YS005956,2025-07-18 08:00:00,Y06,750,1758
YS005957,2025-07-18 08:00:00,Y07,774,1034
YS005958,2025-07-18 08:00:00,Y08,524,1028
YS005959,2025-07-18 08:00:00,Y09,462,1123
YS005960,2025-07-18 08:00:00,Y10,734,1339
YS005961,2025-07-18 16:00:00,Y01,1808,1995
YS005962,2025-07-18 16:00:00,Y02,737,1249
YS005963,2025-07-18 16:00:00,Y03,660,986
YS005964,2025-07-18 16:00:00,Y04,451,1113
YS005965,2025-07-18 16:00:00,Y05,374,930
YS005966,2025-07-18 16:00:00,Y06,871,1758
YS005967,2025-07-18 16:00:00,Y07,725,1034
YS005968,2025-07-18 16:00:00,Y08,747,1028
YS005969,2025-07-18 16:00:00,Y09,1071,1123
YS005970,2025-07-18 16:00:00,Y10,787,1339
YS005971,2025-07-19 00:00:00,Y01,1773,1995
YS005972,2025-07-19 00:00:00,Y02,777,1249
YS005973,2025-07-19 00:00:00,Y03,456,986
YS005974,2025-07-19 00:00:00,Y04,673,1113
YS005975,2025-07-19 00:00:00,Y05,860,930
YS005976,2025-07-19 00:00:00,Y06,758,1758
YS005977,2025-07-19 00:00:00,Y07,881,1034
YS005978,2025-07-19 00:00:00,Y08,933,1028
YS005979,2025-07-19 00:00:00,Y09,802,1123
YS005980,2025-07-19 00:00:00,Y10,709,1339
YS005981,2025-07-19 08:00:00,Y01,1100,1995
YS005982,2025-07-19 08:00:00,Y02,613,1249
YS005983,2025-07-19 08:00:00,Y03,445,986
YS005984,2025-07-19 08:00:00,Y04,626,1113
YS005985,2025-07-19 08:00:00,Y05,600,930
YS005986,2025-07-19 08:00:00,Y06,1443,1758
YS005987,2025-07-19 08:00:00,Y07,674,1034
YS005988,2025-07-19 08:00:00,Y08,582,1028
YS005989,2025-07-19 08:00:00,Y09,1015,1123
YS005990,2025-07-19 08:00:00,Y10,904,1339
YS005991,2025-07-19 16:00:00,Y01,1552,1995
YS005992,2025-07-19 16:00:00,Y02,601,1249
YS005993,2025-07-19 16:00:00,Y03,417,986
YS005994,2025-07-19 16:00:00,Y04,815,1113
YS005995,2025-07-19 16:00:00,Y05,593,930
YS005996,2025-07-19 16:00:00,Y06,1385,1758
YS005997,2025-07-19 16:00:00,Y07,423,1034
YS005998,2025-07-19 16:00:00,Y08,937,1028
YS005999,2025-07-19 16:00:00,Y09,852,1123
YS006000,2025-07-19 16:00:00,Y10,1109,1339
YS006001,2025-07-20 00:00:00,Y01,1576,1995
YS006002,2025-07-20 00:00:00,Y02,1204,1249
YS006003,2025-07-20 00:00:00,Y03,795,986
YS006004,2025-07-20 00:00:00,Y04,506,1113
YS006005,2025-07-20 00:00:00,Y05,690,930
YS006006,2025-07-20 00:00:00,Y06,1368,1758
YS006007,2025-07-20 00:00:00,Y07,862,1034
YS006008,2025-07-20 00:00:00,Y08,827,1028
YS006009,2025-07-20 00:00:00,Y09,1010,1123
YS006010,2025-07-20 00:00:00,Y10,1126,1339
YS006011,2025-07-20 08:00:00,Y01,1281,1995
YS006012,2025-07-20 08:00:00,Y02,908,1249
YS006013,2025-07-20 08:00:00,Y03,832,986
YS006014,2025-07-20 08:00:00,Y04,595,1113
YS006015,2025-07-20 08:00:00,Y05,828,930
YS006016,2025-07-20 08:00:00,Y06,971,1758
YS006017,2025-07-20 08:00:00,Y07,952,1034
YS006018,2025-07-20 08:00:00,Y08,951,1028
YS006019,2025-07-20 08:00:00,Y09,580,1123
YS006020,2025-07-20 08:00:00,Y10,655,1339
YS006021,2025-07-20 16:00:00,Y01,1687,1995
YS006022,2025-07-20 16:00:00,Y02,1118,1249
YS006023,2025-07-20 16:00:00,Y03,708,986
YS006024,2025-07-20 16:00:00,Y04,842,1113
YS006025,2025-07-20 16:00:00,Y05,377,930
YS006026,2025-07-20 16:00:00,Y06,1382,1758
YS006027,2025-07-20 16:00:00,Y07,972,1034
YS006028,2025-07-20 16:00:00,Y08,979,1028
YS006029,2025-07-20 16:00:00,Y09,491,1123
YS006030,2025-07-20 16:00:00,Y10,1159,1339
YS006031,2025-07-21 00:00:00,Y01,1942,1995
YS006032,2025-07-21 00:00:00,Y02,553,1249
YS006033,2025-07-21 00:00:00,Y03,653,986
YS006034,2025-07-21 00:00:00,Y04,891,1113
YS006035,2025-07-21 00:00:00,Y05,579,930
YS006036,2025-07-21 00:00:00,Y06,1193,1758
YS006037,2025-07-21 00:00:00,Y07,1002,1034
YS006038,2025-07-21 00:00:00,Y08,1000,1028
YS006039,2025-07-21 00:00:00,Y09,1059,1123
YS006040,2025-07-21 00:00:00,Y10,1210,1339
YS006041,2025-07-21 08:00:00,Y01,1438,1995
YS006042,2025-07-21 08:00:00,Y02,1220,1249
YS006043,2025-07-21 08:00:00,Y03,630,986
YS006044,2025-07-21 08:00:00,Y04,1090,1113
YS006045,2025-07-21 08:00:00,Y05,605,930
YS006046,2025-07-21 08:00:00,Y06,1717,1758
YS006047,2025-07-21 08:00:00,Y07,623,1034
YS006048,2025-07-21 08:00:00,Y08,693,1028
YS006049,2025-07-21 08:00:00,Y09,892,1123
YS006050,2025-07-21 08:00:00,Y10,915,1339
YS006051,2025-07-21 16:00:00,Y01,1828,1995
YS006052,2025-07-21 16:00:00,Y02,858,1249
YS006053,2025-07-21 16:00:00,Y03,431,986
YS006054,2025-07-21 16:00:00,Y04,733,1113
YS006055,2025-07-21 16:00:00,Y05,500,930
YS006056,2025-07-21 16:00:00,Y06,714,1758
YS006057,2025-07-21 16:00:00,Y07,696,1034
YS006058,2025-07-21 16:00:00,Y08,453,1028
YS006059,2025-07-21 16:00:00,Y09,872,1123
YS006060,2025-07-21 16:00:00,Y10,1218,1339
YS006061,2025-07-22 00:00:00,Y01,1254,1995
YS006062,2025-07-22 00:00:00,Y02,895,1249
YS006063,2025-07-22 00:00:00,Y03,838,986
YS006064,2025-07-22 00:00:00,Y04,488,1113
YS006065,2025-07-22 00:00:00,Y05,871,930
YS006066,2025-07-22 00:00:00,Y06,828,1758
YS006067,2025-07-22 00:00:00,Y07,573,1034
YS006068,2025-07-22 00:00:00,Y08,859,1028
YS006069,2025-07-22 00:00:00,Y09,1012,1123
YS006070,2025-07-22 00:00:00,Y10,1273,1339
YS006071,2025-07-22 08:00:00,Y01,1031,1995
YS006072,2025-07-22 08:00:00,Y02,719,1249
YS006073,2025-07-22 08:00:00,Y03,905,986
YS006074,2025-07-22 08:00:00,Y04,470,1113
YS006075,2025-07-22 08:00:00,Y05,604,930
YS006076,2025-07-22 08:00:00,Y06,1494,1758
YS006077,2025-07-22 08:00:00,Y07,849,1034
YS006078,2025-07-22 08:00:00,Y08,456,1028
YS006079,2025-07-22 08:00:00,Y09,824,1123
YS006080,2025-07-22 08:00:00,Y10,795,1339
YS006081,2025-07-22 16:00:00,Y01,1365,1995
YS006082,2025-07-22 16:00:00,Y02,923,1249
YS006083,2025-07-22 16:00:00,Y03,608,986
YS006084,2025-07-22 16:00:00,Y04,783,1113
YS006085,2025-07-22 16:00:00,Y05,769,930
YS006086,2025-07-22 16:00:00,Y06,1656,1758
YS006087,2025-07-22 16:00:00,Y07,839,1034
YS006088,2025-07-22 16:00:00,Y08,645,1028
YS006089,2025-07-22 16:00:00,Y09,699,1123
YS006090,2025-07-22 16:00:00,Y10,1219,1339
YS006091,2025-07-23 00:00:00,Y01,1917,1995
YS006092,2025-07-23 00:00:00,Y02,843,1249
YS006093,2025-07-23 00:00:00,Y03,811,986
YS006094,2025-07-23 00:00:00,Y04,502,1113
YS006095,2025-07-23 00:00:00,Y05,794,930
YS006096,2025-07-23 00:00:00,Y06,1599,1758
YS006097,2025-07-23 00:00:00,Y07,785,1034
YS006098,2025-07-23 00:00:00,Y08,603,1028
YS006099,2025-07-23 00:00:00,Y09,865,1123
YS006100,2025-07-23 00:00:00,Y10,1120,1339
YS006101,2025-07-23 08:00:00,Y01,1140,1995
YS006102,2025-07-23 08:00:00,Y02,695,1249
YS006103,2025-07-23 08:00:00,Y03,499,986
YS006104,2025-07-23 08:00:00,Y04,1031,1113
YS006105,2025-07-23 08:00:00,Y05,439,930
YS006106,2025-07-23 08:00:00,Y06,1454,1758
YS006107,2025-07-23 08:00:00,Y07,652,1034
YS006108,2025-07-23 08:00:00,Y08,500,1028
YS006109,2025-07-23 08:00:00,Y09,470,1123
YS006110,2025-07-23 08:00:00,Y10,1224,1339
YS006111,2025-07-23 16:00:00,Y01,1911,1995
YS006112,2025-07-23 16:00:00,Y02,528,1249
YS006113,2025-07-23 16:00:00,Y03,549,986
YS006114,2025-07-23 16:00:00,Y04,489,1113
YS006115,2025-07-23 16:00:00,Y05,755,930
YS006116,2025-07-23 16:00:00,Y06,1240,1758
YS006117,2025-07-23 16:00:00,Y07,531,1034
YS006118,2025-07-23 16:00:00,Y08,700,1028
YS006119,2025-07-23 16:00:00,Y09,816,1123
YS006120,2025-07-23 16:00:00,Y10,1237,1339
YS006121,2025-07-24 00:00:00,Y01,1663,1995
YS006122,2025-07-24 00:00:00,Y02,802,1249
YS006123,2025-07-24 00:00:00,Y03,750,986
YS006124,2025-07-24 00:00:00,Y04,838,1113
YS006125,2025-07-24 00:00:00,Y05,460,930
YS006126,2025-07-24 00:00:00,Y06,1653,1758
YS006127,2025-07-24 00:00:00,Y07,794,1034
YS006128,2025-07-24 00:00:00,Y08,804,1028
YS006129,2025-07-24 00:00:00,Y09,947,1123
YS006130,2025-07-24 00:00:00,Y10,572,1339
YS006131,2025-07-24 08:00:00,Y01,1709,1995
YS006132,2025-07-24 08:00:00,Y02,1195,1249
YS006133,2025-07-24 08:00:00,Y03,699,986
YS006134,2025-07-24 08:00:00,Y04,811,1113
YS006135,2025-07-24 08:00:00,Y05,376,930
YS006136,2025-07-24 08:00:00,Y06,1496,1758
YS006137,2025-07-24 08:00:00,Y07,872,1034
YS006138,2025-07-24 08:00:00,Y08,938,1028
YS006139,2025-07-24 08:00:00,Y09,872,1123
YS006140,2025-07-24 08:00:00,Y10,672,1339
YS006141,2025-07-24 16:00:00,Y01,1102,1995
YS006142,2025-07-24 16:00:00,Y02,1068,1249
YS006143,2025-07-24 16:00:00,Y03,869,986
YS006144,2025-07-24 16:00:00,Y04,451,1113
YS006145,2025-07-24 16:00:00,Y05,462,930
YS006146,2025-07-24 16:00:00,Y06,810,1758
YS006147,2025-07-24 16:00:00,Y07,755,1034
YS006148,2025-07-24 16:00:00,Y08,769,1028
YS006149,2025-07-24 16:00:00,Y09,776,1123
YS006150,2025-07-24 16:00:00,Y10,1208,1339
YS006151,2025-07-25 00:00:00,Y01,1135,1995
YS006152,2025-07-25 00:00:00,Y02,1206,1249
YS006153,2025-07-25 00:00:00,Y03,857,986
YS006154,2025-07-25 00:00:00,Y04,466,1113
YS006155,2025-07-25 00:00:00,Y05,615,930
YS006156,2025-07-25 00:00:00,Y06,1154,1758
YS006157,2025-07-25 00:00:00,Y07,900,1034
YS006158,2025-07-25 00:00:00,Y08,970,1028
YS006159,2025-07-25 00:00:00,Y09,1078,1123
YS006160,2025-07-25 00:00:00,Y10,1177,1339
YS006161,2025-07-25 08:00:00,Y01,1105,1995
YS006162,2025-07-25 08:00:00,Y02,1224,1249
YS006163,2025-07-25 08:00:00,Y03,799,986
YS006164,2025-07-25 08:00:00,Y04,633,1113
YS006165,2025-07-25 08:00:00,Y05,566,930
YS006166,2025-07-25 08:00:00,Y06,912,1758
YS006167,2025-07-25 08:00:00,Y07,784,1034
YS006168,2025-07-25 08:00:00,Y08,726,1028
YS006169,2025-07-25 08:00:00,Y09,1070,1123
YS006170,2025-07-25 08:00:00,Y10,1043,1339
YS006171,2025-07-25 16:00:00,Y01,898,1995
YS006172,2025-07-25 16:00:00,Y02,926,1249
YS006173,2025-07-25 16:00:00,Y03,418,986
YS006174,2025-07-25 16:00:00,Y04,473,1113
YS006175,2025-07-25 16:00:00,Y05,542,930
YS006176,2025-07-25 16:00:00,Y06,1652,1758
YS006177,2025-07-25 16:00:00,Y07,462,1034
YS006178,2025-07-25 16:00:00,Y08,687,1028
YS006179,2025-07-25 16:00:00,Y09,778,1123
YS006180,2025-07-25 16:00:00,Y10,702,1339
YS006181,2025-07-26 00:00:00,Y01,1607,1995
YS006182,2025-07-26 00:00:00,Y02,962,1249
YS006183,2025-07-26 00:00:00,Y03,908,986
YS006184,2025-07-26 00:00:00,Y04,536,1113
YS006185,2025-07-26 00:00:00,Y05,911,930
YS006186,2025-07-26 00:00:00,Y06,897,1758
YS006187,2025-07-26 00:00:00,Y07,694,1034
YS006188,2025-07-26 00:00:00,Y08,622,1028
YS006189,2025-07-26 00:00:00,Y09,852,1123
YS006190,2025-07-26 00:00:00,Y10,1145,1339
YS006191,2025-07-26 08:00:00,Y01,1779,1995
YS006192,2025-07-26 08:00:00,Y02,1070,1249
YS006193,2025-07-26 08:00:00,Y03,455,986
YS006194,2025-07-26 08:00:00,Y04,569,1113
YS006195,2025-07-26 08:00:00,Y05,408,930
YS006196,2025-07-26 08:00:00,Y06,1615,1758
YS006197,2025-07-26 08:00:00,Y07,982,1034
YS006198,2025-07-26 08:00:00,Y08,650,1028
YS006199,2025-07-26 08:00:00,Y09,714,1123
YS006200,2025-07-26 08:00:00,Y10,1306,1339
YS006201,2025-07-26 16:00:00,Y01,1323,1995
YS006202,2025-07-26 16:00:00,Y02,977,1249
YS006203,2025-07-26 16:00:00,Y03,568,986
YS006204,2025-07-26 16:00:00,Y04,886,1113
YS006205,2025-07-26 16:00:00,Y05,860,930
YS006206,2025-07-26 16:00:00,Y06,1123,1758
YS006207,2025-07-26 16:00:00,Y07,736,1034
YS006208,2025-07-26 16:00:00,Y08,663,1028
YS006209,2025-07-26 16:00:00,Y09,892,1123
YS006210,2025-07-26 16:00:00,Y10,1309,1339
YS006211,2025-07-27 00:00:00,Y01,1498,1995
YS006212,2025-07-27 00:00:00,Y02,800,1249
YS006213,2025-07-27 00:00:00,Y03,862,986
YS006214,2025-07-27 00:00:00,Y04,937,1113
YS006215,2025-07-27 00:00:00,Y05,665,930
YS006216,2025-07-27 00:00:00,Y06,1616,1758
YS006217,2025-07-27 00:00:00,Y07,1008,1034
YS006218,2025-07-27 00:00:00,Y08,443,1028
YS006219,2025-07-27 00:00:00,Y09,885,1123
YS006220,2025-07-27 00:00:00,Y10,1305,1339
YS006221,2025-07-27 08:00:00,Y01,943,1995
YS006222,2025-07-27 08:00:00,Y02,903,1249
YS006223,2025-07-27 08:00:00,Y03,729,986
YS006224,2025-07-27 08:00:00,Y04,648,1113
YS006225,2025-07-27 08:00:00,Y05,649,930
YS006226,2025-07-27 08:00:00,Y06,1661,1758
YS006227,2025-07-27 08:00:00,Y07,850,1034
YS006228,2025-07-27 08:00:00,Y08,550,1028
YS006229,2025-07-27 08:00:00,Y09,1100,1123
YS006230,2025-07-27 08:00:00,Y10,833,1339
YS006231,2025-07-27 16:00:00,Y01,1793,1995
YS006232,2025-07-27 16:00:00,Y02,584,1249
YS006233,2025-07-27 16:00:00,Y03,425,986
YS006234,2025-07-27 16:00:00,Y04,833,1113
YS006235,2025-07-27 16:00:00,Y05,900,930
YS006236,2025-07-27 16:00:00,Y06,1097,1758
YS006237,2025-07-27 16:00:00,Y07,765,1034
YS006238,2025-07-27 16:00:00,Y08,883,1028
YS006239,2025-07-27 16:00:00,Y09,1025,1123
YS006240,2025-07-27 16:00:00,Y10,835,1339
YS006241,2025-07-28 00:00:00,Y01,1127,1995
YS006242,2025-07-28 00:00:00,Y02,676,1249
YS006243,2025-07-28 00:00:00,Y03,897,986
YS006244,2025-07-28 00:00:00,Y04,465,1113
YS006245,2025-07-28 00:00:00,Y05,474,930
YS006246,2025-07-28 00:00:00,Y06,1057,1758
YS006247,2025-07-28 00:00:00,Y07,906,1034
YS006248,2025-07-28 00:00:00,Y08,801,1028
YS006249,2025-07-28 00:00:00,Y09,887,1123
YS006250,2025-07-28 00:00:00,Y10,1233,1339
YS006251,2025-07-28 08:00:00,Y01,1499,1995
YS006252,2025-07-28 08:00:00,Y02,911,1249
YS006253,2025-07-28 08:00:00,Y03,813,986
YS006254,2025-07-28 08:00:00,Y04,543,1113
YS006255,2025-07-28 08:00:00,Y05,393,930
YS006256,2025-07-28 08:00:00,Y06,1379,1758
YS006257,2025-07-28 08:00:00,Y07,1004,1034
YS006258,2025-07-28 08:00:00,Y08,645,1028
YS006259,2025-07-28 08:00:00,Y09,613,1123
YS006260,2025-07-28 08:00:00,Y10,883,1339
YS006261,2025-07-28 16:00:00,Y01,1224,1995
YS006262,2025-07-28 16:00:00,Y02,856,1249
YS006263,2025-07-28 16:00:00,Y03,676,986
YS006264,2025-07-28 16:00:00,Y04,955,1113
YS006265,2025-07-28 16:00:00,Y05,616,930
YS006266,2025-07-28 16:00:00,Y06,706,1758
YS006267,2025-07-28 16:00:00,Y07,714,1034
YS006268,2025-07-28 16:00:00,Y08,966,1028
YS006269,2025-07-28 16:00:00,Y09,502,1123
YS006270,2025-07-28 16:00:00,Y10,752,1339
YS006271,2025-07-29 00:00:00,Y01,1041,1995
YS006272,2025-07-29 00:00:00,Y02,906,1249
YS006273,2025-07-29 00:00:00,Y03,842,986
YS006274,2025-07-29 00:00:00,Y04,694,1113
YS006275,2025-07-29 00:00:00,Y05,696,930
YS006276,2025-07-29 00:00:00,Y06,1197,1758
YS006277,2025-07-29 00:00:00,Y07,519,1034
YS006278,2025-07-29 00:00:00,Y08,496,1028
YS006279,2025-07-29 00:00:00,Y09,475,1123
YS006280,2025-07-29 00:00:00,Y10,810,1339
YS006281,2025-07-29 08:00:00,Y01,1427,1995
YS006282,2025-07-29 08:00:00,Y02,723,1249
YS006283,2025-07-29 08:00:00,Y03,516,986
YS006284,2025-07-29 08:00:00,Y04,516,1113
YS006285,2025-07-29 08:00:00,Y05,456,930
YS006286,2025-07-29 08:00:00,Y06,846,1758
YS006287,2025-07-29 08:00:00,Y07,674,1034
YS006288,2025-07-29 08:00:00,Y08,961,1028
YS006289,2025-07-29 08:00:00,Y09,494,1123
YS006290,2025-07-29 08:00:00,Y10,862,1339
YS006291,2025-07-29 16:00:00,Y01,1701,1995
YS006292,2025-07-29 16:00:00,Y02,601,1249
YS006293,2025-07-29 16:00:00,Y03,469,986
YS006294,2025-07-29 16:00:00,Y04,977,1113
YS006295,2025-07-29 16:00:00,Y05,716,930
YS006296,2025-07-29 16:00:00,Y06,970,1758
YS006297,2025-07-29 16:00:00,Y07,644,1034
YS006298,2025-07-29 16:00:00,Y08,835,1028
YS006299,2025-07-29 16:00:00,Y09,869,1123
YS006300,2025-07-29 16:00:00,Y10,1072,1339
YS006301,2025-07-30 00:00:00,Y01,1577,1995
YS006302,2025-07-30 00:00:00,Y02,808,1249
YS006303,2025-07-30 00:00:00,Y03,833,986
YS006304,2025-07-30 00:00:00,Y04,726,1113
YS006305,2025-07-30 00:00:00,Y05,619,930
YS006306,2025-07-30 00:00:00,Y06,1247,1758
YS006307,2025-07-30 00:00:00,Y07,961,1034
YS006308,2025-07-30 00:00:00,Y08,488,1028
YS006309,2025-07-30 00:00:00,Y09,598,1123
YS006310,2025-07-30 00:00:00,Y10,740,1339
YS006311,2025-07-30 08:00:00,Y01,1881,1995
YS006312,2025-07-30 08:00:00,Y02,687,1249
YS006313,2025-07-30 08:00:00,Y03,426,986
YS006314,2025-07-30 08:00:00,Y04,576,1113
YS006315,2025-07-30 08:00:00,Y05,765,930
YS006316,2025-07-30 08:00:00,Y06,1605,1758
YS006317,2025-07-30 08:00:00,Y07,732,1034
YS006318,2025-07-30 08:00:00,Y08,698,1028
YS006319,2025-07-30 08:00:00,Y09,653,1123
YS006320,2025-07-30 08:00:00,Y10,551,1339
YS006321,2025-07-30 16:00:00,Y01,1903,1995
YS006322,2025-07-30 16:00:00,Y02,539,1249
YS006323,2025-07-30 16:00:00,Y03,691,986
YS006324,2025-07-30 16:00:00,Y04,908,1113
YS006325,2025-07-30 16:00:00,Y05,862,930
YS006326,2025-07-30 16:00:00,Y06,1537,1758
YS006327,2025-07-30 16:00:00,Y07,635,1034
YS006328,2025-07-30 16:00:00,Y08,554,1028
YS006329,2025-07-30 16:00:00,Y09,1062,1123
YS006330,2025-07-30 16:00:00,Y10,589,1339
YS006331,2025-07-31 00:00:00,Y01,1465,1995
YS006332,2025-07-31 00:00:00,Y02,1190,1249
YS006333,2025-07-31 00:00:00,Y03,789,986
YS006334,2025-07-31 00:00:00,Y04,533,1113
YS006335,2025-07-31 00:00:00,Y05,666,930
YS006336,2025-07-31 00:00:00,Y06,970,1758
YS006337,2025-07-31 00:00:00,Y07,875,1034
YS006338,2025-07-31 00:00:00,Y08,788,1028
YS006339,2025-07-31 00:00:00,Y09,738,1123
YS006340,2025-07-31 00:00:00,Y10,597,1339
YS006341,2025-07-31 08:00:00,Y01,1880,1995
YS006342,2025-07-31 08:00:00,Y02,1047,1249
YS006343,2025-07-31 08:00:00,Y03,843,986
YS006344,2025-07-31 08:00:00,Y04,626,1113
YS006345,2025-07-31 08:00:00,Y05,487,930
YS006346,2025-07-31 08:00:00,Y06,1655,1758
YS006347,2025-07-31 08:00:00,Y07,704,1034
YS006348,2025-07-31 08:00:00,Y08,901,1028
YS006349,2025-07-31 08:00:00,Y09,748,1123
YS006350,2025-07-31 08:00:00,Y10,1024,1339
YS006351,2025-07-31 16:00:00,Y01,1655,1995
YS006352,2025-07-31 16:00:00,Y02,1210,1249
YS006353,2025-07-31 16:00:00,Y03,548,986
YS006354,2025-07-31 16:00:00,Y04,1061,1113
YS006355,2025-07-31 16:00:00,Y05,446,930
YS006356,2025-07-31 16:00:00,Y06,885,1758
YS006357,2025-07-31 16:00:00,Y07,575,1034
YS006358,2025-07-31 16:00:00,Y08,888,1028
YS006359,2025-07-31 16:00:00,Y09,995,1123
YS006360,2025-07-31 16:00:00,Y10,656,1339
YS006361,2025-08-01 00:00:00,Y01,1855,1995
YS006362,2025-08-01 00:00:00,Y02,750,1249
YS006363,2025-08-01 00:00:00,Y03,423,986
YS006364,2025-08-01 00:00:00,Y04,571,1113
YS006365,2025-08-01 00:00:00,Y05,494,930
YS006366,2025-08-01 00:00:00,Y06,1130,1758
YS006367,2025-08-01 00:00:00,Y07,460,1034
YS006368,2025-08-01 00:00:00,Y08,489,1028
YS006369,2025-08-01 00:00:00,Y09,887,1123
YS006370,2025-08-01 00:00:00,Y10,594,1339
YS006371,2025-08-01 08:00:00,Y01,1469,1995
YS006372,2025-08-01 08:00:00,Y02,878,1249
YS006373,2025-08-01 08:00:00,Y03,696,986
YS006374,2025-08-01 08:00:00,Y04,823,1113
YS006375,2025-08-01 08:00:00,Y05,836,930
YS006376,2025-08-01 08:00:00,Y06,1035,1758
YS006377,2025-08-01 08:00:00,Y07,886,1034
YS006378,2025-08-01 08:00:00,Y08,479,1028
YS006379,2025-08-01 08:00:00,Y09,492,1123
YS006380,2025-08-01 08:00:00,Y10,568,1339
YS006381,2025-08-01 16:00:00,Y01,1273,1995
YS006382,2025-08-01 16:00:00,Y02,1027,1249
YS006383,2025-08-01 16:00:00,Y03,456,986
YS006384,2025-08-01 16:00:00,Y04,685,1113
YS006385,2025-08-01 16:00:00,Y05,799,930
YS006386,2025-08-01 16:00:00,Y06,1392,1758
YS006387,2025-08-01 16:00:00,Y07,715,1034
YS006388,2025-08-01 16:00:00,Y08,834,1028
YS006389,2025-08-01 16:00:00,Y09,944,1123
YS006390,2025-08-01 16:00:00,Y10,541,1339
YS006391,2025-08-02 00:00:00,Y01,1916,1995
YS006392,2025-08-02 00:00:00,Y02,899,1249
YS006393,2025-08-02 00:00:00,Y03,676,986
YS006394,2025-08-02 00:00:00,Y04,537,1113
YS006395,2025-08-02 00:00:00,Y05,550,930
YS006396,2025-08-02 00:00:00,Y06,1538,1758
YS006397,2025-08-02 00:00:00,Y07,606,1034
YS006398,2025-08-02 00:00:00,Y08,486,1028
YS006399,2025-08-02 00:00:00,Y09,985,1123
YS006400,2025-08-02 00:00:00,Y10,967,1339
YS006401,2025-08-02 08:00:00,Y01,1486,1995
YS006402,2025-08-02 08:00:00,Y02,647,1249
YS006403,2025-08-02 08:00:00,Y03,669,986
YS006404,2025-08-02 08:00:00,Y04,678,1113
YS006405,2025-08-02 08:00:00,Y05,841,930
YS006406,2025-08-02 08:00:00,Y06,1599,1758
YS006407,2025-08-02 08:00:00,Y07,727,1034
YS006408,2025-08-02 08:00:00,Y08,845,1028
YS006409,2025-08-02 08:00:00,Y09,516,1123
YS006410,2025-08-02 08:00:00,Y10,564,1339
YS006411,2025-08-02 16:00:00,Y01,805,1995
YS006412,2025-08-02 16:00:00,Y02,1202,1249
YS006413,2025-08-02 16:00:00,Y03,662,986
YS006414,2025-08-02 16:00:00,Y04,713,1113
YS006415,2025-08-02 16:00:00,Y05,414,930
YS006416,2025-08-02 16:00:00,Y06,1321,1758
YS006417,2025-08-02 16:00:00,Y07,416,1034
YS006418,2025-08-02 16:00:00,Y08,718,1028
YS006419,2025-08-02 16:00:00,Y09,716,1123
YS006420,2025-08-02 16:00:00,Y10,649,1339
YS006421,2025-08-03 00:00:00,Y01,832,1995
YS006422,2025-08-03 00:00:00,Y02,603,1249
YS006423,2025-08-03 00:00:00,Y03,826,986
YS006424,2025-08-03 00:00:00,Y04,980,1113
YS006425,2025-08-03 00:00:00,Y05,601,930
YS006426,2025-08-03 00:00:00,Y06,1547,1758
YS006427,2025-08-03 00:00:00,Y07,470,1034
YS006428,2025-08-03 00:00:00,Y08,794,1028
YS006429,2025-08-03 00:00:00,Y09,969,1123
YS006430,2025-08-03 00:00:00,Y10,883,1339
YS006431,2025-08-03 08:00:00,Y01,1894,1995
YS006432,2025-08-03 08:00:00,Y02,829,1249
YS006433,2025-08-03 08:00:00,Y03,910,986
YS006434,2025-08-03 08:00:00,Y04,1032,1113
YS006435,2025-08-03 08:00:00,Y05,673,930
YS006436,2025-08-03 08:00:00,Y06,820,1758
YS006437,2025-08-03 08:00:00,Y07,719,1034
YS006438,2025-08-03 08:00:00,Y08,499,1028
YS006439,2025-08-03 08:00:00,Y09,820,1123
YS006440,2025-08-03 08:00:00,Y10,1270,1339
YS006441,2025-08-03 16:00:00,Y01,1373,1995
YS006442,2025-08-03 16:00:00,Y02,928,1249
YS006443,2025-08-03 16:00:00,Y03,528,986
YS006444,2025-08-03 16:00:00,Y04,1004,1113
YS006445,2025-08-03 16:00:00,Y05,623,930
YS006446,2025-08-03 16:00:00,Y06,1306,1758
YS006447,2025-08-03 16:00:00,Y07,447,1034
YS006448,2025-08-03 16:00:00,Y08,668,1028
YS006449,2025-08-03 16:00:00,Y09,654,1123
YS006450,2025-08-03 16:00:00,Y10,994,1339
YS006451,2025-08-04 00:00:00,Y01,1179,1995
YS006452,2025-08-04 00:00:00,Y02,938,1249
YS006453,2025-08-04 00:00:00,Y03,622,986
YS006454,2025-08-04 00:00:00,Y04,463,1113
YS006455,2025-08-04 00:00:00,Y05,729,930
YS006456,2025-08-04 00:00:00,Y06,801,1758
YS006457,2025-08-04 00:00:00,Y07,751,1034
YS006458,2025-08-04 00:00:00,Y08,575,1028
YS006459,2025-08-04 00:00:00,Y09,750,1123
YS006460,2025-08-04 00:00:00,Y10,797,1339
YS006461,2025-08-04 08:00:00,Y01,1069,1995
YS006462,2025-08-04 08:00:00,Y02,943,1249
YS006463,2025-08-04 08:00:00,Y03,670,986
YS006464,2025-08-04 08:00:00,Y04,667,1113
YS006465,2025-08-04 08:00:00,Y05,705,930
YS006466,2025-08-04 08:00:00,Y06,838,1758
YS006467,2025-08-04 08:00:00,Y07,932,1034
YS006468,2025-08-04 08:00:00,Y08,532,1028
YS006469,2025-08-04 08:00:00,Y09,564,1123
YS006470,2025-08-04 08:00:00,Y10,1294,1339
YS006471,2025-08-04 16:00:00,Y01,1365,1995
YS006472,2025-08-04 16:00:00,Y02,875,1249
YS006473,2025-08-04 16:00:00,Y03,698,986
YS006474,2025-08-04 16:00:00,Y04,664,1113
YS006475,2025-08-04 16:00:00,Y05,394,930
YS006476,2025-08-04 16:00:00,Y06,1385,1758
YS006477,2025-08-04 16:00:00,Y07,988,1034
YS006478,2025-08-04 16:00:00,Y08,422,1028
YS006479,2025-08-04 16:00:00,Y09,849,1123
YS006480,2025-08-04 16:00:00,Y10,610,1339
YS006481,2025-08-05 00:00:00,Y01,1085,1995
YS006482,2025-08-05 00:00:00,Y02,1134,1249
YS006483,2025-08-05 00:00:00,Y03,953,986
YS006484,2025-08-05 00:00:00,Y04,1014,1113
YS006485,2025-08-05 00:00:00,Y05,718,930
YS006486,2025-08-05 00:00:00,Y06,1149,1758
YS006487,2025-08-05 00:00:00,Y07,772,1034
YS006488,2025-08-05 00:00:00,Y08,990,1028
YS006489,2025-08-05 00:00:00,Y09,840,1123
YS006490,2025-08-05 00:00:00,Y10,885,1339
YS006491,2025-08-05 08:00:00,Y01,1877,1995
YS006492,2025-08-05 08:00:00,Y02,621,1249
YS006493,2025-08-05 08:00:00,Y03,830,986
YS006494,2025-08-05 08:00:00,Y04,807,1113
YS006495,2025-08-05 08:00:00,Y05,379,930
YS006496,2025-08-05 08:00:00,Y06,1367,1758
YS006497,2025-08-05 08:00:00,Y07,529,1034
YS006498,2025-08-05 08:00:00,Y08,721,1028
YS006499,2025-08-05 08:00:00,Y09,786,1123
YS006500,2025-08-05 08:00:00,Y10,539,1339
YS006501,2025-08-05 16:00:00,Y01,1037,1995
YS006502,2025-08-05 16:00:00,Y02,1208,1249
YS006503,2025-08-05 16:00:00,Y03,826,986
YS006504,2025-08-05 16:00:00,Y04,581,1113
YS006505,2025-08-05 16:00:00,Y05,583,930
YS006506,2025-08-05 16:00:00,Y06,1400,1758
YS006507,2025-08-05 16:00:00,Y07,545,1034
YS006508,2025-08-05 16:00:00,Y08,516,1028
YS006509,2025-08-05 16:00:00,Y09,881,1123
YS006510,2025-08-05 16:00:00,Y10,1164,1339
YS006511,2025-08-06 00:00:00,Y01,1728,1995
YS006512,2025-08-06 00:00:00,Y02,1092,1249
YS006513,2025-08-06 00:00:00,Y03,687,986
YS006514,2025-08-06 00:00:00,Y04,1023,1113
YS006515,2025-08-06 00:00:00,Y05,615,930
YS006516,2025-08-06 00:00:00,Y06,1369,1758
YS006517,2025-08-06 00:00:00,Y07,848,1034
YS006518,2025-08-06 00:00:00,Y08,868,1028
YS006519,2025-08-06 00:00:00,Y09,866,1123
YS006520,2025-08-06 00:00:00,Y10,1109,1339
YS006521,2025-08-06 08:00:00,Y01,1671,1995
YS006522,2025-08-06 08:00:00,Y02,595,1249
YS006523,2025-08-06 08:00:00,Y03,594,986
YS006524,2025-08-06 08:00:00,Y04,513,1113
YS006525,2025-08-06 08:00:00,Y05,518,930
YS006526,2025-08-06 08:00:00,Y06,1081,1758
YS006527,2025-08-06 08:00:00,Y07,435,1034
YS006528,2025-08-06 08:00:00,Y08,932,1028
YS006529,2025-08-06 08:00:00,Y09,867,1123
YS006530,2025-08-06 08:00:00,Y10,834,1339
YS006531,2025-08-06 16:00:00,Y01,1271,1995
YS006532,2025-08-06 16:00:00,Y02,1044,1249
YS006533,2025-08-06 16:00:00,Y03,578,986
YS006534,2025-08-06 16:00:00,Y04,457,1113
YS006535,2025-08-06 16:00:00,Y05,749,930
YS006536,2025-08-06 16:00:00,Y06,831,1758
YS006537,2025-08-06 16:00:00,Y07,814,1034
YS006538,2025-08-06 16:00:00,Y08,686,1028
YS006539,2025-08-06 16:00:00,Y09,704,1123
YS006540,2025-08-06 16:00:00,Y10,1273,1339
YS006541,2025-08-07 00:00:00,Y01,1538,1995
YS006542,2025-08-07 00:00:00,Y02,931,1249
YS006543,2025-08-07 00:00:00,Y03,549,986
YS006544,2025-08-07 00:00:00,Y04,473,1113
YS006545,2025-08-07 00:00:00,Y05,482,930
YS006546,2025-08-07 00:00:00,Y06,1175,1758
YS006547,2025-08-07 00:00:00,Y07,846,1034
YS006548,2025-08-07 00:00:00,Y08,575,1028
YS006549,2025-08-07 00:00:00,Y09,756,1123
YS006550,2025-08-07 00:00:00,Y10,791,1339
YS006551,2025-08-07 08:00:00,Y01,980,1995
YS006552,2025-08-07 08:00:00,Y02,797,1249
YS006553,2025-08-07 08:00:00,Y03,899,986
YS006554,2025-08-07 08:00:00,Y04,877,1113
YS006555,2025-08-07 08:00:00,Y05,836,930
YS006556,2025-08-07 08:00:00,Y06,1450,1758
YS006557,2025-08-07 08:00:00,Y07,746,1034
YS006558,2025-08-07 08:00:00,Y08,710,1028
YS006559,2025-08-07 08:00:00,Y09,779,1123
YS006560,2025-08-07 08:00:00,Y10,1211,1339
YS006561,2025-08-07 16:00:00,Y01,1205,1995
YS006562,2025-08-07 16:00:00,Y02,590,1249
YS006563,2025-08-07 16:00:00,Y03,816,986
YS006564,2025-08-07 16:00:00,Y04,994,1113
YS006565,2025-08-07 16:00:00,Y05,877,930
YS006566,2025-08-07 16:00:00,Y06,1637,1758
YS006567,2025-08-07 16:00:00,Y07,553,1034
YS006568,2025-08-07 16:00:00,Y08,923,1028
YS006569,2025-08-07 16:00:00,Y09,1053,1123
YS006570,2025-08-07 16:00:00,Y10,1049,1339
YS006571,2025-08-08 00:00:00,Y01,948,1995
YS006572,2025-08-08 00:00:00,Y02,1019,1249
YS006573,2025-08-08 00:00:00,Y03,569,986
YS006574,2025-08-08 00:00:00,Y04,986,1113
YS006575,2025-08-08 00:00:00,Y05,815,930
YS006576,2025-08-08 00:00:00,Y06,1000,1758
YS006577,2025-08-08 00:00:00,Y07,647,1034
YS006578,2025-08-08 00:00:00,Y08,425,1028
YS006579,2025-08-08 00:00:00,Y09,505,1123
YS006580,2025-08-08 00:00:00,Y10,964,1339
YS006581,2025-08-08 08:00:00,Y01,1230,1995
YS006582,2025-08-08 08:00:00,Y02,636,1249
YS006583,2025-08-08 08:00:00,Y03,627,986
YS006584,2025-08-08 08:00:00,Y04,720,1113
YS006585,2025-08-08 08:00:00,Y05,519,930
YS006586,2025-08-08 08:00:00,Y06,1060,1758
YS006587,2025-08-08 08:00:00,Y07,986,1034
YS006588,2025-08-08 08:00:00,Y08,498,1028
YS006589,2025-08-08 08:00:00,Y09,651,1123
YS006590,2025-08-08 08:00:00,Y10,952,1339
YS006591,2025-08-08 16:00:00,Y01,1783,1995
YS006592,2025-08-08 16:00:00,Y02,882,1249
YS006593,2025-08-08 16:00:00,Y03,571,986
YS006594,2025-08-08 16:00:00,Y04,539,1113
YS006595,2025-08-08 16:00:00,Y05,560,930
YS006596,2025-08-08 16:00:00,Y06,1392,1758
YS006597,2025-08-08 16:00:00,Y07,702,1034
YS006598,2025-08-08 16:00:00,Y08,499,1028
YS006599,2025-08-08 16:00:00,Y09,459,1123
YS006600,2025-08-08 16:00:00,Y10,604,1339
YS006601,2025-08-09 00:00:00,Y01,831,1995
YS006602,2025-08-09 00:00:00,Y02,513,1249
YS006603,2025-08-09 00:00:00,Y03,581,986
YS006604,2025-08-09 00:00:00,Y04,467,1113
YS006605,2025-08-09 00:00:00,Y05,504,930
YS006606,2025-08-09 00:00:00,Y06,1553,1758
YS006607,2025-08-09 00:00:00,Y07,814,1034
YS006608,2025-08-09 00:00:00,Y08,772,1028
YS006609,2025-08-09 00:00:00,Y09,691,1123
YS006610,2025-08-09 00:00:00,Y10,1241,1339
YS006611,2025-08-09 08:00:00,Y01,909,1995
YS006612,2025-08-09 08:00:00,Y02,997,1249
YS006613,2025-08-09 08:00:00,Y03,964,986
YS006614,2025-08-09 08:00:00,Y04,960,1113
YS006615,2025-08-09 08:00:00,Y05,403,930
YS006616,2025-08-09 08:00:00,Y06,1183,1758
YS006617,2025-08-09 08:00:00,Y07,631,1034
YS006618,2025-08-09 08:00:00,Y08,517,1028
YS006619,2025-08-09 08:00:00,Y09,876,1123
YS006620,2025-08-09 08:00:00,Y10,643,1339
YS006621,2025-08-09 16:00:00,Y01,913,1995
YS006622,2025-08-09 16:00:00,Y02,632,1249
YS006623,2025-08-09 16:00:00,Y03,877,986
YS006624,2025-08-09 16:00:00,Y04,459,1113
YS006625,2025-08-09 16:00:00,Y05,573,930
YS006626,2025-08-09 16:00:00,Y06,1428,1758
YS006627,2025-08-09 16:00:00,Y07,881,1034
YS006628,2025-08-09 16:00:00,Y08,987,1028
YS006629,2025-08-09 16:00:00,Y09,698,1123
YS006630,2025-08-09 16:00:00,Y10,1260,1339
YS006631,2025-08-10 00:00:00,Y01,1478,1995
YS006632,2025-08-10 00:00:00,Y02,701,1249
YS006633,2025-08-10 00:00:00,Y03,861,986
YS006634,2025-08-10 00:00:00,Y04,522,1113
YS006635,2025-08-10 00:00:00,Y05,507,930
YS006636,2025-08-10 00:00:00,Y06,1680,1758
YS006637,2025-08-10 00:00:00,Y07,942,1034
YS006638,2025-08-10 00:00:00,Y08,425,1028
YS006639,2025-08-10 00:00:00,Y09,477,1123
YS006640,2025-08-10 00:00:00,Y10,1140,1339
YS006641,2025-08-10 08:00:00,Y01,1097,1995
YS006642,2025-08-10 08:00:00,Y02,506,1249
YS006643,2025-08-10 08:00:00,Y03,849,986
YS006644,2025-08-10 08:00:00,Y04,933,1113
YS006645,2025-08-10 08:00:00,Y05,519,930
YS006646,2025-08-10 08:00:00,Y06,1701,1758
YS006647,2025-08-10 08:00:00,Y07,756,1034
YS006648,2025-08-10 08:00:00,Y08,636,1028
YS006649,2025-08-10 08:00:00,Y09,823,1123
YS006650,2025-08-10 08:00:00,Y10,974,1339
YS006651,2025-08-10 16:00:00,Y01,1489,1995
YS006652,2025-08-10 16:00:00,Y02,525,1249
YS006653,2025-08-10 16:00:00,Y03,520,986
YS006654,2025-08-10 16:00:00,Y04,476,1113
YS006655,2025-08-10 16:00:00,Y05,576,930
YS006656,2025-08-10 16:00:00,Y06,1113,1758
YS006657,2025-08-10 16:00:00,Y07,965,1034
YS006658,2025-08-10 16:00:00,Y08,962,1028
YS006659,2025-08-10 16:00:00,Y09,453,1123
YS006660,2025-08-10 16:00:00,Y10,1106,1339
YS006661,2025-08-11 00:00:00,Y01,1830,1995
YS006662,2025-08-11 00:00:00,Y02,684,1249
YS006663,2025-08-11 00:00:00,Y03,721,986
YS006664,2025-08-11 00:00:00,Y04,1072,1113
YS006665,2025-08-11 00:00:00,Y05,729,930
YS006666,2025-08-11 00:00:00,Y06,806,1758
YS006667,2025-08-11 00:00:00,Y07,800,1034
YS006668,2025-08-11 00:00:00,Y08,528,1028
YS006669,2025-08-11 00:00:00,Y09,965,1123
YS006670,2025-08-11 00:00:00,Y10,754,1339
YS006671,2025-08-11 08:00:00,Y01,1155,1995
YS006672,2025-08-11 08:00:00,Y02,714,1249
YS006673,2025-08-11 08:00:00,Y03,439,986
YS006674,2025-08-11 08:00:00,Y04,501,1113
YS006675,2025-08-11 08:00:00,Y05,642,930
YS006676,2025-08-11 08:00:00,Y06,750,1758
YS006677,2025-08-11 08:00:00,Y07,433,1034
YS006678,2025-08-11 08:00:00,Y08,605,1028
YS006679,2025-08-11 08:00:00,Y09,578,1123
YS006680,2025-08-11 08:00:00,Y10,714,1339
YS006681,2025-08-11 16:00:00,Y01,805,1995
YS006682,2025-08-11 16:00:00,Y02,928,1249
YS006683,2025-08-11 16:00:00,Y03,526,986
YS006684,2025-08-11 16:00:00,Y04,644,1113
YS006685,2025-08-11 16:00:00,Y05,875,930
YS006686,2025-08-11 16:00:00,Y06,837,1758
YS006687,2025-08-11 16:00:00,Y07,698,1034
YS006688,2025-08-11 16:00:00,Y08,430,1028
YS006689,2025-08-11 16:00:00,Y09,964,1123
YS006690,2025-08-11 16:00:00,Y10,943,1339
YS006691,2025-08-12 00:00:00,Y01,1942,1995
YS006692,2025-08-12 00:00:00,Y02,1214,1249
YS006693,2025-08-12 00:00:00,Y03,428,986
YS006694,2025-08-12 00:00:00,Y04,946,1113
YS006695,2025-08-12 00:00:00,Y05,757,930
YS006696,2025-08-12 00:00:00,Y06,1107,1758
YS006697,2025-08-12 00:00:00,Y07,711,1034
YS006698,2025-08-12 00:00:00,Y08,866,1028
YS006699,2025-08-12 00:00:00,Y09,800,1123
YS006700,2025-08-12 00:00:00,Y10,1206,1339
YS006701,2025-08-12 08:00:00,Y01,1404,1995
YS006702,2025-08-12 08:00:00,Y02,651,1249
YS006703,2025-08-12 08:00:00,Y03,907,986
YS006704,2025-08-12 08:00:00,Y04,699,1113
YS006705,2025-08-12 08:00:00,Y05,517,930
YS006706,2025-08-12 08:00:00,Y06,895,1758
YS006707,2025-08-12 08:00:00,Y07,498,1034
YS006708,2025-08-12 08:00:00,Y08,418,1028
YS006709,2025-08-12 08:00:00,Y09,592,1123
YS006710,2025-08-12 08:00:00,Y10,681,1339
YS006711,2025-08-12 16:00:00,Y01,1349,1995
YS006712,2025-08-12 16:00:00,Y02,1156,1249
YS006713,2025-08-12 16:00:00,Y03,569,986
YS006714,2025-08-12 16:00:00,Y04,795,1113
YS006715,2025-08-12 16:00:00,Y05,599,930
YS006716,2025-08-12 16:00:00,Y06,1330,1758
YS006717,2025-08-12 16:00:00,Y07,579,1034
YS006718,2025-08-12 16:00:00,Y08,890,1028
YS006719,2025-08-12 16:00:00,Y09,968,1123
YS006720,2025-08-12 16:00:00,Y10,1250,1339
YS006721,2025-08-13 00:00:00,Y01,1453,1995
YS006722,2025-08-13 00:00:00,Y02,967,1249
YS006723,2025-08-13 00:00:00,Y03,689,986
YS006724,2025-08-13 00:00:00,Y04,1030,1113
YS006725,2025-08-13 00:00:00,Y05,471,930
YS006726,2025-08-13 00:00:00,Y06,718,1758
YS006727,2025-08-13 00:00:00,Y07,872,1034
YS006728,2025-08-13 00:00:00,Y08,514,1028
YS006729,2025-08-13 00:00:00,Y09,1017,1123
YS006730,2025-08-13 00:00:00,Y10,1176,1339
YS006731,2025-08-13 08:00:00,Y01,1354,1995
YS006732,2025-08-13 08:00:00,Y02,893,1249
YS006733,2025-08-13 08:00:00,Y03,507,986
YS006734,2025-08-13 08:00:00,Y04,503,1113
YS006735,2025-08-13 08:00:00,Y05,660,930
YS006736,2025-08-13 08:00:00,Y06,774,1758
YS006737,2025-08-13 08:00:00,Y07,561,1034
YS006738,2025-08-13 08:00:00,Y08,649,1028
YS006739,2025-08-13 08:00:00,Y09,742,1123
YS006740,2025-08-13 08:00:00,Y10,689,1339
YS006741,2025-08-13 16:00:00,Y01,1068,1995
YS006742,2025-08-13 16:00:00,Y02,873,1249
YS006743,2025-08-13 16:00:00,Y03,735,986
YS006744,2025-08-13 16:00:00,Y04,730,1113
YS006745,2025-08-13 16:00:00,Y05,588,930
YS006746,2025-08-13 16:00:00,Y06,1448,1758
YS006747,2025-08-13 16:00:00,Y07,542,1034
YS006748,2025-08-13 16:00:00,Y08,758,1028
YS006749,2025-08-13 16:00:00,Y09,570,1123
YS006750,2025-08-13 16:00:00,Y10,836,1339
YS006751,2025-08-14 00:00:00,Y01,1146,1995
YS006752,2025-08-14 00:00:00,Y02,650,1249
YS006753,2025-08-14 00:00:00,Y03,854,986
YS006754,2025-08-14 00:00:00,Y04,731,1113
YS006755,2025-08-14 00:00:00,Y05,851,930
YS006756,2025-08-14 00:00:00,Y06,1678,1758
YS006757,2025-08-14 00:00:00,Y07,692,1034
YS006758,2025-08-14 00:00:00,Y08,791,1028
YS006759,2025-08-14 00:00:00,Y09,583,1123
YS006760,2025-08-14 00:00:00,Y10,970,1339
YS006761,2025-08-14 08:00:00,Y01,1013,1995
YS006762,2025-08-14 08:00:00,Y02,780,1249
YS006763,2025-08-14 08:00:00,Y03,854,986
YS006764,2025-08-14 08:00:00,Y04,817,1113
YS006765,2025-08-14 08:00:00,Y05,818,930
YS006766,2025-08-14 08:00:00,Y06,1241,1758
YS006767,2025-08-14 08:00:00,Y07,590,1034
YS006768,2025-08-14 08:00:00,Y08,540,1028
YS006769,2025-08-14 08:00:00,Y09,679,1123
YS006770,2025-08-14 08:00:00,Y10,1172,1339
YS006771,2025-08-14 16:00:00,Y01,1633,1995
YS006772,2025-08-14 16:00:00,Y02,1025,1249
YS006773,2025-08-14 16:00:00,Y03,422,986
YS006774,2025-08-14 16:00:00,Y04,777,1113
YS006775,2025-08-14 16:00:00,Y05,456,930
YS006776,2025-08-14 16:00:00,Y06,1142,1758
YS006777,2025-08-14 16:00:00,Y07,485,1034
YS006778,2025-08-14 16:00:00,Y08,956,1028
YS006779,2025-08-14 16:00:00,Y09,726,1123
YS006780,2025-08-14 16:00:00,Y10,1058,1339
YS006781,2025-08-15 00:00:00,Y01,1309,1995
YS006782,2025-08-15 00:00:00,Y02,1027,1249
YS006783,2025-08-15 00:00:00,Y03,799,986
YS006784,2025-08-15 00:00:00,Y04,807,1113
YS006785,2025-08-15 00:00:00,Y05,407,930
YS006786,2025-08-15 00:00:00,Y06,1286,1758
YS006787,2025-08-15 00:00:00,Y07,961,1034
YS006788,2025-08-15 00:00:00,Y08,523,1028
YS006789,2025-08-15 00:00:00,Y09,876,1123
YS006790,2025-08-15 00:00:00,Y10,1219,1339
YS006791,2025-08-15 08:00:00,Y01,1245,1995
YS006792,2025-08-15 08:00:00,Y02,575,1249
YS006793,2025-08-15 08:00:00,Y03,918,986
YS006794,2025-08-15 08:00:00,Y04,483,1113
YS006795,2025-08-15 08:00:00,Y05,734,930
YS006796,2025-08-15 08:00:00,Y06,1547,1758
YS006797,2025-08-15 08:00:00,Y07,990,1034
YS006798,2025-08-15 08:00:00,Y08,776,1028
YS006799,2025-08-15 08:00:00,Y09,850,1123
YS006800,2025-08-15 08:00:00,Y10,812,1339
YS006801,2025-08-15 16:00:00,Y01,1750,1995
YS006802,2025-08-15 16:00:00,Y02,620,1249
YS006803,2025-08-15 16:00:00,Y03,917,986
YS006804,2025-08-15 16:00:00,Y04,795,1113
YS006805,2025-08-15 16:00:00,Y05,821,930
YS006806,2025-08-15 16:00:00,Y06,914,1758
YS006807,2025-08-15 16:00:00,Y07,730,1034
YS006808,2025-08-15 16:00:00,Y08,715,1028
YS006809,2025-08-15 16:00:00,Y09,496,1123
YS006810,2025-08-15 16:00:00,Y10,847,1339
YS006811,2025-08-16 00:00:00,Y01,836,1995
YS006812,2025-08-16 00:00:00,Y02,572,1249
YS006813,2025-08-16 00:00:00,Y03,441,986
YS006814,2025-08-16 00:00:00,Y04,1027,1113
YS006815,2025-08-16 00:00:00,Y05,836,930
YS006816,2025-08-16 00:00:00,Y06,767,1758
YS006817,2025-08-16 00:00:00,Y07,971,1034
YS006818,2025-08-16 00:00:00,Y08,422,1028
YS006819,2025-08-16 00:00:00,Y09,465,1123
YS006820,2025-08-16 00:00:00,Y10,722,1339
YS006821,2025-08-16 08:00:00,Y01,1481,1995
YS006822,2025-08-16 08:00:00,Y02,1028,1249
YS006823,2025-08-16 08:00:00,Y03,404,986
YS006824,2025-08-16 08:00:00,Y04,1067,1113
YS006825,2025-08-16 08:00:00,Y05,773,930
YS006826,2025-08-16 08:00:00,Y06,1150,1758
YS006827,2025-08-16 08:00:00,Y07,982,1034
YS006828,2025-08-16 08:00:00,Y08,676,1028
YS006829,2025-08-16 08:00:00,Y09,743,1123
YS006830,2025-08-16 08:00:00,Y10,1188,1339
YS006831,2025-08-16 16:00:00,Y01,1734,1995
YS006832,2025-08-16 16:00:00,Y02,1040,1249
YS006833,2025-08-16 16:00:00,Y03,930,986
YS006834,2025-08-16 16:00:00,Y04,905,1113
YS006835,2025-08-16 16:00:00,Y05,714,930
YS006836,2025-08-16 16:00:00,Y06,1628,1758
YS006837,2025-08-16 16:00:00,Y07,941,1034
YS006838,2025-08-16 16:00:00,Y08,482,1028
YS006839,2025-08-16 16:00:00,Y09,736,1123
YS006840,2025-08-16 16:00:00,Y10,543,1339
YS006841,2025-08-17 00:00:00,Y01,1377,1995
YS006842,2025-08-17 00:00:00,Y02,1178,1249
YS006843,2025-08-17 00:00:00,Y03,729,986
YS006844,2025-08-17 00:00:00,Y04,989,1113
YS006845,2025-08-17 00:00:00,Y05,572,930
YS006846,2025-08-17 00:00:00,Y06,774,1758
YS006847,2025-08-17 00:00:00,Y07,879,1034
YS006848,2025-08-17 00:00:00,Y08,593,1028
YS006849,2025-08-17 00:00:00,Y09,875,1123
YS006850,2025-08-17 00:00:00,Y10,1124,1339
YS006851,2025-08-17 08:00:00,Y01,1272,1995
YS006852,2025-08-17 08:00:00,Y02,853,1249
YS006853,2025-08-17 08:00:00,Y03,562,986
YS006854,2025-08-17 08:00:00,Y04,489,1113
YS006855,2025-08-17 08:00:00,Y05,489,930
YS006856,2025-08-17 08:00:00,Y06,772,1758
YS006857,2025-08-17 08:00:00,Y07,766,1034
YS006858,2025-08-17 08:00:00,Y08,770,1028
YS006859,2025-08-17 08:00:00,Y09,699,1123
YS006860,2025-08-17 08:00:00,Y10,536,1339
YS006861,2025-08-17 16:00:00,Y01,1439,1995
YS006862,2025-08-17 16:00:00,Y02,917,1249
YS006863,2025-08-17 16:00:00,Y03,458,986
YS006864,2025-08-17 16:00:00,Y04,950,1113
YS006865,2025-08-17 16:00:00,Y05,685,930
YS006866,2025-08-17 16:00:00,Y06,1086,1758
YS006867,2025-08-17 16:00:00,Y07,991,1034
YS006868,2025-08-17 16:00:00,Y08,720,1028
YS006869,2025-08-17 16:00:00,Y09,648,1123
YS006870,2025-08-17 16:00:00,Y10,808,1339
YS006871,2025-08-18 00:00:00,Y01,1139,1995
YS006872,2025-08-18 00:00:00,Y02,1155,1249
YS006873,2025-08-18 00:00:00,Y03,867,986
YS006874,2025-08-18 00:00:00,Y04,852,1113
YS006875,2025-08-18 00:00:00,Y05,641,930
YS006876,2025-08-18 00:00:00,Y06,1233,1758
YS006877,2025-08-18 00:00:00,Y07,486,1034
YS006878,2025-08-18 00:00:00,Y08,802,1028
YS006879,2025-08-18 00:00:00,Y09,507,1123
YS006880,2025-08-18 00:00:00,Y10,1167,1339
YS006881,2025-08-18 08:00:00,Y01,1511,1995
YS006882,2025-08-18 08:00:00,Y02,1121,1249
YS006883,2025-08-18 08:00:00,Y03,445,986
YS006884,2025-08-18 08:00:00,Y04,974,1113
YS006885,2025-08-18 08:00:00,Y05,615,930
YS006886,2025-08-18 08:00:00,Y06,1325,1758
YS006887,2025-08-18 08:00:00,Y07,633,1034
YS006888,2025-08-18 08:00:00,Y08,556,1028
YS006889,2025-08-18 08:00:00,Y09,911,1123
YS006890,2025-08-18 08:00:00,Y10,1061,1339
YS006891,2025-08-18 16:00:00,Y01,1010,1995
YS006892,2025-08-18 16:00:00,Y02,570,1249
YS006893,2025-08-18 16:00:00,Y03,521,986
YS006894,2025-08-18 16:00:00,Y04,1088,1113
YS006895,2025-08-18 16:00:00,Y05,782,930
YS006896,2025-08-18 16:00:00,Y06,1461,1758
YS006897,2025-08-18 16:00:00,Y07,1002,1034
YS006898,2025-08-18 16:00:00,Y08,902,1028
YS006899,2025-08-18 16:00:00,Y09,811,1123
YS006900,2025-08-18 16:00:00,Y10,774,1339
YS006901,2025-08-19 00:00:00,Y01,924,1995
YS006902,2025-08-19 00:00:00,Y02,800,1249
YS006903,2025-08-19 00:00:00,Y03,630,986
YS006904,2025-08-19 00:00:00,Y04,458,1113
YS006905,2025-08-19 00:00:00,Y05,570,930
YS006906,2025-08-19 00:00:00,Y06,1285,1758
YS006907,2025-08-19 00:00:00,Y07,580,1034
YS006908,2025-08-19 00:00:00,Y08,948,1028
YS006909,2025-08-19 00:00:00,Y09,810,1123
YS006910,2025-08-19 00:00:00,Y10,1030,1339
YS006911,2025-08-19 08:00:00,Y01,1160,1995
YS006912,2025-08-19 08:00:00,Y02,594,1249
YS006913,2025-08-19 08:00:00,Y03,715,986
YS006914,2025-08-19 08:00:00,Y04,895,1113
YS006915,2025-08-19 08:00:00,Y05,801,930
YS006916,2025-08-19 08:00:00,Y06,1504,1758
YS006917,2025-08-19 08:00:00,Y07,1004,1034
YS006918,2025-08-19 08:00:00,Y08,645,1028
YS006919,2025-08-19 08:00:00,Y09,977,1123
YS006920,2025-08-19 08:00:00,Y10,885,1339
YS006921,2025-08-19 16:00:00,Y01,1289,1995
YS006922,2025-08-19 16:00:00,Y02,588,1249
YS006923,2025-08-19 16:00:00,Y03,524,986
YS006924,2025-08-19 16:00:00,Y04,562,1113
YS006925,2025-08-19 16:00:00,Y05,860,930
YS006926,2025-08-19 16:00:00,Y06,708,1758
YS006927,2025-08-19 16:00:00,Y07,614,1034
YS006928,2025-08-19 16:00:00,Y08,778,1028
YS006929,2025-08-19 16:00:00,Y09,789,1123
YS006930,2025-08-19 16:00:00,Y10,1222,1339
YS006931,2025-08-20 00:00:00,Y01,1743,1995
YS006932,2025-08-20 00:00:00,Y02,1031,1249
YS006933,2025-08-20 00:00:00,Y03,544,986
YS006934,2025-08-20 00:00:00,Y04,501,1113
YS006935,2025-08-20 00:00:00,Y05,462,930
YS006936,2025-08-20 00:00:00,Y06,1203,1758
YS006937,2025-08-20 00:00:00,Y07,720,1034
YS006938,2025-08-20 00:00:00,Y08,462,1028
YS006939,2025-08-20 00:00:00,Y09,815,1123
YS006940,2025-08-20 00:00:00,Y10,1253,1339
YS006941,2025-08-20 08:00:00,Y01,1484,1995
YS006942,2025-08-20 08:00:00,Y02,1082,1249
YS006943,2025-08-20 08:00:00,Y03,690,986
YS006944,2025-08-20 08:00:00,Y04,671,1113
YS006945,2025-08-20 08:00:00,Y05,383,930
YS006946,2025-08-20 08:00:00,Y06,1707,1758
YS006947,2025-08-20 08:00:00,Y07,838,1034
YS006948,2025-08-20 08:00:00,Y08,729,1028
YS006949,2025-08-20 08:00:00,Y09,741,1123
YS006950,2025-08-20 08:00:00,Y10,1112,1339
YS006951,2025-08-20 16:00:00,Y01,1494,1995
YS006952,2025-08-20 16:00:00,Y02,873,1249
YS006953,2025-08-20 16:00:00,Y03,403,986
YS006954,2025-08-20 16:00:00,Y04,940,1113
YS006955,2025-08-20 16:00:00,Y05,864,930
YS006956,2025-08-20 16:00:00,Y06,941,1758
YS006957,2025-08-20 16:00:00,Y07,520,1034
YS006958,2025-08-20 16:00:00,Y08,620,1028
YS006959,2025-08-20 16:00:00,Y09,657,1123
YS006960,2025-08-20 16:00:00,Y10,935,1339
YS006961,2025-08-21 00:00:00,Y01,1479,1995
YS006962,2025-08-21 00:00:00,Y02,771,1249
YS006963,2025-08-21 00:00:00,Y03,474,986
YS006964,2025-08-21 00:00:00,Y04,1000,1113
YS006965,2025-08-21 00:00:00,Y05,508,930
YS006966,2025-08-21 00:00:00,Y06,1566,1758
YS006967,2025-08-21 00:00:00,Y07,965,1034
YS006968,2025-08-21 00:00:00,Y08,966,1028
YS006969,2025-08-21 00:00:00,Y09,829,1123
YS006970,2025-08-21 00:00:00,Y10,1291,1339
YS006971,2025-08-21 08:00:00,Y01,1880,1995
YS006972,2025-08-21 08:00:00,Y02,527,1249
YS006973,2025-08-21 08:00:00,Y03,861,986
YS006974,2025-08-21 08:00:00,Y04,506,1113
YS006975,2025-08-21 08:00:00,Y05,518,930
YS006976,2025-08-21 08:00:00,Y06,1090,1758
YS006977,2025-08-21 08:00:00,Y07,914,1034
YS006978,2025-08-21 08:00:00,Y08,446,1028
YS006979,2025-08-21 08:00:00,Y09,954,1123
YS006980,2025-08-21 08:00:00,Y10,556,1339
YS006981,2025-08-21 16:00:00,Y01,1677,1995
YS006982,2025-08-21 16:00:00,Y02,601,1249
YS006983,2025-08-21 16:00:00,Y03,937,986
YS006984,2025-08-21 16:00:00,Y04,943,1113
YS006985,2025-08-21 16:00:00,Y05,557,930
YS006986,2025-08-21 16:00:00,Y06,972,1758
YS006987,2025-08-21 16:00:00,Y07,578,1034
YS006988,2025-08-21 16:00:00,Y08,830,1028
YS006989,2025-08-21 16:00:00,Y09,523,1123
YS006990,2025-08-21 16:00:00,Y10,971,1339
YS006991,2025-08-22 00:00:00,Y01,1015,1995
YS006992,2025-08-22 00:00:00,Y02,858,1249
YS006993,2025-08-22 00:00:00,Y03,726,986
YS006994,2025-08-22 00:00:00,Y04,956,1113
YS006995,2025-08-22 00:00:00,Y05,505,930
YS006996,2025-08-22 00:00:00,Y06,1260,1758
YS006997,2025-08-22 00:00:00,Y07,538,1034
YS006998,2025-08-22 00:00:00,Y08,520,1028
YS006999,2025-08-22 00:00:00,Y09,898,1123
YS007000,2025-08-22 00:00:00,Y10,1168,1339
YS007001,2025-08-22 08:00:00,Y01,1146,1995
YS007002,2025-08-22 08:00:00,Y02,798,1249
YS007003,2025-08-22 08:00:00,Y03,921,986
YS007004,2025-08-22 08:00:00,Y04,484,1113
YS007005,2025-08-22 08:00:00,Y05,846,930
YS007006,2025-08-22 08:00:00,Y06,1236,1758
YS007007,2025-08-22 08:00:00,Y07,941,1034
YS007008,2025-08-22 08:00:00,Y08,881,1028
YS007009,2025-08-22 08:00:00,Y09,1035,1123
YS007010,2025-08-22 08:00:00,Y10,1276,1339
YS007011,2025-08-22 16:00:00,Y01,1194,1995
YS007012,2025-08-22 16:00:00,Y02,1052,1249
YS007013,2025-08-22 16:00:00,Y03,434,986
YS007014,2025-08-22 16:00:00,Y04,961,1113
YS007015,2025-08-22 16:00:00,Y05,541,930
YS007016,2025-08-22 16:00:00,Y06,985,1758
YS007017,2025-08-22 16:00:00,Y07,819,1034
YS007018,2025-08-22 16:00:00,Y08,709,1028
YS007019,2025-08-22 16:00:00,Y09,536,1123
YS007020,2025-08-22 16:00:00,Y10,734,1339
YS007021,2025-08-23 00:00:00,Y01,1016,1995
YS007022,2025-08-23 00:00:00,Y02,1040,1249
YS007023,2025-08-23 00:00:00,Y03,726,986
YS007024,2025-08-23 00:00:00,Y04,560,1113
YS007025,2025-08-23 00:00:00,Y05,584,930
YS007026,2025-08-23 00:00:00,Y06,870,1758
YS007027,2025-08-23 00:00:00,Y07,520,1034
YS007028,2025-08-23 00:00:00,Y08,888,1028
YS007029,2025-08-23 00:00:00,Y09,868,1123
YS007030,2025-08-23 00:00:00,Y10,995,1339
YS007031,2025-08-23 08:00:00,Y01,1198,1995
YS007032,2025-08-23 08:00:00,Y02,800,1249
YS007033,2025-08-23 08:00:00,Y03,524,986
YS007034,2025-08-23 08:00:00,Y04,469,1113
YS007035,2025-08-23 08:00:00,Y05,827,930
YS007036,2025-08-23 08:00:00,Y06,1496,1758
YS007037,2025-08-23 08:00:00,Y07,951,1034
YS007038,2025-08-23 08:00:00,Y08,734,1028
YS007039,2025-08-23 08:00:00,Y09,729,1123
YS007040,2025-08-23 08:00:00,Y10,1059,1339
YS007041,2025-08-23 16:00:00,Y01,1032,1995
YS007042,2025-08-23 16:00:00,Y02,629,1249
YS007043,2025-08-23 16:00:00,Y03,554,986
YS007044,2025-08-23 16:00:00,Y04,910,1113
YS007045,2025-08-23 16:00:00,Y05,568,930
YS007046,2025-08-23 16:00:00,Y06,1416,1758
YS007047,2025-08-23 16:00:00,Y07,963,1034
YS007048,2025-08-23 16:00:00,Y08,697,1028
YS007049,2025-08-23 16:00:00,Y09,497,1123
YS007050,2025-08-23 16:00:00,Y10,1095,1339
YS007051,2025-08-24 00:00:00,Y01,920,1995
YS007052,2025-08-24 00:00:00,Y02,1184,1249
YS007053,2025-08-24 00:00:00,Y03,834,986
YS007054,2025-08-24 00:00:00,Y04,618,1113
YS007055,2025-08-24 00:00:00,Y05,770,930
YS007056,2025-08-24 00:00:00,Y06,1409,1758
YS007057,2025-08-24 00:00:00,Y07,739,1034
YS007058,2025-08-24 00:00:00,Y08,651,1028
YS007059,2025-08-24 00:00:00,Y09,985,1123
YS007060,2025-08-24 00:00:00,Y10,701,1339
YS007061,2025-08-24 08:00:00,Y01,798,1995
YS007062,2025-08-24 08:00:00,Y02,994,1249
YS007063,2025-08-24 08:00:00,Y03,914,986
YS007064,2025-08-24 08:00:00,Y04,493,1113
YS007065,2025-08-24 08:00:00,Y05,716,930
YS007066,2025-08-24 08:00:00,Y06,1597,1758
YS007067,2025-08-24 08:00:00,Y07,956,1034
YS007068,2025-08-24 08:00:00,Y08,554,1028
YS007069,2025-08-24 08:00:00,Y09,965,1123
YS007070,2025-08-24 08:00:00,Y10,1239,1339
YS007071,2025-08-24 16:00:00,Y01,1835,1995
YS007072,2025-08-24 16:00:00,Y02,1214,1249
YS007073,2025-08-24 16:00:00,Y03,933,986
YS007074,2025-08-24 16:00:00,Y04,1052,1113
YS007075,2025-08-24 16:00:00,Y05,416,930
YS007076,2025-08-24 16:00:00,Y06,1000,1758
YS007077,2025-08-24 16:00:00,Y07,533,1034
YS007078,2025-08-24 16:00:00,Y08,500,1028
YS007079,2025-08-24 16:00:00,Y09,666,1123
YS007080,2025-08-24 16:00:00,Y10,788,1339
YS007081,2025-08-25 00:00:00,Y01,1623,1995
YS007082,2025-08-25 00:00:00,Y02,674,1249
YS007083,2025-08-25 00:00:00,Y03,725,986
YS007084,2025-08-25 00:00:00,Y04,670,1113
YS007085,2025-08-25 00:00:00,Y05,734,930
YS007086,2025-08-25 00:00:00,Y06,746,1758
YS007087,2025-08-25 00:00:00,Y07,488,1034
YS007088,2025-08-25 00:00:00,Y08,447,1028
YS007089,2025-08-25 00:00:00,Y09,931,1123
YS007090,2025-08-25 00:00:00,Y10,793,1339
YS007091,2025-08-25 08:00:00,Y01,1849,1995
YS007092,2025-08-25 08:00:00,Y02,1034,1249
YS007093,2025-08-25 08:00:00,Y03,440,986
YS007094,2025-08-25 08:00:00,Y04,665,1113
YS007095,2025-08-25 08:00:00,Y05,688,930
YS007096,2025-08-25 08:00:00,Y06,1566,1758
YS007097,2025-08-25 08:00:00,Y07,431,1034
YS007098,2025-08-25 08:00:00,Y08,616,1028
YS007099,2025-08-25 08:00:00,Y09,655,1123
YS007100,2025-08-25 08:00:00,Y10,1194,1339
YS007101,2025-08-25 16:00:00,Y01,945,1995
YS007102,2025-08-25 16:00:00,Y02,984,1249
YS007103,2025-08-25 16:00:00,Y03,853,986
YS007104,2025-08-25 16:00:00,Y04,461,1113
YS007105,2025-08-25 16:00:00,Y05,724,930
YS007106,2025-08-25 16:00:00,Y06,1685,1758
YS007107,2025-08-25 16:00:00,Y07,550,1034
YS007108,2025-08-25 16:00:00,Y08,432,1028
YS007109,2025-08-25 16:00:00,Y09,617,1123
YS007110,2025-08-25 16:00:00,Y10,1056,1339
YS007111,2025-08-26 00:00:00,Y01,1690,1995
YS007112,2025-08-26 00:00:00,Y02,1073,1249
YS007113,2025-08-26 00:00:00,Y03,852,986
YS007114,2025-08-26 00:00:00,Y04,615,1113
YS007115,2025-08-26 00:00:00,Y05,755,930
YS007116,2025-08-26 00:00:00,Y06,1598,1758
YS007117,2025-08-26 00:00:00,Y07,946,1034
YS007118,2025-08-26 00:00:00,Y08,739,1028
YS007119,2025-08-26 00:00:00,Y09,715,1123
YS007120,2025-08-26 00:00:00,Y10,810,1339
YS007121,2025-08-26 08:00:00,Y01,1087,1995
YS007122,2025-08-26 08:00:00,Y02,1066,1249
YS007123,2025-08-26 08:00:00,Y03,762,986
YS007124,2025-08-26 08:00:00,Y04,622,1113
YS007125,2025-08-26 08:00:00,Y05,724,930
YS007126,2025-08-26 08:00:00,Y06,760,1758
YS007127,2025-08-26 08:00:00,Y07,587,1034
YS007128,2025-08-26 08:00:00,Y08,640,1028
YS007129,2025-08-26 08:00:00,Y09,908,1123
YS007130,2025-08-26 08:00:00,Y10,954,1339
YS007131,2025-08-26 16:00:00,Y01,1359,1995
YS007132,2025-08-26 16:00:00,Y02,683,1249
YS007133,2025-08-26 16:00:00,Y03,672,986
YS007134,2025-08-26 16:00:00,Y04,1041,1113
YS007135,2025-08-26 16:00:00,Y05,905,930
YS007136,2025-08-26 16:00:00,Y06,1458,1758
YS007137,2025-08-26 16:00:00,Y07,780,1034
YS007138,2025-08-26 16:00:00,Y08,610,1028
YS007139,2025-08-26 16:00:00,Y09,756,1123
YS007140,2025-08-26 16:00:00,Y10,643,1339
YS007141,2025-08-27 00:00:00,Y01,1193,1995
YS007142,2025-08-27 00:00:00,Y02,768,1249
YS007143,2025-08-27 00:00:00,Y03,468,986
YS007144,2025-08-27 00:00:00,Y04,1017,1113
YS007145,2025-08-27 00:00:00,Y05,422,930
YS007146,2025-08-27 00:00:00,Y06,1445,1758
YS007147,2025-08-27 00:00:00,Y07,999,1034
YS007148,2025-08-27 00:00:00,Y08,504,1028
YS007149,2025-08-27 00:00:00,Y09,899,1123
YS007150,2025-08-27 00:00:00,Y10,656,1339
YS007151,2025-08-27 08:00:00,Y01,1902,1995
YS007152,2025-08-27 08:00:00,Y02,1124,1249
YS007153,2025-08-27 08:00:00,Y03,676,986
YS007154,2025-08-27 08:00:00,Y04,596,1113
YS007155,2025-08-27 08:00:00,Y05,612,930
YS007156,2025-08-27 08:00:00,Y06,935,1758
YS007157,2025-08-27 08:00:00,Y07,896,1034
YS007158,2025-08-27 08:00:00,Y08,776,1028
YS007159,2025-08-27 08:00:00,Y09,616,1123
YS007160,2025-08-27 08:00:00,Y10,980,1339
YS007161,2025-08-27 16:00:00,Y01,1351,1995
YS007162,2025-08-27 16:00:00,Y02,979,1249
YS007163,2025-08-27 16:00:00,Y03,395,986
YS007164,2025-08-27 16:00:00,Y04,1061,1113
YS007165,2025-08-27 16:00:00,Y05,485,930
YS007166,2025-08-27 16:00:00,Y06,1174,1758
YS007167,2025-08-27 16:00:00,Y07,921,1034
YS007168,2025-08-27 16:00:00,Y08,919,1028
YS007169,2025-08-27 16:00:00,Y09,1066,1123
YS007170,2025-08-27 16:00:00,Y10,570,1339
YS007171,2025-08-28 00:00:00,Y01,1660,1995
YS007172,2025-08-28 00:00:00,Y02,984,1249
YS007173,2025-08-28 00:00:00,Y03,845,986
YS007174,2025-08-28 00:00:00,Y04,825,1113
YS007175,2025-08-28 00:00:00,Y05,597,930
YS007176,2025-08-28 00:00:00,Y06,797,1758
YS007177,2025-08-28 00:00:00,Y07,485,1034
YS007178,2025-08-28 00:00:00,Y08,428,1028
YS007179,2025-08-28 00:00:00,Y09,553,1123
YS007180,2025-08-28 00:00:00,Y10,790,1339
YS007181,2025-08-28 08:00:00,Y01,1629,1995
YS007182,2025-08-28 08:00:00,Y02,611,1249
YS007183,2025-08-28 08:00:00,Y03,637,986
YS007184,2025-08-28 08:00:00,Y04,585,1113
YS007185,2025-08-28 08:00:00,Y05,627,930
YS007186,2025-08-28 08:00:00,Y06,782,1758
YS007187,2025-08-28 08:00:00,Y07,444,1034
YS007188,2025-08-28 08:00:00,Y08,971,1028
YS007189,2025-08-28 08:00:00,Y09,617,1123
YS007190,2025-08-28 08:00:00,Y10,835,1339
YS007191,2025-08-28 16:00:00,Y01,865,1995
YS007192,2025-08-28 16:00:00,Y02,656,1249
YS007193,2025-08-28 16:00:00,Y03,400,986
YS007194,2025-08-28 16:00:00,Y04,954,1113
YS007195,2025-08-28 16:00:00,Y05,613,930
YS007196,2025-08-28 16:00:00,Y06,1521,1758
YS007197,2025-08-28 16:00:00,Y07,937,1034
YS007198,2025-08-28 16:00:00,Y08,453,1028
YS007199,2025-08-28 16:00:00,Y09,847,1123
YS007200,2025-08-28 16:00:00,Y10,961,1339
YS007201,2025-08-29 00:00:00,Y01,914,1995
YS007202,2025-08-29 00:00:00,Y02,588,1249
YS007203,2025-08-29 00:00:00,Y03,418,986
YS007204,2025-08-29 00:00:00,Y04,640,1113
YS007205,2025-08-29 00:00:00,Y05,501,930
YS007206,2025-08-29 00:00:00,Y06,753,1758
YS007207,2025-08-29 00:00:00,Y07,486,1034
YS007208,2025-08-29 00:00:00,Y08,884,1028
YS007209,2025-08-29 00:00:00,Y09,659,1123
YS007210,2025-08-29 00:00:00,Y10,829,1339
YS007211,2025-08-29 08:00:00,Y01,1581,1995
YS007212,2025-08-29 08:00:00,Y02,1093,1249
YS007213,2025-08-29 08:00:00,Y03,431,986
YS007214,2025-08-29 08:00:00,Y04,719,1113
YS007215,2025-08-29 08:00:00,Y05,635,930
YS007216,2025-08-29 08:00:00,Y06,1536,1758
YS007217,2025-08-29 08:00:00,Y07,746,1034
YS007218,2025-08-29 08:00:00,Y08,443,1028
YS007219,2025-08-29 08:00:00,Y09,1003,1123
YS007220,2025-08-29 08:00:00,Y10,881,1339
YS007221,2025-08-29 16:00:00,Y01,1175,1995
YS007222,2025-08-29 16:00:00,Y02,1000,1249
YS007223,2025-08-29 16:00:00,Y03,590,986
YS007224,2025-08-29 16:00:00,Y04,553,1113
YS007225,2025-08-29 16:00:00,Y05,831,930
YS007226,2025-08-29 16:00:00,Y06,1077,1758
YS007227,2025-08-29 16:00:00,Y07,506,1034
YS007228,2025-08-29 16:00:00,Y08,848,1028
YS007229,2025-08-29 16:00:00,Y09,472,1123
YS007230,2025-08-29 16:00:00,Y10,1033,1339
YS007231,2025-08-30 00:00:00,Y01,1607,1995
YS007232,2025-08-30 00:00:00,Y02,930,1249
YS007233,2025-08-30 00:00:00,Y03,656,986
YS007234,2025-08-30 00:00:00,Y04,1041,1113
YS007235,2025-08-30 00:00:00,Y05,794,930
YS007236,2025-08-30 00:00:00,Y06,1290,1758
YS007237,2025-08-30 00:00:00,Y07,810,1034
YS007238,2025-08-30 00:00:00,Y08,485,1028
YS007239,2025-08-30 00:00:00,Y09,716,1123
YS007240,2025-08-30 00:00:00,Y10,779,1339
YS007241,2025-08-30 08:00:00,Y01,1159,1995
YS007242,2025-08-30 08:00:00,Y02,655,1249
YS007243,2025-08-30 08:00:00,Y03,535,986
YS007244,2025-08-30 08:00:00,Y04,638,1113
YS007245,2025-08-30 08:00:00,Y05,832,930
YS007246,2025-08-30 08:00:00,Y06,1505,1758
YS007247,2025-08-30 08:00:00,Y07,656,1034
YS007248,2025-08-30 08:00:00,Y08,485,1028
YS007249,2025-08-30 08:00:00,Y09,924,1123
YS007250,2025-08-30 08:00:00,Y10,1222,1339
YS007251,2025-08-30 16:00:00,Y01,1732,1995
YS007252,2025-08-30 16:00:00,Y02,1224,1249
YS007253,2025-08-30 16:00:00,Y03,803,986
YS007254,2025-08-30 16:00:00,Y04,742,1113
YS007255,2025-08-30 16:00:00,Y05,580,930
YS007256,2025-08-30 16:00:00,Y06,1564,1758
YS007257,2025-08-30 16:00:00,Y07,897,1034
YS007258,2025-08-30 16:00:00,Y08,858,1028
YS007259,2025-08-30 16:00:00,Y09,846,1123
YS007260,2025-08-30 16:00:00,Y10,654,1339
YS007261,2025-08-31 00:00:00,Y01,888,1995
YS007262,2025-08-31 00:00:00,Y02,743,1249
YS007263,2025-08-31 00:00:00,Y03,697,986
YS007264,2025-08-31 00:00:00,Y04,852,1113
YS007265,2025-08-31 00:00:00,Y05,625,930
YS007266,2025-08-31 00:00:00,Y06,987,1758
YS007267,2025-08-31 00:00:00,Y07,832,1034
YS007268,2025-08-31 00:00:00,Y08,850,1028
YS007269,2025-08-31 00:00:00,Y09,544,1123
YS007270,2025-08-31 00:00:00,Y10,771,1339
YS007271,2025-08-31 08:00:00,Y01,1510,1995
YS007272,2025-08-31 08:00:00,Y02,1054,1249
YS007273,2025-08-31 08:00:00,Y03,407,986
YS007274,2025-08-31 08:00:00,Y04,646,1113
YS007275,2025-08-31 08:00:00,Y05,882,930
YS007276,2025-08-31 08:00:00,Y06,1338,1758
YS007277,2025-08-31 08:00:00,Y07,922,1034
YS007278,2025-08-31 08:00:00,Y08,743,1028
YS007279,2025-08-31 08:00:00,Y09,673,1123
YS007280,2025-08-31 08:00:00,Y10,779,1339
YS007281,2025-08-31 16:00:00,Y01,972,1995
YS007282,2025-08-31 16:00:00,Y02,976,1249
YS007283,2025-08-31 16:00:00,Y03,410,986
YS007284,2025-08-31 16:00:00,Y04,662,1113
YS007285,2025-08-31 16:00:00,Y05,796,930
YS007286,2025-08-31 16:00:00,Y06,779,1758
YS007287,2025-08-31 16:00:00,Y07,812,1034
YS007288,2025-08-31 16:00:00,Y08,913,1028
YS007289,2025-08-31 16:00:00,Y09,991,1123
YS007290,2025-08-31 16:00:00,Y10,619,1339
YS007291,2025-09-01 00:00:00,Y01,1707,1995
YS007292,2025-09-01 00:00:00,Y02,918,1249
YS007293,2025-09-01 00:00:00,Y03,814,986
YS007294,2025-09-01 00:00:00,Y04,708,1113
YS007295,2025-09-01 00:00:00,Y05,851,930
YS007296,2025-09-01 00:00:00,Y06,809,1758
YS007297,2025-09-01 00:00:00,Y07,735,1034
YS007298,2025-09-01 00:00:00,Y08,897,1028
YS007299,2025-09-01 00:00:00,Y09,520,1123
YS007300,2025-09-01 00:00:00,Y10,799,1339
YS007301,2025-09-01 08:00:00,Y01,1260,1995
YS007302,2025-09-01 08:00:00,Y02,612,1249
YS007303,2025-09-01 08:00:00,Y03,585,986
YS007304,2025-09-01 08:00:00,Y04,1056,1113
YS007305,2025-09-01 08:00:00,Y05,707,930
YS007306,2025-09-01 08:00:00,Y06,1628,1758
YS007307,2025-09-01 08:00:00,Y07,946,1034
YS007308,2025-09-01 08:00:00,Y08,537,1028
YS007309,2025-09-01 08:00:00,Y09,617,1123
YS007310,2025-09-01 08:00:00,Y10,1173,1339
YS007311,2025-09-01 16:00:00,Y01,1074,1995
YS007312,2025-09-01 16:00:00,Y02,1223,1249
YS007313,2025-09-01 16:00:00,Y03,554,986
YS007314,2025-09-01 16:00:00,Y04,684,1113
YS007315,2025-09-01 16:00:00,Y05,448,930
YS007316,2025-09-01 16:00:00,Y06,780,1758
YS007317,2025-09-01 16:00:00,Y07,459,1034
YS007318,2025-09-01 16:00:00,Y08,556,1028
YS007319,2025-09-01 16:00:00,Y09,884,1123
YS007320,2025-09-01 16:00:00,Y10,906,1339
YS007321,2025-09-02 00:00:00,Y01,1360,1995
YS007322,2025-09-02 00:00:00,Y02,983,1249
YS007323,2025-09-02 00:00:00,Y03,437,986
YS007324,2025-09-02 00:00:00,Y04,591,1113
YS007325,2025-09-02 00:00:00,Y05,882,930
YS007326,2025-09-02 00:00:00,Y06,1412,1758
YS007327,2025-09-02 00:00:00,Y07,843,1034
YS007328,2025-09-02 00:00:00,Y08,887,1028
YS007329,2025-09-02 00:00:00,Y09,969,1123
YS007330,2025-09-02 00:00:00,Y10,686,1339
YS007331,2025-09-02 08:00:00,Y01,1254,1995
YS007332,2025-09-02 08:00:00,Y02,800,1249
YS007333,2025-09-02 08:00:00,Y03,866,986
YS007334,2025-09-02 08:00:00,Y04,874,1113
YS007335,2025-09-02 08:00:00,Y05,610,930
YS007336,2025-09-02 08:00:00,Y06,716,1758
YS007337,2025-09-02 08:00:00,Y07,675,1034
YS007338,2025-09-02 08:00:00,Y08,496,1028
YS007339,2025-09-02 08:00:00,Y09,583,1123
YS007340,2025-09-02 08:00:00,Y10,755,1339
YS007341,2025-09-02 16:00:00,Y01,1265,1995
YS007342,2025-09-02 16:00:00,Y02,1210,1249
YS007343,2025-09-02 16:00:00,Y03,745,986
YS007344,2025-09-02 16:00:00,Y04,916,1113
YS007345,2025-09-02 16:00:00,Y05,375,930
YS007346,2025-09-02 16:00:00,Y06,1572,1758
YS007347,2025-09-02 16:00:00,Y07,986,1034
YS007348,2025-09-02 16:00:00,Y08,600,1028
YS007349,2025-09-02 16:00:00,Y09,670,1123
YS007350,2025-09-02 16:00:00,Y10,712,1339
YS007351,2025-09-03 00:00:00,Y01,1077,1995
YS007352,2025-09-03 00:00:00,Y02,902,1249
YS007353,2025-09-03 00:00:00,Y03,634,986
YS007354,2025-09-03 00:00:00,Y04,794,1113
YS007355,2025-09-03 00:00:00,Y05,848,930
YS007356,2025-09-03 00:00:00,Y06,1001,1758
YS007357,2025-09-03 00:00:00,Y07,985,1034
YS007358,2025-09-03 00:00:00,Y08,864,1028
YS007359,2025-09-03 00:00:00,Y09,871,1123
YS007360,2025-09-03 00:00:00,Y10,909,1339
YS007361,2025-09-03 08:00:00,Y01,1936,1995
YS007362,2025-09-03 08:00:00,Y02,681,1249
YS007363,2025-09-03 08:00:00,Y03,915,986
YS007364,2025-09-03 08:00:00,Y04,965,1113
YS007365,2025-09-03 08:00:00,Y05,747,930
YS007366,2025-09-03 08:00:00,Y06,1320,1758
YS007367,2025-09-03 08:00:00,Y07,847,1034
YS007368,2025-09-03 08:00:00,Y08,603,1028
YS007369,2025-09-03 08:00:00,Y09,501,1123
YS007370,2025-09-03 08:00:00,Y10,831,1339
YS007371,2025-09-03 16:00:00,Y01,1567,1995
YS007372,2025-09-03 16:00:00,Y02,679,1249
YS007373,2025-09-03 16:00:00,Y03,569,986
YS007374,2025-09-03 16:00:00,Y04,930,1113
YS007375,2025-09-03 16:00:00,Y05,847,930
YS007376,2025-09-03 16:00:00,Y06,1144,1758
YS007377,2025-09-03 16:00:00,Y07,963,1034
YS007378,2025-09-03 16:00:00,Y08,699,1028
YS007379,2025-09-03 16:00:00,Y09,540,1123
YS007380,2025-09-03 16:00:00,Y10,769,1339
YS007381,2025-09-04 00:00:00,Y01,1112,1995
YS007382,2025-09-04 00:00:00,Y02,911,1249
YS007383,2025-09-04 00:00:00,Y03,425,986
YS007384,2025-09-04 00:00:00,Y04,602,1113
YS007385,2025-09-04 00:00:00,Y05,735,930
YS007386,2025-09-04 00:00:00,Y06,1074,1758
YS007387,2025-09-04 00:00:00,Y07,571,1034
YS007388,2025-09-04 00:00:00,Y08,841,1028
YS007389,2025-09-04 00:00:00,Y09,867,1123
YS007390,2025-09-04 00:00:00,Y10,607,1339
YS007391,2025-09-04 08:00:00,Y01,1038,1995
YS007392,2025-09-04 08:00:00,Y02,1224,1249
YS007393,2025-09-04 08:00:00,Y03,443,986
YS007394,2025-09-04 08:00:00,Y04,983,1113
YS007395,2025-09-04 08:00:00,Y05,731,930
YS007396,2025-09-04 08:00:00,Y06,1033,1758
YS007397,2025-09-04 08:00:00,Y07,668,1034
YS007398,2025-09-04 08:00:00,Y08,435,1028
YS007399,2025-09-04 08:00:00,Y09,888,1123
YS007400,2025-09-04 08:00:00,Y10,759,1339
YS007401,2025-09-04 16:00:00,Y01,1724,1995
YS007402,2025-09-04 16:00:00,Y02,531,1249
YS007403,2025-09-04 16:00:00,Y03,623,986
YS007404,2025-09-04 16:00:00,Y04,614,1113
YS007405,2025-09-04 16:00:00,Y05,742,930
YS007406,2025-09-04 16:00:00,Y06,1254,1758
YS007407,2025-09-04 16:00:00,Y07,838,1034
YS007408,2025-09-04 16:00:00,Y08,846,1028
YS007409,2025-09-04 16:00:00,Y09,841,1123
YS007410,2025-09-04 16:00:00,Y10,1187,1339
YS007411,2025-09-05 00:00:00,Y01,865,1995
YS007412,2025-09-05 00:00:00,Y02,946,1249
YS007413,2025-09-05 00:00:00,Y03,705,986
YS007414,2025-09-05 00:00:00,Y04,832,1113
YS007415,2025-09-05 00:00:00,Y05,626,930
YS007416,2025-09-05 00:00:00,Y06,1685,1758
YS007417,2025-09-05 00:00:00,Y07,441,1034
YS007418,2025-09-05 00:00:00,Y08,658,1028
YS007419,2025-09-05 00:00:00,Y09,825,1123
YS007420,2025-09-05 00:00:00,Y10,868,1339
YS007421,2025-09-05 08:00:00,Y01,953,1995
YS007422,2025-09-05 08:00:00,Y02,521,1249
YS007423,2025-09-05 08:00:00,Y03,595,986
YS007424,2025-09-05 08:00:00,Y04,835,1113
YS007425,2025-09-05 08:00:00,Y05,909,930
YS007426,2025-09-05 08:00:00,Y06,1487,1758
YS007427,2025-09-05 08:00:00,Y07,1012,1034
YS007428,2025-09-05 08:00:00,Y08,990,1028
YS007429,2025-09-05 08:00:00,Y09,575,1123
YS007430,2025-09-05 08:00:00,Y10,975,1339
YS007431,2025-09-05 16:00:00,Y01,1145,1995
YS007432,2025-09-05 16:00:00,Y02,558,1249
YS007433,2025-09-05 16:00:00,Y03,518,986
YS007434,2025-09-05 16:00:00,Y04,631,1113
YS007435,2025-09-05 16:00:00,Y05,542,930
YS007436,2025-09-05 16:00:00,Y06,1424,1758
YS007437,2025-09-05 16:00:00,Y07,744,1034
YS007438,2025-09-05 16:00:00,Y08,621,1028
YS007439,2025-09-05 16:00:00,Y09,485,1123
YS007440,2025-09-05 16:00:00,Y10,911,1339
YS007441,2025-09-06 00:00:00,Y01,1766,1995
YS007442,2025-09-06 00:00:00,Y02,701,1249
YS007443,2025-09-06 00:00:00,Y03,811,986
YS007444,2025-09-06 00:00:00,Y04,539,1113
YS007445,2025-09-06 00:00:00,Y05,423,930
YS007446,2025-09-06 00:00:00,Y06,1324,1758
YS007447,2025-09-06 00:00:00,Y07,419,1034
YS007448,2025-09-06 00:00:00,Y08,485,1028
YS007449,2025-09-06 00:00:00,Y09,1065,1123
YS007450,2025-09-06 00:00:00,Y10,557,1339
YS007451,2025-09-06 08:00:00,Y01,819,1995
YS007452,2025-09-06 08:00:00,Y02,691,1249
YS007453,2025-09-06 08:00:00,Y03,461,986
YS007454,2025-09-06 08:00:00,Y04,970,1113
YS007455,2025-09-06 08:00:00,Y05,766,930
YS007456,2025-09-06 08:00:00,Y06,1333,1758
YS007457,2025-09-06 08:00:00,Y07,769,1034
YS007458,2025-09-06 08:00:00,Y08,708,1028
YS007459,2025-09-06 08:00:00,Y09,1027,1123
YS007460,2025-09-06 08:00:00,Y10,871,1339
YS007461,2025-09-06 16:00:00,Y01,1606,1995
YS007462,2025-09-06 16:00:00,Y02,569,1249
YS007463,2025-09-06 16:00:00,Y03,690,986
YS007464,2025-09-06 16:00:00,Y04,491,1113
YS007465,2025-09-06 16:00:00,Y05,584,930
YS007466,2025-09-06 16:00:00,Y06,1239,1758
YS007467,2025-09-06 16:00:00,Y07,1001,1034
YS007468,2025-09-06 16:00:00,Y08,793,1028
YS007469,2025-09-06 16:00:00,Y09,571,1123
YS007470,2025-09-06 16:00:00,Y10,1238,1339
YS007471,2025-09-07 00:00:00,Y01,1540,1995
YS007472,2025-09-07 00:00:00,Y02,616,1249
YS007473,2025-09-07 00:00:00,Y03,424,986
YS007474,2025-09-07 00:00:00,Y04,755,1113
YS007475,2025-09-07 00:00:00,Y05,404,930
YS007476,2025-09-07 00:00:00,Y06,947,1758
YS007477,2025-09-07 00:00:00,Y07,724,1034
YS007478,2025-09-07 00:00:00,Y08,803,1028
YS007479,2025-09-07 00:00:00,Y09,674,1123
YS007480,2025-09-07 00:00:00,Y10,1051,1339
YS007481,2025-09-07 08:00:00,Y01,1550,1995
YS007482,2025-09-07 08:00:00,Y02,704,1249
YS007483,2025-09-07 08:00:00,Y03,657,986
YS007484,2025-09-07 08:00:00,Y04,1053,1113
YS007485,2025-09-07 08:00:00,Y05,862,930
YS007486,2025-09-07 08:00:00,Y06,999,1758
YS007487,2025-09-07 08:00:00,Y07,939,1034
YS007488,2025-09-07 08:00:00,Y08,708,1028
YS007489,2025-09-07 08:00:00,Y09,1033,1123
YS007490,2025-09-07 08:00:00,Y10,716,1339
YS007491,2025-09-07 16:00:00,Y01,1350,1995
YS007492,2025-09-07 16:00:00,Y02,751,1249
YS007493,2025-09-07 16:00:00,Y03,828,986
YS007494,2025-09-07 16:00:00,Y04,726,1113
YS007495,2025-09-07 16:00:00,Y05,613,930
YS007496,2025-09-07 16:00:00,Y06,1634,1758
YS007497,2025-09-07 16:00:00,Y07,418,1034
YS007498,2025-09-07 16:00:00,Y08,416,1028
YS007499,2025-09-07 16:00:00,Y09,1019,1123
YS007500,2025-09-07 16:00:00,Y10,682,1339
YS007501,2025-09-08 00:00:00,Y01,1203,1995
YS007502,2025-09-08 00:00:00,Y02,953,1249
YS007503,2025-09-08 00:00:00,Y03,473,986
YS007504,2025-09-08 00:00:00,Y04,846,1113
YS007505,2025-09-08 00:00:00,Y05,805,930
YS007506,2025-09-08 00:00:00,Y06,1709,1758
YS007507,2025-09-08 00:00:00,Y07,739,1034
YS007508,2025-09-08 00:00:00,Y08,744,1028
YS007509,2025-09-08 00:00:00,Y09,595,1123
YS007510,2025-09-08 00:00:00,Y10,1017,1339
YS007511,2025-09-08 08:00:00,Y01,1398,1995
YS007512,2025-09-08 08:00:00,Y02,607,1249
YS007513,2025-09-08 08:00:00,Y03,640,986
YS007514,2025-09-08 08:00:00,Y04,874,1113
YS007515,2025-09-08 08:00:00,Y05,726,930
YS007516,2025-09-08 08:00:00,Y06,720,1758
YS007517,2025-09-08 08:00:00,Y07,629,1034
YS007518,2025-09-08 08:00:00,Y08,889,1028
YS007519,2025-09-08 08:00:00,Y09,574,1123
YS007520,2025-09-08 08:00:00,Y10,1124,1339
YS007521,2025-09-08 16:00:00,Y01,1543,1995
YS007522,2025-09-08 16:00:00,Y02,669,1249
YS007523,2025-09-08 16:00:00,Y03,943,986
YS007524,2025-09-08 16:00:00,Y04,1060,1113
YS007525,2025-09-08 16:00:00,Y05,677,930
YS007526,2025-09-08 16:00:00,Y06,851,1758
YS007527,2025-09-08 16:00:00,Y07,574,1034
YS007528,2025-09-08 16:00:00,Y08,474,1028
YS007529,2025-09-08 16:00:00,Y09,722,1123
YS007530,2025-09-08 16:00:00,Y10,1102,1339
YS007531,2025-09-09 00:00:00,Y01,843,1995
YS007532,2025-09-09 00:00:00,Y02,798,1249
YS007533,2025-09-09 00:00:00,Y03,845,986
YS007534,2025-09-09 00:00:00,Y04,495,1113
YS007535,2025-09-09 00:00:00,Y05,818,930
YS007536,2025-09-09 00:00:00,Y06,711,1758
YS007537,2025-09-09 00:00:00,Y07,788,1034
YS007538,2025-09-09 00:00:00,Y08,937,1028
YS007539,2025-09-09 00:00:00,Y09,940,1123
YS007540,2025-09-09 00:00:00,Y10,787,1339
YS007541,2025-09-09 08:00:00,Y01,1310,1995
YS007542,2025-09-09 08:00:00,Y02,1046,1249
YS007543,2025-09-09 08:00:00,Y03,897,986
YS007544,2025-09-09 08:00:00,Y04,805,1113
YS007545,2025-09-09 08:00:00,Y05,666,930
YS007546,2025-09-09 08:00:00,Y06,770,1758
YS007547,2025-09-09 08:00:00,Y07,638,1034
YS007548,2025-09-09 08:00:00,Y08,610,1028
YS007549,2025-09-09 08:00:00,Y09,475,1123
YS007550,2025-09-09 08:00:00,Y10,1102,1339
YS007551,2025-09-09 16:00:00,Y01,1551,1995
YS007552,2025-09-09 16:00:00,Y02,518,1249
YS007553,2025-09-09 16:00:00,Y03,862,986
YS007554,2025-09-09 16:00:00,Y04,508,1113
YS007555,2025-09-09 16:00:00,Y05,849,930
YS007556,2025-09-09 16:00:00,Y06,1282,1758
YS007557,2025-09-09 16:00:00,Y07,556,1034
YS007558,2025-09-09 16:00:00,Y08,966,1028
YS007559,2025-09-09 16:00:00,Y09,498,1123
YS007560,2025-09-09 16:00:00,Y10,1153,1339
YS007561,2025-09-10 00:00:00,Y01,897,1995
YS007562,2025-09-10 00:00:00,Y02,975,1249
YS007563,2025-09-10 00:00:00,Y03,943,986
YS007564,2025-09-10 00:00:00,Y04,961,1113
YS007565,2025-09-10 00:00:00,Y05,424,930
YS007566,2025-09-10 00:00:00,Y06,985,1758
YS007567,2025-09-10 00:00:00,Y07,577,1034
YS007568,2025-09-10 00:00:00,Y08,553,1028
YS007569,2025-09-10 00:00:00,Y09,944,1123
YS007570,2025-09-10 00:00:00,Y10,1188,1339
YS007571,2025-09-10 08:00:00,Y01,938,1995
YS007572,2025-09-10 08:00:00,Y02,923,1249
YS007573,2025-09-10 08:00:00,Y03,695,986
YS007574,2025-09-10 08:00:00,Y04,460,1113
YS007575,2025-09-10 08:00:00,Y05,882,930
YS007576,2025-09-10 08:00:00,Y06,1692,1758
YS007577,2025-09-10 08:00:00,Y07,783,1034
YS007578,2025-09-10 08:00:00,Y08,498,1028
YS007579,2025-09-10 08:00:00,Y09,870,1123
YS007580,2025-09-10 08:00:00,Y10,545,1339
YS007581,2025-09-10 16:00:00,Y01,826,1995
YS007582,2025-09-10 16:00:00,Y02,823,1249
YS007583,2025-09-10 16:00:00,Y03,512,986
YS007584,2025-09-10 16:00:00,Y04,918,1113
YS007585,2025-09-10 16:00:00,Y05,537,930
YS007586,2025-09-10 16:00:00,Y06,1387,1758
YS007587,2025-09-10 16:00:00,Y07,851,1034
YS007588,2025-09-10 16:00:00,Y08,837,1028
YS007589,2025-09-10 16:00:00,Y09,849,1123
YS007590,2025-09-10 16:00:00,Y10,1084,1339
YS007591,2025-09-11 00:00:00,Y01,1690,1995
YS007592,2025-09-11 00:00:00,Y02,654,1249
YS007593,2025-09-11 00:00:00,Y03,572,986
YS007594,2025-09-11 00:00:00,Y04,548,1113
YS007595,2025-09-11 00:00:00,Y05,886,930
YS007596,2025-09-11 00:00:00,Y06,988,1758
YS007597,2025-09-11 00:00:00,Y07,858,1034
YS007598,2025-09-11 00:00:00,Y08,734,1028
YS007599,2025-09-11 00:00:00,Y09,690,1123
YS007600,2025-09-11 00:00:00,Y10,1195,1339
YS007601,2025-09-11 08:00:00,Y01,915,1995
YS007602,2025-09-11 08:00:00,Y02,1155,1249
YS007603,2025-09-11 08:00:00,Y03,719,986
YS007604,2025-09-11 08:00:00,Y04,940,1113
YS007605,2025-09-11 08:00:00,Y05,814,930
YS007606,2025-09-11 08:00:00,Y06,970,1758
YS007607,2025-09-11 08:00:00,Y07,517,1034
YS007608,2025-09-11 08:00:00,Y08,993,1028
YS007609,2025-09-11 08:00:00,Y09,947,1123
YS007610,2025-09-11 08:00:00,Y10,580,1339
YS007611,2025-09-11 16:00:00,Y01,930,1995
YS007612,2025-09-11 16:00:00,Y02,1222,1249
YS007613,2025-09-11 16:00:00,Y03,478,986
YS007614,2025-09-11 16:00:00,Y04,998,1113
YS007615,2025-09-11 16:00:00,Y05,614,930
YS007616,2025-09-11 16:00:00,Y06,1581,1758
YS007617,2025-09-11 16:00:00,Y07,693,1034
YS007618,2025-09-11 16:00:00,Y08,487,1028
YS007619,2025-09-11 16:00:00,Y09,1024,1123
YS007620,2025-09-11 16:00:00,Y10,706,1339
YS007621,2025-09-12 00:00:00,Y01,1790,1995
YS007622,2025-09-12 00:00:00,Y02,894,1249
YS007623,2025-09-12 00:00:00,Y03,569,986
YS007624,2025-09-12 00:00:00,Y04,553,1113
YS007625,2025-09-12 00:00:00,Y05,764,930
YS007626,2025-09-12 00:00:00,Y06,1151,1758
YS007627,2025-09-12 00:00:00,Y07,853,1034
YS007628,2025-09-12 00:00:00,Y08,697,1028
YS007629,2025-09-12 00:00:00,Y09,779,1123
YS007630,2025-09-12 00:00:00,Y10,1130,1339
YS007631,2025-09-12 08:00:00,Y01,1043,1995
YS007632,2025-09-12 08:00:00,Y02,579,1249
YS007633,2025-09-12 08:00:00,Y03,410,986
YS007634,2025-09-12 08:00:00,Y04,1057,1113
YS007635,2025-09-12 08:00:00,Y05,835,930
YS007636,2025-09-12 08:00:00,Y06,815,1758
YS007637,2025-09-12 08:00:00,Y07,628,1034
YS007638,2025-09-12 08:00:00,Y08,628,1028
YS007639,2025-09-12 08:00:00,Y09,644,1123
YS007640,2025-09-12 08:00:00,Y10,1245,1339
YS007641,2025-09-12 16:00:00,Y01,1001,1995
YS007642,2025-09-12 16:00:00,Y02,1162,1249
YS007643,2025-09-12 16:00:00,Y03,692,986
YS007644,2025-09-12 16:00:00,Y04,669,1113
YS007645,2025-09-12 16:00:00,Y05,425,930
YS007646,2025-09-12 16:00:00,Y06,1157,1758
YS007647,2025-09-12 16:00:00,Y07,815,1034
YS007648,2025-09-12 16:00:00,Y08,876,1028
YS007649,2025-09-12 16:00:00,Y09,1070,1123
YS007650,2025-09-12 16:00:00,Y10,871,1339
YS007651,2025-09-13 00:00:00,Y01,1327,1995
YS007652,2025-09-13 00:00:00,Y02,1066,1249
YS007653,2025-09-13 00:00:00,Y03,458,986
YS007654,2025-09-13 00:00:00,Y04,452,1113
YS007655,2025-09-13 00:00:00,Y05,504,930
YS007656,2025-09-13 00:00:00,Y06,980,1758
YS007657,2025-09-13 00:00:00,Y07,615,1034
YS007658,2025-09-13 00:00:00,Y08,1003,1028
YS007659,2025-09-13 00:00:00,Y09,534,1123
YS007660,2025-09-13 00:00:00,Y10,707,1339
YS007661,2025-09-13 08:00:00,Y01,1037,1995
YS007662,2025-09-13 08:00:00,Y02,929,1249
YS007663,2025-09-13 08:00:00,Y03,759,986
YS007664,2025-09-13 08:00:00,Y04,856,1113
YS007665,2025-09-13 08:00:00,Y05,537,930
YS007666,2025-09-13 08:00:00,Y06,1307,1758
YS007667,2025-09-13 08:00:00,Y07,871,1034
YS007668,2025-09-13 08:00:00,Y08,702,1028
YS007669,2025-09-13 08:00:00,Y09,635,1123
YS007670,2025-09-13 08:00:00,Y10,902,1339
YS007671,2025-09-13 16:00:00,Y01,1597,1995
YS007672,2025-09-13 16:00:00,Y02,869,1249
YS007673,2025-09-13 16:00:00,Y03,573,986
YS007674,2025-09-13 16:00:00,Y04,1037,1113
YS007675,2025-09-13 16:00:00,Y05,791,930
YS007676,2025-09-13 16:00:00,Y06,739,1758
YS007677,2025-09-13 16:00:00,Y07,422,1034
YS007678,2025-09-13 16:00:00,Y08,756,1028
YS007679,2025-09-13 16:00:00,Y09,711,1123
YS007680,2025-09-13 16:00:00,Y10,639,1339
YS007681,2025-09-14 00:00:00,Y01,1797,1995
YS007682,2025-09-14 00:00:00,Y02,951,1249
YS007683,2025-09-14 00:00:00,Y03,965,986
YS007684,2025-09-14 00:00:00,Y04,446,1113
YS007685,2025-09-14 00:00:00,Y05,666,930
YS007686,2025-09-14 00:00:00,Y06,913,1758
YS007687,2025-09-14 00:00:00,Y07,419,1034
YS007688,2025-09-14 00:00:00,Y08,611,1028
YS007689,2025-09-14 00:00:00,Y09,604,1123
YS007690,2025-09-14 00:00:00,Y10,858,1339
YS007691,2025-09-14 08:00:00,Y01,1070,1995
YS007692,2025-09-14 08:00:00,Y02,733,1249
YS007693,2025-09-14 08:00:00,Y03,758,986
YS007694,2025-09-14 08:00:00,Y04,1013,1113
YS007695,2025-09-14 08:00:00,Y05,582,930
YS007696,2025-09-14 08:00:00,Y06,1373,1758
YS007697,2025-09-14 08:00:00,Y07,417,1034
YS007698,2025-09-14 08:00:00,Y08,548,1028
YS007699,2025-09-14 08:00:00,Y09,707,1123
YS007700,2025-09-14 08:00:00,Y10,1280,1339
YS007701,2025-09-14 16:00:00,Y01,834,1995
YS007702,2025-09-14 16:00:00,Y02,1049,1249
YS007703,2025-09-14 16:00:00,Y03,932,986
YS007704,2025-09-14 16:00:00,Y04,1016,1113
YS007705,2025-09-14 16:00:00,Y05,480,930
YS007706,2025-09-14 16:00:00,Y06,1394,1758
YS007707,2025-09-14 16:00:00,Y07,757,1034
YS007708,2025-09-14 16:00:00,Y08,551,1028
YS007709,2025-09-14 16:00:00,Y09,695,1123
YS007710,2025-09-14 16:00:00,Y10,1148,1339
YS007711,2025-09-15 00:00:00,Y01,1257,1995
YS007712,2025-09-15 00:00:00,Y02,1175,1249
YS007713,2025-09-15 00:00:00,Y03,448,986
YS007714,2025-09-15 00:00:00,Y04,1081,1113
YS007715,2025-09-15 00:00:00,Y05,408,930
YS007716,2025-09-15 00:00:00,Y06,1602,1758
YS007717,2025-09-15 00:00:00,Y07,542,1034
YS007718,2025-09-15 00:00:00,Y08,629,1028
YS007719,2025-09-15 00:00:00,Y09,698,1123
YS007720,2025-09-15 00:00:00,Y10,1071,1339
YS007721,2025-09-15 08:00:00,Y01,843,1995
YS007722,2025-09-15 08:00:00,Y02,1000,1249
YS007723,2025-09-15 08:00:00,Y03,742,986
YS007724,2025-09-15 08:00:00,Y04,767,1113
YS007725,2025-09-15 08:00:00,Y05,762,930
YS007726,2025-09-15 08:00:00,Y06,935,1758
YS007727,2025-09-15 08:00:00,Y07,795,1034
YS007728,2025-09-15 08:00:00,Y08,443,1028
YS007729,2025-09-15 08:00:00,Y09,1041,1123
YS007730,2025-09-15 08:00:00,Y10,1155,1339
YS007731,2025-09-15 16:00:00,Y01,1119,1995
YS007732,2025-09-15 16:00:00,Y02,851,1249
YS007733,2025-09-15 16:00:00,Y03,590,986
YS007734,2025-09-15 16:00:00,Y04,1031,1113
YS007735,2025-09-15 16:00:00,Y05,593,930
YS007736,2025-09-15 16:00:00,Y06,912,1758
YS007737,2025-09-15 16:00:00,Y07,766,1034
YS007738,2025-09-15 16:00:00,Y08,539,1028
YS007739,2025-09-15 16:00:00,Y09,554,1123
YS007740,2025-09-15 16:00:00,Y10,602,1339
YS007741,2025-09-16 00:00:00,Y01,1049,1995
YS007742,2025-09-16 00:00:00,Y02,568,1249
YS007743,2025-09-16 00:00:00,Y03,905,986
YS007744,2025-09-16 00:00:00,Y04,554,1113
YS007745,2025-09-16 00:00:00,Y05,750,930
YS007746,2025-09-16 00:00:00,Y06,1096,1758
YS007747,2025-09-16 00:00:00,Y07,599,1034
YS007748,2025-09-16 00:00:00,Y08,803,1028
YS007749,2025-09-16 00:00:00,Y09,698,1123
YS007750,2025-09-16 00:00:00,Y10,723,1339
YS007751,2025-09-16 08:00:00,Y01,1121,1995
YS007752,2025-09-16 08:00:00,Y02,1199,1249
YS007753,2025-09-16 08:00:00,Y03,580,986
YS007754,2025-09-16 08:00:00,Y04,1076,1113
YS007755,2025-09-16 08:00:00,Y05,586,930
YS007756,2025-09-16 08:00:00,Y06,1351,1758
YS007757,2025-09-16 08:00:00,Y07,635,1034
YS007758,2025-09-16 08:00:00,Y08,995,1028
YS007759,2025-09-16 08:00:00,Y09,896,1123
YS007760,2025-09-16 08:00:00,Y10,1227,1339
YS007761,2025-09-16 16:00:00,Y01,1857,1995
YS007762,2025-09-16 16:00:00,Y02,731,1249
YS007763,2025-09-16 16:00:00,Y03,468,986
YS007764,2025-09-16 16:00:00,Y04,1030,1113
YS007765,2025-09-16 16:00:00,Y05,452,930
YS007766,2025-09-16 16:00:00,Y06,1559,1758
YS007767,2025-09-16 16:00:00,Y07,791,1034
YS007768,2025-09-16 16:00:00,Y08,936,1028
YS007769,2025-09-16 16:00:00,Y09,948,1123
YS007770,2025-09-16 16:00:00,Y10,704,1339
YS007771,2025-09-17 00:00:00,Y01,1376,1995
YS007772,2025-09-17 00:00:00,Y02,903,1249
YS007773,2025-09-17 00:00:00,Y03,573,986
YS007774,2025-09-17 00:00:00,Y04,754,1113
YS007775,2025-09-17 00:00:00,Y05,519,930
YS007776,2025-09-17 00:00:00,Y06,986,1758
YS007777,2025-09-17 00:00:00,Y07,423,1034
YS007778,2025-09-17 00:00:00,Y08,815,1028
YS007779,2025-09-17 00:00:00,Y09,952,1123
YS007780,2025-09-17 00:00:00,Y10,1085,1339
YS007781,2025-09-17 08:00:00,Y01,1210,1995
YS007782,2025-09-17 08:00:00,Y02,852,1249
YS007783,2025-09-17 08:00:00,Y03,935,986
YS007784,2025-09-17 08:00:00,Y04,703,1113
YS007785,2025-09-17 08:00:00,Y05,855,930
YS007786,2025-09-17 08:00:00,Y06,798,1758
YS007787,2025-09-17 08:00:00,Y07,952,1034
YS007788,2025-09-17 08:00:00,Y08,578,1028
YS007789,2025-09-17 08:00:00,Y09,606,1123
YS007790,2025-09-17 08:00:00,Y10,1262,1339
YS007791,2025-09-17 16:00:00,Y01,1800,1995
YS007792,2025-09-17 16:00:00,Y02,689,1249
YS007793,2025-09-17 16:00:00,Y03,780,986
YS007794,2025-09-17 16:00:00,Y04,669,1113
YS007795,2025-09-17 16:00:00,Y05,443,930
YS007796,2025-09-17 16:00:00,Y06,974,1758
YS007797,2025-09-17 16:00:00,Y07,491,1034
YS007798,2025-09-17 16:00:00,Y08,670,1028
YS007799,2025-09-17 16:00:00,Y09,764,1123
YS007800,2025-09-17 16:00:00,Y10,1136,1339
YS007801,2025-09-18 00:00:00,Y01,1297,1995
YS007802,2025-09-18 00:00:00,Y02,1045,1249
YS007803,2025-09-18 00:00:00,Y03,875,986
YS007804,2025-09-18 00:00:00,Y04,777,1113
YS007805,2025-09-18 00:00:00,Y05,832,930
YS007806,2025-09-18 00:00:00,Y06,966,1758
YS007807,2025-09-18 00:00:00,Y07,709,1034
YS007808,2025-09-18 00:00:00,Y08,853,1028
YS007809,2025-09-18 00:00:00,Y09,1007,1123
YS007810,2025-09-18 00:00:00,Y10,685,1339
YS007811,2025-09-18 08:00:00,Y01,1766,1995
YS007812,2025-09-18 08:00:00,Y02,688,1249
YS007813,2025-09-18 08:00:00,Y03,402,986
YS007814,2025-09-18 08:00:00,Y04,552,1113
YS007815,2025-09-18 08:00:00,Y05,517,930
YS007816,2025-09-18 08:00:00,Y06,1722,1758
YS007817,2025-09-18 08:00:00,Y07,782,1034
YS007818,2025-09-18 08:00:00,Y08,716,1028
YS007819,2025-09-18 08:00:00,Y09,582,1123
YS007820,2025-09-18 08:00:00,Y10,635,1339
YS007821,2025-09-18 16:00:00,Y01,1678,1995
YS007822,2025-09-18 16:00:00,Y02,1113,1249
YS007823,2025-09-18 16:00:00,Y03,546,986
YS007824,2025-09-18 16:00:00,Y04,733,1113
YS007825,2025-09-18 16:00:00,Y05,655,930
YS007826,2025-09-18 16:00:00,Y06,1245,1758
YS007827,2025-09-18 16:00:00,Y07,961,1034
YS007828,2025-09-18 16:00:00,Y08,538,1028
YS007829,2025-09-18 16:00:00,Y09,1058,1123
YS007830,2025-09-18 16:00:00,Y10,724,1339
YS007831,2025-09-19 00:00:00,Y01,984,1995
YS007832,2025-09-19 00:00:00,Y02,978,1249
YS007833,2025-09-19 00:00:00,Y03,849,986
YS007834,2025-09-19 00:00:00,Y04,816,1113
YS007835,2025-09-19 00:00:00,Y05,645,930
YS007836,2025-09-19 00:00:00,Y06,1014,1758
YS007837,2025-09-19 00:00:00,Y07,785,1034
YS007838,2025-09-19 00:00:00,Y08,896,1028
YS007839,2025-09-19 00:00:00,Y09,1025,1123
YS007840,2025-09-19 00:00:00,Y10,820,1339
YS007841,2025-09-19 08:00:00,Y01,1419,1995
YS007842,2025-09-19 08:00:00,Y02,1113,1249
YS007843,2025-09-19 08:00:00,Y03,684,986
YS007844,2025-09-19 08:00:00,Y04,454,1113
YS007845,2025-09-19 08:00:00,Y05,477,930
YS007846,2025-09-19 08:00:00,Y06,1118,1758
YS007847,2025-09-19 08:00:00,Y07,885,1034
YS007848,2025-09-19 08:00:00,Y08,601,1028
YS007849,2025-09-19 08:00:00,Y09,587,1123
YS007850,2025-09-19 08:00:00,Y10,768,1339
YS007851,2025-09-19 16:00:00,Y01,1164,1995
YS007852,2025-09-19 16:00:00,Y02,750,1249
YS007853,2025-09-19 16:00:00,Y03,913,986
YS007854,2025-09-19 16:00:00,Y04,463,1113
YS007855,2025-09-19 16:00:00,Y05,465,930
YS007856,2025-09-19 16:00:00,Y06,1119,1758
YS007857,2025-09-19 16:00:00,Y07,541,1034
YS007858,2025-09-19 16:00:00,Y08,915,1028
YS007859,2025-09-19 16:00:00,Y09,1067,1123
YS007860,2025-09-19 16:00:00,Y10,858,1339
YS007861,2025-09-20 00:00:00,Y01,1110,1995
YS007862,2025-09-20 00:00:00,Y02,770,1249
YS007863,2025-09-20 00:00:00,Y03,456,986
YS007864,2025-09-20 00:00:00,Y04,980,1113
YS007865,2025-09-20 00:00:00,Y05,825,930
YS007866,2025-09-20 00:00:00,Y06,1060,1758
YS007867,2025-09-20 00:00:00,Y07,874,1034
YS007868,2025-09-20 00:00:00,Y08,661,1028
YS007869,2025-09-20 00:00:00,Y09,1014,1123
YS007870,2025-09-20 00:00:00,Y10,1082,1339
YS007871,2025-09-20 08:00:00,Y01,1499,1995
YS007872,2025-09-20 08:00:00,Y02,575,1249
YS007873,2025-09-20 08:00:00,Y03,645,986
YS007874,2025-09-20 08:00:00,Y04,541,1113
YS007875,2025-09-20 08:00:00,Y05,474,930
YS007876,2025-09-20 08:00:00,Y06,1515,1758
YS007877,2025-09-20 08:00:00,Y07,675,1034
YS007878,2025-09-20 08:00:00,Y08,816,1028
YS007879,2025-09-20 08:00:00,Y09,878,1123
YS007880,2025-09-20 08:00:00,Y10,742,1339
YS007881,2025-09-20 16:00:00,Y01,1366,1995
YS007882,2025-09-20 16:00:00,Y02,768,1249
YS007883,2025-09-20 16:00:00,Y03,773,986
YS007884,2025-09-20 16:00:00,Y04,809,1113
YS007885,2025-09-20 16:00:00,Y05,392,930
YS007886,2025-09-20 16:00:00,Y06,1229,1758
YS007887,2025-09-20 16:00:00,Y07,766,1034
YS007888,2025-09-20 16:00:00,Y08,728,1028
YS007889,2025-09-20 16:00:00,Y09,822,1123
YS007890,2025-09-20 16:00:00,Y10,692,1339
YS007891,2025-09-21 00:00:00,Y01,1133,1995
YS007892,2025-09-21 00:00:00,Y02,1055,1249
YS007893,2025-09-21 00:00:00,Y03,956,986
YS007894,2025-09-21 00:00:00,Y04,1009,1113
YS007895,2025-09-21 00:00:00,Y05,734,930
YS007896,2025-09-21 00:00:00,Y06,1626,1758
YS007897,2025-09-21 00:00:00,Y07,476,1034
YS007898,2025-09-21 00:00:00,Y08,870,1028
YS007899,2025-09-21 00:00:00,Y09,797,1123
YS007900,2025-09-21 00:00:00,Y10,1220,1339
YS007901,2025-09-21 08:00:00,Y01,1293,1995
YS007902,2025-09-21 08:00:00,Y02,624,1249
YS007903,2025-09-21 08:00:00,Y03,580,986
YS007904,2025-09-21 08:00:00,Y04,649,1113
YS007905,2025-09-21 08:00:00,Y05,679,930
YS007906,2025-09-21 08:00:00,Y06,1626,1758
YS007907,2025-09-21 08:00:00,Y07,544,1034
YS007908,2025-09-21 08:00:00,Y08,968,1028
YS007909,2025-09-21 08:00:00,Y09,601,1123
YS007910,2025-09-21 08:00:00,Y10,933,1339
YS007911,2025-09-21 16:00:00,Y01,862,1995
YS007912,2025-09-21 16:00:00,Y02,812,1249
YS007913,2025-09-21 16:00:00,Y03,716,986
YS007914,2025-09-21 16:00:00,Y04,462,1113
YS007915,2025-09-21 16:00:00,Y05,397,930
YS007916,2025-09-21 16:00:00,Y06,1570,1758
YS007917,2025-09-21 16:00:00,Y07,892,1034
YS007918,2025-09-21 16:00:00,Y08,497,1028
YS007919,2025-09-21 16:00:00,Y09,1000,1123
YS007920,2025-09-21 16:00:00,Y10,866,1339
YS007921,2025-09-22 00:00:00,Y01,1120,1995
YS007922,2025-09-22 00:00:00,Y02,565,1249
YS007923,2025-09-22 00:00:00,Y03,422,986
YS007924,2025-09-22 00:00:00,Y04,857,1113
YS007925,2025-09-22 00:00:00,Y05,510,930
YS007926,2025-09-22 00:00:00,Y06,1639,1758
YS007927,2025-09-22 00:00:00,Y07,507,1034
YS007928,2025-09-22 00:00:00,Y08,503,1028
YS007929,2025-09-22 00:00:00,Y09,847,1123
YS007930,2025-09-22 00:00:00,Y10,1225,1339
YS007931,2025-09-22 08:00:00,Y01,1772,1995
YS007932,2025-09-22 08:00:00,Y02,773,1249
YS007933,2025-09-22 08:00:00,Y03,641,986
YS007934,2025-09-22 08:00:00,Y04,512,1113
YS007935,2025-09-22 08:00:00,Y05,533,930
YS007936,2025-09-22 08:00:00,Y06,738,1758
YS007937,2025-09-22 08:00:00,Y07,741,1034
YS007938,2025-09-22 08:00:00,Y08,499,1028
YS007939,2025-09-22 08:00:00,Y09,778,1123
YS007940,2025-09-22 08:00:00,Y10,1239,1339
YS007941,2025-09-22 16:00:00,Y01,1842,1995
YS007942,2025-09-22 16:00:00,Y02,701,1249
YS007943,2025-09-22 16:00:00,Y03,490,986
YS007944,2025-09-22 16:00:00,Y04,1020,1113
YS007945,2025-09-22 16:00:00,Y05,765,930
YS007946,2025-09-22 16:00:00,Y06,806,1758
YS007947,2025-09-22 16:00:00,Y07,741,1034
YS007948,2025-09-22 16:00:00,Y08,699,1028
YS007949,2025-09-22 16:00:00,Y09,630,1123
YS007950,2025-09-22 16:00:00,Y10,539,1339
YS007951,2025-09-23 00:00:00,Y01,1589,1995
YS007952,2025-09-23 00:00:00,Y02,510,1249
YS007953,2025-09-23 00:00:00,Y03,820,986
YS007954,2025-09-23 00:00:00,Y04,887,1113
YS007955,2025-09-23 00:00:00,Y05,870,930
YS007956,2025-09-23 00:00:00,Y06,1611,1758
YS007957,2025-09-23 00:00:00,Y07,949,1034
YS007958,2025-09-23 00:00:00,Y08,964,1028
YS007959,2025-09-23 00:00:00,Y09,495,1123
YS007960,2025-09-23 00:00:00,Y10,1035,1339
YS007961,2025-09-23 08:00:00,Y01,1149,1995
YS007962,2025-09-23 08:00:00,Y02,1103,1249
YS007963,2025-09-23 08:00:00,Y03,558,986
YS007964,2025-09-23 08:00:00,Y04,696,1113
YS007965,2025-09-23 08:00:00,Y05,537,930
YS007966,2025-09-23 08:00:00,Y06,904,1758
YS007967,2025-09-23 08:00:00,Y07,883,1034
YS007968,2025-09-23 08:00:00,Y08,991,1028
YS007969,2025-09-23 08:00:00,Y09,1038,1123
YS007970,2025-09-23 08:00:00,Y10,828,1339
YS007971,2025-09-23 16:00:00,Y01,1852,1995
YS007972,2025-09-23 16:00:00,Y02,516,1249
YS007973,2025-09-23 16:00:00,Y03,503,986
YS007974,2025-09-23 16:00:00,Y04,555,1113
YS007975,2025-09-23 16:00:00,Y05,560,930
YS007976,2025-09-23 16:00:00,Y06,987,1758
YS007977,2025-09-23 16:00:00,Y07,931,1034
YS007978,2025-09-23 16:00:00,Y08,874,1028
YS007979,2025-09-23 16:00:00,Y09,523,1123
YS007980,2025-09-23 16:00:00,Y10,905,1339
YS007981,2025-09-24 00:00:00,Y01,1482,1995
YS007982,2025-09-24 00:00:00,Y02,889,1249
YS007983,2025-09-24 00:00:00,Y03,643,986
YS007984,2025-09-24 00:00:00,Y04,977,1113
YS007985,2025-09-24 00:00:00,Y05,403,930
YS007986,2025-09-24 00:00:00,Y06,785,1758
YS007987,2025-09-24 00:00:00,Y07,739,1034
YS007988,2025-09-24 00:00:00,Y08,477,1028
YS007989,2025-09-24 00:00:00,Y09,875,1123
YS007990,2025-09-24 00:00:00,Y10,948,1339
YS007991,2025-09-24 08:00:00,Y01,1799,1995
YS007992,2025-09-24 08:00:00,Y02,725,1249
YS007993,2025-09-24 08:00:00,Y03,509,986
YS007994,2025-09-24 08:00:00,Y04,876,1113
YS007995,2025-09-24 08:00:00,Y05,911,930
YS007996,2025-09-24 08:00:00,Y06,866,1758
YS007997,2025-09-24 08:00:00,Y07,535,1034
YS007998,2025-09-24 08:00:00,Y08,513,1028
YS007999,2025-09-24 08:00:00,Y09,1088,1123
YS008000,2025-09-24 08:00:00,Y10,843,1339
YS008001,2025-09-24 16:00:00,Y01,966,1995
YS008002,2025-09-24 16:00:00,Y02,1118,1249
YS008003,2025-09-24 16:00:00,Y03,565,986
YS008004,2025-09-24 16:00:00,Y04,968,1113
YS008005,2025-09-24 16:00:00,Y05,461,930
YS008006,2025-09-24 16:00:00,Y06,1403,1758
YS008007,2025-09-24 16:00:00,Y07,948,1034
YS008008,2025-09-24 16:00:00,Y08,616,1028
YS008009,2025-09-24 16:00:00,Y09,1057,1123
YS008010,2025-09-24 16:00:00,Y10,1158,1339
YS008011,2025-09-25 00:00:00,Y01,1584,1995
YS008012,2025-09-25 00:00:00,Y02,500,1249
YS008013,2025-09-25 00:00:00,Y03,410,986
YS008014,2025-09-25 00:00:00,Y04,745,1113
YS008015,2025-09-25 00:00:00,Y05,679,930
YS008016,2025-09-25 00:00:00,Y06,1337,1758
YS008017,2025-09-25 00:00:00,Y07,891,1034
YS008018,2025-09-25 00:00:00,Y08,543,1028
YS008019,2025-09-25 00:00:00,Y09,549,1123
YS008020,2025-09-25 00:00:00,Y10,639,1339
YS008021,2025-09-25 08:00:00,Y01,822,1995
YS008022,2025-09-25 08:00:00,Y02,998,1249
YS008023,2025-09-25 08:00:00,Y03,583,986
YS008024,2025-09-25 08:00:00,Y04,810,1113
YS008025,2025-09-25 08:00:00,Y05,849,930
YS008026,2025-09-25 08:00:00,Y06,712,1758
YS008027,2025-09-25 08:00:00,Y07,848,1034
YS008028,2025-09-25 08:00:00,Y08,601,1028
YS008029,2025-09-25 08:00:00,Y09,560,1123
YS008030,2025-09-25 08:00:00,Y10,586,1339
YS008031,2025-09-25 16:00:00,Y01,1386,1995
YS008032,2025-09-25 16:00:00,Y02,834,1249
YS008033,2025-09-25 16:00:00,Y03,607,986
YS008034,2025-09-25 16:00:00,Y04,853,1113
YS008035,2025-09-25 16:00:00,Y05,584,930
YS008036,2025-09-25 16:00:00,Y06,1325,1758
YS008037,2025-09-25 16:00:00,Y07,733,1034
YS008038,2025-09-25 16:00:00,Y08,570,1028
YS008039,2025-09-25 16:00:00,Y09,746,1123
YS008040,2025-09-25 16:00:00,Y10,967,1339
YS008041,2025-09-26 00:00:00,Y01,1896,1995
YS008042,2025-09-26 00:00:00,Y02,992,1249
YS008043,2025-09-26 00:00:00,Y03,796,986
YS008044,2025-09-26 00:00:00,Y04,785,1113
YS008045,2025-09-26 00:00:00,Y05,657,930
YS008046,2025-09-26 00:00:00,Y06,1057,1758
YS008047,2025-09-26 00:00:00,Y07,655,1034
YS008048,2025-09-26 00:00:00,Y08,431,1028
YS008049,2025-09-26 00:00:00,Y09,958,1123
YS008050,2025-09-26 00:00:00,Y10,563,1339
YS008051,2025-09-26 08:00:00,Y01,1714,1995
YS008052,2025-09-26 08:00:00,Y02,757,1249
YS008053,2025-09-26 08:00:00,Y03,707,986
YS008054,2025-09-26 08:00:00,Y04,1068,1113
YS008055,2025-09-26 08:00:00,Y05,567,930
YS008056,2025-09-26 08:00:00,Y06,850,1758
YS008057,2025-09-26 08:00:00,Y07,756,1034
YS008058,2025-09-26 08:00:00,Y08,534,1028
YS008059,2025-09-26 08:00:00,Y09,895,1123
YS008060,2025-09-26 08:00:00,Y10,642,1339
YS008061,2025-09-26 16:00:00,Y01,1675,1995
YS008062,2025-09-26 16:00:00,Y02,763,1249
YS008063,2025-09-26 16:00:00,Y03,530,986
YS008064,2025-09-26 16:00:00,Y04,873,1113
YS008065,2025-09-26 16:00:00,Y05,762,930
YS008066,2025-09-26 16:00:00,Y06,1483,1758
YS008067,2025-09-26 16:00:00,Y07,420,1034
YS008068,2025-09-26 16:00:00,Y08,608,1028
YS008069,2025-09-26 16:00:00,Y09,493,1123
YS008070,2025-09-26 16:00:00,Y10,837,1339
YS008071,2025-09-27 00:00:00,Y01,940,1995
YS008072,2025-09-27 00:00:00,Y02,1169,1249
YS008073,2025-09-27 00:00:00,Y03,661,986
YS008074,2025-09-27 00:00:00,Y04,1073,1113
YS008075,2025-09-27 00:00:00,Y05,708,930
YS008076,2025-09-27 00:00:00,Y06,708,1758
YS008077,2025-09-27 00:00:00,Y07,469,1034
YS008078,2025-09-27 00:00:00,Y08,643,1028
YS008079,2025-09-27 00:00:00,Y09,541,1123
YS008080,2025-09-27 00:00:00,Y10,1042,1339
YS008081,2025-09-27 08:00:00,Y01,1623,1995
YS008082,2025-09-27 08:00:00,Y02,1022,1249
YS008083,2025-09-27 08:00:00,Y03,676,986
YS008084,2025-09-27 08:00:00,Y04,849,1113
YS008085,2025-09-27 08:00:00,Y05,839,930
YS008086,2025-09-27 08:00:00,Y06,1326,1758
YS008087,2025-09-27 08:00:00,Y07,875,1034
YS008088,2025-09-27 08:00:00,Y08,546,1028
YS008089,2025-09-27 08:00:00,Y09,921,1123
YS008090,2025-09-27 08:00:00,Y10,830,1339
YS008091,2025-09-27 16:00:00,Y01,1341,1995
YS008092,2025-09-27 16:00:00,Y02,531,1249
YS008093,2025-09-27 16:00:00,Y03,588,986
YS008094,2025-09-27 16:00:00,Y04,1081,1113
YS008095,2025-09-27 16:00:00,Y05,538,930
YS008096,2025-09-27 16:00:00,Y06,1653,1758
YS008097,2025-09-27 16:00:00,Y07,787,1034
YS008098,2025-09-27 16:00:00,Y08,635,1028
YS008099,2025-09-27 16:00:00,Y09,687,1123
YS008100,2025-09-27 16:00:00,Y10,974,1339
YS008101,2025-09-28 00:00:00,Y01,1931,1995
YS008102,2025-09-28 00:00:00,Y02,1184,1249
YS008103,2025-09-28 00:00:00,Y03,958,986
YS008104,2025-09-28 00:00:00,Y04,945,1113
YS008105,2025-09-28 00:00:00,Y05,711,930
YS008106,2025-09-28 00:00:00,Y06,1657,1758
YS008107,2025-09-28 00:00:00,Y07,938,1034
YS008108,2025-09-28 00:00:00,Y08,445,1028
YS008109,2025-09-28 00:00:00,Y09,802,1123
YS008110,2025-09-28 00:00:00,Y10,795,1339
YS008111,2025-09-28 08:00:00,Y01,1493,1995
YS008112,2025-09-28 08:00:00,Y02,1062,1249
YS008113,2025-09-28 08:00:00,Y03,432,986
YS008114,2025-09-28 08:00:00,Y04,619,1113
YS008115,2025-09-28 08:00:00,Y05,813,930
YS008116,2025-09-28 08:00:00,Y06,1014,1758
YS008117,2025-09-28 08:00:00,Y07,605,1034
YS008118,2025-09-28 08:00:00,Y08,710,1028
YS008119,2025-09-28 08:00:00,Y09,1018,1123
YS008120,2025-09-28 08:00:00,Y10,702,1339
YS008121,2025-09-28 16:00:00,Y01,1523,1995
YS008122,2025-09-28 16:00:00,Y02,726,1249
YS008123,2025-09-28 16:00:00,Y03,510,986
YS008124,2025-09-28 16:00:00,Y04,493,1113
YS008125,2025-09-28 16:00:00,Y05,690,930
YS008126,2025-09-28 16:00:00,Y06,1502,1758
YS008127,2025-09-28 16:00:00,Y07,500,1034
YS008128,2025-09-28 16:00:00,Y08,1006,1028
YS008129,2025-09-28 16:00:00,Y09,492,1123
YS008130,2025-09-28 16:00:00,Y10,938,1339
YS008131,2025-09-29 00:00:00,Y01,1136,1995
YS008132,2025-09-29 00:00:00,Y02,898,1249
YS008133,2025-09-29 00:00:00,Y03,750,986
YS008134,2025-09-29 00:00:00,Y04,723,1113
YS008135,2025-09-29 00:00:00,Y05,865,930
YS008136,2025-09-29 00:00:00,Y06,1443,1758
YS008137,2025-09-29 00:00:00,Y07,970,1034
YS008138,2025-09-29 00:00:00,Y08,909,1028
YS008139,2025-09-29 00:00:00,Y09,1040,1123
YS008140,2025-09-29 00:00:00,Y10,1188,1339
YS008141,2025-09-29 08:00:00,Y01,996,1995
YS008142,2025-09-29 08:00:00,Y02,670,1249
YS008143,2025-09-29 08:00:00,Y03,558,986
YS008144,2025-09-29 08:00:00,Y04,966,1113
YS008145,2025-09-29 08:00:00,Y05,566,930
YS008146,2025-09-29 08:00:00,Y06,788,1758
YS008147,2025-09-29 08:00:00,Y07,987,1034
YS008148,2025-09-29 08:00:00,Y08,703,1028
YS008149,2025-09-29 08:00:00,Y09,810,1123
YS008150,2025-09-29 08:00:00,Y10,1286,1339
YS008151,2025-09-29 16:00:00,Y01,1229,1995
YS008152,2025-09-29 16:00:00,Y02,609,1249
YS008153,2025-09-29 16:00:00,Y03,683,986
YS008154,2025-09-29 16:00:00,Y04,830,1113
YS008155,2025-09-29 16:00:00,Y05,591,930
YS008156,2025-09-29 16:00:00,Y06,1480,1758
YS008157,2025-09-29 16:00:00,Y07,626,1034
YS008158,2025-09-29 16:00:00,Y08,424,1028
YS008159,2025-09-29 16:00:00,Y09,502,1123
YS008160,2025-09-29 16:00:00,Y10,945,1339
YS008161,2025-09-30 00:00:00,Y01,1521,1995
YS008162,2025-09-30 00:00:00,Y02,618,1249
YS008163,2025-09-30 00:00:00,Y03,693,986
YS008164,2025-09-30 00:00:00,Y04,760,1113
YS008165,2025-09-30 00:00:00,Y05,830,930
YS008166,2025-09-30 00:00:00,Y06,1658,1758
YS008167,2025-09-30 00:00:00,Y07,506,1034
YS008168,2025-09-30 00:00:00,Y08,983,1028
YS008169,2025-09-30 00:00:00,Y09,958,1123
YS008170,2025-09-30 00:00:00,Y10,1147,1339
YS008171,2025-09-30 08:00:00,Y01,1367,1995
YS008172,2025-09-30 08:00:00,Y02,611,1249
YS008173,2025-09-30 08:00:00,Y03,433,986
YS008174,2025-09-30 08:00:00,Y04,876,1113
YS008175,2025-09-30 08:00:00,Y05,828,930
YS008176,2025-09-30 08:00:00,Y06,979,1758
YS008177,2025-09-30 08:00:00,Y07,843,1034
YS008178,2025-09-30 08:00:00,Y08,587,1028
YS008179,2025-09-30 08:00:00,Y09,564,1123
YS008180,2025-09-30 08:00:00,Y10,562,1339
YS008181,2025-09-30 16:00:00,Y01,1926,1995
YS008182,2025-09-30 16:00:00,Y02,533,1249
YS008183,2025-09-30 16:00:00,Y03,644,986
YS008184,2025-09-30 16:00:00,Y04,884,1113
YS008185,2025-09-30 16:00:00,Y05,850,930
YS008186,2025-09-30 16:00:00,Y06,1356,1758
YS008187,2025-09-30 16:00:00,Y07,673,1034
YS008188,2025-09-30 16:00:00,Y08,762,1028
YS008189,2025-09-30 16:00:00,Y09,975,1123
YS008190,2025-09-30 16:00:00,Y10,1033,1339
YS008191,2025-10-01 00:00:00,Y01,1875,1995
YS008192,2025-10-01 00:00:00,Y02,565,1249
YS008193,2025-10-01 00:00:00,Y03,756,986
YS008194,2025-10-01 00:00:00,Y04,821,1113
YS008195,2025-10-01 00:00:00,Y05,870,930
YS008196,2025-10-01 00:00:00,Y06,1332,1758
YS008197,2025-10-01 00:00:00,Y07,757,1034
YS008198,2025-10-01 00:00:00,Y08,892,1028
YS008199,2025-10-01 00:00:00,Y09,914,1123
YS008200,2025-10-01 00:00:00,Y10,1100,1339
YS008201,2025-10-01 08:00:00,Y01,1186,1995
YS008202,2025-10-01 08:00:00,Y02,579,1249
YS008203,2025-10-01 08:00:00,Y03,461,986
YS008204,2025-10-01 08:00:00,Y04,833,1113
YS008205,2025-10-01 08:00:00,Y05,386,930
YS008206,2025-10-01 08:00:00,Y06,1497,1758
YS008207,2025-10-01 08:00:00,Y07,709,1034
YS008208,2025-10-01 08:00:00,Y08,479,1028
YS008209,2025-10-01 08:00:00,Y09,962,1123
YS008210,2025-10-01 08:00:00,Y10,996,1339
YS008211,2025-10-01 16:00:00,Y01,1563,1995
YS008212,2025-10-01 16:00:00,Y02,819,1249
YS008213,2025-10-01 16:00:00,Y03,572,986
YS008214,2025-10-01 16:00:00,Y04,923,1113
YS008215,2025-10-01 16:00:00,Y05,509,930
YS008216,2025-10-01 16:00:00,Y06,1518,1758
YS008217,2025-10-01 16:00:00,Y07,764,1034
YS008218,2025-10-01 16:00:00,Y08,991,1028
YS008219,2025-10-01 16:00:00,Y09,486,1123
YS008220,2025-10-01 16:00:00,Y10,1052,1339
YS008221,2025-10-02 00:00:00,Y01,1577,1995
YS008222,2025-10-02 00:00:00,Y02,990,1249
YS008223,2025-10-02 00:00:00,Y03,426,986
YS008224,2025-10-02 00:00:00,Y04,494,1113
YS008225,2025-10-02 00:00:00,Y05,688,930
YS008226,2025-10-02 00:00:00,Y06,1156,1758
YS008227,2025-10-02 00:00:00,Y07,951,1034
YS008228,2025-10-02 00:00:00,Y08,958,1028
YS008229,2025-10-02 00:00:00,Y09,640,1123
YS008230,2025-10-02 00:00:00,Y10,581,1339
YS008231,2025-10-02 08:00:00,Y01,1001,1995
YS008232,2025-10-02 08:00:00,Y02,799,1249
YS008233,2025-10-02 08:00:00,Y03,655,986
YS008234,2025-10-02 08:00:00,Y04,676,1113
YS008235,2025-10-02 08:00:00,Y05,684,930
YS008236,2025-10-02 08:00:00,Y06,1653,1758
YS008237,2025-10-02 08:00:00,Y07,872,1034
YS008238,2025-10-02 08:00:00,Y08,730,1028
YS008239,2025-10-02 08:00:00,Y09,836,1123
YS008240,2025-10-02 08:00:00,Y10,769,1339
YS008241,2025-10-02 16:00:00,Y01,1006,1995
YS008242,2025-10-02 16:00:00,Y02,1127,1249
YS008243,2025-10-02 16:00:00,Y03,397,986
YS008244,2025-10-02 16:00:00,Y04,1016,1113
YS008245,2025-10-02 16:00:00,Y05,576,930
YS008246,2025-10-02 16:00:00,Y06,1663,1758
YS008247,2025-10-02 16:00:00,Y07,746,1034
YS008248,2025-10-02 16:00:00,Y08,508,1028
YS008249,2025-10-02 16:00:00,Y09,915,1123
YS008250,2025-10-02 16:00:00,Y10,800,1339
YS008251,2025-10-03 00:00:00,Y01,1833,1995
YS008252,2025-10-03 00:00:00,Y02,889,1249
YS008253,2025-10-03 00:00:00,Y03,682,986
YS008254,2025-10-03 00:00:00,Y04,846,1113
YS008255,2025-10-03 00:00:00,Y05,535,930
YS008256,2025-10-03 00:00:00,Y06,1139,1758
YS008257,2025-10-03 00:00:00,Y07,873,1034
YS008258,2025-10-03 00:00:00,Y08,634,1028
YS008259,2025-10-03 00:00:00,Y09,665,1123
YS008260,2025-10-03 00:00:00,Y10,831,1339
YS008261,2025-10-03 08:00:00,Y01,1884,1995
YS008262,2025-10-03 08:00:00,Y02,845,1249
YS008263,2025-10-03 08:00:00,Y03,630,986
YS008264,2025-10-03 08:00:00,Y04,817,1113
YS008265,2025-10-03 08:00:00,Y05,603,930
YS008266,2025-10-03 08:00:00,Y06,917,1758
YS008267,2025-10-03 08:00:00,Y07,554,1034
YS008268,2025-10-03 08:00:00,Y08,832,1028
YS008269,2025-10-03 08:00:00,Y09,539,1123
YS008270,2025-10-03 08:00:00,Y10,1277,1339
YS008271,2025-10-03 16:00:00,Y01,1619,1995
YS008272,2025-10-03 16:00:00,Y02,980,1249
YS008273,2025-10-03 16:00:00,Y03,402,986
YS008274,2025-10-03 16:00:00,Y04,635,1113
YS008275,2025-10-03 16:00:00,Y05,499,930
YS008276,2025-10-03 16:00:00,Y06,1481,1758
YS008277,2025-10-03 16:00:00,Y07,513,1034
YS008278,2025-10-03 16:00:00,Y08,655,1028
YS008279,2025-10-03 16:00:00,Y09,504,1123
YS008280,2025-10-03 16:00:00,Y10,662,1339
YS008281,2025-10-04 00:00:00,Y01,906,1995
YS008282,2025-10-04 00:00:00,Y02,867,1249
YS008283,2025-10-04 00:00:00,Y03,461,986
YS008284,2025-10-04 00:00:00,Y04,646,1113
YS008285,2025-10-04 00:00:00,Y05,377,930
YS008286,2025-10-04 00:00:00,Y06,1703,1758
YS008287,2025-10-04 00:00:00,Y07,570,1034
YS008288,2025-10-04 00:00:00,Y08,505,1028
YS008289,2025-10-04 00:00:00,Y09,900,1123
YS008290,2025-10-04 00:00:00,Y10,743,1339
YS008291,2025-10-04 08:00:00,Y01,1177,1995
YS008292,2025-10-04 08:00:00,Y02,862,1249
YS008293,2025-10-04 08:00:00,Y03,741,986
YS008294,2025-10-04 08:00:00,Y04,546,1113
YS008295,2025-10-04 08:00:00,Y05,687,930
YS008296,2025-10-04 08:00:00,Y06,1299,1758
YS008297,2025-10-04 08:00:00,Y07,547,1034
YS008298,2025-10-04 08:00:00,Y08,657,1028
YS008299,2025-10-04 08:00:00,Y09,1095,1123
YS008300,2025-10-04 08:00:00,Y10,1296,1339
YS008301,2025-10-04 16:00:00,Y01,1293,1995
YS008302,2025-10-04 16:00:00,Y02,946,1249
YS008303,2025-10-04 16:00:00,Y03,871,986
YS008304,2025-10-04 16:00:00,Y04,754,1113
YS008305,2025-10-04 16:00:00,Y05,806,930
YS008306,2025-10-04 16:00:00,Y06,1685,1758
YS008307,2025-10-04 16:00:00,Y07,987,1034
YS008308,2025-10-04 16:00:00,Y08,506,1028
YS008309,2025-10-04 16:00:00,Y09,474,1123
YS008310,2025-10-04 16:00:00,Y10,1190,1339
YS008311,2025-10-05 00:00:00,Y01,1049,1995
YS008312,2025-10-05 00:00:00,Y02,538,1249
YS008313,2025-10-05 00:00:00,Y03,839,986
YS008314,2025-10-05 00:00:00,Y04,1033,1113
YS008315,2025-10-05 00:00:00,Y05,812,930
YS008316,2025-10-05 00:00:00,Y06,747,1758
YS008317,2025-10-05 00:00:00,Y07,750,1034
YS008318,2025-10-05 00:00:00,Y08,443,1028
YS008319,2025-10-05 00:00:00,Y09,888,1123
YS008320,2025-10-05 00:00:00,Y10,660,1339
YS008321,2025-10-05 08:00:00,Y01,1061,1995
YS008322,2025-10-05 08:00:00,Y02,671,1249
YS008323,2025-10-05 08:00:00,Y03,774,986
YS008324,2025-10-05 08:00:00,Y04,766,1113
YS008325,2025-10-05 08:00:00,Y05,632,930
YS008326,2025-10-05 08:00:00,Y06,983,1758
YS008327,2025-10-05 08:00:00,Y07,786,1034
YS008328,2025-10-05 08:00:00,Y08,532,1028
YS008329,2025-10-05 08:00:00,Y09,1056,1123
YS008330,2025-10-05 08:00:00,Y10,1026,1339
YS008331,2025-10-05 16:00:00,Y01,1151,1995
YS008332,2025-10-05 16:00:00,Y02,812,1249
YS008333,2025-10-05 16:00:00,Y03,774,986
YS008334,2025-10-05 16:00:00,Y04,1066,1113
YS008335,2025-10-05 16:00:00,Y05,424,930
YS008336,2025-10-05 16:00:00,Y06,952,1758
YS008337,2025-10-05 16:00:00,Y07,931,1034
YS008338,2025-10-05 16:00:00,Y08,728,1028
YS008339,2025-10-05 16:00:00,Y09,691,1123
YS008340,2025-10-05 16:00:00,Y10,1264,1339
YS008341,2025-10-06 00:00:00,Y01,1474,1995
YS008342,2025-10-06 00:00:00,Y02,736,1249
YS008343,2025-10-06 00:00:00,Y03,875,986
YS008344,2025-10-06 00:00:00,Y04,958,1113
YS008345,2025-10-06 00:00:00,Y05,728,930
YS008346,2025-10-06 00:00:00,Y06,1530,1758
YS008347,2025-10-06 00:00:00,Y07,760,1034
YS008348,2025-10-06 00:00:00,Y08,520,1028
YS008349,2025-10-06 00:00:00,Y09,956,1123
YS008350,2025-10-06 00:00:00,Y10,696,1339
YS008351,2025-10-06 08:00:00,Y01,1794,1995
YS008352,2025-10-06 08:00:00,Y02,789,1249
YS008353,2025-10-06 08:00:00,Y03,438,986
YS008354,2025-10-06 08:00:00,Y04,925,1113
YS008355,2025-10-06 08:00:00,Y05,426,930
YS008356,2025-10-06 08:00:00,Y06,1130,1758
YS008357,2025-10-06 08:00:00,Y07,965,1034
YS008358,2025-10-06 08:00:00,Y08,849,1028
YS008359,2025-10-06 08:00:00,Y09,829,1123
YS008360,2025-10-06 08:00:00,Y10,577,1339
YS008361,2025-10-06 16:00:00,Y01,835,1995
YS008362,2025-10-06 16:00:00,Y02,553,1249
YS008363,2025-10-06 16:00:00,Y03,493,986
YS008364,2025-10-06 16:00:00,Y04,938,1113
YS008365,2025-10-06 16:00:00,Y05,495,930
YS008366,2025-10-06 16:00:00,Y06,1526,1758
YS008367,2025-10-06 16:00:00,Y07,904,1034
YS008368,2025-10-06 16:00:00,Y08,738,1028
YS008369,2025-10-06 16:00:00,Y09,748,1123
YS008370,2025-10-06 16:00:00,Y10,1139,1339
YS008371,2025-10-07 00:00:00,Y01,1803,1995
YS008372,2025-10-07 00:00:00,Y02,1078,1249
YS008373,2025-10-07 00:00:00,Y03,597,986
YS008374,2025-10-07 00:00:00,Y04,1022,1113
YS008375,2025-10-07 00:00:00,Y05,396,930
YS008376,2025-10-07 00:00:00,Y06,1109,1758
YS008377,2025-10-07 00:00:00,Y07,769,1034
YS008378,2025-10-07 00:00:00,Y08,725,1028
YS008379,2025-10-07 00:00:00,Y09,1094,1123
YS008380,2025-10-07 00:00:00,Y10,902,1339
YS008381,2025-10-07 08:00:00,Y01,1145,1995
YS008382,2025-10-07 08:00:00,Y02,927,1249
YS008383,2025-10-07 08:00:00,Y03,455,986
YS008384,2025-10-07 08:00:00,Y04,928,1113
YS008385,2025-10-07 08:00:00,Y05,558,930
YS008386,2025-10-07 08:00:00,Y06,1605,1758
YS008387,2025-10-07 08:00:00,Y07,706,1034
YS008388,2025-10-07 08:00:00,Y08,454,1028
YS008389,2025-10-07 08:00:00,Y09,553,1123
YS008390,2025-10-07 08:00:00,Y10,637,1339
YS008391,2025-10-07 16:00:00,Y01,1893,1995
YS008392,2025-10-07 16:00:00,Y02,1220,1249
YS008393,2025-10-07 16:00:00,Y03,951,986
YS008394,2025-10-07 16:00:00,Y04,982,1113
YS008395,2025-10-07 16:00:00,Y05,906,930
YS008396,2025-10-07 16:00:00,Y06,992,1758
YS008397,2025-10-07 16:00:00,Y07,594,1034
YS008398,2025-10-07 16:00:00,Y08,991,1028
YS008399,2025-10-07 16:00:00,Y09,791,1123
YS008400,2025-10-07 16:00:00,Y10,951,1339
YS008401,2025-10-08 00:00:00,Y01,895,1995
YS008402,2025-10-08 00:00:00,Y02,566,1249
YS008403,2025-10-08 00:00:00,Y03,893,986
YS008404,2025-10-08 00:00:00,Y04,641,1113
YS008405,2025-10-08 00:00:00,Y05,458,930
YS008406,2025-10-08 00:00:00,Y06,1279,1758
YS008407,2025-10-08 00:00:00,Y07,580,1034
YS008408,2025-10-08 00:00:00,Y08,979,1028
YS008409,2025-10-08 00:00:00,Y09,643,1123
YS008410,2025-10-08 00:00:00,Y10,807,1339
YS008411,2025-10-08 08:00:00,Y01,828,1995
YS008412,2025-10-08 08:00:00,Y02,933,1249
YS008413,2025-10-08 08:00:00,Y03,544,986
YS008414,2025-10-08 08:00:00,Y04,565,1113
YS008415,2025-10-08 08:00:00,Y05,625,930
YS008416,2025-10-08 08:00:00,Y06,843,1758
YS008417,2025-10-08 08:00:00,Y07,519,1034
YS008418,2025-10-08 08:00:00,Y08,444,1028
YS008419,2025-10-08 08:00:00,Y09,768,1123
YS008420,2025-10-08 08:00:00,Y10,708,1339
YS008421,2025-10-08 16:00:00,Y01,961,1995
YS008422,2025-10-08 16:00:00,Y02,887,1249
YS008423,2025-10-08 16:00:00,Y03,644,986
YS008424,2025-10-08 16:00:00,Y04,719,1113
YS008425,2025-10-08 16:00:00,Y05,392,930
YS008426,2025-10-08 16:00:00,Y06,996,1758
YS008427,2025-10-08 16:00:00,Y07,564,1034
YS008428,2025-10-08 16:00:00,Y08,830,1028
YS008429,2025-10-08 16:00:00,Y09,671,1123
YS008430,2025-10-08 16:00:00,Y10,551,1339
YS008431,2025-10-09 00:00:00,Y01,1736,1995
YS008432,2025-10-09 00:00:00,Y02,784,1249
YS008433,2025-10-09 00:00:00,Y03,845,986
YS008434,2025-10-09 00:00:00,Y04,903,1113
YS008435,2025-10-09 00:00:00,Y05,679,930
YS008436,2025-10-09 00:00:00,Y06,1563,1758
YS008437,2025-10-09 00:00:00,Y07,808,1034
YS008438,2025-10-09 00:00:00,Y08,730,1028
YS008439,2025-10-09 00:00:00,Y09,462,1123
YS008440,2025-10-09 00:00:00,Y10,947,1339
YS008441,2025-10-09 08:00:00,Y01,1619,1995
YS008442,2025-10-09 08:00:00,Y02,685,1249
YS008443,2025-10-09 08:00:00,Y03,589,986
YS008444,2025-10-09 08:00:00,Y04,976,1113
YS008445,2025-10-09 08:00:00,Y05,664,930
YS008446,2025-10-09 08:00:00,Y06,915,1758
YS008447,2025-10-09 08:00:00,Y07,801,1034
YS008448,2025-10-09 08:00:00,Y08,632,1028
YS008449,2025-10-09 08:00:00,Y09,1044,1123
YS008450,2025-10-09 08:00:00,Y10,975,1339
YS008451,2025-10-09 16:00:00,Y01,1178,1995
YS008452,2025-10-09 16:00:00,Y02,879,1249
YS008453,2025-10-09 16:00:00,Y03,733,986
YS008454,2025-10-09 16:00:00,Y04,1049,1113
YS008455,2025-10-09 16:00:00,Y05,601,930
YS008456,2025-10-09 16:00:00,Y06,1276,1758
YS008457,2025-10-09 16:00:00,Y07,746,1034
YS008458,2025-10-09 16:00:00,Y08,916,1028
YS008459,2025-10-09 16:00:00,Y09,853,1123
YS008460,2025-10-09 16:00:00,Y10,1074,1339
YS008461,2025-10-10 00:00:00,Y01,1330,1995
YS008462,2025-10-10 00:00:00,Y02,909,1249
YS008463,2025-10-10 00:00:00,Y03,609,986
YS008464,2025-10-10 00:00:00,Y04,798,1113
YS008465,2025-10-10 00:00:00,Y05,648,930
YS008466,2025-10-10 00:00:00,Y06,1080,1758
YS008467,2025-10-10 00:00:00,Y07,551,1034
YS008468,2025-10-10 00:00:00,Y08,661,1028
YS008469,2025-10-10 00:00:00,Y09,962,1123
YS008470,2025-10-10 00:00:00,Y10,897,1339
YS008471,2025-10-10 08:00:00,Y01,1764,1995
YS008472,2025-10-10 08:00:00,Y02,1102,1249
YS008473,2025-10-10 08:00:00,Y03,462,986
YS008474,2025-10-10 08:00:00,Y04,990,1113
YS008475,2025-10-10 08:00:00,Y05,758,930
YS008476,2025-10-10 08:00:00,Y06,1247,1758
YS008477,2025-10-10 08:00:00,Y07,623,1034
YS008478,2025-10-10 08:00:00,Y08,817,1028
YS008479,2025-10-10 08:00:00,Y09,638,1123
YS008480,2025-10-10 08:00:00,Y10,1277,1339
YS008481,2025-10-10 16:00:00,Y01,1916,1995
YS008482,2025-10-10 16:00:00,Y02,643,1249
YS008483,2025-10-10 16:00:00,Y03,431,986
YS008484,2025-10-10 16:00:00,Y04,875,1113
YS008485,2025-10-10 16:00:00,Y05,455,930
YS008486,2025-10-10 16:00:00,Y06,1364,1758
YS008487,2025-10-10 16:00:00,Y07,879,1034
YS008488,2025-10-10 16:00:00,Y08,571,1028
YS008489,2025-10-10 16:00:00,Y09,502,1123
YS008490,2025-10-10 16:00:00,Y10,991,1339
YS008491,2025-10-11 00:00:00,Y01,1112,1995
YS008492,2025-10-11 00:00:00,Y02,553,1249
YS008493,2025-10-11 00:00:00,Y03,623,986
YS008494,2025-10-11 00:00:00,Y04,801,1113
YS008495,2025-10-11 00:00:00,Y05,852,930
YS008496,2025-10-11 00:00:00,Y06,1434,1758
YS008497,2025-10-11 00:00:00,Y07,461,1034
YS008498,2025-10-11 00:00:00,Y08,703,1028
YS008499,2025-10-11 00:00:00,Y09,840,1123
YS008500,2025-10-11 00:00:00,Y10,768,1339
YS008501,2025-10-11 08:00:00,Y01,1325,1995
YS008502,2025-10-11 08:00:00,Y02,771,1249
YS008503,2025-10-11 08:00:00,Y03,499,986
YS008504,2025-10-11 08:00:00,Y04,655,1113
YS008505,2025-10-11 08:00:00,Y05,593,930
YS008506,2025-10-11 08:00:00,Y06,1185,1758
YS008507,2025-10-11 08:00:00,Y07,708,1034
YS008508,2025-10-11 08:00:00,Y08,535,1028
YS008509,2025-10-11 08:00:00,Y09,667,1123
YS008510,2025-10-11 08:00:00,Y10,559,1339
YS008511,2025-10-11 16:00:00,Y01,1620,1995
YS008512,2025-10-11 16:00:00,Y02,767,1249
YS008513,2025-10-11 16:00:00,Y03,715,986
YS008514,2025-10-11 16:00:00,Y04,838,1113
YS008515,2025-10-11 16:00:00,Y05,695,930
YS008516,2025-10-11 16:00:00,Y06,969,1758
YS008517,2025-10-11 16:00:00,Y07,991,1034
YS008518,2025-10-11 16:00:00,Y08,620,1028
YS008519,2025-10-11 16:00:00,Y09,728,1123
YS008520,2025-10-11 16:00:00,Y10,1282,1339
YS008521,2025-10-12 00:00:00,Y01,1400,1995
YS008522,2025-10-12 00:00:00,Y02,587,1249
YS008523,2025-10-12 00:00:00,Y03,876,986
YS008524,2025-10-12 00:00:00,Y04,655,1113
YS008525,2025-10-12 00:00:00,Y05,444,930
YS008526,2025-10-12 00:00:00,Y06,1066,1758
YS008527,2025-10-12 00:00:00,Y07,844,1034
YS008528,2025-10-12 00:00:00,Y08,507,1028
YS008529,2025-10-12 00:00:00,Y09,546,1123
YS008530,2025-10-12 00:00:00,Y10,678,1339
YS008531,2025-10-12 08:00:00,Y01,1111,1995
YS008532,2025-10-12 08:00:00,Y02,739,1249
YS008533,2025-10-12 08:00:00,Y03,743,986
YS008534,2025-10-12 08:00:00,Y04,598,1113
YS008535,2025-10-12 08:00:00,Y05,439,930
YS008536,2025-10-12 08:00:00,Y06,845,1758
YS008537,2025-10-12 08:00:00,Y07,604,1034
YS008538,2025-10-12 08:00:00,Y08,427,1028
YS008539,2025-10-12 08:00:00,Y09,741,1123
YS008540,2025-10-12 08:00:00,Y10,1055,1339
YS008541,2025-10-12 16:00:00,Y01,1642,1995
YS008542,2025-10-12 16:00:00,Y02,520,1249
YS008543,2025-10-12 16:00:00,Y03,685,986
YS008544,2025-10-12 16:00:00,Y04,585,1113
YS008545,2025-10-12 16:00:00,Y05,658,930
YS008546,2025-10-12 16:00:00,Y06,1285,1758
YS008547,2025-10-12 16:00:00,Y07,557,1034
YS008548,2025-10-12 16:00:00,Y08,577,1028
YS008549,2025-10-12 16:00:00,Y09,713,1123
YS008550,2025-10-12 16:00:00,Y10,894,1339
YS008551,2025-10-13 00:00:00,Y01,1401,1995
YS008552,2025-10-13 00:00:00,Y02,997,1249
YS008553,2025-10-13 00:00:00,Y03,872,986
YS008554,2025-10-13 00:00:00,Y04,1080,1113
YS008555,2025-10-13 00:00:00,Y05,457,930
YS008556,2025-10-13 00:00:00,Y06,1675,1758
YS008557,2025-10-13 00:00:00,Y07,866,1034
YS008558,2025-10-13 00:00:00,Y08,709,1028
YS008559,2025-10-13 00:00:00,Y09,1011,1123
YS008560,2025-10-13 00:00:00,Y10,806,1339
YS008561,2025-10-13 08:00:00,Y01,928,1995
YS008562,2025-10-13 08:00:00,Y02,667,1249
YS008563,2025-10-13 08:00:00,Y03,896,986
YS008564,2025-10-13 08:00:00,Y04,760,1113
YS008565,2025-10-13 08:00:00,Y05,564,930
YS008566,2025-10-13 08:00:00,Y06,1483,1758
YS008567,2025-10-13 08:00:00,Y07,613,1034
YS008568,2025-10-13 08:00:00,Y08,972,1028
YS008569,2025-10-13 08:00:00,Y09,635,1123
YS008570,2025-10-13 08:00:00,Y10,765,1339
YS008571,2025-10-13 16:00:00,Y01,1364,1995
YS008572,2025-10-13 16:00:00,Y02,1103,1249
YS008573,2025-10-13 16:00:00,Y03,941,986
YS008574,2025-10-13 16:00:00,Y04,968,1113
YS008575,2025-10-13 16:00:00,Y05,763,930
YS008576,2025-10-13 16:00:00,Y06,808,1758
YS008577,2025-10-13 16:00:00,Y07,914,1034
YS008578,2025-10-13 16:00:00,Y08,703,1028
YS008579,2025-10-13 16:00:00,Y09,1081,1123
YS008580,2025-10-13 16:00:00,Y10,1302,1339
YS008581,2025-10-14 00:00:00,Y01,1097,1995
YS008582,2025-10-14 00:00:00,Y02,1166,1249
YS008583,2025-10-14 00:00:00,Y03,529,986
YS008584,2025-10-14 00:00:00,Y04,891,1113
YS008585,2025-10-14 00:00:00,Y05,638,930
YS008586,2025-10-14 00:00:00,Y06,1590,1758
YS008587,2025-10-14 00:00:00,Y07,781,1034
YS008588,2025-10-14 00:00:00,Y08,898,1028
YS008589,2025-10-14 00:00:00,Y09,615,1123
YS008590,2025-10-14 00:00:00,Y10,1157,1339
YS008591,2025-10-14 08:00:00,Y01,1747,1995
YS008592,2025-10-14 08:00:00,Y02,990,1249
YS008593,2025-10-14 08:00:00,Y03,515,986
YS008594,2025-10-14 08:00:00,Y04,502,1113
YS008595,2025-10-14 08:00:00,Y05,735,930
YS008596,2025-10-14 08:00:00,Y06,976,1758
YS008597,2025-10-14 08:00:00,Y07,437,1034
YS008598,2025-10-14 08:00:00,Y08,416,1028
YS008599,2025-10-14 08:00:00,Y09,716,1123
YS008600,2025-10-14 08:00:00,Y10,908,1339
YS008601,2025-10-14 16:00:00,Y01,1574,1995
YS008602,2025-10-14 16:00:00,Y02,1172,1249
YS008603,2025-10-14 16:00:00,Y03,535,986
YS008604,2025-10-14 16:00:00,Y04,993,1113
YS008605,2025-10-14 16:00:00,Y05,487,930
YS008606,2025-10-14 16:00:00,Y06,1597,1758
YS008607,2025-10-14 16:00:00,Y07,849,1034
YS008608,2025-10-14 16:00:00,Y08,870,1028
YS008609,2025-10-14 16:00:00,Y09,1039,1123
YS008610,2025-10-14 16:00:00,Y10,1088,1339
YS008611,2025-10-15 00:00:00,Y01,1342,1995
YS008612,2025-10-15 00:00:00,Y02,893,1249
YS008613,2025-10-15 00:00:00,Y03,634,986
YS008614,2025-10-15 00:00:00,Y04,880,1113
YS008615,2025-10-15 00:00:00,Y05,762,930
YS008616,2025-10-15 00:00:00,Y06,1058,1758
YS008617,2025-10-15 00:00:00,Y07,546,1034
YS008618,2025-10-15 00:00:00,Y08,541,1028
YS008619,2025-10-15 00:00:00,Y09,818,1123
YS008620,2025-10-15 00:00:00,Y10,1234,1339
YS008621,2025-10-15 08:00:00,Y01,1474,1995
YS008622,2025-10-15 08:00:00,Y02,622,1249
YS008623,2025-10-15 08:00:00,Y03,599,986
YS008624,2025-10-15 08:00:00,Y04,564,1113
YS008625,2025-10-15 08:00:00,Y05,576,930
YS008626,2025-10-15 08:00:00,Y06,1635,1758
YS008627,2025-10-15 08:00:00,Y07,659,1034
YS008628,2025-10-15 08:00:00,Y08,540,1028
YS008629,2025-10-15 08:00:00,Y09,619,1123
YS008630,2025-10-15 08:00:00,Y10,928,1339
YS008631,2025-10-15 16:00:00,Y01,864,1995
YS008632,2025-10-15 16:00:00,Y02,802,1249
YS008633,2025-10-15 16:00:00,Y03,594,986
YS008634,2025-10-15 16:00:00,Y04,601,1113
YS008635,2025-10-15 16:00:00,Y05,684,930
YS008636,2025-10-15 16:00:00,Y06,1467,1758
YS008637,2025-10-15 16:00:00,Y07,925,1034
YS008638,2025-10-15 16:00:00,Y08,692,1028
YS008639,2025-10-15 16:00:00,Y09,985,1123
YS008640,2025-10-15 16:00:00,Y10,732,1339
YS008641,2025-10-16 00:00:00,Y01,1585,1995
YS008642,2025-10-16 00:00:00,Y02,706,1249
YS008643,2025-10-16 00:00:00,Y03,606,986
YS008644,2025-10-16 00:00:00,Y04,767,1113
YS008645,2025-10-16 00:00:00,Y05,824,930
YS008646,2025-10-16 00:00:00,Y06,1381,1758
YS008647,2025-10-16 00:00:00,Y07,468,1034
YS008648,2025-10-16 00:00:00,Y08,911,1028
YS008649,2025-10-16 00:00:00,Y09,558,1123
YS008650,2025-10-16 00:00:00,Y10,1280,1339
YS008651,2025-10-16 08:00:00,Y01,1581,1995
YS008652,2025-10-16 08:00:00,Y02,1089,1249
YS008653,2025-10-16 08:00:00,Y03,964,986
YS008654,2025-10-16 08:00:00,Y04,591,1113
YS008655,2025-10-16 08:00:00,Y05,703,930
YS008656,2025-10-16 08:00:00,Y06,725,1758
YS008657,2025-10-16 08:00:00,Y07,882,1034
YS008658,2025-10-16 08:00:00,Y08,616,1028
YS008659,2025-10-16 08:00:00,Y09,650,1123
YS008660,2025-10-16 08:00:00,Y10,989,1339
YS008661,2025-10-16 16:00:00,Y01,1622,1995
YS008662,2025-10-16 16:00:00,Y02,588,1249
YS008663,2025-10-16 16:00:00,Y03,634,986
YS008664,2025-10-16 16:00:00,Y04,958,1113
YS008665,2025-10-16 16:00:00,Y05,863,930
YS008666,2025-10-16 16:00:00,Y06,1005,1758
YS008667,2025-10-16 16:00:00,Y07,799,1034
YS008668,2025-10-16 16:00:00,Y08,769,1028
YS008669,2025-10-16 16:00:00,Y09,1074,1123
YS008670,2025-10-16 16:00:00,Y10,1257,1339
YS008671,2025-10-17 00:00:00,Y01,1388,1995
YS008672,2025-10-17 00:00:00,Y02,805,1249
YS008673,2025-10-17 00:00:00,Y03,765,986
YS008674,2025-10-17 00:00:00,Y04,882,1113
YS008675,2025-10-17 00:00:00,Y05,884,930
YS008676,2025-10-17 00:00:00,Y06,797,1758
YS008677,2025-10-17 00:00:00,Y07,829,1034
YS008678,2025-10-17 00:00:00,Y08,702,1028
YS008679,2025-10-17 00:00:00,Y09,635,1123
YS008680,2025-10-17 00:00:00,Y10,562,1339
YS008681,2025-10-17 08:00:00,Y01,1644,1995
YS008682,2025-10-17 08:00:00,Y02,776,1249
YS008683,2025-10-17 08:00:00,Y03,738,986
YS008684,2025-10-17 08:00:00,Y04,627,1113
YS008685,2025-10-17 08:00:00,Y05,541,930
YS008686,2025-10-17 08:00:00,Y06,1292,1758
YS008687,2025-10-17 08:00:00,Y07,912,1034
YS008688,2025-10-17 08:00:00,Y08,531,1028
YS008689,2025-10-17 08:00:00,Y09,617,1123
YS008690,2025-10-17 08:00:00,Y10,867,1339
YS008691,2025-10-17 16:00:00,Y01,1371,1995
YS008692,2025-10-17 16:00:00,Y02,685,1249
YS008693,2025-10-17 16:00:00,Y03,628,986
YS008694,2025-10-17 16:00:00,Y04,1069,1113
YS008695,2025-10-17 16:00:00,Y05,859,930
YS008696,2025-10-17 16:00:00,Y06,1308,1758
YS008697,2025-10-17 16:00:00,Y07,981,1034
YS008698,2025-10-17 16:00:00,Y08,818,1028
YS008699,2025-10-17 16:00:00,Y09,673,1123
YS008700,2025-10-17 16:00:00,Y10,1106,1339
YS008701,2025-10-18 00:00:00,Y01,1314,1995
YS008702,2025-10-18 00:00:00,Y02,967,1249
YS008703,2025-10-18 00:00:00,Y03,946,986
YS008704,2025-10-18 00:00:00,Y04,770,1113
YS008705,2025-10-18 00:00:00,Y05,771,930
YS008706,2025-10-18 00:00:00,Y06,1219,1758
YS008707,2025-10-18 00:00:00,Y07,692,1034
YS008708,2025-10-18 00:00:00,Y08,989,1028
YS008709,2025-10-18 00:00:00,Y09,516,1123
YS008710,2025-10-18 00:00:00,Y10,1082,1339
YS008711,2025-10-18 08:00:00,Y01,1501,1995
YS008712,2025-10-18 08:00:00,Y02,527,1249
YS008713,2025-10-18 08:00:00,Y03,719,986
YS008714,2025-10-18 08:00:00,Y04,921,1113
YS008715,2025-10-18 08:00:00,Y05,592,930
YS008716,2025-10-18 08:00:00,Y06,1433,1758
YS008717,2025-10-18 08:00:00,Y07,1013,1034
YS008718,2025-10-18 08:00:00,Y08,650,1028
YS008719,2025-10-18 08:00:00,Y09,1032,1123
YS008720,2025-10-18 08:00:00,Y10,999,1339
YS008721,2025-10-18 16:00:00,Y01,1660,1995
YS008722,2025-10-18 16:00:00,Y02,590,1249
YS008723,2025-10-18 16:00:00,Y03,589,986
YS008724,2025-10-18 16:00:00,Y04,503,1113
YS008725,2025-10-18 16:00:00,Y05,861,930
YS008726,2025-10-18 16:00:00,Y06,726,1758
YS008727,2025-10-18 16:00:00,Y07,843,1034
YS008728,2025-10-18 16:00:00,Y08,738,1028
YS008729,2025-10-18 16:00:00,Y09,777,1123
YS008730,2025-10-18 16:00:00,Y10,1136,1339
YS008731,2025-10-19 00:00:00,Y01,1180,1995
YS008732,2025-10-19 00:00:00,Y02,831,1249
YS008733,2025-10-19 00:00:00,Y03,539,986
YS008734,2025-10-19 00:00:00,Y04,830,1113
YS008735,2025-10-19 00:00:00,Y05,849,930
YS008736,2025-10-19 00:00:00,Y06,761,1758
YS008737,2025-10-19 00:00:00,Y07,698,1034
YS008738,2025-10-19 00:00:00,Y08,707,1028
YS008739,2025-10-19 00:00:00,Y09,680,1123
YS008740,2025-10-19 00:00:00,Y10,1089,1339
YS008741,2025-10-19 08:00:00,Y01,1931,1995
YS008742,2025-10-19 08:00:00,Y02,533,1249
YS008743,2025-10-19 08:00:00,Y03,690,986
YS008744,2025-10-19 08:00:00,Y04,838,1113
YS008745,2025-10-19 08:00:00,Y05,468,930
YS008746,2025-10-19 08:00:00,Y06,1110,1758
YS008747,2025-10-19 08:00:00,Y07,702,1034
YS008748,2025-10-19 08:00:00,Y08,482,1028
YS008749,2025-10-19 08:00:00,Y09,930,1123
YS008750,2025-10-19 08:00:00,Y10,709,1339
YS008751,2025-10-19 16:00:00,Y01,1787,1995
YS008752,2025-10-19 16:00:00,Y02,648,1249
YS008753,2025-10-19 16:00:00,Y03,432,986
YS008754,2025-10-19 16:00:00,Y04,637,1113
YS008755,2025-10-19 16:00:00,Y05,378,930
YS008756,2025-10-19 16:00:00,Y06,1379,1758
YS008757,2025-10-19 16:00:00,Y07,900,1034
YS008758,2025-10-19 16:00:00,Y08,613,1028
YS008759,2025-10-19 16:00:00,Y09,506,1123
YS008760,2025-10-19 16:00:00,Y10,1148,1339
YS008761,2025-10-20 00:00:00,Y01,1316,1995
YS008762,2025-10-20 00:00:00,Y02,742,1249
YS008763,2025-10-20 00:00:00,Y03,422,986
YS008764,2025-10-20 00:00:00,Y04,601,1113
YS008765,2025-10-20 00:00:00,Y05,858,930
YS008766,2025-10-20 00:00:00,Y06,826,1758
YS008767,2025-10-20 00:00:00,Y07,818,1034
YS008768,2025-10-20 00:00:00,Y08,999,1028
YS008769,2025-10-20 00:00:00,Y09,1073,1123
YS008770,2025-10-20 00:00:00,Y10,744,1339
YS008771,2025-10-20 08:00:00,Y01,889,1995
YS008772,2025-10-20 08:00:00,Y02,785,1249
YS008773,2025-10-20 08:00:00,Y03,558,986
YS008774,2025-10-20 08:00:00,Y04,493,1113
YS008775,2025-10-20 08:00:00,Y05,564,930
YS008776,2025-10-20 08:00:00,Y06,884,1758
YS008777,2025-10-20 08:00:00,Y07,908,1034
YS008778,2025-10-20 08:00:00,Y08,1001,1028
YS008779,2025-10-20 08:00:00,Y09,720,1123
YS008780,2025-10-20 08:00:00,Y10,815,1339
YS008781,2025-10-20 16:00:00,Y01,1471,1995
YS008782,2025-10-20 16:00:00,Y02,848,1249
YS008783,2025-10-20 16:00:00,Y03,940,986
YS008784,2025-10-20 16:00:00,Y04,936,1113
YS008785,2025-10-20 16:00:00,Y05,428,930
YS008786,2025-10-20 16:00:00,Y06,1371,1758
YS008787,2025-10-20 16:00:00,Y07,484,1034
YS008788,2025-10-20 16:00:00,Y08,695,1028
YS008789,2025-10-20 16:00:00,Y09,1007,1123
YS008790,2025-10-20 16:00:00,Y10,634,1339
YS008791,2025-10-21 00:00:00,Y01,1643,1995
YS008792,2025-10-21 00:00:00,Y02,785,1249
YS008793,2025-10-21 00:00:00,Y03,473,986
YS008794,2025-10-21 00:00:00,Y04,798,1113
YS008795,2025-10-21 00:00:00,Y05,811,930
YS008796,2025-10-21 00:00:00,Y06,984,1758
YS008797,2025-10-21 00:00:00,Y07,919,1034
YS008798,2025-10-21 00:00:00,Y08,462,1028
YS008799,2025-10-21 00:00:00,Y09,871,1123
YS008800,2025-10-21 00:00:00,Y10,1312,1339
YS008801,2025-10-21 08:00:00,Y01,1582,1995
YS008802,2025-10-21 08:00:00,Y02,736,1249
YS008803,2025-10-21 08:00:00,Y03,565,986
YS008804,2025-10-21 08:00:00,Y04,818,1113
YS008805,2025-10-21 08:00:00,Y05,485,930
YS008806,2025-10-21 08:00:00,Y06,1105,1758
YS008807,2025-10-21 08:00:00,Y07,798,1034
YS008808,2025-10-21 08:00:00,Y08,886,1028
YS008809,2025-10-21 08:00:00,Y09,839,1123
YS008810,2025-10-21 08:00:00,Y10,1104,1339
YS008811,2025-10-21 16:00:00,Y01,1093,1995
YS008812,2025-10-21 16:00:00,Y02,1018,1249
YS008813,2025-10-21 16:00:00,Y03,417,986
YS008814,2025-10-21 16:00:00,Y04,594,1113
YS008815,2025-10-21 16:00:00,Y05,787,930
YS008816,2025-10-21 16:00:00,Y06,1418,1758
YS008817,2025-10-21 16:00:00,Y07,1012,1034
YS008818,2025-10-21 16:00:00,Y08,780,1028
YS008819,2025-10-21 16:00:00,Y09,596,1123
YS008820,2025-10-21 16:00:00,Y10,729,1339
YS008821,2025-10-22 00:00:00,Y01,1599,1995
YS008822,2025-10-22 00:00:00,Y02,1059,1249
YS008823,2025-10-22 00:00:00,Y03,756,986
YS008824,2025-10-22 00:00:00,Y04,676,1113
YS008825,2025-10-22 00:00:00,Y05,549,930
YS008826,2025-10-22 00:00:00,Y06,1253,1758
YS008827,2025-10-22 00:00:00,Y07,529,1034
YS008828,2025-10-22 00:00:00,Y08,882,1028
YS008829,2025-10-22 00:00:00,Y09,802,1123
YS008830,2025-10-22 00:00:00,Y10,691,1339
YS008831,2025-10-22 08:00:00,Y01,1107,1995
YS008832,2025-10-22 08:00:00,Y02,622,1249
YS008833,2025-10-22 08:00:00,Y03,525,986
YS008834,2025-10-22 08:00:00,Y04,615,1113
YS008835,2025-10-22 08:00:00,Y05,521,930
YS008836,2025-10-22 08:00:00,Y06,1386,1758
YS008837,2025-10-22 08:00:00,Y07,414,1034
YS008838,2025-10-22 08:00:00,Y08,986,1028
YS008839,2025-10-22 08:00:00,Y09,884,1123
YS008840,2025-10-22 08:00:00,Y10,1231,1339
YS008841,2025-10-22 16:00:00,Y01,1360,1995
YS008842,2025-10-22 16:00:00,Y02,520,1249
YS008843,2025-10-22 16:00:00,Y03,682,986
YS008844,2025-10-22 16:00:00,Y04,844,1113
YS008845,2025-10-22 16:00:00,Y05,531,930
YS008846,2025-10-22 16:00:00,Y06,1265,1758
YS008847,2025-10-22 16:00:00,Y07,780,1034
YS008848,2025-10-22 16:00:00,Y08,487,1028
YS008849,2025-10-22 16:00:00,Y09,502,1123
YS008850,2025-10-22 16:00:00,Y10,660,1339
YS008851,2025-10-23 00:00:00,Y01,1058,1995
YS008852,2025-10-23 00:00:00,Y02,602,1249
YS008853,2025-10-23 00:00:00,Y03,738,986
YS008854,2025-10-23 00:00:00,Y04,581,1113
YS008855,2025-10-23 00:00:00,Y05,534,930
YS008856,2025-10-23 00:00:00,Y06,873,1758
YS008857,2025-10-23 00:00:00,Y07,424,1034
YS008858,2025-10-23 00:00:00,Y08,624,1028
YS008859,2025-10-23 00:00:00,Y09,710,1123
YS008860,2025-10-23 00:00:00,Y10,554,1339
YS008861,2025-10-23 08:00:00,Y01,1569,1995
YS008862,2025-10-23 08:00:00,Y02,598,1249
YS008863,2025-10-23 08:00:00,Y03,597,986
YS008864,2025-10-23 08:00:00,Y04,1035,1113
YS008865,2025-10-23 08:00:00,Y05,740,930
YS008866,2025-10-23 08:00:00,Y06,1565,1758
YS008867,2025-10-23 08:00:00,Y07,964,1034
YS008868,2025-10-23 08:00:00,Y08,938,1028
YS008869,2025-10-23 08:00:00,Y09,612,1123
YS008870,2025-10-23 08:00:00,Y10,867,1339
YS008871,2025-10-23 16:00:00,Y01,1717,1995
YS008872,2025-10-23 16:00:00,Y02,609,1249
YS008873,2025-10-23 16:00:00,Y03,583,986
YS008874,2025-10-23 16:00:00,Y04,990,1113
YS008875,2025-10-23 16:00:00,Y05,814,930
YS008876,2025-10-23 16:00:00,Y06,957,1758
YS008877,2025-10-23 16:00:00,Y07,431,1034
YS008878,2025-10-23 16:00:00,Y08,711,1028
YS008879,2025-10-23 16:00:00,Y09,511,1123
YS008880,2025-10-23 16:00:00,Y10,886,1339
YS008881,2025-10-24 00:00:00,Y01,944,1995
YS008882,2025-10-24 00:00:00,Y02,1127,1249
YS008883,2025-10-24 00:00:00,Y03,705,986
YS008884,2025-10-24 00:00:00,Y04,947,1113
YS008885,2025-10-24 00:00:00,Y05,902,930
YS008886,2025-10-24 00:00:00,Y06,1164,1758
YS008887,2025-10-24 00:00:00,Y07,825,1034
YS008888,2025-10-24 00:00:00,Y08,680,1028
YS008889,2025-10-24 00:00:00,Y09,618,1123
YS008890,2025-10-24 00:00:00,Y10,799,1339
YS008891,2025-10-24 08:00:00,Y01,1482,1995
YS008892,2025-10-24 08:00:00,Y02,1136,1249
YS008893,2025-10-24 08:00:00,Y03,432,986
YS008894,2025-10-24 08:00:00,Y04,1065,1113
YS008895,2025-10-24 08:00:00,Y05,887,930
YS008896,2025-10-24 08:00:00,Y06,1142,1758
YS008897,2025-10-24 08:00:00,Y07,645,1034
YS008898,2025-10-24 08:00:00,Y08,605,1028
YS008899,2025-10-24 08:00:00,Y09,668,1123
YS008900,2025-10-24 08:00:00,Y10,1007,1339
YS008901,2025-10-24 16:00:00,Y01,851,1995
YS008902,2025-10-24 16:00:00,Y02,832,1249
YS008903,2025-10-24 16:00:00,Y03,805,986
YS008904,2025-10-24 16:00:00,Y04,912,1113
YS008905,2025-10-24 16:00:00,Y05,673,930
YS008906,2025-10-24 16:00:00,Y06,1345,1758
YS008907,2025-10-24 16:00:00,Y07,609,1034
YS008908,2025-10-24 16:00:00,Y08,900,1028
YS008909,2025-10-24 16:00:00,Y09,638,1123
YS008910,2025-10-24 16:00:00,Y10,539,1339
YS008911,2025-10-25 00:00:00,Y01,1063,1995
YS008912,2025-10-25 00:00:00,Y02,861,1249
YS008913,2025-10-25 00:00:00,Y03,916,986
YS008914,2025-10-25 00:00:00,Y04,520,1113
YS008915,2025-10-25 00:00:00,Y05,730,930
YS008916,2025-10-25 00:00:00,Y06,1106,1758
YS008917,2025-10-25 00:00:00,Y07,659,1034
YS008918,2025-10-25 00:00:00,Y08,766,1028
YS008919,2025-10-25 00:00:00,Y09,1017,1123
YS008920,2025-10-25 00:00:00,Y10,726,1339
YS008921,2025-10-25 08:00:00,Y01,885,1995
YS008922,2025-10-25 08:00:00,Y02,780,1249
YS008923,2025-10-25 08:00:00,Y03,920,986
YS008924,2025-10-25 08:00:00,Y04,795,1113
YS008925,2025-10-25 08:00:00,Y05,410,930
YS008926,2025-10-25 08:00:00,Y06,809,1758
YS008927,2025-10-25 08:00:00,Y07,877,1034
YS008928,2025-10-25 08:00:00,Y08,683,1028
YS008929,2025-10-25 08:00:00,Y09,910,1123
YS008930,2025-10-25 08:00:00,Y10,559,1339
YS008931,2025-10-25 16:00:00,Y01,1559,1995
YS008932,2025-10-25 16:00:00,Y02,670,1249
YS008933,2025-10-25 16:00:00,Y03,505,986
YS008934,2025-10-25 16:00:00,Y04,874,1113
YS008935,2025-10-25 16:00:00,Y05,571,930
YS008936,2025-10-25 16:00:00,Y06,1132,1758
YS008937,2025-10-25 16:00:00,Y07,565,1034
YS008938,2025-10-25 16:00:00,Y08,504,1028
YS008939,2025-10-25 16:00:00,Y09,963,1123
YS008940,2025-10-25 16:00:00,Y10,1088,1339
YS008941,2025-10-26 00:00:00,Y01,1048,1995
YS008942,2025-10-26 00:00:00,Y02,514,1249
YS008943,2025-10-26 00:00:00,Y03,565,986
YS008944,2025-10-26 00:00:00,Y04,653,1113
YS008945,2025-10-26 00:00:00,Y05,878,930
YS008946,2025-10-26 00:00:00,Y06,1009,1758
YS008947,2025-10-26 00:00:00,Y07,893,1034
YS008948,2025-10-26 00:00:00,Y08,949,1028
YS008949,2025-10-26 00:00:00,Y09,976,1123
YS008950,2025-10-26 00:00:00,Y10,935,1339
YS008951,2025-10-26 08:00:00,Y01,855,1995
YS008952,2025-10-26 08:00:00,Y02,685,1249
YS008953,2025-10-26 08:00:00,Y03,670,986
YS008954,2025-10-26 08:00:00,Y04,538,1113
YS008955,2025-10-26 08:00:00,Y05,774,930
YS008956,2025-10-26 08:00:00,Y06,1118,1758
YS008957,2025-10-26 08:00:00,Y07,949,1034
YS008958,2025-10-26 08:00:00,Y08,431,1028
YS008959,2025-10-26 08:00:00,Y09,789,1123
YS008960,2025-10-26 08:00:00,Y10,711,1339
YS008961,2025-10-26 16:00:00,Y01,1736,1995
YS008962,2025-10-26 16:00:00,Y02,1004,1249
YS008963,2025-10-26 16:00:00,Y03,534,986
YS008964,2025-10-26 16:00:00,Y04,959,1113
YS008965,2025-10-26 16:00:00,Y05,395,930
YS008966,2025-10-26 16:00:00,Y06,1685,1758
YS008967,2025-10-26 16:00:00,Y07,752,1034
YS008968,2025-10-26 16:00:00,Y08,573,1028
YS008969,2025-10-26 16:00:00,Y09,452,1123
YS008970,2025-10-26 16:00:00,Y10,1120,1339
YS008971,2025-10-27 00:00:00,Y01,1433,1995
YS008972,2025-10-27 00:00:00,Y02,1011,1249
YS008973,2025-10-27 00:00:00,Y03,910,986
YS008974,2025-10-27 00:00:00,Y04,818,1113
YS008975,2025-10-27 00:00:00,Y05,544,930
YS008976,2025-10-27 00:00:00,Y06,1711,1758
YS008977,2025-10-27 00:00:00,Y07,653,1034
YS008978,2025-10-27 00:00:00,Y08,660,1028
YS008979,2025-10-27 00:00:00,Y09,1035,1123
YS008980,2025-10-27 00:00:00,Y10,1069,1339
YS008981,2025-10-27 08:00:00,Y01,1725,1995
YS008982,2025-10-27 08:00:00,Y02,1093,1249
YS008983,2025-10-27 08:00:00,Y03,660,986
YS008984,2025-10-27 08:00:00,Y04,1051,1113
YS008985,2025-10-27 08:00:00,Y05,390,930
YS008986,2025-10-27 08:00:00,Y06,1669,1758
YS008987,2025-10-27 08:00:00,Y07,840,1034
YS008988,2025-10-27 08:00:00,Y08,813,1028
YS008989,2025-10-27 08:00:00,Y09,1064,1123
YS008990,2025-10-27 08:00:00,Y10,688,1339
YS008991,2025-10-27 16:00:00,Y01,1901,1995
YS008992,2025-10-27 16:00:00,Y02,1071,1249
YS008993,2025-10-27 16:00:00,Y03,746,986
YS008994,2025-10-27 16:00:00,Y04,764,1113
YS008995,2025-10-27 16:00:00,Y05,607,930
YS008996,2025-10-27 16:00:00,Y06,729,1758
YS008997,2025-10-27 16:00:00,Y07,756,1034
YS008998,2025-10-27 16:00:00,Y08,744,1028
YS008999,2025-10-27 16:00:00,Y09,820,1123
YS009000,2025-10-27 16:00:00,Y10,727,1339
YS009001,2025-10-28 00:00:00,Y01,1428,1995
YS009002,2025-10-28 00:00:00,Y02,508,1249
YS009003,2025-10-28 00:00:00,Y03,786,986
YS009004,2025-10-28 00:00:00,Y04,910,1113
YS009005,2025-10-28 00:00:00,Y05,745,930
YS009006,2025-10-28 00:00:00,Y06,963,1758
YS009007,2025-10-28 00:00:00,Y07,853,1034
YS009008,2025-10-28 00:00:00,Y08,1001,1028
YS009009,2025-10-28 00:00:00,Y09,1022,1123
YS009010,2025-10-28 00:00:00,Y10,1195,1339
YS009011,2025-10-28 08:00:00,Y01,1661,1995
YS009012,2025-10-28 08:00:00,Y02,1042,1249
YS009013,2025-10-28 08:00:00,Y03,528,986
YS009014,2025-10-28 08:00:00,Y04,651,1113
YS009015,2025-10-28 08:00:00,Y05,450,930
YS009016,2025-10-28 08:00:00,Y06,1244,1758
YS009017,2025-10-28 08:00:00,Y07,440,1034
YS009018,2025-10-28 08:00:00,Y08,497,1028
YS009019,2025-10-28 08:00:00,Y09,763,1123
YS009020,2025-10-28 08:00:00,Y10,722,1339
YS009021,2025-10-28 16:00:00,Y01,1006,1995
YS009022,2025-10-28 16:00:00,Y02,945,1249
YS009023,2025-10-28 16:00:00,Y03,491,986
YS009024,2025-10-28 16:00:00,Y04,507,1113
YS009025,2025-10-28 16:00:00,Y05,521,930
YS009026,2025-10-28 16:00:00,Y06,1112,1758
YS009027,2025-10-28 16:00:00,Y07,893,1034
YS009028,2025-10-28 16:00:00,Y08,463,1028
YS009029,2025-10-28 16:00:00,Y09,963,1123
YS009030,2025-10-28 16:00:00,Y10,934,1339
YS009031,2025-10-29 00:00:00,Y01,1383,1995
YS009032,2025-10-29 00:00:00,Y02,802,1249
YS009033,2025-10-29 00:00:00,Y03,428,986
YS009034,2025-10-29 00:00:00,Y04,540,1113
YS009035,2025-10-29 00:00:00,Y05,859,930
YS009036,2025-10-29 00:00:00,Y06,883,1758
YS009037,2025-10-29 00:00:00,Y07,988,1034
YS009038,2025-10-29 00:00:00,Y08,726,1028
YS009039,2025-10-29 00:00:00,Y09,597,1123
YS009040,2025-10-29 00:00:00,Y10,700,1339
YS009041,2025-10-29 08:00:00,Y01,1557,1995
YS009042,2025-10-29 08:00:00,Y02,795,1249
YS009043,2025-10-29 08:00:00,Y03,693,986
YS009044,2025-10-29 08:00:00,Y04,573,1113
YS009045,2025-10-29 08:00:00,Y05,561,930
YS009046,2025-10-29 08:00:00,Y06,1059,1758
YS009047,2025-10-29 08:00:00,Y07,413,1034
YS009048,2025-10-29 08:00:00,Y08,462,1028
YS009049,2025-10-29 08:00:00,Y09,1019,1123
YS009050,2025-10-29 08:00:00,Y10,934,1339
YS009051,2025-10-29 16:00:00,Y01,1312,1995
YS009052,2025-10-29 16:00:00,Y02,743,1249
YS009053,2025-10-29 16:00:00,Y03,717,986
YS009054,2025-10-29 16:00:00,Y04,994,1113
YS009055,2025-10-29 16:00:00,Y05,521,930
YS009056,2025-10-29 16:00:00,Y06,1259,1758
YS009057,2025-10-29 16:00:00,Y07,600,1034
YS009058,2025-10-29 16:00:00,Y08,637,1028
YS009059,2025-10-29 16:00:00,Y09,898,1123
YS009060,2025-10-29 16:00:00,Y10,1289,1339
YS009061,2025-10-30 00:00:00,Y01,948,1995
YS009062,2025-10-30 00:00:00,Y02,651,1249
YS009063,2025-10-30 00:00:00,Y03,397,986
YS009064,2025-10-30 00:00:00,Y04,851,1113
YS009065,2025-10-30 00:00:00,Y05,664,930
YS009066,2025-10-30 00:00:00,Y06,1488,1758
YS009067,2025-10-30 00:00:00,Y07,587,1034
YS009068,2025-10-30 00:00:00,Y08,790,1028
YS009069,2025-10-30 00:00:00,Y09,840,1123
YS009070,2025-10-30 00:00:00,Y10,901,1339
YS009071,2025-10-30 08:00:00,Y01,1638,1995
YS009072,2025-10-30 08:00:00,Y02,908,1249
YS009073,2025-10-30 08:00:00,Y03,647,986
YS009074,2025-10-30 08:00:00,Y04,971,1113
YS009075,2025-10-30 08:00:00,Y05,559,930
YS009076,2025-10-30 08:00:00,Y06,1158,1758
YS009077,2025-10-30 08:00:00,Y07,980,1034
YS009078,2025-10-30 08:00:00,Y08,560,1028
YS009079,2025-10-30 08:00:00,Y09,569,1123
YS009080,2025-10-30 08:00:00,Y10,719,1339
YS009081,2025-10-30 16:00:00,Y01,1285,1995
YS009082,2025-10-30 16:00:00,Y02,544,1249
YS009083,2025-10-30 16:00:00,Y03,609,986
YS009084,2025-10-30 16:00:00,Y04,997,1113
YS009085,2025-10-30 16:00:00,Y05,789,930
YS009086,2025-10-30 16:00:00,Y06,1003,1758
YS009087,2025-10-30 16:00:00,Y07,532,1034
YS009088,2025-10-30 16:00:00,Y08,684,1028
YS009089,2025-10-30 16:00:00,Y09,856,1123
YS009090,2025-10-30 16:00:00,Y10,1239,1339
YS009091,2025-10-31 00:00:00,Y01,1506,1995
YS009092,2025-10-31 00:00:00,Y02,530,1249
YS009093,2025-10-31 00:00:00,Y03,635,986
YS009094,2025-10-31 00:00:00,Y04,1044,1113
YS009095,2025-10-31 00:00:00,Y05,731,930
YS009096,2025-10-31 00:00:00,Y06,860,1758
YS009097,2025-10-31 00:00:00,Y07,417,1034
YS009098,2025-10-31 00:00:00,Y08,419,1028
YS009099,2025-10-31 00:00:00,Y09,692,1123
YS009100,2025-10-31 00:00:00,Y10,694,1339
YS009101,2025-10-31 08:00:00,Y01,1427,1995
YS009102,2025-10-31 08:00:00,Y02,1156,1249
YS009103,2025-10-31 08:00:00,Y03,697,986
YS009104,2025-10-31 08:00:00,Y04,870,1113
YS009105,2025-10-31 08:00:00,Y05,424,930
YS009106,2025-10-31 08:00:00,Y06,949,1758
YS009107,2025-10-31 08:00:00,Y07,786,1034
YS009108,2025-10-31 08:00:00,Y08,847,1028
YS009109,2025-10-31 08:00:00,Y09,548,1123
YS009110,2025-10-31 08:00:00,Y10,1092,1339
YS009111,2025-10-31 16:00:00,Y01,1881,1995
YS009112,2025-10-31 16:00:00,Y02,813,1249
YS009113,2025-10-31 16:00:00,Y03,681,986
YS009114,2025-10-31 16:00:00,Y04,1058,1113
YS009115,2025-10-31 16:00:00,Y05,639,930
YS009116,2025-10-31 16:00:00,Y06,1701,1758
YS009117,2025-10-31 16:00:00,Y07,505,1034
YS009118,2025-10-31 16:00:00,Y08,978,1028
YS009119,2025-10-31 16:00:00,Y09,456,1123
YS009120,2025-10-31 16:00:00,Y10,1274,1339
YS009121,2025-11-01 00:00:00,Y01,1142,1995
YS009122,2025-11-01 00:00:00,Y02,1100,1249
YS009123,2025-11-01 00:00:00,Y03,798,986
YS009124,2025-11-01 00:00:00,Y04,687,1113
YS009125,2025-11-01 00:00:00,Y05,504,930
YS009126,2025-11-01 00:00:00,Y06,1598,1758
YS009127,2025-11-01 00:00:00,Y07,465,1034
YS009128,2025-11-01 00:00:00,Y08,669,1028
YS009129,2025-11-01 00:00:00,Y09,450,1123
YS009130,2025-11-01 00:00:00,Y10,855,1339
YS009131,2025-11-01 08:00:00,Y01,1615,1995
YS009132,2025-11-01 08:00:00,Y02,721,1249
YS009133,2025-11-01 08:00:00,Y03,766,986
YS009134,2025-11-01 08:00:00,Y04,874,1113
YS009135,2025-11-01 08:00:00,Y05,515,930
YS009136,2025-11-01 08:00:00,Y06,797,1758
YS009137,2025-11-01 08:00:00,Y07,972,1034
YS009138,2025-11-01 08:00:00,Y08,655,1028
YS009139,2025-11-01 08:00:00,Y09,929,1123
YS009140,2025-11-01 08:00:00,Y10,1123,1339
YS009141,2025-11-01 16:00:00,Y01,1329,1995
YS009142,2025-11-01 16:00:00,Y02,954,1249
YS009143,2025-11-01 16:00:00,Y03,433,986
YS009144,2025-11-01 16:00:00,Y04,1047,1113
YS009145,2025-11-01 16:00:00,Y05,399,930
YS009146,2025-11-01 16:00:00,Y06,1531,1758
YS009147,2025-11-01 16:00:00,Y07,457,1034
YS009148,2025-11-01 16:00:00,Y08,682,1028
YS009149,2025-11-01 16:00:00,Y09,652,1123
YS009150,2025-11-01 16:00:00,Y10,1082,1339
YS009151,2025-11-02 00:00:00,Y01,1594,1995
YS009152,2025-11-02 00:00:00,Y02,669,1249
YS009153,2025-11-02 00:00:00,Y03,531,986
YS009154,2025-11-02 00:00:00,Y04,491,1113
YS009155,2025-11-02 00:00:00,Y05,372,930
YS009156,2025-11-02 00:00:00,Y06,1646,1758
YS009157,2025-11-02 00:00:00,Y07,800,1034
YS009158,2025-11-02 00:00:00,Y08,794,1028
YS009159,2025-11-02 00:00:00,Y09,974,1123
YS009160,2025-11-02 00:00:00,Y10,656,1339
YS009161,2025-11-02 08:00:00,Y01,1750,1995
YS009162,2025-11-02 08:00:00,Y02,1148,1249
YS009163,2025-11-02 08:00:00,Y03,568,986
YS009164,2025-11-02 08:00:00,Y04,767,1113
YS009165,2025-11-02 08:00:00,Y05,795,930
YS009166,2025-11-02 08:00:00,Y06,1352,1758
YS009167,2025-11-02 08:00:00,Y07,465,1034
YS009168,2025-11-02 08:00:00,Y08,917,1028
YS009169,2025-11-02 08:00:00,Y09,599,1123
YS009170,2025-11-02 08:00:00,Y10,1071,1339
YS009171,2025-11-02 16:00:00,Y01,1170,1995
YS009172,2025-11-02 16:00:00,Y02,680,1249
YS009173,2025-11-02 16:00:00,Y03,818,986
YS009174,2025-11-02 16:00:00,Y04,1060,1113
YS009175,2025-11-02 16:00:00,Y05,399,930
YS009176,2025-11-02 16:00:00,Y06,1689,1758
YS009177,2025-11-02 16:00:00,Y07,852,1034
YS009178,2025-11-02 16:00:00,Y08,820,1028
YS009179,2025-11-02 16:00:00,Y09,1064,1123
YS009180,2025-11-02 16:00:00,Y10,902,1339
YS009181,2025-11-03 00:00:00,Y01,1139,1995
YS009182,2025-11-03 00:00:00,Y02,615,1249
YS009183,2025-11-03 00:00:00,Y03,945,986
YS009184,2025-11-03 00:00:00,Y04,514,1113
YS009185,2025-11-03 00:00:00,Y05,388,930
YS009186,2025-11-03 00:00:00,Y06,1492,1758
YS009187,2025-11-03 00:00:00,Y07,690,1034
YS009188,2025-11-03 00:00:00,Y08,923,1028
YS009189,2025-11-03 00:00:00,Y09,939,1123
YS009190,2025-11-03 00:00:00,Y10,682,1339
YS009191,2025-11-03 08:00:00,Y01,1911,1995
YS009192,2025-11-03 08:00:00,Y02,1097,1249
YS009193,2025-11-03 08:00:00,Y03,931,986
YS009194,2025-11-03 08:00:00,Y04,1039,1113
YS009195,2025-11-03 08:00:00,Y05,604,930
YS009196,2025-11-03 08:00:00,Y06,1362,1758
YS009197,2025-11-03 08:00:00,Y07,883,1034
YS009198,2025-11-03 08:00:00,Y08,889,1028
YS009199,2025-11-03 08:00:00,Y09,688,1123
YS009200,2025-11-03 08:00:00,Y10,1100,1339
YS009201,2025-11-03 16:00:00,Y01,1507,1995
YS009202,2025-11-03 16:00:00,Y02,979,1249
YS009203,2025-11-03 16:00:00,Y03,651,986
YS009204,2025-11-03 16:00:00,Y04,651,1113
YS009205,2025-11-03 16:00:00,Y05,711,930
YS009206,2025-11-03 16:00:00,Y06,1650,1758
YS009207,2025-11-03 16:00:00,Y07,781,1034
YS009208,2025-11-03 16:00:00,Y08,986,1028
YS009209,2025-11-03 16:00:00,Y09,844,1123
YS009210,2025-11-03 16:00:00,Y10,737,1339
YS009211,2025-11-04 00:00:00,Y01,1559,1995
YS009212,2025-11-04 00:00:00,Y02,922,1249
YS009213,2025-11-04 00:00:00,Y03,625,986
YS009214,2025-11-04 00:00:00,Y04,799,1113
YS009215,2025-11-04 00:00:00,Y05,439,930
YS009216,2025-11-04 00:00:00,Y06,1190,1758
YS009217,2025-11-04 00:00:00,Y07,467,1034
YS009218,2025-11-04 00:00:00,Y08,795,1028
YS009219,2025-11-04 00:00:00,Y09,493,1123
YS009220,2025-11-04 00:00:00,Y10,655,1339
YS009221,2025-11-04 08:00:00,Y01,1636,1995
YS009222,2025-11-04 08:00:00,Y02,880,1249
YS009223,2025-11-04 08:00:00,Y03,542,986
YS009224,2025-11-04 08:00:00,Y04,1017,1113
YS009225,2025-11-04 08:00:00,Y05,708,930
YS009226,2025-11-04 08:00:00,Y06,1598,1758
YS009227,2025-11-04 08:00:00,Y07,562,1034
YS009228,2025-11-04 08:00:00,Y08,701,1028
YS009229,2025-11-04 08:00:00,Y09,512,1123
YS009230,2025-11-04 08:00:00,Y10,1102,1339
YS009231,2025-11-04 16:00:00,Y01,1049,1995
YS009232,2025-11-04 16:00:00,Y02,1205,1249
YS009233,2025-11-04 16:00:00,Y03,770,986
YS009234,2025-11-04 16:00:00,Y04,946,1113
YS009235,2025-11-04 16:00:00,Y05,381,930
YS009236,2025-11-04 16:00:00,Y06,1027,1758
YS009237,2025-11-04 16:00:00,Y07,502,1034
YS009238,2025-11-04 16:00:00,Y08,671,1028
YS009239,2025-11-04 16:00:00,Y09,454,1123
YS009240,2025-11-04 16:00:00,Y10,1000,1339
YS009241,2025-11-05 00:00:00,Y01,1327,1995
YS009242,2025-11-05 00:00:00,Y02,1084,1249
YS009243,2025-11-05 00:00:00,Y03,906,986
YS009244,2025-11-05 00:00:00,Y04,986,1113
YS009245,2025-11-05 00:00:00,Y05,817,930
YS009246,2025-11-05 00:00:00,Y06,765,1758
YS009247,2025-11-05 00:00:00,Y07,956,1034
YS009248,2025-11-05 00:00:00,Y08,484,1028
YS009249,2025-11-05 00:00:00,Y09,569,1123
YS009250,2025-11-05 00:00:00,Y10,649,1339
YS009251,2025-11-05 08:00:00,Y01,1947,1995
YS009252,2025-11-05 08:00:00,Y02,786,1249
YS009253,2025-11-05 08:00:00,Y03,492,986
YS009254,2025-11-05 08:00:00,Y04,811,1113
YS009255,2025-11-05 08:00:00,Y05,516,930
YS009256,2025-11-05 08:00:00,Y06,977,1758
YS009257,2025-11-05 08:00:00,Y07,831,1034
YS009258,2025-11-05 08:00:00,Y08,506,1028
YS009259,2025-11-05 08:00:00,Y09,920,1123
YS009260,2025-11-05 08:00:00,Y10,548,1339
YS009261,2025-11-05 16:00:00,Y01,1164,1995
YS009262,2025-11-05 16:00:00,Y02,540,1249
YS009263,2025-11-05 16:00:00,Y03,501,986
YS009264,2025-11-05 16:00:00,Y04,926,1113
YS009265,2025-11-05 16:00:00,Y05,871,930
YS009266,2025-11-05 16:00:00,Y06,1143,1758
YS009267,2025-11-05 16:00:00,Y07,649,1034
YS009268,2025-11-05 16:00:00,Y08,946,1028
YS009269,2025-11-05 16:00:00,Y09,628,1123
YS009270,2025-11-05 16:00:00,Y10,1279,1339
YS009271,2025-11-06 00:00:00,Y01,1263,1995
YS009272,2025-11-06 00:00:00,Y02,753,1249
YS009273,2025-11-06 00:00:00,Y03,753,986
YS009274,2025-11-06 00:00:00,Y04,447,1113
YS009275,2025-11-06 00:00:00,Y05,857,930
YS009276,2025-11-06 00:00:00,Y06,1599,1758
YS009277,2025-11-06 00:00:00,Y07,731,1034
YS009278,2025-11-06 00:00:00,Y08,427,1028
YS009279,2025-11-06 00:00:00,Y09,964,1123
YS009280,2025-11-06 00:00:00,Y10,1011,1339
YS009281,2025-11-06 08:00:00,Y01,1348,1995
YS009282,2025-11-06 08:00:00,Y02,1077,1249
YS009283,2025-11-06 08:00:00,Y03,541,986
YS009284,2025-11-06 08:00:00,Y04,669,1113
YS009285,2025-11-06 08:00:00,Y05,660,930
YS009286,2025-11-06 08:00:00,Y06,1359,1758
YS009287,2025-11-06 08:00:00,Y07,1002,1034
YS009288,2025-11-06 08:00:00,Y08,617,1028
YS009289,2025-11-06 08:00:00,Y09,536,1123
YS009290,2025-11-06 08:00:00,Y10,584,1339
YS009291,2025-11-06 16:00:00,Y01,1663,1995
YS009292,2025-11-06 16:00:00,Y02,949,1249
YS009293,2025-11-06 16:00:00,Y03,659,986
YS009294,2025-11-06 16:00:00,Y04,913,1113
YS009295,2025-11-06 16:00:00,Y05,766,930
YS009296,2025-11-06 16:00:00,Y06,1234,1758
YS009297,2025-11-06 16:00:00,Y07,996,1034
YS009298,2025-11-06 16:00:00,Y08,463,1028
YS009299,2025-11-06 16:00:00,Y09,693,1123
YS009300,2025-11-06 16:00:00,Y10,691,1339
YS009301,2025-11-07 00:00:00,Y01,1627,1995
YS009302,2025-11-07 00:00:00,Y02,678,1249
YS009303,2025-11-07 00:00:00,Y03,913,986
YS009304,2025-11-07 00:00:00,Y04,849,1113
YS009305,2025-11-07 00:00:00,Y05,404,930
YS009306,2025-11-07 00:00:00,Y06,1391,1758
YS009307,2025-11-07 00:00:00,Y07,677,1034
YS009308,2025-11-07 00:00:00,Y08,558,1028
YS009309,2025-11-07 00:00:00,Y09,665,1123
YS009310,2025-11-07 00:00:00,Y10,1227,1339
YS009311,2025-11-07 08:00:00,Y01,1638,1995
YS009312,2025-11-07 08:00:00,Y02,687,1249
YS009313,2025-11-07 08:00:00,Y03,743,986
YS009314,2025-11-07 08:00:00,Y04,511,1113
YS009315,2025-11-07 08:00:00,Y05,544,930
YS009316,2025-11-07 08:00:00,Y06,1119,1758
YS009317,2025-11-07 08:00:00,Y07,922,1034
YS009318,2025-11-07 08:00:00,Y08,924,1028
YS009319,2025-11-07 08:00:00,Y09,696,1123
YS009320,2025-11-07 08:00:00,Y10,832,1339
YS009321,2025-11-07 16:00:00,Y01,1612,1995
YS009322,2025-11-07 16:00:00,Y02,1061,1249
YS009323,2025-11-07 16:00:00,Y03,722,986
YS009324,2025-11-07 16:00:00,Y04,479,1113
YS009325,2025-11-07 16:00:00,Y05,450,930
YS009326,2025-11-07 16:00:00,Y06,1179,1758
YS009327,2025-11-07 16:00:00,Y07,928,1034
YS009328,2025-11-07 16:00:00,Y08,530,1028
YS009329,2025-11-07 16:00:00,Y09,541,1123
YS009330,2025-11-07 16:00:00,Y10,541,1339
YS009331,2025-11-08 00:00:00,Y01,1172,1995
YS009332,2025-11-08 00:00:00,Y02,1218,1249
YS009333,2025-11-08 00:00:00,Y03,809,986
YS009334,2025-11-08 00:00:00,Y04,891,1113
YS009335,2025-11-08 00:00:00,Y05,697,930
YS009336,2025-11-08 00:00:00,Y06,1291,1758
YS009337,2025-11-08 00:00:00,Y07,710,1034
YS009338,2025-11-08 00:00:00,Y08,940,1028
YS009339,2025-11-08 00:00:00,Y09,521,1123
YS009340,2025-11-08 00:00:00,Y10,778,1339
YS009341,2025-11-08 08:00:00,Y01,1794,1995
YS009342,2025-11-08 08:00:00,Y02,981,1249
YS009343,2025-11-08 08:00:00,Y03,853,986
YS009344,2025-11-08 08:00:00,Y04,642,1113
YS009345,2025-11-08 08:00:00,Y05,539,930
YS009346,2025-11-08 08:00:00,Y06,1018,1758
YS009347,2025-11-08 08:00:00,Y07,849,1034
YS009348,2025-11-08 08:00:00,Y08,460,1028
YS009349,2025-11-08 08:00:00,Y09,997,1123
YS009350,2025-11-08 08:00:00,Y10,1274,1339
YS009351,2025-11-08 16:00:00,Y01,1008,1995
YS009352,2025-11-08 16:00:00,Y02,778,1249
YS009353,2025-11-08 16:00:00,Y03,663,986
YS009354,2025-11-08 16:00:00,Y04,1051,1113
YS009355,2025-11-08 16:00:00,Y05,765,930
YS009356,2025-11-08 16:00:00,Y06,1252,1758
YS009357,2025-11-08 16:00:00,Y07,501,1034
YS009358,2025-11-08 16:00:00,Y08,1005,1028
YS009359,2025-11-08 16:00:00,Y09,1042,1123
YS009360,2025-11-08 16:00:00,Y10,1230,1339
YS009361,2025-11-09 00:00:00,Y01,1030,1995
YS009362,2025-11-09 00:00:00,Y02,893,1249
YS009363,2025-11-09 00:00:00,Y03,738,986
YS009364,2025-11-09 00:00:00,Y04,520,1113
YS009365,2025-11-09 00:00:00,Y05,502,930
YS009366,2025-11-09 00:00:00,Y06,1297,1758
YS009367,2025-11-09 00:00:00,Y07,703,1034
YS009368,2025-11-09 00:00:00,Y08,541,1028
YS009369,2025-11-09 00:00:00,Y09,463,1123
YS009370,2025-11-09 00:00:00,Y10,605,1339
YS009371,2025-11-09 08:00:00,Y01,835,1995
YS009372,2025-11-09 08:00:00,Y02,656,1249
YS009373,2025-11-09 08:00:00,Y03,764,986
YS009374,2025-11-09 08:00:00,Y04,758,1113
YS009375,2025-11-09 08:00:00,Y05,745,930
YS009376,2025-11-09 08:00:00,Y06,875,1758
YS009377,2025-11-09 08:00:00,Y07,561,1034
YS009378,2025-11-09 08:00:00,Y08,518,1028
YS009379,2025-11-09 08:00:00,Y09,514,1123
YS009380,2025-11-09 08:00:00,Y10,622,1339
YS009381,2025-11-09 16:00:00,Y01,1119,1995
YS009382,2025-11-09 16:00:00,Y02,775,1249
YS009383,2025-11-09 16:00:00,Y03,739,986
YS009384,2025-11-09 16:00:00,Y04,705,1113
YS009385,2025-11-09 16:00:00,Y05,597,930
YS009386,2025-11-09 16:00:00,Y06,1231,1758
YS009387,2025-11-09 16:00:00,Y07,555,1034
YS009388,2025-11-09 16:00:00,Y08,866,1028
YS009389,2025-11-09 16:00:00,Y09,908,1123
YS009390,2025-11-09 16:00:00,Y10,1146,1339
YS009391,2025-11-10 00:00:00,Y01,1041,1995
YS009392,2025-11-10 00:00:00,Y02,1171,1249
YS009393,2025-11-10 00:00:00,Y03,472,986
YS009394,2025-11-10 00:00:00,Y04,791,1113
YS009395,2025-11-10 00:00:00,Y05,792,930
YS009396,2025-11-10 00:00:00,Y06,1661,1758
YS009397,2025-11-10 00:00:00,Y07,897,1034
YS009398,2025-11-10 00:00:00,Y08,534,1028
YS009399,2025-11-10 00:00:00,Y09,605,1123
YS009400,2025-11-10 00:00:00,Y10,602,1339
YS009401,2025-11-10 08:00:00,Y01,1108,1995
YS009402,2025-11-10 08:00:00,Y02,750,1249
YS009403,2025-11-10 08:00:00,Y03,531,986
YS009404,2025-11-10 08:00:00,Y04,766,1113
YS009405,2025-11-10 08:00:00,Y05,780,930
YS009406,2025-11-10 08:00:00,Y06,859,1758
YS009407,2025-11-10 08:00:00,Y07,454,1034
YS009408,2025-11-10 08:00:00,Y08,935,1028
YS009409,2025-11-10 08:00:00,Y09,894,1123
YS009410,2025-11-10 08:00:00,Y10,1140,1339
YS009411,2025-11-10 16:00:00,Y01,1773,1995
YS009412,2025-11-10 16:00:00,Y02,1162,1249
YS009413,2025-11-10 16:00:00,Y03,442,986
YS009414,2025-11-10 16:00:00,Y04,493,1113
YS009415,2025-11-10 16:00:00,Y05,845,930
YS009416,2025-11-10 16:00:00,Y06,838,1758
YS009417,2025-11-10 16:00:00,Y07,434,1034
YS009418,2025-11-10 16:00:00,Y08,726,1028
YS009419,2025-11-10 16:00:00,Y09,847,1123
YS009420,2025-11-10 16:00:00,Y10,782,1339
YS009421,2025-11-11 00:00:00,Y01,822,1995
YS009422,2025-11-11 00:00:00,Y02,1140,1249
YS009423,2025-11-11 00:00:00,Y03,815,986
YS009424,2025-11-11 00:00:00,Y04,969,1113
YS009425,2025-11-11 00:00:00,Y05,514,930
YS009426,2025-11-11 00:00:00,Y06,1206,1758
YS009427,2025-11-11 00:00:00,Y07,582,1034
YS009428,2025-11-11 00:00:00,Y08,875,1028
YS009429,2025-11-11 00:00:00,Y09,642,1123
YS009430,2025-11-11 00:00:00,Y10,676,1339
YS009431,2025-11-11 08:00:00,Y01,1193,1995
YS009432,2025-11-11 08:00:00,Y02,791,1249
YS009433,2025-11-11 08:00:00,Y03,514,986
YS009434,2025-11-11 08:00:00,Y04,537,1113
YS009435,2025-11-11 08:00:00,Y05,571,930
YS009436,2025-11-11 08:00:00,Y06,934,1758
YS009437,2025-11-11 08:00:00,Y07,551,1034
YS009438,2025-11-11 08:00:00,Y08,608,1028
YS009439,2025-11-11 08:00:00,Y09,952,1123
YS009440,2025-11-11 08:00:00,Y10,1045,1339
YS009441,2025-11-11 16:00:00,Y01,1288,1995
YS009442,2025-11-11 16:00:00,Y02,633,1249
YS009443,2025-11-11 16:00:00,Y03,483,986
YS009444,2025-11-11 16:00:00,Y04,769,1113
YS009445,2025-11-11 16:00:00,Y05,696,930
YS009446,2025-11-11 16:00:00,Y06,1255,1758
YS009447,2025-11-11 16:00:00,Y07,895,1034
YS009448,2025-11-11 16:00:00,Y08,484,1028
YS009449,2025-11-11 16:00:00,Y09,1023,1123
YS009450,2025-11-11 16:00:00,Y10,1017,1339
YS009451,2025-11-12 00:00:00,Y01,1055,1995
YS009452,2025-11-12 00:00:00,Y02,817,1249
YS009453,2025-11-12 00:00:00,Y03,641,986
YS009454,2025-11-12 00:00:00,Y04,644,1113
YS009455,2025-11-12 00:00:00,Y05,909,930
YS009456,2025-11-12 00:00:00,Y06,1499,1758
YS009457,2025-11-12 00:00:00,Y07,905,1034
YS009458,2025-11-12 00:00:00,Y08,453,1028
YS009459,2025-11-12 00:00:00,Y09,1025,1123
YS009460,2025-11-12 00:00:00,Y10,949,1339
YS009461,2025-11-12 08:00:00,Y01,922,1995
YS009462,2025-11-12 08:00:00,Y02,844,1249
YS009463,2025-11-12 08:00:00,Y03,570,986
YS009464,2025-11-12 08:00:00,Y04,1014,1113
YS009465,2025-11-12 08:00:00,Y05,480,930
YS009466,2025-11-12 08:00:00,Y06,1227,1758
YS009467,2025-11-12 08:00:00,Y07,982,1034
YS009468,2025-11-12 08:00:00,Y08,913,1028
YS009469,2025-11-12 08:00:00,Y09,461,1123
YS009470,2025-11-12 08:00:00,Y10,563,1339
YS009471,2025-11-12 16:00:00,Y01,1268,1995
YS009472,2025-11-12 16:00:00,Y02,883,1249
YS009473,2025-11-12 16:00:00,Y03,474,986
YS009474,2025-11-12 16:00:00,Y04,1075,1113
YS009475,2025-11-12 16:00:00,Y05,492,930
YS009476,2025-11-12 16:00:00,Y06,1389,1758
YS009477,2025-11-12 16:00:00,Y07,629,1034
YS009478,2025-11-12 16:00:00,Y08,785,1028
YS009479,2025-11-12 16:00:00,Y09,698,1123
YS009480,2025-11-12 16:00:00,Y10,572,1339
YS009481,2025-11-13 00:00:00,Y01,1479,1995
YS009482,2025-11-13 00:00:00,Y02,1189,1249
YS009483,2025-11-13 00:00:00,Y03,862,986
YS009484,2025-11-13 00:00:00,Y04,959,1113
YS009485,2025-11-13 00:00:00,Y05,687,930
YS009486,2025-11-13 00:00:00,Y06,1498,1758
YS009487,2025-11-13 00:00:00,Y07,419,1034
YS009488,2025-11-13 00:00:00,Y08,850,1028
YS009489,2025-11-13 00:00:00,Y09,1096,1123
YS009490,2025-11-13 00:00:00,Y10,725,1339
YS009491,2025-11-13 08:00:00,Y01,913,1995
YS009492,2025-11-13 08:00:00,Y02,604,1249
YS009493,2025-11-13 08:00:00,Y03,439,986
YS009494,2025-11-13 08:00:00,Y04,539,1113
YS009495,2025-11-13 08:00:00,Y05,741,930
YS009496,2025-11-13 08:00:00,Y06,862,1758
YS009497,2025-11-13 08:00:00,Y07,722,1034
YS009498,2025-11-13 08:00:00,Y08,753,1028
YS009499,2025-11-13 08:00:00,Y09,819,1123
YS009500,2025-11-13 08:00:00,Y10,767,1339
YS009501,2025-11-13 16:00:00,Y01,1285,1995
YS009502,2025-11-13 16:00:00,Y02,870,1249
YS009503,2025-11-13 16:00:00,Y03,540,986
YS009504,2025-11-13 16:00:00,Y04,733,1113
YS009505,2025-11-13 16:00:00,Y05,865,930
YS009506,2025-11-13 16:00:00,Y06,1001,1758
YS009507,2025-11-13 16:00:00,Y07,765,1034
YS009508,2025-11-13 16:00:00,Y08,811,1028
YS009509,2025-11-13 16:00:00,Y09,932,1123
YS009510,2025-11-13 16:00:00,Y10,822,1339
YS009511,2025-11-14 00:00:00,Y01,1353,1995
YS009512,2025-11-14 00:00:00,Y02,567,1249
YS009513,2025-11-14 00:00:00,Y03,799,986
YS009514,2025-11-14 00:00:00,Y04,663,1113
YS009515,2025-11-14 00:00:00,Y05,419,930
YS009516,2025-11-14 00:00:00,Y06,1295,1758
YS009517,2025-11-14 00:00:00,Y07,554,1034
YS009518,2025-11-14 00:00:00,Y08,792,1028
YS009519,2025-11-14 00:00:00,Y09,479,1123
YS009520,2025-11-14 00:00:00,Y10,555,1339
YS009521,2025-11-14 08:00:00,Y01,1112,1995
YS009522,2025-11-14 08:00:00,Y02,808,1249
YS009523,2025-11-14 08:00:00,Y03,843,986
YS009524,2025-11-14 08:00:00,Y04,572,1113
YS009525,2025-11-14 08:00:00,Y05,690,930
YS009526,2025-11-14 08:00:00,Y06,1631,1758
YS009527,2025-11-14 08:00:00,Y07,593,1034
YS009528,2025-11-14 08:00:00,Y08,575,1028
YS009529,2025-11-14 08:00:00,Y09,655,1123
YS009530,2025-11-14 08:00:00,Y10,1284,1339
YS009531,2025-11-14 16:00:00,Y01,1440,1995
YS009532,2025-11-14 16:00:00,Y02,988,1249
YS009533,2025-11-14 16:00:00,Y03,826,986
YS009534,2025-11-14 16:00:00,Y04,1023,1113
YS009535,2025-11-14 16:00:00,Y05,632,930
YS009536,2025-11-14 16:00:00,Y06,1302,1758
YS009537,2025-11-14 16:00:00,Y07,414,1034
YS009538,2025-11-14 16:00:00,Y08,851,1028
YS009539,2025-11-14 16:00:00,Y09,1020,1123
YS009540,2025-11-14 16:00:00,Y10,550,1339
YS009541,2025-11-15 00:00:00,Y01,1687,1995
YS009542,2025-11-15 00:00:00,Y02,605,1249
YS009543,2025-11-15 00:00:00,Y03,548,986
YS009544,2025-11-15 00:00:00,Y04,973,1113
YS009545,2025-11-15 00:00:00,Y05,849,930
YS009546,2025-11-15 00:00:00,Y06,937,1758
YS009547,2025-11-15 00:00:00,Y07,924,1034
YS009548,2025-11-15 00:00:00,Y08,628,1028
YS009549,2025-11-15 00:00:00,Y09,738,1123
YS009550,2025-11-15 00:00:00,Y10,642,1339
YS009551,2025-11-15 08:00:00,Y01,1629,1995
YS009552,2025-11-15 08:00:00,Y02,1124,1249
YS009553,2025-11-15 08:00:00,Y03,650,986
YS009554,2025-11-15 08:00:00,Y04,778,1113
YS009555,2025-11-15 08:00:00,Y05,573,930
YS009556,2025-11-15 08:00:00,Y06,884,1758
YS009557,2025-11-15 08:00:00,Y07,534,1034
YS009558,2025-11-15 08:00:00,Y08,559,1028
YS009559,2025-11-15 08:00:00,Y09,922,1123
YS009560,2025-11-15 08:00:00,Y10,902,1339
YS009561,2025-11-15 16:00:00,Y01,1300,1995
YS009562,2025-11-15 16:00:00,Y02,1020,1249
YS009563,2025-11-15 16:00:00,Y03,446,986
YS009564,2025-11-15 16:00:00,Y04,861,1113
YS009565,2025-11-15 16:00:00,Y05,562,930
YS009566,2025-11-15 16:00:00,Y06,1481,1758
YS009567,2025-11-15 16:00:00,Y07,1011,1034
YS009568,2025-11-15 16:00:00,Y08,978,1028
YS009569,2025-11-15 16:00:00,Y09,569,1123
YS009570,2025-11-15 16:00:00,Y10,883,1339
YS009571,2025-11-16 00:00:00,Y01,1028,1995
YS009572,2025-11-16 00:00:00,Y02,1192,1249
YS009573,2025-11-16 00:00:00,Y03,921,986
YS009574,2025-11-16 00:00:00,Y04,812,1113
YS009575,2025-11-16 00:00:00,Y05,771,930
YS009576,2025-11-16 00:00:00,Y06,916,1758
YS009577,2025-11-16 00:00:00,Y07,701,1034
YS009578,2025-11-16 00:00:00,Y08,782,1028
YS009579,2025-11-16 00:00:00,Y09,823,1123
YS009580,2025-11-16 00:00:00,Y10,797,1339
YS009581,2025-11-16 08:00:00,Y01,1640,1995
YS009582,2025-11-16 08:00:00,Y02,886,1249
YS009583,2025-11-16 08:00:00,Y03,442,986
YS009584,2025-11-16 08:00:00,Y04,703,1113
YS009585,2025-11-16 08:00:00,Y05,482,930
YS009586,2025-11-16 08:00:00,Y06,1285,1758
YS009587,2025-11-16 08:00:00,Y07,695,1034
YS009588,2025-11-16 08:00:00,Y08,875,1028
YS009589,2025-11-16 08:00:00,Y09,638,1123
YS009590,2025-11-16 08:00:00,Y10,1157,1339
YS009591,2025-11-16 16:00:00,Y01,970,1995
YS009592,2025-11-16 16:00:00,Y02,775,1249
YS009593,2025-11-16 16:00:00,Y03,419,986
YS009594,2025-11-16 16:00:00,Y04,1010,1113
YS009595,2025-11-16 16:00:00,Y05,840,930
YS009596,2025-11-16 16:00:00,Y06,741,1758
YS009597,2025-11-16 16:00:00,Y07,870,1034
YS009598,2025-11-16 16:00:00,Y08,994,1028
YS009599,2025-11-16 16:00:00,Y09,871,1123
YS009600,2025-11-16 16:00:00,Y10,876,1339
YS009601,2025-11-17 00:00:00,Y01,1154,1995
YS009602,2025-11-17 00:00:00,Y02,510,1249
YS009603,2025-11-17 00:00:00,Y03,833,986
YS009604,2025-11-17 00:00:00,Y04,554,1113
YS009605,2025-11-17 00:00:00,Y05,839,930
YS009606,2025-11-17 00:00:00,Y06,1078,1758
YS009607,2025-11-17 00:00:00,Y07,787,1034
YS009608,2025-11-17 00:00:00,Y08,423,1028
YS009609,2025-11-17 00:00:00,Y09,718,1123
YS009610,2025-11-17 00:00:00,Y10,1214,1339
YS009611,2025-11-17 08:00:00,Y01,1774,1995
YS009612,2025-11-17 08:00:00,Y02,894,1249
YS009613,2025-11-17 08:00:00,Y03,608,986
YS009614,2025-11-17 08:00:00,Y04,1042,1113
YS009615,2025-11-17 08:00:00,Y05,810,930
YS009616,2025-11-17 08:00:00,Y06,1563,1758
YS009617,2025-11-17 08:00:00,Y07,665,1034
YS009618,2025-11-17 08:00:00,Y08,489,1028
YS009619,2025-11-17 08:00:00,Y09,988,1123
YS009620,2025-11-17 08:00:00,Y10,920,1339
YS009621,2025-11-17 16:00:00,Y01,1156,1995
YS009622,2025-11-17 16:00:00,Y02,682,1249
YS009623,2025-11-17 16:00:00,Y03,663,986
YS009624,2025-11-17 16:00:00,Y04,797,1113
YS009625,2025-11-17 16:00:00,Y05,800,930
YS009626,2025-11-17 16:00:00,Y06,914,1758
YS009627,2025-11-17 16:00:00,Y07,862,1034
YS009628,2025-11-17 16:00:00,Y08,980,1028
YS009629,2025-11-17 16:00:00,Y09,622,1123
YS009630,2025-11-17 16:00:00,Y10,544,1339
YS009631,2025-11-18 00:00:00,Y01,1570,1995
YS009632,2025-11-18 00:00:00,Y02,1213,1249
YS009633,2025-11-18 00:00:00,Y03,793,986
YS009634,2025-11-18 00:00:00,Y04,865,1113
YS009635,2025-11-18 00:00:00,Y05,879,930
YS009636,2025-11-18 00:00:00,Y06,869,1758
YS009637,2025-11-18 00:00:00,Y07,758,1034
YS009638,2025-11-18 00:00:00,Y08,761,1028
YS009639,2025-11-18 00:00:00,Y09,542,1123
YS009640,2025-11-18 00:00:00,Y10,1159,1339
YS009641,2025-11-18 08:00:00,Y01,1175,1995
YS009642,2025-11-18 08:00:00,Y02,1211,1249
YS009643,2025-11-18 08:00:00,Y03,512,986
YS009644,2025-11-18 08:00:00,Y04,530,1113
YS009645,2025-11-18 08:00:00,Y05,514,930
YS009646,2025-11-18 08:00:00,Y06,1581,1758
YS009647,2025-11-18 08:00:00,Y07,481,1034
YS009648,2025-11-18 08:00:00,Y08,472,1028
YS009649,2025-11-18 08:00:00,Y09,485,1123
YS009650,2025-11-18 08:00:00,Y10,567,1339
YS009651,2025-11-18 16:00:00,Y01,1883,1995
YS009652,2025-11-18 16:00:00,Y02,786,1249
YS009653,2025-11-18 16:00:00,Y03,403,986
YS009654,2025-11-18 16:00:00,Y04,682,1113
YS009655,2025-11-18 16:00:00,Y05,435,930
YS009656,2025-11-18 16:00:00,Y06,1718,1758
YS009657,2025-11-18 16:00:00,Y07,740,1034
YS009658,2025-11-18 16:00:00,Y08,510,1028
YS009659,2025-11-18 16:00:00,Y09,756,1123
YS009660,2025-11-18 16:00:00,Y10,965,1339
YS009661,2025-11-19 00:00:00,Y01,1619,1995
YS009662,2025-11-19 00:00:00,Y02,620,1249
YS009663,2025-11-19 00:00:00,Y03,944,986
YS009664,2025-11-19 00:00:00,Y04,1032,1113
YS009665,2025-11-19 00:00:00,Y05,415,930
YS009666,2025-11-19 00:00:00,Y06,1256,1758
YS009667,2025-11-19 00:00:00,Y07,726,1034
YS009668,2025-11-19 00:00:00,Y08,749,1028
YS009669,2025-11-19 00:00:00,Y09,816,1123
YS009670,2025-11-19 00:00:00,Y10,878,1339
YS009671,2025-11-19 08:00:00,Y01,1204,1995
YS009672,2025-11-19 08:00:00,Y02,592,1249
YS009673,2025-11-19 08:00:00,Y03,874,986
YS009674,2025-11-19 08:00:00,Y04,959,1113
YS009675,2025-11-19 08:00:00,Y05,477,930
YS009676,2025-11-19 08:00:00,Y06,1199,1758
YS009677,2025-11-19 08:00:00,Y07,730,1034
YS009678,2025-11-19 08:00:00,Y08,759,1028
YS009679,2025-11-19 08:00:00,Y09,799,1123
YS009680,2025-11-19 08:00:00,Y10,782,1339
YS009681,2025-11-19 16:00:00,Y01,1119,1995
YS009682,2025-11-19 16:00:00,Y02,780,1249
YS009683,2025-11-19 16:00:00,Y03,464,986
YS009684,2025-11-19 16:00:00,Y04,1036,1113
YS009685,2025-11-19 16:00:00,Y05,868,930
YS009686,2025-11-19 16:00:00,Y06,709,1758
YS009687,2025-11-19 16:00:00,Y07,722,1034
YS009688,2025-11-19 16:00:00,Y08,872,1028
YS009689,2025-11-19 16:00:00,Y09,1067,1123
YS009690,2025-11-19 16:00:00,Y10,862,1339
YS009691,2025-11-20 00:00:00,Y01,888,1995
YS009692,2025-11-20 00:00:00,Y02,761,1249
YS009693,2025-11-20 00:00:00,Y03,793,986
YS009694,2025-11-20 00:00:00,Y04,669,1113
YS009695,2025-11-20 00:00:00,Y05,465,930
YS009696,2025-11-20 00:00:00,Y06,1570,1758
YS009697,2025-11-20 00:00:00,Y07,654,1034
YS009698,2025-11-20 00:00:00,Y08,507,1028
YS009699,2025-11-20 00:00:00,Y09,794,1123
YS009700,2025-11-20 00:00:00,Y10,585,1339
YS009701,2025-11-20 08:00:00,Y01,1375,1995
YS009702,2025-11-20 08:00:00,Y02,1090,1249
YS009703,2025-11-20 08:00:00,Y03,622,986
YS009704,2025-11-20 08:00:00,Y04,732,1113
YS009705,2025-11-20 08:00:00,Y05,737,930
YS009706,2025-11-20 08:00:00,Y06,705,1758
YS009707,2025-11-20 08:00:00,Y07,841,1034
YS009708,2025-11-20 08:00:00,Y08,734,1028
YS009709,2025-11-20 08:00:00,Y09,469,1123
YS009710,2025-11-20 08:00:00,Y10,679,1339
YS009711,2025-11-20 16:00:00,Y01,1328,1995
YS009712,2025-11-20 16:00:00,Y02,1038,1249
YS009713,2025-11-20 16:00:00,Y03,544,986
YS009714,2025-11-20 16:00:00,Y04,998,1113
YS009715,2025-11-20 16:00:00,Y05,640,930
YS009716,2025-11-20 16:00:00,Y06,927,1758
YS009717,2025-11-20 16:00:00,Y07,938,1034
YS009718,2025-11-20 16:00:00,Y08,804,1028
YS009719,2025-11-20 16:00:00,Y09,877,1123
YS009720,2025-11-20 16:00:00,Y10,866,1339
YS009721,2025-11-21 00:00:00,Y01,910,1995
YS009722,2025-11-21 00:00:00,Y02,672,1249
YS009723,2025-11-21 00:00:00,Y03,955,986
YS009724,2025-11-21 00:00:00,Y04,840,1113
YS009725,2025-11-21 00:00:00,Y05,665,930
YS009726,2025-11-21 00:00:00,Y06,1032,1758
YS009727,2025-11-21 00:00:00,Y07,917,1034
YS009728,2025-11-21 00:00:00,Y08,435,1028
YS009729,2025-11-21 00:00:00,Y09,655,1123
YS009730,2025-11-21 00:00:00,Y10,1178,1339
YS009731,2025-11-21 08:00:00,Y01,1581,1995
YS009732,2025-11-21 08:00:00,Y02,914,1249
YS009733,2025-11-21 08:00:00,Y03,715,986
YS009734,2025-11-21 08:00:00,Y04,654,1113
YS009735,2025-11-21 08:00:00,Y05,492,930
YS009736,2025-11-21 08:00:00,Y06,1174,1758
YS009737,2025-11-21 08:00:00,Y07,436,1034
YS009738,2025-11-21 08:00:00,Y08,861,1028
YS009739,2025-11-21 08:00:00,Y09,691,1123
YS009740,2025-11-21 08:00:00,Y10,658,1339
YS009741,2025-11-21 16:00:00,Y01,1728,1995
YS009742,2025-11-21 16:00:00,Y02,1077,1249
YS009743,2025-11-21 16:00:00,Y03,627,986
YS009744,2025-11-21 16:00:00,Y04,812,1113
YS009745,2025-11-21 16:00:00,Y05,375,930
YS009746,2025-11-21 16:00:00,Y06,1520,1758
YS009747,2025-11-21 16:00:00,Y07,740,1034
YS009748,2025-11-21 16:00:00,Y08,888,1028
YS009749,2025-11-21 16:00:00,Y09,479,1123
YS009750,2025-11-21 16:00:00,Y10,583,1339
YS009751,2025-11-22 00:00:00,Y01,1614,1995
YS009752,2025-11-22 00:00:00,Y02,1083,1249
YS009753,2025-11-22 00:00:00,Y03,594,986
YS009754,2025-11-22 00:00:00,Y04,780,1113
YS009755,2025-11-22 00:00:00,Y05,569,930
YS009756,2025-11-22 00:00:00,Y06,1518,1758
YS009757,2025-11-22 00:00:00,Y07,645,1034
YS009758,2025-11-22 00:00:00,Y08,596,1028
YS009759,2025-11-22 00:00:00,Y09,506,1123
YS009760,2025-11-22 00:00:00,Y10,743,1339
YS009761,2025-11-22 08:00:00,Y01,1916,1995
YS009762,2025-11-22 08:00:00,Y02,712,1249
YS009763,2025-11-22 08:00:00,Y03,792,986
YS009764,2025-11-22 08:00:00,Y04,485,1113
YS009765,2025-11-22 08:00:00,Y05,788,930
YS009766,2025-11-22 08:00:00,Y06,1445,1758
YS009767,2025-11-22 08:00:00,Y07,419,1034
YS009768,2025-11-22 08:00:00,Y08,959,1028
YS009769,2025-11-22 08:00:00,Y09,597,1123
YS009770,2025-11-22 08:00:00,Y10,706,1339
YS009771,2025-11-22 16:00:00,Y01,1512,1995
YS009772,2025-11-22 16:00:00,Y02,549,1249
YS009773,2025-11-22 16:00:00,Y03,564,986
YS009774,2025-11-22 16:00:00,Y04,1026,1113
YS009775,2025-11-22 16:00:00,Y05,743,930
YS009776,2025-11-22 16:00:00,Y06,703,1758
YS009777,2025-11-22 16:00:00,Y07,835,1034
YS009778,2025-11-22 16:00:00,Y08,779,1028
YS009779,2025-11-22 16:00:00,Y09,1002,1123
YS009780,2025-11-22 16:00:00,Y10,922,1339
YS009781,2025-11-23 00:00:00,Y01,1739,1995
YS009782,2025-11-23 00:00:00,Y02,976,1249
YS009783,2025-11-23 00:00:00,Y03,906,986
YS009784,2025-11-23 00:00:00,Y04,655,1113
YS009785,2025-11-23 00:00:00,Y05,893,930
YS009786,2025-11-23 00:00:00,Y06,1075,1758
YS009787,2025-11-23 00:00:00,Y07,474,1034
YS009788,2025-11-23 00:00:00,Y08,931,1028
YS009789,2025-11-23 00:00:00,Y09,708,1123
YS009790,2025-11-23 00:00:00,Y10,670,1339
YS009791,2025-11-23 08:00:00,Y01,1513,1995
YS009792,2025-11-23 08:00:00,Y02,1045,1249
YS009793,2025-11-23 08:00:00,Y03,657,986
YS009794,2025-11-23 08:00:00,Y04,917,1113
YS009795,2025-11-23 08:00:00,Y05,576,930
YS009796,2025-11-23 08:00:00,Y06,993,1758
YS009797,2025-11-23 08:00:00,Y07,502,1034
YS009798,2025-11-23 08:00:00,Y08,979,1028
YS009799,2025-11-23 08:00:00,Y09,654,1123
YS009800,2025-11-23 08:00:00,Y10,1051,1339
YS009801,2025-11-23 16:00:00,Y01,1083,1995
YS009802,2025-11-23 16:00:00,Y02,1011,1249
YS009803,2025-11-23 16:00:00,Y03,447,986
YS009804,2025-11-23 16:00:00,Y04,447,1113
YS009805,2025-11-23 16:00:00,Y05,878,930
YS009806,2025-11-23 16:00:00,Y06,1228,1758
YS009807,2025-11-23 16:00:00,Y07,457,1034
YS009808,2025-11-23 16:00:00,Y08,818,1028
YS009809,2025-11-23 16:00:00,Y09,762,1123
YS009810,2025-11-23 16:00:00,Y10,753,1339
YS009811,2025-11-24 00:00:00,Y01,1817,1995
YS009812,2025-11-24 00:00:00,Y02,543,1249
YS009813,2025-11-24 00:00:00,Y03,609,986
YS009814,2025-11-24 00:00:00,Y04,732,1113
YS009815,2025-11-24 00:00:00,Y05,582,930
YS009816,2025-11-24 00:00:00,Y06,887,1758
YS009817,2025-11-24 00:00:00,Y07,927,1034
YS009818,2025-11-24 00:00:00,Y08,819,1028
YS009819,2025-11-24 00:00:00,Y09,812,1123
YS009820,2025-11-24 00:00:00,Y10,653,1339
YS009821,2025-11-24 08:00:00,Y01,1559,1995
YS009822,2025-11-24 08:00:00,Y02,640,1249
YS009823,2025-11-24 08:00:00,Y03,699,986
YS009824,2025-11-24 08:00:00,Y04,582,1113
YS009825,2025-11-24 08:00:00,Y05,533,930
YS009826,2025-11-24 08:00:00,Y06,1693,1758
YS009827,2025-11-24 08:00:00,Y07,554,1034
YS009828,2025-11-24 08:00:00,Y08,585,1028
YS009829,2025-11-24 08:00:00,Y09,490,1123
YS009830,2025-11-24 08:00:00,Y10,780,1339
YS009831,2025-11-24 16:00:00,Y01,1444,1995
YS009832,2025-11-24 16:00:00,Y02,602,1249
YS009833,2025-11-24 16:00:00,Y03,572,986
YS009834,2025-11-24 16:00:00,Y04,737,1113
YS009835,2025-11-24 16:00:00,Y05,376,930
YS009836,2025-11-24 16:00:00,Y06,788,1758
YS009837,2025-11-24 16:00:00,Y07,794,1034
YS009838,2025-11-24 16:00:00,Y08,694,1028
YS009839,2025-11-24 16:00:00,Y09,569,1123
YS009840,2025-11-24 16:00:00,Y10,838,1339
YS009841,2025-11-25 00:00:00,Y01,1408,1995
YS009842,2025-11-25 00:00:00,Y02,934,1249
YS009843,2025-11-25 00:00:00,Y03,798,986
YS009844,2025-11-25 00:00:00,Y04,610,1113
YS009845,2025-11-25 00:00:00,Y05,825,930
YS009846,2025-11-25 00:00:00,Y06,947,1758
YS009847,2025-11-25 00:00:00,Y07,681,1034
YS009848,2025-11-25 00:00:00,Y08,470,1028
YS009849,2025-11-25 00:00:00,Y09,1020,1123
YS009850,2025-11-25 00:00:00,Y10,811,1339
YS009851,2025-11-25 08:00:00,Y01,845,1995
YS009852,2025-11-25 08:00:00,Y02,641,1249
YS009853,2025-11-25 08:00:00,Y03,551,986
YS009854,2025-11-25 08:00:00,Y04,580,1113
YS009855,2025-11-25 08:00:00,Y05,723,930
YS009856,2025-11-25 08:00:00,Y06,1532,1758
YS009857,2025-11-25 08:00:00,Y07,444,1034
YS009858,2025-11-25 08:00:00,Y08,792,1028
YS009859,2025-11-25 08:00:00,Y09,652,1123
YS009860,2025-11-25 08:00:00,Y10,1127,1339
YS009861,2025-11-25 16:00:00,Y01,1493,1995
YS009862,2025-11-25 16:00:00,Y02,850,1249
YS009863,2025-11-25 16:00:00,Y03,782,986
YS009864,2025-11-25 16:00:00,Y04,639,1113
YS009865,2025-11-25 16:00:00,Y05,390,930
YS009866,2025-11-25 16:00:00,Y06,1294,1758
YS009867,2025-11-25 16:00:00,Y07,670,1034
YS009868,2025-11-25 16:00:00,Y08,707,1028
YS009869,2025-11-25 16:00:00,Y09,785,1123
YS009870,2025-11-25 16:00:00,Y10,606,1339
YS009871,2025-11-26 00:00:00,Y01,941,1995
YS009872,2025-11-26 00:00:00,Y02,765,1249
YS009873,2025-11-26 00:00:00,Y03,474,986
YS009874,2025-11-26 00:00:00,Y04,455,1113
YS009875,2025-11-26 00:00:00,Y05,898,930
YS009876,2025-11-26 00:00:00,Y06,1116,1758
YS009877,2025-11-26 00:00:00,Y07,488,1034
YS009878,2025-11-26 00:00:00,Y08,939,1028
YS009879,2025-11-26 00:00:00,Y09,1050,1123
YS009880,2025-11-26 00:00:00,Y10,1213,1339
YS009881,2025-11-26 08:00:00,Y01,817,1995
YS009882,2025-11-26 08:00:00,Y02,634,1249
YS009883,2025-11-26 08:00:00,Y03,634,986
YS009884,2025-11-26 08:00:00,Y04,831,1113
YS009885,2025-11-26 08:00:00,Y05,802,930
YS009886,2025-11-26 08:00:00,Y06,1137,1758
YS009887,2025-11-26 08:00:00,Y07,726,1034
YS009888,2025-11-26 08:00:00,Y08,725,1028
YS009889,2025-11-26 08:00:00,Y09,872,1123
YS009890,2025-11-26 08:00:00,Y10,565,1339
YS009891,2025-11-26 16:00:00,Y01,1673,1995
YS009892,2025-11-26 16:00:00,Y02,1021,1249
YS009893,2025-11-26 16:00:00,Y03,478,986
YS009894,2025-11-26 16:00:00,Y04,1060,1113
YS009895,2025-11-26 16:00:00,Y05,889,930
YS009896,2025-11-26 16:00:00,Y06,1335,1758
YS009897,2025-11-26 16:00:00,Y07,633,1034
YS009898,2025-11-26 16:00:00,Y08,845,1028
YS009899,2025-11-26 16:00:00,Y09,793,1123
YS009900,2025-11-26 16:00:00,Y10,601,1339
YS009901,2025-11-27 00:00:00,Y01,1175,1995
YS009902,2025-11-27 00:00:00,Y02,1108,1249
YS009903,2025-11-27 00:00:00,Y03,819,986
YS009904,2025-11-27 00:00:00,Y04,992,1113
YS009905,2025-11-27 00:00:00,Y05,769,930
YS009906,2025-11-27 00:00:00,Y06,760,1758
YS009907,2025-11-27 00:00:00,Y07,904,1034
YS009908,2025-11-27 00:00:00,Y08,616,1028
YS009909,2025-11-27 00:00:00,Y09,937,1123
YS009910,2025-11-27 00:00:00,Y10,741,1339
YS009911,2025-11-27 08:00:00,Y01,1765,1995
YS009912,2025-11-27 08:00:00,Y02,829,1249
YS009913,2025-11-27 08:00:00,Y03,445,986
YS009914,2025-11-27 08:00:00,Y04,1048,1113
YS009915,2025-11-27 08:00:00,Y05,432,930
YS009916,2025-11-27 08:00:00,Y06,737,1758
YS009917,2025-11-27 08:00:00,Y07,591,1034
YS009918,2025-11-27 08:00:00,Y08,756,1028
YS009919,2025-11-27 08:00:00,Y09,695,1123
YS009920,2025-11-27 08:00:00,Y10,582,1339
YS009921,2025-11-27 16:00:00,Y01,1285,1995
YS009922,2025-11-27 16:00:00,Y02,755,1249
YS009923,2025-11-27 16:00:00,Y03,957,986
YS009924,2025-11-27 16:00:00,Y04,590,1113
YS009925,2025-11-27 16:00:00,Y05,605,930
YS009926,2025-11-27 16:00:00,Y06,1618,1758
YS009927,2025-11-27 16:00:00,Y07,523,1034
YS009928,2025-11-27 16:00:00,Y08,464,1028
YS009929,2025-11-27 16:00:00,Y09,936,1123
YS009930,2025-11-27 16:00:00,Y10,942,1339
YS009931,2025-11-28 00:00:00,Y01,1013,1995
YS009932,2025-11-28 00:00:00,Y02,764,1249
YS009933,2025-11-28 00:00:00,Y03,762,986
YS009934,2025-11-28 00:00:00,Y04,949,1113
YS009935,2025-11-28 00:00:00,Y05,801,930
YS009936,2025-11-28 00:00:00,Y06,1649,1758
YS009937,2025-11-28 00:00:00,Y07,658,1034
YS009938,2025-11-28 00:00:00,Y08,546,1028
YS009939,2025-11-28 00:00:00,Y09,471,1123
YS009940,2025-11-28 00:00:00,Y10,804,1339
YS009941,2025-11-28 08:00:00,Y01,808,1995
YS009942,2025-11-28 08:00:00,Y02,954,1249
YS009943,2025-11-28 08:00:00,Y03,652,986
YS009944,2025-11-28 08:00:00,Y04,1057,1113
YS009945,2025-11-28 08:00:00,Y05,383,930
YS009946,2025-11-28 08:00:00,Y06,924,1758
YS009947,2025-11-28 08:00:00,Y07,707,1034
YS009948,2025-11-28 08:00:00,Y08,581,1028
YS009949,2025-11-28 08:00:00,Y09,601,1123
YS009950,2025-11-28 08:00:00,Y10,1158,1339
YS009951,2025-11-28 16:00:00,Y01,1783,1995
YS009952,2025-11-28 16:00:00,Y02,1035,1249
YS009953,2025-11-28 16:00:00,Y03,769,986
YS009954,2025-11-28 16:00:00,Y04,796,1113
YS009955,2025-11-28 16:00:00,Y05,661,930
YS009956,2025-11-28 16:00:00,Y06,1361,1758
YS009957,2025-11-28 16:00:00,Y07,665,1034
YS009958,2025-11-28 16:00:00,Y08,975,1028
YS009959,2025-11-28 16:00:00,Y09,863,1123
YS009960,2025-11-28 16:00:00,Y10,801,1339
YS009961,2025-11-29 00:00:00,Y01,1792,1995
YS009962,2025-11-29 00:00:00,Y02,1110,1249
YS009963,2025-11-29 00:00:00,Y03,731,986
YS009964,2025-11-29 00:00:00,Y04,739,1113
YS009965,2025-11-29 00:00:00,Y05,788,930
YS009966,2025-11-29 00:00:00,Y06,850,1758
YS009967,2025-11-29 00:00:00,Y07,579,1034
YS009968,2025-11-29 00:00:00,Y08,769,1028
YS009969,2025-11-29 00:00:00,Y09,925,1123
YS009970,2025-11-29 00:00:00,Y10,741,1339
YS009971,2025-11-29 08:00:00,Y01,1955,1995
YS009972,2025-11-29 08:00:00,Y02,886,1249
YS009973,2025-11-29 08:00:00,Y03,549,986
YS009974,2025-11-29 08:00:00,Y04,875,1113
YS009975,2025-11-29 08:00:00,Y05,570,930
YS009976,2025-11-29 08:00:00,Y06,1097,1758
YS009977,2025-11-29 08:00:00,Y07,890,1034
YS009978,2025-11-29 08:00:00,Y08,766,1028
YS009979,2025-11-29 08:00:00,Y09,883,1123
YS009980,2025-11-29 08:00:00,Y10,904,1339
YS009981,2025-11-29 16:00:00,Y01,1553,1995
YS009982,2025-11-29 16:00:00,Y02,1214,1249
YS009983,2025-11-29 16:00:00,Y03,408,986
YS009984,2025-11-29 16:00:00,Y04,935,1113
YS009985,2025-11-29 16:00:00,Y05,389,930
YS009986,2025-11-29 16:00:00,Y06,1132,1758
YS009987,2025-11-29 16:00:00,Y07,832,1034
YS009988,2025-11-29 16:00:00,Y08,911,1028
YS009989,2025-11-29 16:00:00,Y09,707,1123
YS009990,2025-11-29 16:00:00,Y10,1187,1339
YS009991,2025-11-30 00:00:00,Y01,1900,1995
YS009992,2025-11-30 00:00:00,Y02,955,1249
YS009993,2025-11-30 00:00:00,Y03,460,986
YS009994,2025-11-30 00:00:00,Y04,641,1113
YS009995,2025-11-30 00:00:00,Y05,588,930
YS009996,2025-11-30 00:00:00,Y06,1205,1758
YS009997,2025-11-30 00:00:00,Y07,788,1034
YS009998,2025-11-30 00:00:00,Y08,787,1028
YS009999,2025-11-30 00:00:00,Y09,804,1123
YS010000,2025-11-30 00:00:00,Y10,1078,1339
YS010001,2025-11-30 08:00:00,Y01,1385,1995
YS010002,2025-11-30 08:00:00,Y02,1100,1249
YS010003,2025-11-30 08:00:00,Y03,958,986
YS010004,2025-11-30 08:00:00,Y04,705,1113
YS010005,2025-11-30 08:00:00,Y05,755,930
YS010006,2025-11-30 08:00:00,Y06,1005,1758
YS010007,2025-11-30 08:00:00,Y07,993,1034
YS010008,2025-11-30 08:00:00,Y08,984,1028
YS010009,2025-11-30 08:00:00,Y09,913,1123
YS010010,2025-11-30 08:00:00,Y10,1212,1339
YS010011,2025-11-30 16:00:00,Y01,954,1995
YS010012,2025-11-30 16:00:00,Y02,579,1249
YS010013,2025-11-30 16:00:00,Y03,648,986
YS010014,2025-11-30 16:00:00,Y04,849,1113
YS010015,2025-11-30 16:00:00,Y05,856,930
YS010016,2025-11-30 16:00:00,Y06,1551,1758
YS010017,2025-11-30 16:00:00,Y07,741,1034
YS010018,2025-11-30 16:00:00,Y08,571,1028
YS010019,2025-11-30 16:00:00,Y09,800,1123
YS010020,2025-11-30 16:00:00,Y10,884,1339
YS010021,2025-12-01 00:00:00,Y01,1016,1995
YS010022,2025-12-01 00:00:00,Y02,1060,1249
YS010023,2025-12-01 00:00:00,Y03,513,986
YS010024,2025-12-01 00:00:00,Y04,978,1113
YS010025,2025-12-01 00:00:00,Y05,458,930
YS010026,2025-12-01 00:00:00,Y06,1485,1758
YS010027,2025-12-01 00:00:00,Y07,749,1034
YS010028,2025-12-01 00:00:00,Y08,709,1028
YS010029,2025-12-01 00:00:00,Y09,602,1123
YS010030,2025-12-01 00:00:00,Y10,1019,1339
YS010031,2025-12-01 08:00:00,Y01,1381,1995
YS010032,2025-12-01 08:00:00,Y02,898,1249
YS010033,2025-12-01 08:00:00,Y03,607,986
YS010034,2025-12-01 08:00:00,Y04,457,1113
YS010035,2025-12-01 08:00:00,Y05,887,930
YS010036,2025-12-01 08:00:00,Y06,997,1758
YS010037,2025-12-01 08:00:00,Y07,860,1034
YS010038,2025-12-01 08:00:00,Y08,541,1028
YS010039,2025-12-01 08:00:00,Y09,914,1123
YS010040,2025-12-01 08:00:00,Y10,719,1339
YS010041,2025-12-01 16:00:00,Y01,1817,1995
YS010042,2025-12-01 16:00:00,Y02,1131,1249
YS010043,2025-12-01 16:00:00,Y03,723,986
YS010044,2025-12-01 16:00:00,Y04,496,1113
YS010045,2025-12-01 16:00:00,Y05,580,930
YS010046,2025-12-01 16:00:00,Y06,1154,1758
YS010047,2025-12-01 16:00:00,Y07,880,1034
YS010048,2025-12-01 16:00:00,Y08,496,1028
YS010049,2025-12-01 16:00:00,Y09,609,1123
YS010050,2025-12-01 16:00:00,Y10,584,1339
YS010051,2025-12-02 00:00:00,Y01,1115,1995
YS010052,2025-12-02 00:00:00,Y02,676,1249
YS010053,2025-12-02 00:00:00,Y03,935,986
YS010054,2025-12-02 00:00:00,Y04,683,1113
YS010055,2025-12-02 00:00:00,Y05,456,930
YS010056,2025-12-02 00:00:00,Y06,1118,1758
YS010057,2025-12-02 00:00:00,Y07,760,1034
YS010058,2025-12-02 00:00:00,Y08,535,1028
YS010059,2025-12-02 00:00:00,Y09,497,1123
YS010060,2025-12-02 00:00:00,Y10,756,1339
YS010061,2025-12-02 08:00:00,Y01,1237,1995
YS010062,2025-12-02 08:00:00,Y02,568,1249
YS010063,2025-12-02 08:00:00,Y03,698,986
YS010064,2025-12-02 08:00:00,Y04,482,1113
YS010065,2025-12-02 08:00:00,Y05,706,930
YS010066,2025-12-02 08:00:00,Y06,1676,1758
YS010067,2025-12-02 08:00:00,Y07,775,1034
YS010068,2025-12-02 08:00:00,Y08,633,1028
YS010069,2025-12-02 08:00:00,Y09,546,1123
YS010070,2025-12-02 08:00:00,Y10,1233,1339
YS010071,2025-12-02 16:00:00,Y01,1526,1995
YS010072,2025-12-02 16:00:00,Y02,1143,1249
YS010073,2025-12-02 16:00:00,Y03,885,986
YS010074,2025-12-02 16:00:00,Y04,513,1113
YS010075,2025-12-02 16:00:00,Y05,662,930
YS010076,2025-12-02 16:00:00,Y06,1048,1758
YS010077,2025-12-02 16:00:00,Y07,483,1034
YS010078,2025-12-02 16:00:00,Y08,773,1028
YS010079,2025-12-02 16:00:00,Y09,571,1123
YS010080,2025-12-02 16:00:00,Y10,1310,1339
YS010081,2025-12-03 00:00:00,Y01,995,1995
YS010082,2025-12-03 00:00:00,Y02,859,1249
YS010083,2025-12-03 00:00:00,Y03,407,986
YS010084,2025-12-03 00:00:00,Y04,530,1113
YS010085,2025-12-03 00:00:00,Y05,411,930
YS010086,2025-12-03 00:00:00,Y06,1332,1758
YS010087,2025-12-03 00:00:00,Y07,867,1034
YS010088,2025-12-03 00:00:00,Y08,866,1028
YS010089,2025-12-03 00:00:00,Y09,865,1123
YS010090,2025-12-03 00:00:00,Y10,878,1339
YS010091,2025-12-03 08:00:00,Y01,1444,1995
YS010092,2025-12-03 08:00:00,Y02,878,1249
YS010093,2025-12-03 08:00:00,Y03,944,986
YS010094,2025-12-03 08:00:00,Y04,1002,1113
YS010095,2025-12-03 08:00:00,Y05,778,930
YS010096,2025-12-03 08:00:00,Y06,1317,1758
YS010097,2025-12-03 08:00:00,Y07,503,1034
YS010098,2025-12-03 08:00:00,Y08,580,1028
YS010099,2025-12-03 08:00:00,Y09,688,1123
YS010100,2025-12-03 08:00:00,Y10,1041,1339
YS010101,2025-12-03 16:00:00,Y01,804,1995
YS010102,2025-12-03 16:00:00,Y02,1121,1249
YS010103,2025-12-03 16:00:00,Y03,549,986
YS010104,2025-12-03 16:00:00,Y04,557,1113
YS010105,2025-12-03 16:00:00,Y05,523,930
YS010106,2025-12-03 16:00:00,Y06,1464,1758
YS010107,2025-12-03 16:00:00,Y07,893,1034
YS010108,2025-12-03 16:00:00,Y08,495,1028
YS010109,2025-12-03 16:00:00,Y09,567,1123
YS010110,2025-12-03 16:00:00,Y10,794,1339
YS010111,2025-12-04 00:00:00,Y01,1030,1995
YS010112,2025-12-04 00:00:00,Y02,1064,1249
YS010113,2025-12-04 00:00:00,Y03,478,986
YS010114,2025-12-04 00:00:00,Y04,993,1113
YS010115,2025-12-04 00:00:00,Y05,709,930
YS010116,2025-12-04 00:00:00,Y06,1028,1758
YS010117,2025-12-04 00:00:00,Y07,557,1034
YS010118,2025-12-04 00:00:00,Y08,843,1028
YS010119,2025-12-04 00:00:00,Y09,628,1123
YS010120,2025-12-04 00:00:00,Y10,1050,1339
YS010121,2025-12-04 08:00:00,Y01,1306,1995
YS010122,2025-12-04 08:00:00,Y02,733,1249
YS010123,2025-12-04 08:00:00,Y03,597,986
YS010124,2025-12-04 08:00:00,Y04,882,1113
YS010125,2025-12-04 08:00:00,Y05,870,930
YS010126,2025-12-04 08:00:00,Y06,836,1758
YS010127,2025-12-04 08:00:00,Y07,794,1034
YS010128,2025-12-04 08:00:00,Y08,657,1028
YS010129,2025-12-04 08:00:00,Y09,475,1123
YS010130,2025-12-04 08:00:00,Y10,976,1339
YS010131,2025-12-04 16:00:00,Y01,988,1995
YS010132,2025-12-04 16:00:00,Y02,609,1249
YS010133,2025-12-04 16:00:00,Y03,404,986
YS010134,2025-12-04 16:00:00,Y04,501,1113
YS010135,2025-12-04 16:00:00,Y05,511,930
YS010136,2025-12-04 16:00:00,Y06,964,1758
YS010137,2025-12-04 16:00:00,Y07,873,1034
YS010138,2025-12-04 16:00:00,Y08,506,1028
YS010139,2025-12-04 16:00:00,Y09,466,1123
YS010140,2025-12-04 16:00:00,Y10,989,1339
YS010141,2025-12-05 00:00:00,Y01,1791,1995
YS010142,2025-12-05 00:00:00,Y02,614,1249
YS010143,2025-12-05 00:00:00,Y03,510,986
YS010144,2025-12-05 00:00:00,Y04,543,1113
YS010145,2025-12-05 00:00:00,Y05,577,930
YS010146,2025-12-05 00:00:00,Y06,1106,1758
YS010147,2025-12-05 00:00:00,Y07,888,1034
YS010148,2025-12-05 00:00:00,Y08,621,1028
YS010149,2025-12-05 00:00:00,Y09,968,1123
YS010150,2025-12-05 00:00:00,Y10,1204,1339
YS010151,2025-12-05 08:00:00,Y01,1897,1995
YS010152,2025-12-05 08:00:00,Y02,737,1249
YS010153,2025-12-05 08:00:00,Y03,835,986
YS010154,2025-12-05 08:00:00,Y04,472,1113
YS010155,2025-12-05 08:00:00,Y05,626,930
YS010156,2025-12-05 08:00:00,Y06,1485,1758
YS010157,2025-12-05 08:00:00,Y07,889,1034
YS010158,2025-12-05 08:00:00,Y08,522,1028
YS010159,2025-12-05 08:00:00,Y09,925,1123
YS010160,2025-12-05 08:00:00,Y10,820,1339
YS010161,2025-12-05 16:00:00,Y01,1532,1995
YS010162,2025-12-05 16:00:00,Y02,639,1249
YS010163,2025-12-05 16:00:00,Y03,764,986
YS010164,2025-12-05 16:00:00,Y04,1044,1113
YS010165,2025-12-05 16:00:00,Y05,699,930
YS010166,2025-12-05 16:00:00,Y06,1428,1758
YS010167,2025-12-05 16:00:00,Y07,513,1034
YS010168,2025-12-05 16:00:00,Y08,479,1028
YS010169,2025-12-05 16:00:00,Y09,518,1123
YS010170,2025-12-05 16:00:00,Y10,944,1339
YS010171,2025-12-06 00:00:00,Y01,1460,1995
YS010172,2025-12-06 00:00:00,Y02,1093,1249
YS010173,2025-12-06 00:00:00,Y03,420,986
YS010174,2025-12-06 00:00:00,Y04,851,1113
YS010175,2025-12-06 00:00:00,Y05,457,930
YS010176,2025-12-06 00:00:00,Y06,795,1758
YS010177,2025-12-06 00:00:00,Y07,560,1034
YS010178,2025-12-06 00:00:00,Y08,700,1028
YS010179,2025-12-06 00:00:00,Y09,861,1123
YS010180,2025-12-06 00:00:00,Y10,1023,1339
YS010181,2025-12-06 08:00:00,Y01,804,1995
YS010182,2025-12-06 08:00:00,Y02,773,1249
YS010183,2025-12-06 08:00:00,Y03,612,986
YS010184,2025-12-06 08:00:00,Y04,798,1113
YS010185,2025-12-06 08:00:00,Y05,865,930
YS010186,2025-12-06 08:00:00,Y06,1287,1758
YS010187,2025-12-06 08:00:00,Y07,914,1034
YS010188,2025-12-06 08:00:00,Y08,545,1028
YS010189,2025-12-06 08:00:00,Y09,669,1123
YS010190,2025-12-06 08:00:00,Y10,540,1339
YS010191,2025-12-06 16:00:00,Y01,1441,1995
YS010192,2025-12-06 16:00:00,Y02,1159,1249
YS010193,2025-12-06 16:00:00,Y03,399,986
YS010194,2025-12-06 16:00:00,Y04,1084,1113
YS010195,2025-12-06 16:00:00,Y05,869,930
YS010196,2025-12-06 16:00:00,Y06,1390,1758
YS010197,2025-12-06 16:00:00,Y07,561,1034
YS010198,2025-12-06 16:00:00,Y08,653,1028
YS010199,2025-12-06 16:00:00,Y09,554,1123
YS010200,2025-12-06 16:00:00,Y10,701,1339
YS010201,2025-12-07 00:00:00,Y01,967,1995
YS010202,2025-12-07 00:00:00,Y02,847,1249
YS010203,2025-12-07 00:00:00,Y03,714,986
YS010204,2025-12-07 00:00:00,Y04,705,1113
YS010205,2025-12-07 00:00:00,Y05,478,930
YS010206,2025-12-07 00:00:00,Y06,979,1758
YS010207,2025-12-07 00:00:00,Y07,946,1034
YS010208,2025-12-07 00:00:00,Y08,801,1028
YS010209,2025-12-07 00:00:00,Y09,725,1123
YS010210,2025-12-07 00:00:00,Y10,832,1339
YS010211,2025-12-07 08:00:00,Y01,1305,1995
YS010212,2025-12-07 08:00:00,Y02,1132,1249
YS010213,2025-12-07 08:00:00,Y03,868,986
YS010214,2025-12-07 08:00:00,Y04,847,1113
YS010215,2025-12-07 08:00:00,Y05,372,930
YS010216,2025-12-07 08:00:00,Y06,1695,1758
YS010217,2025-12-07 08:00:00,Y07,677,1034
YS010218,2025-12-07 08:00:00,Y08,720,1028
YS010219,2025-12-07 08:00:00,Y09,852,1123
YS010220,2025-12-07 08:00:00,Y10,892,1339
YS010221,2025-12-07 16:00:00,Y01,1394,1995
YS010222,2025-12-07 16:00:00,Y02,617,1249
YS010223,2025-12-07 16:00:00,Y03,659,986
YS010224,2025-12-07 16:00:00,Y04,971,1113
YS010225,2025-12-07 16:00:00,Y05,428,930
YS010226,2025-12-07 16:00:00,Y06,1145,1758
YS010227,2025-12-07 16:00:00,Y07,609,1034
YS010228,2025-12-07 16:00:00,Y08,943,1028
YS010229,2025-12-07 16:00:00,Y09,926,1123
YS010230,2025-12-07 16:00:00,Y10,1041,1339
YS010231,2025-12-08 00:00:00,Y01,1284,1995
YS010232,2025-12-08 00:00:00,Y02,901,1249
YS010233,2025-12-08 00:00:00,Y03,957,986
YS010234,2025-12-08 00:00:00,Y04,946,1113
YS010235,2025-12-08 00:00:00,Y05,909,930
YS010236,2025-12-08 00:00:00,Y06,1081,1758
YS010237,2025-12-08 00:00:00,Y07,792,1034
YS010238,2025-12-08 00:00:00,Y08,523,1028
YS010239,2025-12-08 00:00:00,Y09,800,1123
YS010240,2025-12-08 00:00:00,Y10,1253,1339
YS010241,2025-12-08 08:00:00,Y01,1675,1995
YS010242,2025-12-08 08:00:00,Y02,1052,1249
YS010243,2025-12-08 08:00:00,Y03,508,986
YS010244,2025-12-08 08:00:00,Y04,509,1113
YS010245,2025-12-08 08:00:00,Y05,624,930
YS010246,2025-12-08 08:00:00,Y06,1521,1758
YS010247,2025-12-08 08:00:00,Y07,443,1034
YS010248,2025-12-08 08:00:00,Y08,922,1028
YS010249,2025-12-08 08:00:00,Y09,1039,1123
YS010250,2025-12-08 08:00:00,Y10,685,1339
YS010251,2025-12-08 16:00:00,Y01,1870,1995
YS010252,2025-12-08 16:00:00,Y02,1104,1249
YS010253,2025-12-08 16:00:00,Y03,921,986
YS010254,2025-12-08 16:00:00,Y04,809,1113
YS010255,2025-12-08 16:00:00,Y05,595,930
YS010256,2025-12-08 16:00:00,Y06,1662,1758
YS010257,2025-12-08 16:00:00,Y07,682,1034
YS010258,2025-12-08 16:00:00,Y08,579,1028
YS010259,2025-12-08 16:00:00,Y09,742,1123
YS010260,2025-12-08 16:00:00,Y10,857,1339
YS010261,2025-12-09 00:00:00,Y01,1791,1995
YS010262,2025-12-09 00:00:00,Y02,801,1249
YS010263,2025-12-09 00:00:00,Y03,821,986
YS010264,2025-12-09 00:00:00,Y04,661,1113
YS010265,2025-12-09 00:00:00,Y05,405,930
YS010266,2025-12-09 00:00:00,Y06,1287,1758
YS010267,2025-12-09 00:00:00,Y07,819,1034
YS010268,2025-12-09 00:00:00,Y08,869,1028
YS010269,2025-12-09 00:00:00,Y09,525,1123
YS010270,2025-12-09 00:00:00,Y10,642,1339
YS010271,2025-12-09 08:00:00,Y01,1064,1995
YS010272,2025-12-09 08:00:00,Y02,515,1249
YS010273,2025-12-09 08:00:00,Y03,951,986
YS010274,2025-12-09 08:00:00,Y04,844,1113
YS010275,2025-12-09 08:00:00,Y05,787,930
YS010276,2025-12-09 08:00:00,Y06,1048,1758
YS010277,2025-12-09 08:00:00,Y07,590,1034
YS010278,2025-12-09 08:00:00,Y08,791,1028
YS010279,2025-12-09 08:00:00,Y09,708,1123
YS010280,2025-12-09 08:00:00,Y10,538,1339
YS010281,2025-12-09 16:00:00,Y01,1747,1995
YS010282,2025-12-09 16:00:00,Y02,573,1249
YS010283,2025-12-09 16:00:00,Y03,848,986
YS010284,2025-12-09 16:00:00,Y04,704,1113
YS010285,2025-12-09 16:00:00,Y05,531,930
YS010286,2025-12-09 16:00:00,Y06,1256,1758
YS010287,2025-12-09 16:00:00,Y07,717,1034
YS010288,2025-12-09 16:00:00,Y08,566,1028
YS010289,2025-12-09 16:00:00,Y09,985,1123
YS010290,2025-12-09 16:00:00,Y10,648,1339
YS010291,2025-12-10 00:00:00,Y01,1469,1995
YS010292,2025-12-10 00:00:00,Y02,784,1249
YS010293,2025-12-10 00:00:00,Y03,660,986
YS010294,2025-12-10 00:00:00,Y04,680,1113
YS010295,2025-12-10 00:00:00,Y05,443,930
YS010296,2025-12-10 00:00:00,Y06,1136,1758
YS010297,2025-12-10 00:00:00,Y07,930,1034
YS010298,2025-12-10 00:00:00,Y08,463,1028
YS010299,2025-12-10 00:00:00,Y09,691,1123
YS010300,2025-12-10 00:00:00,Y10,702,1339
YS010301,2025-12-10 08:00:00,Y01,1879,1995
YS010302,2025-12-10 08:00:00,Y02,999,1249
YS010303,2025-12-10 08:00:00,Y03,874,986
YS010304,2025-12-10 08:00:00,Y04,643,1113
YS010305,2025-12-10 08:00:00,Y05,443,930
YS010306,2025-12-10 08:00:00,Y06,1404,1758
YS010307,2025-12-10 08:00:00,Y07,672,1034
YS010308,2025-12-10 08:00:00,Y08,448,1028
YS010309,2025-12-10 08:00:00,Y09,679,1123
YS010310,2025-12-10 08:00:00,Y10,602,1339
YS010311,2025-12-10 16:00:00,Y01,1103,1995
YS010312,2025-12-10 16:00:00,Y02,904,1249
YS010313,2025-12-10 16:00:00,Y03,815,986
YS010314,2025-12-10 16:00:00,Y04,878,1113
YS010315,2025-12-10 16:00:00,Y05,869,930
YS010316,2025-12-10 16:00:00,Y06,989,1758
YS010317,2025-12-10 16:00:00,Y07,661,1034
YS010318,2025-12-10 16:00:00,Y08,772,1028
YS010319,2025-12-10 16:00:00,Y09,489,1123
YS010320,2025-12-10 16:00:00,Y10,568,1339
YS010321,2025-12-11 00:00:00,Y01,1530,1995
YS010322,2025-12-11 00:00:00,Y02,942,1249
YS010323,2025-12-11 00:00:00,Y03,424,986
YS010324,2025-12-11 00:00:00,Y04,506,1113
YS010325,2025-12-11 00:00:00,Y05,762,930
YS010326,2025-12-11 00:00:00,Y06,1090,1758
YS010327,2025-12-11 00:00:00,Y07,826,1034
YS010328,2025-12-11 00:00:00,Y08,538,1028
YS010329,2025-12-11 00:00:00,Y09,654,1123
YS010330,2025-12-11 00:00:00,Y10,1261,1339
YS010331,2025-12-11 08:00:00,Y01,1350,1995
YS010332,2025-12-11 08:00:00,Y02,746,1249
YS010333,2025-12-11 08:00:00,Y03,650,986
YS010334,2025-12-11 08:00:00,Y04,732,1113
YS010335,2025-12-11 08:00:00,Y05,832,930
YS010336,2025-12-11 08:00:00,Y06,1718,1758
YS010337,2025-12-11 08:00:00,Y07,939,1034
YS010338,2025-12-11 08:00:00,Y08,994,1028
YS010339,2025-12-11 08:00:00,Y09,715,1123
YS010340,2025-12-11 08:00:00,Y10,860,1339
YS010341,2025-12-11 16:00:00,Y01,1281,1995
YS010342,2025-12-11 16:00:00,Y02,949,1249
YS010343,2025-12-11 16:00:00,Y03,928,986
YS010344,2025-12-11 16:00:00,Y04,514,1113
YS010345,2025-12-11 16:00:00,Y05,833,930
YS010346,2025-12-11 16:00:00,Y06,787,1758
YS010347,2025-12-11 16:00:00,Y07,857,1034
YS010348,2025-12-11 16:00:00,Y08,730,1028
YS010349,2025-12-11 16:00:00,Y09,889,1123
YS010350,2025-12-11 16:00:00,Y10,541,1339
YS010351,2025-12-12 00:00:00,Y01,1636,1995
YS010352,2025-12-12 00:00:00,Y02,961,1249
YS010353,2025-12-12 00:00:00,Y03,895,986
YS010354,2025-12-12 00:00:00,Y04,1001,1113
YS010355,2025-12-12 00:00:00,Y05,901,930
YS010356,2025-12-12 00:00:00,Y06,1678,1758
YS010357,2025-12-12 00:00:00,Y07,958,1034
YS010358,2025-12-12 00:00:00,Y08,937,1028
YS010359,2025-12-12 00:00:00,Y09,1043,1123
YS010360,2025-12-12 00:00:00,Y10,1264,1339
YS010361,2025-12-12 08:00:00,Y01,1176,1995
YS010362,2025-12-12 08:00:00,Y02,1084,1249
YS010363,2025-12-12 08:00:00,Y03,400,986
YS010364,2025-12-12 08:00:00,Y04,774,1113
YS010365,2025-12-12 08:00:00,Y05,838,930
YS010366,2025-12-12 08:00:00,Y06,1633,1758
YS010367,2025-12-12 08:00:00,Y07,931,1034
YS010368,2025-12-12 08:00:00,Y08,725,1028
YS010369,2025-12-12 08:00:00,Y09,862,1123
YS010370,2025-12-12 08:00:00,Y10,1250,1339
YS010371,2025-12-12 16:00:00,Y01,981,1995
YS010372,2025-12-12 16:00:00,Y02,708,1249
YS010373,2025-12-12 16:00:00,Y03,525,986
YS010374,2025-12-12 16:00:00,Y04,468,1113
YS010375,2025-12-12 16:00:00,Y05,461,930
YS010376,2025-12-12 16:00:00,Y06,816,1758
YS010377,2025-12-12 16:00:00,Y07,799,1034
YS010378,2025-12-12 16:00:00,Y08,559,1028
YS010379,2025-12-12 16:00:00,Y09,675,1123
YS010380,2025-12-12 16:00:00,Y10,605,1339
YS010381,2025-12-13 00:00:00,Y01,1577,1995
YS010382,2025-12-13 00:00:00,Y02,1030,1249
YS010383,2025-12-13 00:00:00,Y03,933,986
YS010384,2025-12-13 00:00:00,Y04,542,1113
YS010385,2025-12-13 00:00:00,Y05,400,930
YS010386,2025-12-13 00:00:00,Y06,1698,1758
YS010387,2025-12-13 00:00:00,Y07,467,1034
YS010388,2025-12-13 00:00:00,Y08,969,1028
YS010389,2025-12-13 00:00:00,Y09,715,1123
YS010390,2025-12-13 00:00:00,Y10,1044,1339
YS010391,2025-12-13 08:00:00,Y01,1909,1995
YS010392,2025-12-13 08:00:00,Y02,969,1249
YS010393,2025-12-13 08:00:00,Y03,831,986
YS010394,2025-12-13 08:00:00,Y04,554,1113
YS010395,2025-12-13 08:00:00,Y05,559,930
YS010396,2025-12-13 08:00:00,Y06,1514,1758
YS010397,2025-12-13 08:00:00,Y07,820,1034
YS010398,2025-12-13 08:00:00,Y08,976,1028
YS010399,2025-12-13 08:00:00,Y09,695,1123
YS010400,2025-12-13 08:00:00,Y10,558,1339
YS010401,2025-12-13 16:00:00,Y01,1331,1995
YS010402,2025-12-13 16:00:00,Y02,505,1249
YS010403,2025-12-13 16:00:00,Y03,780,986
YS010404,2025-12-13 16:00:00,Y04,943,1113
YS010405,2025-12-13 16:00:00,Y05,858,930
YS010406,2025-12-13 16:00:00,Y06,1013,1758
YS010407,2025-12-13 16:00:00,Y07,552,1034
YS010408,2025-12-13 16:00:00,Y08,766,1028
YS010409,2025-12-13 16:00:00,Y09,482,1123
YS010410,2025-12-13 16:00:00,Y10,596,1339
YS010411,2025-12-14 00:00:00,Y01,1028,1995
YS010412,2025-12-14 00:00:00,Y02,1113,1249
YS010413,2025-12-14 00:00:00,Y03,590,986
YS010414,2025-12-14 00:00:00,Y04,508,1113
YS010415,2025-12-14 00:00:00,Y05,662,930
YS010416,2025-12-14 00:00:00,Y06,1307,1758
YS010417,2025-12-14 00:00:00,Y07,467,1034
YS010418,2025-12-14 00:00:00,Y08,636,1028
YS010419,2025-12-14 00:00:00,Y09,629,1123
YS010420,2025-12-14 00:00:00,Y10,814,1339
YS010421,2025-12-14 08:00:00,Y01,1525,1995
YS010422,2025-12-14 08:00:00,Y02,1072,1249
YS010423,2025-12-14 08:00:00,Y03,680,986
YS010424,2025-12-14 08:00:00,Y04,513,1113
YS010425,2025-12-14 08:00:00,Y05,494,930
YS010426,2025-12-14 08:00:00,Y06,1655,1758
YS010427,2025-12-14 08:00:00,Y07,877,1034
YS010428,2025-12-14 08:00:00,Y08,595,1028
YS010429,2025-12-14 08:00:00,Y09,468,1123
YS010430,2025-12-14 08:00:00,Y10,934,1339
YS010431,2025-12-14 16:00:00,Y01,1349,1995
YS010432,2025-12-14 16:00:00,Y02,865,1249
YS010433,2025-12-14 16:00:00,Y03,472,986
YS010434,2025-12-14 16:00:00,Y04,1022,1113
YS010435,2025-12-14 16:00:00,Y05,751,930
YS010436,2025-12-14 16:00:00,Y06,1592,1758
YS010437,2025-12-14 16:00:00,Y07,787,1034
YS010438,2025-12-14 16:00:00,Y08,807,1028
YS010439,2025-12-14 16:00:00,Y09,911,1123
YS010440,2025-12-14 16:00:00,Y10,836,1339
YS010441,2025-12-15 00:00:00,Y01,1456,1995
YS010442,2025-12-15 00:00:00,Y02,997,1249
YS010443,2025-12-15 00:00:00,Y03,729,986
YS010444,2025-12-15 00:00:00,Y04,729,1113
YS010445,2025-12-15 00:00:00,Y05,887,930
YS010446,2025-12-15 00:00:00,Y06,1383,1758
YS010447,2025-12-15 00:00:00,Y07,705,1034
YS010448,2025-12-15 00:00:00,Y08,866,1028
YS010449,2025-12-15 00:00:00,Y09,451,1123
YS010450,2025-12-15 00:00:00,Y10,876,1339
YS010451,2025-12-15 08:00:00,Y01,839,1995
YS010452,2025-12-15 08:00:00,Y02,991,1249
YS010453,2025-12-15 08:00:00,Y03,637,986
YS010454,2025-12-15 08:00:00,Y04,1081,1113
YS010455,2025-12-15 08:00:00,Y05,579,930
YS010456,2025-12-15 08:00:00,Y06,1296,1758
YS010457,2025-12-15 08:00:00,Y07,1013,1034
YS010458,2025-12-15 08:00:00,Y08,812,1028
YS010459,2025-12-15 08:00:00,Y09,669,1123
YS010460,2025-12-15 08:00:00,Y10,1000,1339
YS010461,2025-12-15 16:00:00,Y01,1424,1995
YS010462,2025-12-15 16:00:00,Y02,1071,1249
YS010463,2025-12-15 16:00:00,Y03,657,986
YS010464,2025-12-15 16:00:00,Y04,722,1113
YS010465,2025-12-15 16:00:00,Y05,891,930
YS010466,2025-12-15 16:00:00,Y06,1603,1758
YS010467,2025-12-15 16:00:00,Y07,1002,1034
YS010468,2025-12-15 16:00:00,Y08,550,1028
YS010469,2025-12-15 16:00:00,Y09,554,1123
YS010470,2025-12-15 16:00:00,Y10,740,1339
YS010471,2025-12-16 00:00:00,Y01,823,1995
YS010472,2025-12-16 00:00:00,Y02,940,1249
YS010473,2025-12-16 00:00:00,Y03,762,986
YS010474,2025-12-16 00:00:00,Y04,871,1113
YS010475,2025-12-16 00:00:00,Y05,375,930
YS010476,2025-12-16 00:00:00,Y06,968,1758
YS010477,2025-12-16 00:00:00,Y07,878,1034
YS010478,2025-12-16 00:00:00,Y08,714,1028
YS010479,2025-12-16 00:00:00,Y09,1000,1123
YS010480,2025-12-16 00:00:00,Y10,696,1339
YS010481,2025-12-16 08:00:00,Y01,1877,1995
YS010482,2025-12-16 08:00:00,Y02,567,1249
YS010483,2025-12-16 08:00:00,Y03,692,986
YS010484,2025-12-16 08:00:00,Y04,484,1113
YS010485,2025-12-16 08:00:00,Y05,450,930
YS010486,2025-12-16 08:00:00,Y06,1642,1758
YS010487,2025-12-16 08:00:00,Y07,618,1034
YS010488,2025-12-16 08:00:00,Y08,480,1028
YS010489,2025-12-16 08:00:00,Y09,645,1123
YS010490,2025-12-16 08:00:00,Y10,1287,1339
YS010491,2025-12-16 16:00:00,Y01,806,1995
YS010492,2025-12-16 16:00:00,Y02,741,1249
YS010493,2025-12-16 16:00:00,Y03,480,986
YS010494,2025-12-16 16:00:00,Y04,790,1113
YS010495,2025-12-16 16:00:00,Y05,513,930
YS010496,2025-12-16 16:00:00,Y06,851,1758
YS010497,2025-12-16 16:00:00,Y07,848,1034
YS010498,2025-12-16 16:00:00,Y08,525,1028
YS010499,2025-12-16 16:00:00,Y09,622,1123
YS010500,2025-12-16 16:00:00,Y10,1051,1339
YS010501,2025-12-17 00:00:00,Y01,1083,1995
YS010502,2025-12-17 00:00:00,Y02,953,1249
YS010503,2025-12-17 00:00:00,Y03,852,986
YS010504,2025-12-17 00:00:00,Y04,580,1113
YS010505,2025-12-17 00:00:00,Y05,785,930
YS010506,2025-12-17 00:00:00,Y06,1113,1758
YS010507,2025-12-17 00:00:00,Y07,831,1034
YS010508,2025-12-17 00:00:00,Y08,657,1028
YS010509,2025-12-17 00:00:00,Y09,730,1123
YS010510,2025-12-17 00:00:00,Y10,756,1339
YS010511,2025-12-17 08:00:00,Y01,1821,1995
YS010512,2025-12-17 08:00:00,Y02,862,1249
YS010513,2025-12-17 08:00:00,Y03,558,986
YS010514,2025-12-17 08:00:00,Y04,617,1113
YS010515,2025-12-17 08:00:00,Y05,587,930
YS010516,2025-12-17 08:00:00,Y06,1622,1758
YS010517,2025-12-17 08:00:00,Y07,519,1034
YS010518,2025-12-17 08:00:00,Y08,810,1028
YS010519,2025-12-17 08:00:00,Y09,969,1123
YS010520,2025-12-17 08:00:00,Y10,1169,1339
YS010521,2025-12-17 16:00:00,Y01,1683,1995
YS010522,2025-12-17 16:00:00,Y02,1118,1249
YS010523,2025-12-17 16:00:00,Y03,542,986
YS010524,2025-12-17 16:00:00,Y04,553,1113
YS010525,2025-12-17 16:00:00,Y05,425,930
YS010526,2025-12-17 16:00:00,Y06,988,1758
YS010527,2025-12-17 16:00:00,Y07,617,1034
YS010528,2025-12-17 16:00:00,Y08,985,1028
YS010529,2025-12-17 16:00:00,Y09,638,1123
YS010530,2025-12-17 16:00:00,Y10,1208,1339
YS010531,2025-12-18 00:00:00,Y01,1252,1995
YS010532,2025-12-18 00:00:00,Y02,1035,1249
YS010533,2025-12-18 00:00:00,Y03,942,986
YS010534,2025-12-18 00:00:00,Y04,865,1113
YS010535,2025-12-18 00:00:00,Y05,808,930
YS010536,2025-12-18 00:00:00,Y06,1507,1758
YS010537,2025-12-18 00:00:00,Y07,630,1034
YS010538,2025-12-18 00:00:00,Y08,1000,1028
YS010539,2025-12-18 00:00:00,Y09,986,1123
YS010540,2025-12-18 00:00:00,Y10,635,1339
YS010541,2025-12-18 08:00:00,Y01,1341,1995
YS010542,2025-12-18 08:00:00,Y02,580,1249
YS010543,2025-12-18 08:00:00,Y03,407,986
YS010544,2025-12-18 08:00:00,Y04,935,1113
YS010545,2025-12-18 08:00:00,Y05,388,930
YS010546,2025-12-18 08:00:00,Y06,972,1758
YS010547,2025-12-18 08:00:00,Y07,756,1034
YS010548,2025-12-18 08:00:00,Y08,924,1028
YS010549,2025-12-18 08:00:00,Y09,737,1123
YS010550,2025-12-18 08:00:00,Y10,1305,1339
YS010551,2025-12-18 16:00:00,Y01,1332,1995
YS010552,2025-12-18 16:00:00,Y02,679,1249
YS010553,2025-12-18 16:00:00,Y03,513,986
YS010554,2025-12-18 16:00:00,Y04,961,1113
YS010555,2025-12-18 16:00:00,Y05,750,930
YS010556,2025-12-18 16:00:00,Y06,926,1758
YS010557,2025-12-18 16:00:00,Y07,956,1034
YS010558,2025-12-18 16:00:00,Y08,725,1028
YS010559,2025-12-18 16:00:00,Y09,806,1123
YS010560,2025-12-18 16:00:00,Y10,1204,1339
YS010561,2025-12-19 00:00:00,Y01,1425,1995
YS010562,2025-12-19 00:00:00,Y02,1041,1249
YS010563,2025-12-19 00:00:00,Y03,398,986
YS010564,2025-12-19 00:00:00,Y04,528,1113
YS010565,2025-12-19 00:00:00,Y05,740,930
YS010566,2025-12-19 00:00:00,Y06,989,1758
YS010567,2025-12-19 00:00:00,Y07,954,1034
YS010568,2025-12-19 00:00:00,Y08,712,1028
YS010569,2025-12-19 00:00:00,Y09,480,1123
YS010570,2025-12-19 00:00:00,Y10,977,1339
YS010571,2025-12-19 08:00:00,Y01,1590,1995
YS010572,2025-12-19 08:00:00,Y02,758,1249
YS010573,2025-12-19 08:00:00,Y03,466,986
YS010574,2025-12-19 08:00:00,Y04,573,1113
YS010575,2025-12-19 08:00:00,Y05,745,930
YS010576,2025-12-19 08:00:00,Y06,1136,1758
YS010577,2025-12-19 08:00:00,Y07,475,1034
YS010578,2025-12-19 08:00:00,Y08,478,1028
YS010579,2025-12-19 08:00:00,Y09,900,1123
YS010580,2025-12-19 08:00:00,Y10,1152,1339
YS010581,2025-12-19 16:00:00,Y01,1870,1995
YS010582,2025-12-19 16:00:00,Y02,914,1249
YS010583,2025-12-19 16:00:00,Y03,417,986
YS010584,2025-12-19 16:00:00,Y04,451,1113
YS010585,2025-12-19 16:00:00,Y05,511,930
YS010586,2025-12-19 16:00:00,Y06,1681,1758
YS010587,2025-12-19 16:00:00,Y07,951,1034
YS010588,2025-12-19 16:00:00,Y08,770,1028
YS010589,2025-12-19 16:00:00,Y09,486,1123
YS010590,2025-12-19 16:00:00,Y10,795,1339
YS010591,2025-12-20 00:00:00,Y01,1174,1995
YS010592,2025-12-20 00:00:00,Y02,1140,1249
YS010593,2025-12-20 00:00:00,Y03,583,986
YS010594,2025-12-20 00:00:00,Y04,652,1113
YS010595,2025-12-20 00:00:00,Y05,623,930
YS010596,2025-12-20 00:00:00,Y06,928,1758
YS010597,2025-12-20 00:00:00,Y07,978,1034
YS010598,2025-12-20 00:00:00,Y08,966,1028
YS010599,2025-12-20 00:00:00,Y09,1066,1123
YS010600,2025-12-20 00:00:00,Y10,901,1339
YS010601,2025-12-20 08:00:00,Y01,1521,1995
YS010602,2025-12-20 08:00:00,Y02,629,1249
YS010603,2025-12-20 08:00:00,Y03,661,986
YS010604,2025-12-20 08:00:00,Y04,523,1113
YS010605,2025-12-20 08:00:00,Y05,496,930
YS010606,2025-12-20 08:00:00,Y06,1476,1758
YS010607,2025-12-20 08:00:00,Y07,435,1034
YS010608,2025-12-20 08:00:00,Y08,458,1028
YS010609,2025-12-20 08:00:00,Y09,783,1123
YS010610,2025-12-20 08:00:00,Y10,842,1339
YS010611,2025-12-20 16:00:00,Y01,1684,1995
YS010612,2025-12-20 16:00:00,Y02,776,1249
YS010613,2025-12-20 16:00:00,Y03,462,986
YS010614,2025-12-20 16:00:00,Y04,607,1113
YS010615,2025-12-20 16:00:00,Y05,851,930
YS010616,2025-12-20 16:00:00,Y06,1047,1758
YS010617,2025-12-20 16:00:00,Y07,467,1034
YS010618,2025-12-20 16:00:00,Y08,595,1028
YS010619,2025-12-20 16:00:00,Y09,782,1123
YS010620,2025-12-20 16:00:00,Y10,1071,1339
YS010621,2025-12-21 00:00:00,Y01,902,1995
YS010622,2025-12-21 00:00:00,Y02,982,1249
YS010623,2025-12-21 00:00:00,Y03,753,986
YS010624,2025-12-21 00:00:00,Y04,728,1113
YS010625,2025-12-21 00:00:00,Y05,712,930
YS010626,2025-12-21 00:00:00,Y06,1118,1758
YS010627,2025-12-21 00:00:00,Y07,601,1034
YS010628,2025-12-21 00:00:00,Y08,785,1028
YS010629,2025-12-21 00:00:00,Y09,502,1123
YS010630,2025-12-21 00:00:00,Y10,1242,1339
YS010631,2025-12-21 08:00:00,Y01,1123,1995
YS010632,2025-12-21 08:00:00,Y02,792,1249
YS010633,2025-12-21 08:00:00,Y03,550,986
YS010634,2025-12-21 08:00:00,Y04,475,1113
YS010635,2025-12-21 08:00:00,Y05,531,930
YS010636,2025-12-21 08:00:00,Y06,1361,1758
YS010637,2025-12-21 08:00:00,Y07,814,1034
YS010638,2025-12-21 08:00:00,Y08,782,1028
YS010639,2025-12-21 08:00:00,Y09,661,1123
YS010640,2025-12-21 08:00:00,Y10,604,1339
YS010641,2025-12-21 16:00:00,Y01,1950,1995
YS010642,2025-12-21 16:00:00,Y02,857,1249
YS010643,2025-12-21 16:00:00,Y03,409,986
YS010644,2025-12-21 16:00:00,Y04,717,1113
YS010645,2025-12-21 16:00:00,Y05,679,930
YS010646,2025-12-21 16:00:00,Y06,1520,1758
YS010647,2025-12-21 16:00:00,Y07,587,1034
YS010648,2025-12-21 16:00:00,Y08,786,1028
YS010649,2025-12-21 16:00:00,Y09,676,1123
YS010650,2025-12-21 16:00:00,Y10,1289,1339
YS010651,2025-12-22 00:00:00,Y01,816,1995
YS010652,2025-12-22 00:00:00,Y02,1002,1249
YS010653,2025-12-22 00:00:00,Y03,794,986
YS010654,2025-12-22 00:00:00,Y04,998,1113
YS010655,2025-12-22 00:00:00,Y05,764,930
YS010656,2025-12-22 00:00:00,Y06,957,1758
YS010657,2025-12-22 00:00:00,Y07,515,1034
YS010658,2025-12-22 00:00:00,Y08,482,1028
YS010659,2025-12-22 00:00:00,Y09,629,1123
YS010660,2025-12-22 00:00:00,Y10,1312,1339
YS010661,2025-12-22 08:00:00,Y01,1470,1995
YS010662,2025-12-22 08:00:00,Y02,707,1249
YS010663,2025-12-22 08:00:00,Y03,911,986
YS010664,2025-12-22 08:00:00,Y04,942,1113
YS010665,2025-12-22 08:00:00,Y05,429,930
YS010666,2025-12-22 08:00:00,Y06,1269,1758
YS010667,2025-12-22 08:00:00,Y07,802,1034
YS010668,2025-12-22 08:00:00,Y08,932,1028
YS010669,2025-12-22 08:00:00,Y09,908,1123
YS010670,2025-12-22 08:00:00,Y10,724,1339
YS010671,2025-12-22 16:00:00,Y01,1203,1995
YS010672,2025-12-22 16:00:00,Y02,896,1249
YS010673,2025-12-22 16:00:00,Y03,552,986
YS010674,2025-12-22 16:00:00,Y04,808,1113
YS010675,2025-12-22 16:00:00,Y05,782,930
YS010676,2025-12-22 16:00:00,Y06,1318,1758
YS010677,2025-12-22 16:00:00,Y07,559,1034
YS010678,2025-12-22 16:00:00,Y08,467,1028
YS010679,2025-12-22 16:00:00,Y09,726,1123
YS010680,2025-12-22 16:00:00,Y10,1196,1339
YS010681,2025-12-23 00:00:00,Y01,937,1995
YS010682,2025-12-23 00:00:00,Y02,630,1249
YS010683,2025-12-23 00:00:00,Y03,429,986
YS010684,2025-12-23 00:00:00,Y04,705,1113
YS010685,2025-12-23 00:00:00,Y05,546,930
YS010686,2025-12-23 00:00:00,Y06,1206,1758
YS010687,2025-12-23 00:00:00,Y07,791,1034
YS010688,2025-12-23 00:00:00,Y08,655,1028
YS010689,2025-12-23 00:00:00,Y09,457,1123
YS010690,2025-12-23 00:00:00,Y10,886,1339
YS010691,2025-12-23 08:00:00,Y01,971,1995
YS010692,2025-12-23 08:00:00,Y02,1149,1249
YS010693,2025-12-23 08:00:00,Y03,713,986
YS010694,2025-12-23 08:00:00,Y04,829,1113
YS010695,2025-12-23 08:00:00,Y05,405,930
YS010696,2025-12-23 08:00:00,Y06,1395,1758
YS010697,2025-12-23 08:00:00,Y07,585,1034
YS010698,2025-12-23 08:00:00,Y08,529,1028
YS010699,2025-12-23 08:00:00,Y09,584,1123
YS010700,2025-12-23 08:00:00,Y10,1006,1339
YS010701,2025-12-23 16:00:00,Y01,1790,1995
YS010702,2025-12-23 16:00:00,Y02,500,1249
YS010703,2025-12-23 16:00:00,Y03,436,986
YS010704,2025-12-23 16:00:00,Y04,1054,1113
YS010705,2025-12-23 16:00:00,Y05,805,930
YS010706,2025-12-23 16:00:00,Y06,1274,1758
YS010707,2025-12-23 16:00:00,Y07,727,1034
YS010708,2025-12-23 16:00:00,Y08,892,1028
YS010709,2025-12-23 16:00:00,Y09,943,1123
YS010710,2025-12-23 16:00:00,Y10,627,1339
YS010711,2025-12-24 00:00:00,Y01,921,1995
YS010712,2025-12-24 00:00:00,Y02,926,1249
YS010713,2025-12-24 00:00:00,Y03,415,986
YS010714,2025-12-24 00:00:00,Y04,847,1113
YS010715,2025-12-24 00:00:00,Y05,630,930
YS010716,2025-12-24 00:00:00,Y06,1663,1758
YS010717,2025-12-24 00:00:00,Y07,700,1034
YS010718,2025-12-24 00:00:00,Y08,538,1028
YS010719,2025-12-24 00:00:00,Y09,610,1123
YS010720,2025-12-24 00:00:00,Y10,920,1339
YS010721,2025-12-24 08:00:00,Y01,1801,1995
YS010722,2025-12-24 08:00:00,Y02,787,1249
YS010723,2025-12-24 08:00:00,Y03,467,986
YS010724,2025-12-24 08:00:00,Y04,507,1113
YS010725,2025-12-24 08:00:00,Y05,447,930
YS010726,2025-12-24 08:00:00,Y06,896,1758
YS010727,2025-12-24 08:00:00,Y07,577,1034
YS010728,2025-12-24 08:00:00,Y08,609,1028
YS010729,2025-12-24 08:00:00,Y09,985,1123
YS010730,2025-12-24 08:00:00,Y10,986,1339
YS010731,2025-12-24 16:00:00,Y01,813,1995
YS010732,2025-12-24 16:00:00,Y02,697,1249
YS010733,2025-12-24 16:00:00,Y03,651,986
YS010734,2025-12-24 16:00:00,Y04,710,1113
YS010735,2025-12-24 16:00:00,Y05,576,930
YS010736,2025-12-24 16:00:00,Y06,1252,1758
YS010737,2025-12-24 16:00:00,Y07,942,1034
YS010738,2025-12-24 16:00:00,Y08,839,1028
YS010739,2025-12-24 16:00:00,Y09,705,1123
YS010740,2025-12-24 16:00:00,Y10,890,1339
YS010741,2025-12-25 00:00:00,Y01,1744,1995
YS010742,2025-12-25 00:00:00,Y02,1040,1249
YS010743,2025-12-25 00:00:00,Y03,451,986
YS010744,2025-12-25 00:00:00,Y04,563,1113
YS010745,2025-12-25 00:00:00,Y05,447,930
YS010746,2025-12-25 00:00:00,Y06,1470,1758
YS010747,2025-12-25 00:00:00,Y07,531,1034
YS010748,2025-12-25 00:00:00,Y08,677,1028
YS010749,2025-12-25 00:00:00,Y09,1099,1123
YS010750,2025-12-25 00:00:00,Y10,713,1339
YS010751,2025-12-25 08:00:00,Y01,1477,1995
YS010752,2025-12-25 08:00:00,Y02,1076,1249
YS010753,2025-12-25 08:00:00,Y03,601,986
YS010754,2025-12-25 08:00:00,Y04,834,1113
YS010755,2025-12-25 08:00:00,Y05,900,930
YS010756,2025-12-25 08:00:00,Y06,758,1758
YS010757,2025-12-25 08:00:00,Y07,921,1034
YS010758,2025-12-25 08:00:00,Y08,568,1028
YS010759,2025-12-25 08:00:00,Y09,1064,1123
YS010760,2025-12-25 08:00:00,Y10,1026,1339
YS010761,2025-12-25 16:00:00,Y01,1926,1995
YS010762,2025-12-25 16:00:00,Y02,922,1249
YS010763,2025-12-25 16:00:00,Y03,581,986
YS010764,2025-12-25 16:00:00,Y04,448,1113
YS010765,2025-12-25 16:00:00,Y05,768,930
YS010766,2025-12-25 16:00:00,Y06,1546,1758
YS010767,2025-12-25 16:00:00,Y07,825,1034
YS010768,2025-12-25 16:00:00,Y08,807,1028
YS010769,2025-12-25 16:00:00,Y09,926,1123
YS010770,2025-12-25 16:00:00,Y10,723,1339
YS010771,2025-12-26 00:00:00,Y01,840,1995
YS010772,2025-12-26 00:00:00,Y02,787,1249
YS010773,2025-12-26 00:00:00,Y03,650,986
YS010774,2025-12-26 00:00:00,Y04,616,1113
YS010775,2025-12-26 00:00:00,Y05,425,930
YS010776,2025-12-26 00:00:00,Y06,1143,1758
YS010777,2025-12-26 00:00:00,Y07,464,1034
YS010778,2025-12-26 00:00:00,Y08,608,1028
YS010779,2025-12-26 00:00:00,Y09,555,1123
YS010780,2025-12-26 00:00:00,Y10,913,1339
YS010781,2025-12-26 08:00:00,Y01,1568,1995
YS010782,2025-12-26 08:00:00,Y02,794,1249
YS010783,2025-12-26 08:00:00,Y03,662,986
YS010784,2025-12-26 08:00:00,Y04,1039,1113
YS010785,2025-12-26 08:00:00,Y05,523,930
YS010786,2025-12-26 08:00:00,Y06,892,1758
YS010787,2025-12-26 08:00:00,Y07,844,1034
YS010788,2025-12-26 08:00:00,Y08,971,1028
YS010789,2025-12-26 08:00:00,Y09,713,1123
YS010790,2025-12-26 08:00:00,Y10,1075,1339
YS010791,2025-12-26 16:00:00,Y01,1023,1995
YS010792,2025-12-26 16:00:00,Y02,906,1249
YS010793,2025-12-26 16:00:00,Y03,489,986
YS010794,2025-12-26 16:00:00,Y04,976,1113
YS010795,2025-12-26 16:00:00,Y05,544,930
YS010796,2025-12-26 16:00:00,Y06,1067,1758
YS010797,2025-12-26 16:00:00,Y07,458,1034
YS010798,2025-12-26 16:00:00,Y08,478,1028
YS010799,2025-12-26 16:00:00,Y09,990,1123
YS010800,2025-12-26 16:00:00,Y10,638,1339
YS010801,2025-12-27 00:00:00,Y01,1096,1995
YS010802,2025-12-27 00:00:00,Y02,642,1249
YS010803,2025-12-27 00:00:00,Y03,932,986
YS010804,2025-12-27 00:00:00,Y04,664,1113
YS010805,2025-12-27 00:00:00,Y05,477,930
YS010806,2025-12-27 00:00:00,Y06,1600,1758
YS010807,2025-12-27 00:00:00,Y07,526,1034
YS010808,2025-12-27 00:00:00,Y08,510,1028
YS010809,2025-12-27 00:00:00,Y09,865,1123
YS010810,2025-12-27 00:00:00,Y10,683,1339
YS010811,2025-12-27 08:00:00,Y01,1350,1995
YS010812,2025-12-27 08:00:00,Y02,1089,1249
YS010813,2025-12-27 08:00:00,Y03,862,986
YS010814,2025-12-27 08:00:00,Y04,1064,1113
YS010815,2025-12-27 08:00:00,Y05,744,930
YS010816,2025-12-27 08:00:00,Y06,1452,1758
YS010817,2025-12-27 08:00:00,Y07,567,1034
YS010818,2025-12-27 08:00:00,Y08,702,1028
YS010819,2025-12-27 08:00:00,Y09,663,1123
YS010820,2025-12-27 08:00:00,Y10,597,1339
YS010821,2025-12-27 16:00:00,Y01,1363,1995
YS010822,2025-12-27 16:00:00,Y02,697,1249
YS010823,2025-12-27 16:00:00,Y03,405,986
YS010824,2025-12-27 16:00:00,Y04,672,1113
YS010825,2025-12-27 16:00:00,Y05,429,930
YS010826,2025-12-27 16:00:00,Y06,1261,1758
YS010827,2025-12-27 16:00:00,Y07,432,1034
YS010828,2025-12-27 16:00:00,Y08,765,1028
YS010829,2025-12-27 16:00:00,Y09,518,1123
YS010830,2025-12-27 16:00:00,Y10,719,1339
YS010831,2025-12-28 00:00:00,Y01,1045,1995
YS010832,2025-12-28 00:00:00,Y02,909,1249
YS010833,2025-12-28 00:00:00,Y03,613,986
YS010834,2025-12-28 00:00:00,Y04,790,1113
YS010835,2025-12-28 00:00:00,Y05,607,930
YS010836,2025-12-28 00:00:00,Y06,933,1758
YS010837,2025-12-28 00:00:00,Y07,693,1034
YS010838,2025-12-28 00:00:00,Y08,590,1028
YS010839,2025-12-28 00:00:00,Y09,958,1123
YS010840,2025-12-28 00:00:00,Y10,1175,1339
YS010841,2025-12-28 08:00:00,Y01,1013,1995
YS010842,2025-12-28 08:00:00,Y02,891,1249
YS010843,2025-12-28 08:00:00,Y03,958,986
YS010844,2025-12-28 08:00:00,Y04,953,1113
YS010845,2025-12-28 08:00:00,Y05,442,930
YS010846,2025-12-28 08:00:00,Y06,944,1758
YS010847,2025-12-28 08:00:00,Y07,481,1034
YS010848,2025-12-28 08:00:00,Y08,1001,1028
YS010849,2025-12-28 08:00:00,Y09,1090,1123
YS010850,2025-12-28 08:00:00,Y10,1239,1339
YS010851,2025-12-28 16:00:00,Y01,1670,1995
YS010852,2025-12-28 16:00:00,Y02,622,1249
YS010853,2025-12-28 16:00:00,Y03,767,986
YS010854,2025-12-28 16:00:00,Y04,480,1113
YS010855,2025-12-28 16:00:00,Y05,515,930
YS010856,2025-12-28 16:00:00,Y06,934,1758
YS010857,2025-12-28 16:00:00,Y07,748,1034
YS010858,2025-12-28 16:00:00,Y08,700,1028
YS010859,2025-12-28 16:00:00,Y09,528,1123
YS010860,2025-12-28 16:00:00,Y10,1205,1339
YS010861,2025-12-29 00:00:00,Y01,1024,1995
YS010862,2025-12-29 00:00:00,Y02,767,1249
YS010863,2025-12-29 00:00:00,Y03,606,986
YS010864,2025-12-29 00:00:00,Y04,858,1113
YS010865,2025-12-29 00:00:00,Y05,388,930
YS010866,2025-12-29 00:00:00,Y06,1199,1758
YS010867,2025-12-29 00:00:00,Y07,614,1034
YS010868,2025-12-29 00:00:00,Y08,631,1028
YS010869,2025-12-29 00:00:00,Y09,486,1123
YS010870,2025-12-29 00:00:00,Y10,548,1339
YS010871,2025-12-29 08:00:00,Y01,1517,1995
YS010872,2025-12-29 08:00:00,Y02,925,1249
YS010873,2025-12-29 08:00:00,Y03,449,986
YS010874,2025-12-29 08:00:00,Y04,880,1113
YS010875,2025-12-29 08:00:00,Y05,780,930
YS010876,2025-12-29 08:00:00,Y06,1508,1758
YS010877,2025-12-29 08:00:00,Y07,593,1034
YS010878,2025-12-29 08:00:00,Y08,895,1028
YS010879,2025-12-29 08:00:00,Y09,521,1123
YS010880,2025-12-29 08:00:00,Y10,931,1339
YS010881,2025-12-29 16:00:00,Y01,830,1995
YS010882,2025-12-29 16:00:00,Y02,1117,1249
YS010883,2025-12-29 16:00:00,Y03,750,986
YS010884,2025-12-29 16:00:00,Y04,464,1113
YS010885,2025-12-29 16:00:00,Y05,505,930
YS010886,2025-12-29 16:00:00,Y06,1578,1758
YS010887,2025-12-29 16:00:00,Y07,546,1034
YS010888,2025-12-29 16:00:00,Y08,444,1028
YS010889,2025-12-29 16:00:00,Y09,995,1123
YS010890,2025-12-29 16:00:00,Y10,1083,1339
YS010891,2025-12-30 00:00:00,Y01,1088,1995
YS010892,2025-12-30 00:00:00,Y02,958,1249
YS010893,2025-12-30 00:00:00,Y03,618,986
YS010894,2025-12-30 00:00:00,Y04,1087,1113
YS010895,2025-12-30 00:00:00,Y05,672,930
YS010896,2025-12-30 00:00:00,Y06,749,1758
YS010897,2025-12-30 00:00:00,Y07,439,1034
YS010898,2025-12-30 00:00:00,Y08,885,1028
YS010899,2025-12-30 00:00:00,Y09,485,1123
YS010900,2025-12-30 00:00:00,Y10,765,1339
YS010901,2025-12-30 08:00:00,Y01,1812,1995
YS010902,2025-12-30 08:00:00,Y02,1149,1249
YS010903,2025-12-30 08:00:00,Y03,466,986
YS010904,2025-12-30 08:00:00,Y04,698,1113
YS010905,2025-12-30 08:00:00,Y05,793,930
YS010906,2025-12-30 08:00:00,Y06,1493,1758
YS010907,2025-12-30 08:00:00,Y07,855,1034
YS010908,2025-12-30 08:00:00,Y08,922,1028
YS010909,2025-12-30 08:00:00,Y09,498,1123
YS010910,2025-12-30 08:00:00,Y10,1306,1339
YS010911,2025-12-30 16:00:00,Y01,1052,1995
YS010912,2025-12-30 16:00:00,Y02,1031,1249
YS010913,2025-12-30 16:00:00,Y03,624,986
YS010914,2025-12-30 16:00:00,Y04,566,1113
YS010915,2025-12-30 16:00:00,Y05,760,930
YS010916,2025-12-30 16:00:00,Y06,1412,1758
YS010917,2025-12-30 16:00:00,Y07,814,1034
YS010918,2025-12-30 16:00:00,Y08,672,1028
YS010919,2025-12-30 16:00:00,Y09,864,1123
YS010920,2025-12-30 16:00:00,Y10,575,1339
YS010921,2025-12-31 00:00:00,Y01,1434,1995
YS010922,2025-12-31 00:00:00,Y02,679,1249
YS010923,2025-12-31 00:00:00,Y03,602,986
YS010924,2025-12-31 00:00:00,Y04,871,1113
YS010925,2025-12-31 00:00:00,Y05,437,930
YS010926,2025-12-31 00:00:00,Y06,788,1758
YS010927,2025-12-31 00:00:00,Y07,548,1034
YS010928,2025-12-31 00:00:00,Y08,919,1028
YS010929,2025-12-31 00:00:00,Y09,765,1123
YS010930,2025-12-31 00:00:00,Y10,623,1339
YS010931,2025-12-31 08:00:00,Y01,1028,1995
YS010932,2025-12-31 08:00:00,Y02,1185,1249
YS010933,2025-12-31 08:00:00,Y03,963,986
YS010934,2025-12-31 08:00:00,Y04,831,1113
YS010935,2025-12-31 08:00:00,Y05,779,930
YS010936,2025-12-31 08:00:00,Y06,982,1758
YS010937,2025-12-31 08:00:00,Y07,697,1034
YS010938,2025-12-31 08:00:00,Y08,717,1028
YS010939,2025-12-31 08:00:00,Y09,649,1123
YS010940,2025-12-31 08:00:00,Y10,796,1339
YS010941,2025-12-31 16:00:00,Y01,908,1995
YS010942,2025-12-31 16:00:00,Y02,1014,1249
YS010943,2025-12-31 16:00:00,Y03,700,986
YS010944,2025-12-31 16:00:00,Y04,562,1113
YS010945,2025-12-31 16:00:00,Y05,889,930
YS010946,2025-12-31 16:00:00,Y06,925,1758
YS010947,2025-12-31 16:00:00,Y07,714,1034
YS010948,2025-12-31 16:00:00,Y08,431,1028
YS010949,2025-12-31 16:00:00,Y09,898,1123
YS010950,2025-12-31 16:00:00,Y10,1244,1339
YS010951,2026-01-01 00:00:00,Y01,1316,1995
YS010952,2026-01-01 00:00:00,Y02,1136,1249
YS010953,2026-01-01 00:00:00,Y03,444,986
YS010954,2026-01-01 00:00:00,Y04,611,1113
YS010955,2026-01-01 00:00:00,Y05,791,930
YS010956,2026-01-01 00:00:00,Y06,921,1758
YS010957,2026-01-01 00:00:00,Y07,706,1034
YS010958,2026-01-01 00:00:00,Y08,461,1028
YS010959,2026-01-01 00:00:00,Y09,1088,1123
YS010960,2026-01-01 00:00:00,Y10,942,1339
YS010961,2026-01-01 08:00:00,Y01,1278,1995
YS010962,2026-01-01 08:00:00,Y02,668,1249
YS010963,2026-01-01 08:00:00,Y03,947,986
YS010964,2026-01-01 08:00:00,Y04,678,1113
YS010965,2026-01-01 08:00:00,Y05,585,930
YS010966,2026-01-01 08:00:00,Y06,1023,1758
YS010967,2026-01-01 08:00:00,Y07,494,1034
YS010968,2026-01-01 08:00:00,Y08,671,1028
YS010969,2026-01-01 08:00:00,Y09,1046,1123
YS010970,2026-01-01 08:00:00,Y10,1130,1339
YS010971,2026-01-01 16:00:00,Y01,1819,1995
YS010972,2026-01-01 16:00:00,Y02,797,1249
YS010973,2026-01-01 16:00:00,Y03,807,986
YS010974,2026-01-01 16:00:00,Y04,737,1113
YS010975,2026-01-01 16:00:00,Y05,560,930
YS010976,2026-01-01 16:00:00,Y06,1707,1758
YS010977,2026-01-01 16:00:00,Y07,539,1034
YS010978,2026-01-01 16:00:00,Y08,947,1028
YS010979,2026-01-01 16:00:00,Y09,633,1123
YS010980,2026-01-01 16:00:00,Y10,1139,1339
YS010981,2026-01-02 00:00:00,Y01,1315,1995
YS010982,2026-01-02 00:00:00,Y02,1219,1249
YS010983,2026-01-02 00:00:00,Y03,859,986
YS010984,2026-01-02 00:00:00,Y04,591,1113
YS010985,2026-01-02 00:00:00,Y05,545,930
YS010986,2026-01-02 00:00:00,Y06,872,1758
YS010987,2026-01-02 00:00:00,Y07,666,1034
YS010988,2026-01-02 00:00:00,Y08,701,1028
YS010989,2026-01-02 00:00:00,Y09,1099,1123
YS010990,2026-01-02 00:00:00,Y10,1172,1339
YS010991,2026-01-02 08:00:00,Y01,1289,1995
YS010992,2026-01-02 08:00:00,Y02,1000,1249
YS010993,2026-01-02 08:00:00,Y03,729,986
YS010994,2026-01-02 08:00:00,Y04,779,1113
YS010995,2026-01-02 08:00:00,Y05,621,930
YS010996,2026-01-02 08:00:00,Y06,985,1758
YS010997,2026-01-02 08:00:00,Y07,606,1034
YS010998,2026-01-02 08:00:00,Y08,634,1028
YS010999,2026-01-02 08:00:00,Y09,866,1123
YS011000,2026-01-02 08:00:00,Y10,566,1339
YS011001,2026-01-02 16:00:00,Y01,896,1995
YS011002,2026-01-02 16:00:00,Y02,734,1249
YS011003,2026-01-02 16:00:00,Y03,526,986
YS011004,2026-01-02 16:00:00,Y04,699,1113
YS011005,2026-01-02 16:00:00,Y05,558,930
YS011006,2026-01-02 16:00:00,Y06,861,1758
YS011007,2026-01-02 16:00:00,Y07,608,1034
YS011008,2026-01-02 16:00:00,Y08,690,1028
YS011009,2026-01-02 16:00:00,Y09,697,1123
YS011010,2026-01-02 16:00:00,Y10,1298,1339
YS011011,2026-01-03 00:00:00,Y01,1540,1995
YS011012,2026-01-03 00:00:00,Y02,660,1249
YS011013,2026-01-03 00:00:00,Y03,686,986
YS011014,2026-01-03 00:00:00,Y04,477,1113
YS011015,2026-01-03 00:00:00,Y05,806,930
YS011016,2026-01-03 00:00:00,Y06,1534,1758
YS011017,2026-01-03 00:00:00,Y07,731,1034
YS011018,2026-01-03 00:00:00,Y08,856,1028
YS011019,2026-01-03 00:00:00,Y09,768,1123
YS011020,2026-01-03 00:00:00,Y10,941,1339
YS011021,2026-01-03 08:00:00,Y01,1817,1995
YS011022,2026-01-03 08:00:00,Y02,1124,1249
YS011023,2026-01-03 08:00:00,Y03,476,986
YS011024,2026-01-03 08:00:00,Y04,701,1113
YS011025,2026-01-03 08:00:00,Y05,772,930
YS011026,2026-01-03 08:00:00,Y06,1282,1758
YS011027,2026-01-03 08:00:00,Y07,740,1034
YS011028,2026-01-03 08:00:00,Y08,725,1028
YS011029,2026-01-03 08:00:00,Y09,614,1123
YS011030,2026-01-03 08:00:00,Y10,911,1339
YS011031,2026-01-03 16:00:00,Y01,1726,1995
YS011032,2026-01-03 16:00:00,Y02,1159,1249
YS011033,2026-01-03 16:00:00,Y03,462,986
YS011034,2026-01-03 16:00:00,Y04,901,1113
YS011035,2026-01-03 16:00:00,Y05,743,930
YS011036,2026-01-03 16:00:00,Y06,1614,1758
YS011037,2026-01-03 16:00:00,Y07,905,1034
YS011038,2026-01-03 16:00:00,Y08,557,1028
YS011039,2026-01-03 16:00:00,Y09,842,1123
YS011040,2026-01-03 16:00:00,Y10,560,1339
YS011041,2026-01-04 00:00:00,Y01,912,1995
YS011042,2026-01-04 00:00:00,Y02,849,1249
YS011043,2026-01-04 00:00:00,Y03,813,986
YS011044,2026-01-04 00:00:00,Y04,699,1113
YS011045,2026-01-04 00:00:00,Y05,408,930
YS011046,2026-01-04 00:00:00,Y06,1204,1758
YS011047,2026-01-04 00:00:00,Y07,432,1034
YS011048,2026-01-04 00:00:00,Y08,826,1028
YS011049,2026-01-04 00:00:00,Y09,968,1123
YS011050,2026-01-04 00:00:00,Y10,581,1339
YS011051,2026-01-04 08:00:00,Y01,1172,1995
YS011052,2026-01-04 08:00:00,Y02,681,1249
YS011053,2026-01-04 08:00:00,Y03,689,986
YS011054,2026-01-04 08:00:00,Y04,452,1113
YS011055,2026-01-04 08:00:00,Y05,744,930
YS011056,2026-01-04 08:00:00,Y06,1660,1758
YS011057,2026-01-04 08:00:00,Y07,517,1034
YS011058,2026-01-04 08:00:00,Y08,582,1028
YS011059,2026-01-04 08:00:00,Y09,451,1123
YS011060,2026-01-04 08:00:00,Y10,1241,1339
YS011061,2026-01-04 16:00:00,Y01,1464,1995
YS011062,2026-01-04 16:00:00,Y02,1034,1249
YS011063,2026-01-04 16:00:00,Y03,846,986
YS011064,2026-01-04 16:00:00,Y04,840,1113
YS011065,2026-01-04 16:00:00,Y05,372,930
YS011066,2026-01-04 16:00:00,Y06,852,1758
YS011067,2026-01-04 16:00:00,Y07,491,1034
YS011068,2026-01-04 16:00:00,Y08,575,1028
YS011069,2026-01-04 16:00:00,Y09,992,1123
YS011070,2026-01-04 16:00:00,Y10,762,1339
YS011071,2026-01-05 00:00:00,Y01,1510,1995
YS011072,2026-01-05 00:00:00,Y02,624,1249
YS011073,2026-01-05 00:00:00,Y03,963,986
YS011074,2026-01-05 00:00:00,Y04,981,1113
YS011075,2026-01-05 00:00:00,Y05,567,930
YS011076,2026-01-05 00:00:00,Y06,1265,1758
YS011077,2026-01-05 00:00:00,Y07,633,1034
YS011078,2026-01-05 00:00:00,Y08,715,1028
YS011079,2026-01-05 00:00:00,Y09,700,1123
YS011080,2026-01-05 00:00:00,Y10,1010,1339
YS011081,2026-01-05 08:00:00,Y01,1416,1995
YS011082,2026-01-05 08:00:00,Y02,1117,1249
YS011083,2026-01-05 08:00:00,Y03,854,986
YS011084,2026-01-05 08:00:00,Y04,1084,1113
YS011085,2026-01-05 08:00:00,Y05,434,930
YS011086,2026-01-05 08:00:00,Y06,1146,1758
YS011087,2026-01-05 08:00:00,Y07,1009,1034
YS011088,2026-01-05 08:00:00,Y08,547,1028
YS011089,2026-01-05 08:00:00,Y09,737,1123
YS011090,2026-01-05 08:00:00,Y10,1060,1339
YS011091,2026-01-05 16:00:00,Y01,1098,1995
YS011092,2026-01-05 16:00:00,Y02,631,1249
YS011093,2026-01-05 16:00:00,Y03,594,986
YS011094,2026-01-05 16:00:00,Y04,461,1113
YS011095,2026-01-05 16:00:00,Y05,465,930
YS011096,2026-01-05 16:00:00,Y06,1576,1758
YS011097,2026-01-05 16:00:00,Y07,756,1034
YS011098,2026-01-05 16:00:00,Y08,610,1028
YS011099,2026-01-05 16:00:00,Y09,995,1123
YS011100,2026-01-05 16:00:00,Y10,934,1339
YS011101,2026-01-06 00:00:00,Y01,1350,1995
YS011102,2026-01-06 00:00:00,Y02,1036,1249
YS011103,2026-01-06 00:00:00,Y03,416,986
YS011104,2026-01-06 00:00:00,Y04,490,1113
YS011105,2026-01-06 00:00:00,Y05,648,930
YS011106,2026-01-06 00:00:00,Y06,1229,1758
YS011107,2026-01-06 00:00:00,Y07,681,1034
YS011108,2026-01-06 00:00:00,Y08,425,1028
YS011109,2026-01-06 00:00:00,Y09,607,1123
YS011110,2026-01-06 00:00:00,Y10,1272,1339
YS011111,2026-01-06 08:00:00,Y01,1884,1995
YS011112,2026-01-06 08:00:00,Y02,592,1249
YS011113,2026-01-06 08:00:00,Y03,618,986
YS011114,2026-01-06 08:00:00,Y04,757,1113
YS011115,2026-01-06 08:00:00,Y05,405,930
YS011116,2026-01-06 08:00:00,Y06,1561,1758
YS011117,2026-01-06 08:00:00,Y07,518,1034
YS011118,2026-01-06 08:00:00,Y08,986,1028
YS011119,2026-01-06 08:00:00,Y09,583,1123
YS011120,2026-01-06 08:00:00,Y10,1191,1339
YS011121,2026-01-06 16:00:00,Y01,1374,1995
YS011122,2026-01-06 16:00:00,Y02,1121,1249
YS011123,2026-01-06 16:00:00,Y03,800,986
YS011124,2026-01-06 16:00:00,Y04,1043,1113
YS011125,2026-01-06 16:00:00,Y05,719,930
YS011126,2026-01-06 16:00:00,Y06,1308,1758
YS011127,2026-01-06 16:00:00,Y07,924,1034
YS011128,2026-01-06 16:00:00,Y08,931,1028
YS011129,2026-01-06 16:00:00,Y09,733,1123
YS011130,2026-01-06 16:00:00,Y10,988,1339
YS011131,2026-01-07 00:00:00,Y01,999,1995
YS011132,2026-01-07 00:00:00,Y02,583,1249
YS011133,2026-01-07 00:00:00,Y03,405,986
YS011134,2026-01-07 00:00:00,Y04,594,1113
YS011135,2026-01-07 00:00:00,Y05,716,930
YS011136,2026-01-07 00:00:00,Y06,1454,1758
YS011137,2026-01-07 00:00:00,Y07,768,1034
YS011138,2026-01-07 00:00:00,Y08,810,1028
YS011139,2026-01-07 00:00:00,Y09,1007,1123
YS011140,2026-01-07 00:00:00,Y10,698,1339
YS011141,2026-01-07 08:00:00,Y01,1631,1995
YS011142,2026-01-07 08:00:00,Y02,780,1249
YS011143,2026-01-07 08:00:00,Y03,688,986
YS011144,2026-01-07 08:00:00,Y04,463,1113
YS011145,2026-01-07 08:00:00,Y05,391,930
YS011146,2026-01-07 08:00:00,Y06,1530,1758
YS011147,2026-01-07 08:00:00,Y07,647,1034
YS011148,2026-01-07 08:00:00,Y08,635,1028
YS011149,2026-01-07 08:00:00,Y09,547,1123
YS011150,2026-01-07 08:00:00,Y10,1177,1339
YS011151,2026-01-07 16:00:00,Y01,1024,1995
YS011152,2026-01-07 16:00:00,Y02,562,1249
YS011153,2026-01-07 16:00:00,Y03,725,986
YS011154,2026-01-07 16:00:00,Y04,986,1113
YS011155,2026-01-07 16:00:00,Y05,524,930
YS011156,2026-01-07 16:00:00,Y06,1217,1758
YS011157,2026-01-07 16:00:00,Y07,718,1034
YS011158,2026-01-07 16:00:00,Y08,759,1028
YS011159,2026-01-07 16:00:00,Y09,731,1123
YS011160,2026-01-07 16:00:00,Y10,927,1339
YS011161,2026-01-08 00:00:00,Y01,1936,1995
YS011162,2026-01-08 00:00:00,Y02,968,1249
YS011163,2026-01-08 00:00:00,Y03,506,986
YS011164,2026-01-08 00:00:00,Y04,761,1113
YS011165,2026-01-08 00:00:00,Y05,582,930
YS011166,2026-01-08 00:00:00,Y06,1308,1758
YS011167,2026-01-08 00:00:00,Y07,937,1034
YS011168,2026-01-08 00:00:00,Y08,718,1028
YS011169,2026-01-08 00:00:00,Y09,1033,1123
YS011170,2026-01-08 00:00:00,Y10,612,1339
YS011171,2026-01-08 08:00:00,Y01,1699,1995
YS011172,2026-01-08 08:00:00,Y02,1192,1249
YS011173,2026-01-08 08:00:00,Y03,700,986
YS011174,2026-01-08 08:00:00,Y04,849,1113
YS011175,2026-01-08 08:00:00,Y05,593,930
YS011176,2026-01-08 08:00:00,Y06,1192,1758
YS011177,2026-01-08 08:00:00,Y07,564,1034
YS011178,2026-01-08 08:00:00,Y08,916,1028
YS011179,2026-01-08 08:00:00,Y09,573,1123
YS011180,2026-01-08 08:00:00,Y10,889,1339
YS011181,2026-01-08 16:00:00,Y01,1320,1995
YS011182,2026-01-08 16:00:00,Y02,1026,1249
YS011183,2026-01-08 16:00:00,Y03,603,986
YS011184,2026-01-08 16:00:00,Y04,943,1113
YS011185,2026-01-08 16:00:00,Y05,750,930
YS011186,2026-01-08 16:00:00,Y06,951,1758
YS011187,2026-01-08 16:00:00,Y07,948,1034
YS011188,2026-01-08 16:00:00,Y08,635,1028
YS011189,2026-01-08 16:00:00,Y09,770,1123
YS011190,2026-01-08 16:00:00,Y10,945,1339
YS011191,2026-01-09 00:00:00,Y01,1031,1995
YS011192,2026-01-09 00:00:00,Y02,1118,1249
YS011193,2026-01-09 00:00:00,Y03,812,986
YS011194,2026-01-09 00:00:00,Y04,637,1113
YS011195,2026-01-09 00:00:00,Y05,873,930
YS011196,2026-01-09 00:00:00,Y06,963,1758
YS011197,2026-01-09 00:00:00,Y07,659,1034
YS011198,2026-01-09 00:00:00,Y08,701,1028
YS011199,2026-01-09 00:00:00,Y09,523,1123
YS011200,2026-01-09 00:00:00,Y10,813,1339
YS011201,2026-01-09 08:00:00,Y01,1176,1995
YS011202,2026-01-09 08:00:00,Y02,1026,1249
YS011203,2026-01-09 08:00:00,Y03,935,986
YS011204,2026-01-09 08:00:00,Y04,716,1113
YS011205,2026-01-09 08:00:00,Y05,683,930
YS011206,2026-01-09 08:00:00,Y06,902,1758
YS011207,2026-01-09 08:00:00,Y07,578,1034
YS011208,2026-01-09 08:00:00,Y08,949,1028
YS011209,2026-01-09 08:00:00,Y09,816,1123
YS011210,2026-01-09 08:00:00,Y10,1177,1339
YS011211,2026-01-09 16:00:00,Y01,1635,1995
YS011212,2026-01-09 16:00:00,Y02,720,1249
YS011213,2026-01-09 16:00:00,Y03,677,986
YS011214,2026-01-09 16:00:00,Y04,1054,1113
YS011215,2026-01-09 16:00:00,Y05,875,930
YS011216,2026-01-09 16:00:00,Y06,843,1758
YS011217,2026-01-09 16:00:00,Y07,818,1034
YS011218,2026-01-09 16:00:00,Y08,957,1028
YS011219,2026-01-09 16:00:00,Y09,827,1123
YS011220,2026-01-09 16:00:00,Y10,676,1339
YS011221,2026-01-10 00:00:00,Y01,1771,1995
YS011222,2026-01-10 00:00:00,Y02,1128,1249
YS011223,2026-01-10 00:00:00,Y03,499,986
YS011224,2026-01-10 00:00:00,Y04,848,1113
YS011225,2026-01-10 00:00:00,Y05,846,930
YS011226,2026-01-10 00:00:00,Y06,918,1758
YS011227,2026-01-10 00:00:00,Y07,1011,1034
YS011228,2026-01-10 00:00:00,Y08,447,1028
YS011229,2026-01-10 00:00:00,Y09,865,1123
YS011230,2026-01-10 00:00:00,Y10,933,1339
YS011231,2026-01-10 08:00:00,Y01,1453,1995
YS011232,2026-01-10 08:00:00,Y02,533,1249
YS011233,2026-01-10 08:00:00,Y03,452,986
YS011234,2026-01-10 08:00:00,Y04,972,1113
YS011235,2026-01-10 08:00:00,Y05,638,930
YS011236,2026-01-10 08:00:00,Y06,1305,1758
YS011237,2026-01-10 08:00:00,Y07,817,1034
YS011238,2026-01-10 08:00:00,Y08,799,1028
YS011239,2026-01-10 08:00:00,Y09,859,1123
YS011240,2026-01-10 08:00:00,Y10,587,1339
YS011241,2026-01-10 16:00:00,Y01,915,1995
YS011242,2026-01-10 16:00:00,Y02,778,1249
YS011243,2026-01-10 16:00:00,Y03,669,986
YS011244,2026-01-10 16:00:00,Y04,1080,1113
YS011245,2026-01-10 16:00:00,Y05,740,930
YS011246,2026-01-10 16:00:00,Y06,907,1758
YS011247,2026-01-10 16:00:00,Y07,818,1034
YS011248,2026-01-10 16:00:00,Y08,586,1028
YS011249,2026-01-10 16:00:00,Y09,645,1123
YS011250,2026-01-10 16:00:00,Y10,1092,1339
YS011251,2026-01-11 00:00:00,Y01,1726,1995
YS011252,2026-01-11 00:00:00,Y02,1182,1249
YS011253,2026-01-11 00:00:00,Y03,398,986
YS011254,2026-01-11 00:00:00,Y04,949,1113
YS011255,2026-01-11 00:00:00,Y05,644,930
YS011256,2026-01-11 00:00:00,Y06,1360,1758
YS011257,2026-01-11 00:00:00,Y07,971,1034
YS011258,2026-01-11 00:00:00,Y08,429,1028
YS011259,2026-01-11 00:00:00,Y09,564,1123
YS011260,2026-01-11 00:00:00,Y10,965,1339
YS011261,2026-01-11 08:00:00,Y01,1733,1995
YS011262,2026-01-11 08:00:00,Y02,1102,1249
YS011263,2026-01-11 08:00:00,Y03,761,986
YS011264,2026-01-11 08:00:00,Y04,813,1113
YS011265,2026-01-11 08:00:00,Y05,712,930
YS011266,2026-01-11 08:00:00,Y06,923,1758
YS011267,2026-01-11 08:00:00,Y07,421,1034
YS011268,2026-01-11 08:00:00,Y08,964,1028
YS011269,2026-01-11 08:00:00,Y09,1069,1123
YS011270,2026-01-11 08:00:00,Y10,730,1339
YS011271,2026-01-11 16:00:00,Y01,1289,1995
YS011272,2026-01-11 16:00:00,Y02,1054,1249
YS011273,2026-01-11 16:00:00,Y03,420,986
YS011274,2026-01-11 16:00:00,Y04,720,1113
YS011275,2026-01-11 16:00:00,Y05,401,930
YS011276,2026-01-11 16:00:00,Y06,1191,1758
YS011277,2026-01-11 16:00:00,Y07,867,1034
YS011278,2026-01-11 16:00:00,Y08,596,1028
YS011279,2026-01-11 16:00:00,Y09,989,1123
YS011280,2026-01-11 16:00:00,Y10,542,1339
YS011281,2026-01-12 00:00:00,Y01,1463,1995
YS011282,2026-01-12 00:00:00,Y02,926,1249
YS011283,2026-01-12 00:00:00,Y03,591,986
YS011284,2026-01-12 00:00:00,Y04,566,1113
YS011285,2026-01-12 00:00:00,Y05,615,930
YS011286,2026-01-12 00:00:00,Y06,1164,1758
YS011287,2026-01-12 00:00:00,Y07,646,1034
YS011288,2026-01-12 00:00:00,Y08,999,1028
YS011289,2026-01-12 00:00:00,Y09,772,1123
YS011290,2026-01-12 00:00:00,Y10,882,1339
YS011291,2026-01-12 08:00:00,Y01,1461,1995
YS011292,2026-01-12 08:00:00,Y02,884,1249
YS011293,2026-01-12 08:00:00,Y03,841,986
YS011294,2026-01-12 08:00:00,Y04,722,1113
YS011295,2026-01-12 08:00:00,Y05,586,930
YS011296,2026-01-12 08:00:00,Y06,1286,1758
YS011297,2026-01-12 08:00:00,Y07,775,1034
YS011298,2026-01-12 08:00:00,Y08,925,1028
YS011299,2026-01-12 08:00:00,Y09,748,1123
YS011300,2026-01-12 08:00:00,Y10,1066,1339
YS011301,2026-01-12 16:00:00,Y01,1241,1995
YS011302,2026-01-12 16:00:00,Y02,541,1249
YS011303,2026-01-12 16:00:00,Y03,407,986
YS011304,2026-01-12 16:00:00,Y04,726,1113
YS011305,2026-01-12 16:00:00,Y05,391,930
YS011306,2026-01-12 16:00:00,Y06,937,1758
YS011307,2026-01-12 16:00:00,Y07,912,1034
YS011308,2026-01-12 16:00:00,Y08,471,1028
YS011309,2026-01-12 16:00:00,Y09,1028,1123
YS011310,2026-01-12 16:00:00,Y10,1225,1339
YS011311,2026-01-13 00:00:00,Y01,1950,1995
YS011312,2026-01-13 00:00:00,Y02,884,1249
YS011313,2026-01-13 00:00:00,Y03,959,986
YS011314,2026-01-13 00:00:00,Y04,1015,1113
YS011315,2026-01-13 00:00:00,Y05,471,930
YS011316,2026-01-13 00:00:00,Y06,1274,1758
YS011317,2026-01-13 00:00:00,Y07,793,1034
YS011318,2026-01-13 00:00:00,Y08,516,1028
YS011319,2026-01-13 00:00:00,Y09,1001,1123
YS011320,2026-01-13 00:00:00,Y10,1016,1339
YS011321,2026-01-13 08:00:00,Y01,1030,1995
YS011322,2026-01-13 08:00:00,Y02,869,1249
YS011323,2026-01-13 08:00:00,Y03,641,986
YS011324,2026-01-13 08:00:00,Y04,746,1113
YS011325,2026-01-13 08:00:00,Y05,818,930
YS011326,2026-01-13 08:00:00,Y06,1660,1758
YS011327,2026-01-13 08:00:00,Y07,913,1034
YS011328,2026-01-13 08:00:00,Y08,676,1028
YS011329,2026-01-13 08:00:00,Y09,583,1123
YS011330,2026-01-13 08:00:00,Y10,1026,1339
YS011331,2026-01-13 16:00:00,Y01,1248,1995
YS011332,2026-01-13 16:00:00,Y02,942,1249
YS011333,2026-01-13 16:00:00,Y03,560,986
YS011334,2026-01-13 16:00:00,Y04,986,1113
YS011335,2026-01-13 16:00:00,Y05,520,930
YS011336,2026-01-13 16:00:00,Y06,872,1758
YS011337,2026-01-13 16:00:00,Y07,917,1034
YS011338,2026-01-13 16:00:00,Y08,950,1028
YS011339,2026-01-13 16:00:00,Y09,487,1123
YS011340,2026-01-13 16:00:00,Y10,595,1339
YS011341,2026-01-14 00:00:00,Y01,1953,1995
YS011342,2026-01-14 00:00:00,Y02,987,1249
YS011343,2026-01-14 00:00:00,Y03,880,986
YS011344,2026-01-14 00:00:00,Y04,663,1113
YS011345,2026-01-14 00:00:00,Y05,468,930
YS011346,2026-01-14 00:00:00,Y06,1229,1758
YS011347,2026-01-14 00:00:00,Y07,819,1034
YS011348,2026-01-14 00:00:00,Y08,512,1028
YS011349,2026-01-14 00:00:00,Y09,785,1123
YS011350,2026-01-14 00:00:00,Y10,868,1339
YS011351,2026-01-14 08:00:00,Y01,1106,1995
YS011352,2026-01-14 08:00:00,Y02,1103,1249
YS011353,2026-01-14 08:00:00,Y03,847,986
YS011354,2026-01-14 08:00:00,Y04,503,1113
YS011355,2026-01-14 08:00:00,Y05,611,930
YS011356,2026-01-14 08:00:00,Y06,1054,1758
YS011357,2026-01-14 08:00:00,Y07,579,1034
YS011358,2026-01-14 08:00:00,Y08,752,1028
YS011359,2026-01-14 08:00:00,Y09,735,1123
YS011360,2026-01-14 08:00:00,Y10,1009,1339
YS011361,2026-01-14 16:00:00,Y01,1007,1995
YS011362,2026-01-14 16:00:00,Y02,629,1249
YS011363,2026-01-14 16:00:00,Y03,476,986
YS011364,2026-01-14 16:00:00,Y04,997,1113
YS011365,2026-01-14 16:00:00,Y05,497,930
YS011366,2026-01-14 16:00:00,Y06,863,1758
YS011367,2026-01-14 16:00:00,Y07,867,1034
YS011368,2026-01-14 16:00:00,Y08,590,1028
YS011369,2026-01-14 16:00:00,Y09,853,1123
YS011370,2026-01-14 16:00:00,Y10,1263,1339
YS011371,2026-01-15 00:00:00,Y01,986,1995
YS011372,2026-01-15 00:00:00,Y02,690,1249
YS011373,2026-01-15 00:00:00,Y03,419,986
YS011374,2026-01-15 00:00:00,Y04,855,1113
YS011375,2026-01-15 00:00:00,Y05,558,930
YS011376,2026-01-15 00:00:00,Y06,790,1758
YS011377,2026-01-15 00:00:00,Y07,592,1034
YS011378,2026-01-15 00:00:00,Y08,936,1028
YS011379,2026-01-15 00:00:00,Y09,508,1123
YS011380,2026-01-15 00:00:00,Y10,562,1339
YS011381,2026-01-15 08:00:00,Y01,1134,1995
YS011382,2026-01-15 08:00:00,Y02,779,1249
YS011383,2026-01-15 08:00:00,Y03,782,986
YS011384,2026-01-15 08:00:00,Y04,923,1113
YS011385,2026-01-15 08:00:00,Y05,484,930
YS011386,2026-01-15 08:00:00,Y06,1615,1758
YS011387,2026-01-15 08:00:00,Y07,954,1034
YS011388,2026-01-15 08:00:00,Y08,857,1028
YS011389,2026-01-15 08:00:00,Y09,654,1123
YS011390,2026-01-15 08:00:00,Y10,588,1339
YS011391,2026-01-15 16:00:00,Y01,1209,1995
YS011392,2026-01-15 16:00:00,Y02,1037,1249
YS011393,2026-01-15 16:00:00,Y03,531,986
YS011394,2026-01-15 16:00:00,Y04,933,1113
YS011395,2026-01-15 16:00:00,Y05,799,930
YS011396,2026-01-15 16:00:00,Y06,1644,1758
YS011397,2026-01-15 16:00:00,Y07,467,1034
YS011398,2026-01-15 16:00:00,Y08,858,1028
YS011399,2026-01-15 16:00:00,Y09,940,1123
YS011400,2026-01-15 16:00:00,Y10,822,1339
YS011401,2026-01-16 00:00:00,Y01,1918,1995
YS011402,2026-01-16 00:00:00,Y02,1148,1249
YS011403,2026-01-16 00:00:00,Y03,942,986
YS011404,2026-01-16 00:00:00,Y04,658,1113
YS011405,2026-01-16 00:00:00,Y05,558,930
YS011406,2026-01-16 00:00:00,Y06,1098,1758
YS011407,2026-01-16 00:00:00,Y07,491,1034
YS011408,2026-01-16 00:00:00,Y08,712,1028
YS011409,2026-01-16 00:00:00,Y09,789,1123
YS011410,2026-01-16 00:00:00,Y10,678,1339
YS011411,2026-01-16 08:00:00,Y01,982,1995
YS011412,2026-01-16 08:00:00,Y02,1055,1249
YS011413,2026-01-16 08:00:00,Y03,510,986
YS011414,2026-01-16 08:00:00,Y04,1028,1113
YS011415,2026-01-16 08:00:00,Y05,845,930
YS011416,2026-01-16 08:00:00,Y06,952,1758
YS011417,2026-01-16 08:00:00,Y07,977,1034
YS011418,2026-01-16 08:00:00,Y08,814,1028
YS011419,2026-01-16 08:00:00,Y09,499,1123
YS011420,2026-01-16 08:00:00,Y10,781,1339
YS011421,2026-01-16 16:00:00,Y01,1268,1995
YS011422,2026-01-16 16:00:00,Y02,912,1249
YS011423,2026-01-16 16:00:00,Y03,615,986
YS011424,2026-01-16 16:00:00,Y04,952,1113
YS011425,2026-01-16 16:00:00,Y05,813,930
YS011426,2026-01-16 16:00:00,Y06,1043,1758
YS011427,2026-01-16 16:00:00,Y07,848,1034
YS011428,2026-01-16 16:00:00,Y08,565,1028
YS011429,2026-01-16 16:00:00,Y09,677,1123
YS011430,2026-01-16 16:00:00,Y10,775,1339
YS011431,2026-01-17 00:00:00,Y01,869,1995
YS011432,2026-01-17 00:00:00,Y02,794,1249
YS011433,2026-01-17 00:00:00,Y03,662,986
YS011434,2026-01-17 00:00:00,Y04,957,1113
YS011435,2026-01-17 00:00:00,Y05,383,930
YS011436,2026-01-17 00:00:00,Y06,738,1758
YS011437,2026-01-17 00:00:00,Y07,688,1034
YS011438,2026-01-17 00:00:00,Y08,685,1028
YS011439,2026-01-17 00:00:00,Y09,1080,1123
YS011440,2026-01-17 00:00:00,Y10,796,1339
YS011441,2026-01-17 08:00:00,Y01,1316,1995
YS011442,2026-01-17 08:00:00,Y02,768,1249
YS011443,2026-01-17 08:00:00,Y03,589,986
YS011444,2026-01-17 08:00:00,Y04,550,1113
YS011445,2026-01-17 08:00:00,Y05,503,930
YS011446,2026-01-17 08:00:00,Y06,776,1758
YS011447,2026-01-17 08:00:00,Y07,735,1034
YS011448,2026-01-17 08:00:00,Y08,730,1028
YS011449,2026-01-17 08:00:00,Y09,627,1123
YS011450,2026-01-17 08:00:00,Y10,1112,1339
YS011451,2026-01-17 16:00:00,Y01,1252,1995
YS011452,2026-01-17 16:00:00,Y02,925,1249
YS011453,2026-01-17 16:00:00,Y03,806,986
YS011454,2026-01-17 16:00:00,Y04,977,1113
YS011455,2026-01-17 16:00:00,Y05,451,930
YS011456,2026-01-17 16:00:00,Y06,1563,1758
YS011457,2026-01-17 16:00:00,Y07,826,1034
YS011458,2026-01-17 16:00:00,Y08,912,1028
YS011459,2026-01-17 16:00:00,Y09,771,1123
YS011460,2026-01-17 16:00:00,Y10,805,1339
YS011461,2026-01-18 00:00:00,Y01,1091,1995
YS011462,2026-01-18 00:00:00,Y02,1171,1249
YS011463,2026-01-18 00:00:00,Y03,852,986
YS011464,2026-01-18 00:00:00,Y04,536,1113
YS011465,2026-01-18 00:00:00,Y05,864,930
YS011466,2026-01-18 00:00:00,Y06,1267,1758
YS011467,2026-01-18 00:00:00,Y07,507,1034
YS011468,2026-01-18 00:00:00,Y08,666,1028
YS011469,2026-01-18 00:00:00,Y09,993,1123
YS011470,2026-01-18 00:00:00,Y10,1175,1339
YS011471,2026-01-18 08:00:00,Y01,1301,1995
YS011472,2026-01-18 08:00:00,Y02,815,1249
YS011473,2026-01-18 08:00:00,Y03,780,986
YS011474,2026-01-18 08:00:00,Y04,804,1113
YS011475,2026-01-18 08:00:00,Y05,695,930
YS011476,2026-01-18 08:00:00,Y06,1160,1758
YS011477,2026-01-18 08:00:00,Y07,733,1034
YS011478,2026-01-18 08:00:00,Y08,576,1028
YS011479,2026-01-18 08:00:00,Y09,736,1123
YS011480,2026-01-18 08:00:00,Y10,1224,1339
YS011481,2026-01-18 16:00:00,Y01,1125,1995
YS011482,2026-01-18 16:00:00,Y02,1212,1249
YS011483,2026-01-18 16:00:00,Y03,895,986
YS011484,2026-01-18 16:00:00,Y04,794,1113
YS011485,2026-01-18 16:00:00,Y05,797,930
YS011486,2026-01-18 16:00:00,Y06,1462,1758
YS011487,2026-01-18 16:00:00,Y07,613,1034
YS011488,2026-01-18 16:00:00,Y08,730,1028
YS011489,2026-01-18 16:00:00,Y09,692,1123
YS011490,2026-01-18 16:00:00,Y10,864,1339
YS011491,2026-01-19 00:00:00,Y01,867,1995
YS011492,2026-01-19 00:00:00,Y02,1174,1249
YS011493,2026-01-19 00:00:00,Y03,956,986
YS011494,2026-01-19 00:00:00,Y04,943,1113
YS011495,2026-01-19 00:00:00,Y05,693,930
YS011496,2026-01-19 00:00:00,Y06,1116,1758
YS011497,2026-01-19 00:00:00,Y07,934,1034
YS011498,2026-01-19 00:00:00,Y08,847,1028
YS011499,2026-01-19 00:00:00,Y09,892,1123
YS011500,2026-01-19 00:00:00,Y10,1186,1339
YS011501,2026-01-19 08:00:00,Y01,1176,1995
YS011502,2026-01-19 08:00:00,Y02,705,1249
YS011503,2026-01-19 08:00:00,Y03,634,986
YS011504,2026-01-19 08:00:00,Y04,642,1113
YS011505,2026-01-19 08:00:00,Y05,705,930
YS011506,2026-01-19 08:00:00,Y06,869,1758
YS011507,2026-01-19 08:00:00,Y07,751,1034
YS011508,2026-01-19 08:00:00,Y08,753,1028
YS011509,2026-01-19 08:00:00,Y09,1045,1123
YS011510,2026-01-19 08:00:00,Y10,1015,1339
YS011511,2026-01-19 16:00:00,Y01,1536,1995
YS011512,2026-01-19 16:00:00,Y02,1164,1249
YS011513,2026-01-19 16:00:00,Y03,493,986
YS011514,2026-01-19 16:00:00,Y04,979,1113
YS011515,2026-01-19 16:00:00,Y05,560,930
YS011516,2026-01-19 16:00:00,Y06,1477,1758
YS011517,2026-01-19 16:00:00,Y07,513,1034
YS011518,2026-01-19 16:00:00,Y08,1004,1028
YS011519,2026-01-19 16:00:00,Y09,942,1123
YS011520,2026-01-19 16:00:00,Y10,717,1339
YS011521,2026-01-20 00:00:00,Y01,1339,1995
YS011522,2026-01-20 00:00:00,Y02,1118,1249
YS011523,2026-01-20 00:00:00,Y03,430,986
YS011524,2026-01-20 00:00:00,Y04,1078,1113
YS011525,2026-01-20 00:00:00,Y05,707,930
YS011526,2026-01-20 00:00:00,Y06,1284,1758
YS011527,2026-01-20 00:00:00,Y07,799,1034
YS011528,2026-01-20 00:00:00,Y08,435,1028
YS011529,2026-01-20 00:00:00,Y09,616,1123
YS011530,2026-01-20 00:00:00,Y10,1068,1339
YS011531,2026-01-20 08:00:00,Y01,874,1995
YS011532,2026-01-20 08:00:00,Y02,1063,1249
YS011533,2026-01-20 08:00:00,Y03,818,986
YS011534,2026-01-20 08:00:00,Y04,934,1113
YS011535,2026-01-20 08:00:00,Y05,637,930
YS011536,2026-01-20 08:00:00,Y06,728,1758
YS011537,2026-01-20 08:00:00,Y07,440,1034
YS011538,2026-01-20 08:00:00,Y08,530,1028
YS011539,2026-01-20 08:00:00,Y09,830,1123
YS011540,2026-01-20 08:00:00,Y10,1040,1339
YS011541,2026-01-20 16:00:00,Y01,1473,1995
YS011542,2026-01-20 16:00:00,Y02,509,1249
YS011543,2026-01-20 16:00:00,Y03,697,986
YS011544,2026-01-20 16:00:00,Y04,597,1113
YS011545,2026-01-20 16:00:00,Y05,557,930
YS011546,2026-01-20 16:00:00,Y06,1361,1758
YS011547,2026-01-20 16:00:00,Y07,698,1034
YS011548,2026-01-20 16:00:00,Y08,695,1028
YS011549,2026-01-20 16:00:00,Y09,946,1123
YS011550,2026-01-20 16:00:00,Y10,881,1339
YS011551,2026-01-21 00:00:00,Y01,1384,1995
YS011552,2026-01-21 00:00:00,Y02,1163,1249
YS011553,2026-01-21 00:00:00,Y03,928,986
YS011554,2026-01-21 00:00:00,Y04,1082,1113
YS011555,2026-01-21 00:00:00,Y05,721,930
YS011556,2026-01-21 00:00:00,Y06,867,1758
YS011557,2026-01-21 00:00:00,Y07,865,1034
YS011558,2026-01-21 00:00:00,Y08,699,1028
YS011559,2026-01-21 00:00:00,Y09,873,1123
YS011560,2026-01-21 00:00:00,Y10,1014,1339
YS011561,2026-01-21 08:00:00,Y01,1387,1995
YS011562,2026-01-21 08:00:00,Y02,526,1249
YS011563,2026-01-21 08:00:00,Y03,424,986
YS011564,2026-01-21 08:00:00,Y04,705,1113
YS011565,2026-01-21 08:00:00,Y05,540,930
YS011566,2026-01-21 08:00:00,Y06,1574,1758
YS011567,2026-01-21 08:00:00,Y07,715,1034
YS011568,2026-01-21 08:00:00,Y08,487,1028
YS011569,2026-01-21 08:00:00,Y09,758,1123
YS011570,2026-01-21 08:00:00,Y10,718,1339
YS011571,2026-01-21 16:00:00,Y01,1710,1995
YS011572,2026-01-21 16:00:00,Y02,1187,1249
YS011573,2026-01-21 16:00:00,Y03,865,986
YS011574,2026-01-21 16:00:00,Y04,496,1113
YS011575,2026-01-21 16:00:00,Y05,540,930
YS011576,2026-01-21 16:00:00,Y06,1353,1758
YS011577,2026-01-21 16:00:00,Y07,681,1034
YS011578,2026-01-21 16:00:00,Y08,518,1028
YS011579,2026-01-21 16:00:00,Y09,571,1123
YS011580,2026-01-21 16:00:00,Y10,860,1339
YS011581,2026-01-22 00:00:00,Y01,1640,1995
YS011582,2026-01-22 00:00:00,Y02,738,1249
YS011583,2026-01-22 00:00:00,Y03,532,986
YS011584,2026-01-22 00:00:00,Y04,726,1113
YS011585,2026-01-22 00:00:00,Y05,398,930
YS011586,2026-01-22 00:00:00,Y06,1255,1758
YS011587,2026-01-22 00:00:00,Y07,771,1034
YS011588,2026-01-22 00:00:00,Y08,502,1028
YS011589,2026-01-22 00:00:00,Y09,468,1123
YS011590,2026-01-22 00:00:00,Y10,1162,1339
YS011591,2026-01-22 08:00:00,Y01,914,1995
YS011592,2026-01-22 08:00:00,Y02,792,1249
YS011593,2026-01-22 08:00:00,Y03,863,986
YS011594,2026-01-22 08:00:00,Y04,515,1113
YS011595,2026-01-22 08:00:00,Y05,744,930
YS011596,2026-01-22 08:00:00,Y06,1146,1758
YS011597,2026-01-22 08:00:00,Y07,893,1034
YS011598,2026-01-22 08:00:00,Y08,635,1028
YS011599,2026-01-22 08:00:00,Y09,616,1123
YS011600,2026-01-22 08:00:00,Y10,1052,1339
YS011601,2026-01-22 16:00:00,Y01,1833,1995
YS011602,2026-01-22 16:00:00,Y02,1169,1249
YS011603,2026-01-22 16:00:00,Y03,526,986
YS011604,2026-01-22 16:00:00,Y04,992,1113
YS011605,2026-01-22 16:00:00,Y05,774,930
YS011606,2026-01-22 16:00:00,Y06,1604,1758
YS011607,2026-01-22 16:00:00,Y07,967,1034
YS011608,2026-01-22 16:00:00,Y08,727,1028
YS011609,2026-01-22 16:00:00,Y09,664,1123
YS011610,2026-01-22 16:00:00,Y10,1145,1339
YS011611,2026-01-23 00:00:00,Y01,1336,1995
YS011612,2026-01-23 00:00:00,Y02,935,1249
YS011613,2026-01-23 00:00:00,Y03,448,986
YS011614,2026-01-23 00:00:00,Y04,1003,1113
YS011615,2026-01-23 00:00:00,Y05,542,930
YS011616,2026-01-23 00:00:00,Y06,1573,1758
YS011617,2026-01-23 00:00:00,Y07,485,1034
YS011618,2026-01-23 00:00:00,Y08,705,1028
YS011619,2026-01-23 00:00:00,Y09,683,1123
YS011620,2026-01-23 00:00:00,Y10,1150,1339
YS011621,2026-01-23 08:00:00,Y01,1428,1995
YS011622,2026-01-23 08:00:00,Y02,1030,1249
YS011623,2026-01-23 08:00:00,Y03,778,986
YS011624,2026-01-23 08:00:00,Y04,475,1113
YS011625,2026-01-23 08:00:00,Y05,890,930
YS011626,2026-01-23 08:00:00,Y06,1214,1758
YS011627,2026-01-23 08:00:00,Y07,784,1034
YS011628,2026-01-23 08:00:00,Y08,986,1028
YS011629,2026-01-23 08:00:00,Y09,1051,1123
YS011630,2026-01-23 08:00:00,Y10,1026,1339
YS011631,2026-01-23 16:00:00,Y01,1118,1995
YS011632,2026-01-23 16:00:00,Y02,825,1249
YS011633,2026-01-23 16:00:00,Y03,424,986
YS011634,2026-01-23 16:00:00,Y04,648,1113
YS011635,2026-01-23 16:00:00,Y05,428,930
YS011636,2026-01-23 16:00:00,Y06,1222,1758
YS011637,2026-01-23 16:00:00,Y07,758,1034
YS011638,2026-01-23 16:00:00,Y08,450,1028
YS011639,2026-01-23 16:00:00,Y09,659,1123
YS011640,2026-01-23 16:00:00,Y10,885,1339
YS011641,2026-01-24 00:00:00,Y01,1189,1995
YS011642,2026-01-24 00:00:00,Y02,1094,1249
YS011643,2026-01-24 00:00:00,Y03,673,986
YS011644,2026-01-24 00:00:00,Y04,511,1113
YS011645,2026-01-24 00:00:00,Y05,679,930
YS011646,2026-01-24 00:00:00,Y06,812,1758
YS011647,2026-01-24 00:00:00,Y07,446,1034
YS011648,2026-01-24 00:00:00,Y08,680,1028
YS011649,2026-01-24 00:00:00,Y09,909,1123
YS011650,2026-01-24 00:00:00,Y10,1122,1339
YS011651,2026-01-24 08:00:00,Y01,1644,1995
YS011652,2026-01-24 08:00:00,Y02,623,1249
YS011653,2026-01-24 08:00:00,Y03,437,986
YS011654,2026-01-24 08:00:00,Y04,584,1113
YS011655,2026-01-24 08:00:00,Y05,738,930
YS011656,2026-01-24 08:00:00,Y06,918,1758
YS011657,2026-01-24 08:00:00,Y07,889,1034
YS011658,2026-01-24 08:00:00,Y08,681,1028
YS011659,2026-01-24 08:00:00,Y09,573,1123
YS011660,2026-01-24 08:00:00,Y10,855,1339
YS011661,2026-01-24 16:00:00,Y01,1399,1995
YS011662,2026-01-24 16:00:00,Y02,791,1249
YS011663,2026-01-24 16:00:00,Y03,953,986
YS011664,2026-01-24 16:00:00,Y04,773,1113
YS011665,2026-01-24 16:00:00,Y05,563,930
YS011666,2026-01-24 16:00:00,Y06,726,1758
YS011667,2026-01-24 16:00:00,Y07,823,1034
YS011668,2026-01-24 16:00:00,Y08,957,1028
YS011669,2026-01-24 16:00:00,Y09,770,1123
YS011670,2026-01-24 16:00:00,Y10,570,1339
YS011671,2026-01-25 00:00:00,Y01,851,1995
YS011672,2026-01-25 00:00:00,Y02,660,1249
YS011673,2026-01-25 00:00:00,Y03,508,986
YS011674,2026-01-25 00:00:00,Y04,488,1113
YS011675,2026-01-25 00:00:00,Y05,518,930
YS011676,2026-01-25 00:00:00,Y06,1428,1758
YS011677,2026-01-25 00:00:00,Y07,676,1034
YS011678,2026-01-25 00:00:00,Y08,997,1028
YS011679,2026-01-25 00:00:00,Y09,783,1123
YS011680,2026-01-25 00:00:00,Y10,541,1339
YS011681,2026-01-25 08:00:00,Y01,1704,1995
YS011682,2026-01-25 08:00:00,Y02,1194,1249
YS011683,2026-01-25 08:00:00,Y03,809,986
YS011684,2026-01-25 08:00:00,Y04,613,1113
YS011685,2026-01-25 08:00:00,Y05,548,930
YS011686,2026-01-25 08:00:00,Y06,948,1758
YS011687,2026-01-25 08:00:00,Y07,737,1034
YS011688,2026-01-25 08:00:00,Y08,973,1028
YS011689,2026-01-25 08:00:00,Y09,936,1123
YS011690,2026-01-25 08:00:00,Y10,799,1339
YS011691,2026-01-25 16:00:00,Y01,1196,1995
YS011692,2026-01-25 16:00:00,Y02,938,1249
YS011693,2026-01-25 16:00:00,Y03,511,986
YS011694,2026-01-25 16:00:00,Y04,769,1113
YS011695,2026-01-25 16:00:00,Y05,714,930
YS011696,2026-01-25 16:00:00,Y06,812,1758
YS011697,2026-01-25 16:00:00,Y07,701,1034
YS011698,2026-01-25 16:00:00,Y08,601,1028
YS011699,2026-01-25 16:00:00,Y09,615,1123
YS011700,2026-01-25 16:00:00,Y10,895,1339
YS011701,2026-01-26 00:00:00,Y01,967,1995
YS011702,2026-01-26 00:00:00,Y02,712,1249
YS011703,2026-01-26 00:00:00,Y03,757,986
YS011704,2026-01-26 00:00:00,Y04,577,1113
YS011705,2026-01-26 00:00:00,Y05,678,930
YS011706,2026-01-26 00:00:00,Y06,1433,1758
YS011707,2026-01-26 00:00:00,Y07,808,1034
YS011708,2026-01-26 00:00:00,Y08,427,1028
YS011709,2026-01-26 00:00:00,Y09,808,1123
YS011710,2026-01-26 00:00:00,Y10,855,1339
YS011711,2026-01-26 08:00:00,Y01,1772,1995
YS011712,2026-01-26 08:00:00,Y02,1029,1249
YS011713,2026-01-26 08:00:00,Y03,540,986
YS011714,2026-01-26 08:00:00,Y04,1067,1113
YS011715,2026-01-26 08:00:00,Y05,487,930
YS011716,2026-01-26 08:00:00,Y06,1541,1758
YS011717,2026-01-26 08:00:00,Y07,818,1034
YS011718,2026-01-26 08:00:00,Y08,485,1028
YS011719,2026-01-26 08:00:00,Y09,521,1123
YS011720,2026-01-26 08:00:00,Y10,1019,1339
YS011721,2026-01-26 16:00:00,Y01,1831,1995
YS011722,2026-01-26 16:00:00,Y02,986,1249
YS011723,2026-01-26 16:00:00,Y03,833,986
YS011724,2026-01-26 16:00:00,Y04,1027,1113
YS011725,2026-01-26 16:00:00,Y05,537,930
YS011726,2026-01-26 16:00:00,Y06,1138,1758
YS011727,2026-01-26 16:00:00,Y07,558,1034
YS011728,2026-01-26 16:00:00,Y08,798,1028
YS011729,2026-01-26 16:00:00,Y09,973,1123
YS011730,2026-01-26 16:00:00,Y10,1196,1339
YS011731,2026-01-27 00:00:00,Y01,1756,1995
YS011732,2026-01-27 00:00:00,Y02,760,1249
YS011733,2026-01-27 00:00:00,Y03,479,986
YS011734,2026-01-27 00:00:00,Y04,887,1113
YS011735,2026-01-27 00:00:00,Y05,879,930
YS011736,2026-01-27 00:00:00,Y06,768,1758
YS011737,2026-01-27 00:00:00,Y07,974,1034
YS011738,2026-01-27 00:00:00,Y08,716,1028
YS011739,2026-01-27 00:00:00,Y09,1015,1123
YS011740,2026-01-27 00:00:00,Y10,973,1339
YS011741,2026-01-27 08:00:00,Y01,1167,1995
YS011742,2026-01-27 08:00:00,Y02,868,1249
YS011743,2026-01-27 08:00:00,Y03,585,986
YS011744,2026-01-27 08:00:00,Y04,1082,1113
YS011745,2026-01-27 08:00:00,Y05,550,930
YS011746,2026-01-27 08:00:00,Y06,970,1758
YS011747,2026-01-27 08:00:00,Y07,870,1034
YS011748,2026-01-27 08:00:00,Y08,601,1028
YS011749,2026-01-27 08:00:00,Y09,727,1123
YS011750,2026-01-27 08:00:00,Y10,1306,1339
YS011751,2026-01-27 16:00:00,Y01,1136,1995
YS011752,2026-01-27 16:00:00,Y02,502,1249
YS011753,2026-01-27 16:00:00,Y03,420,986
YS011754,2026-01-27 16:00:00,Y04,869,1113
YS011755,2026-01-27 16:00:00,Y05,457,930
YS011756,2026-01-27 16:00:00,Y06,1529,1758
YS011757,2026-01-27 16:00:00,Y07,444,1034
YS011758,2026-01-27 16:00:00,Y08,934,1028
YS011759,2026-01-27 16:00:00,Y09,1053,1123
YS011760,2026-01-27 16:00:00,Y10,768,1339
YS011761,2026-01-28 00:00:00,Y01,1384,1995
YS011762,2026-01-28 00:00:00,Y02,839,1249
YS011763,2026-01-28 00:00:00,Y03,858,986
YS011764,2026-01-28 00:00:00,Y04,964,1113
YS011765,2026-01-28 00:00:00,Y05,871,930
YS011766,2026-01-28 00:00:00,Y06,1220,1758
YS011767,2026-01-28 00:00:00,Y07,803,1034
YS011768,2026-01-28 00:00:00,Y08,558,1028
YS011769,2026-01-28 00:00:00,Y09,593,1123
YS011770,2026-01-28 00:00:00,Y10,868,1339
YS011771,2026-01-28 08:00:00,Y01,1833,1995
YS011772,2026-01-28 08:00:00,Y02,901,1249
YS011773,2026-01-28 08:00:00,Y03,740,986
YS011774,2026-01-28 08:00:00,Y04,829,1113
YS011775,2026-01-28 08:00:00,Y05,390,930
YS011776,2026-01-28 08:00:00,Y06,1245,1758
YS011777,2026-01-28 08:00:00,Y07,833,1034
YS011778,2026-01-28 08:00:00,Y08,450,1028
YS011779,2026-01-28 08:00:00,Y09,1036,1123
YS011780,2026-01-28 08:00:00,Y10,829,1339
YS011781,2026-01-28 16:00:00,Y01,872,1995
YS011782,2026-01-28 16:00:00,Y02,712,1249
YS011783,2026-01-28 16:00:00,Y03,799,986
YS011784,2026-01-28 16:00:00,Y04,542,1113
YS011785,2026-01-28 16:00:00,Y05,389,930
YS011786,2026-01-28 16:00:00,Y06,1039,1758
YS011787,2026-01-28 16:00:00,Y07,523,1034
YS011788,2026-01-28 16:00:00,Y08,598,1028
YS011789,2026-01-28 16:00:00,Y09,850,1123
YS011790,2026-01-28 16:00:00,Y10,996,1339
YS011791,2026-01-29 00:00:00,Y01,1124,1995
YS011792,2026-01-29 00:00:00,Y02,729,1249
YS011793,2026-01-29 00:00:00,Y03,889,986
YS011794,2026-01-29 00:00:00,Y04,998,1113
YS011795,2026-01-29 00:00:00,Y05,486,930
YS011796,2026-01-29 00:00:00,Y06,1418,1758
YS011797,2026-01-29 00:00:00,Y07,437,1034
YS011798,2026-01-29 00:00:00,Y08,617,1028
YS011799,2026-01-29 00:00:00,Y09,1007,1123
YS011800,2026-01-29 00:00:00,Y10,591,1339
YS011801,2026-01-29 08:00:00,Y01,1657,1995
YS011802,2026-01-29 08:00:00,Y02,833,1249
YS011803,2026-01-29 08:00:00,Y03,874,986
YS011804,2026-01-29 08:00:00,Y04,661,1113
YS011805,2026-01-29 08:00:00,Y05,586,930
YS011806,2026-01-29 08:00:00,Y06,1162,1758
YS011807,2026-01-29 08:00:00,Y07,536,1034
YS011808,2026-01-29 08:00:00,Y08,659,1028
YS011809,2026-01-29 08:00:00,Y09,1092,1123
YS011810,2026-01-29 08:00:00,Y10,857,1339
YS011811,2026-01-29 16:00:00,Y01,819,1995
YS011812,2026-01-29 16:00:00,Y02,1202,1249
YS011813,2026-01-29 16:00:00,Y03,735,986
YS011814,2026-01-29 16:00:00,Y04,602,1113
YS011815,2026-01-29 16:00:00,Y05,650,930
YS011816,2026-01-29 16:00:00,Y06,1153,1758
YS011817,2026-01-29 16:00:00,Y07,813,1034
YS011818,2026-01-29 16:00:00,Y08,668,1028
YS011819,2026-01-29 16:00:00,Y09,982,1123
YS011820,2026-01-29 16:00:00,Y10,762,1339
YS011821,2026-01-30 00:00:00,Y01,971,1995
YS011822,2026-01-30 00:00:00,Y02,745,1249
YS011823,2026-01-30 00:00:00,Y03,400,986
YS011824,2026-01-30 00:00:00,Y04,863,1113
YS011825,2026-01-30 00:00:00,Y05,769,930
YS011826,2026-01-30 00:00:00,Y06,1366,1758
YS011827,2026-01-30 00:00:00,Y07,418,1034
YS011828,2026-01-30 00:00:00,Y08,875,1028
YS011829,2026-01-30 00:00:00,Y09,798,1123
YS011830,2026-01-30 00:00:00,Y10,1222,1339
YS011831,2026-01-30 08:00:00,Y01,815,1995
YS011832,2026-01-30 08:00:00,Y02,825,1249
YS011833,2026-01-30 08:00:00,Y03,661,986
YS011834,2026-01-30 08:00:00,Y04,904,1113
YS011835,2026-01-30 08:00:00,Y05,402,930
YS011836,2026-01-30 08:00:00,Y06,1288,1758
YS011837,2026-01-30 08:00:00,Y07,823,1034
YS011838,2026-01-30 08:00:00,Y08,522,1028
YS011839,2026-01-30 08:00:00,Y09,1025,1123
YS011840,2026-01-30 08:00:00,Y10,885,1339
YS011841,2026-01-30 16:00:00,Y01,1913,1995
YS011842,2026-01-30 16:00:00,Y02,667,1249
YS011843,2026-01-30 16:00:00,Y03,651,986
YS011844,2026-01-30 16:00:00,Y04,1065,1113
YS011845,2026-01-30 16:00:00,Y05,852,930
YS011846,2026-01-30 16:00:00,Y06,1041,1758
YS011847,2026-01-30 16:00:00,Y07,570,1034
YS011848,2026-01-30 16:00:00,Y08,986,1028
YS011849,2026-01-30 16:00:00,Y09,957,1123
YS011850,2026-01-30 16:00:00,Y10,537,1339
YS011851,2026-01-31 00:00:00,Y01,920,1995
YS011852,2026-01-31 00:00:00,Y02,557,1249
YS011853,2026-01-31 00:00:00,Y03,417,986
YS011854,2026-01-31 00:00:00,Y04,823,1113
YS011855,2026-01-31 00:00:00,Y05,521,930
YS011856,2026-01-31 00:00:00,Y06,903,1758
YS011857,2026-01-31 00:00:00,Y07,595,1034
YS011858,2026-01-31 00:00:00,Y08,938,1028
YS011859,2026-01-31 00:00:00,Y09,941,1123
YS011860,2026-01-31 00:00:00,Y10,930,1339
YS011861,2026-01-31 08:00:00,Y01,1844,1995
YS011862,2026-01-31 08:00:00,Y02,700,1249
YS011863,2026-01-31 08:00:00,Y03,514,986
YS011864,2026-01-31 08:00:00,Y04,747,1113
YS011865,2026-01-31 08:00:00,Y05,793,930
YS011866,2026-01-31 08:00:00,Y06,1008,1758
YS011867,2026-01-31 08:00:00,Y07,1006,1034
YS011868,2026-01-31 08:00:00,Y08,540,1028
YS011869,2026-01-31 08:00:00,Y09,857,1123
YS011870,2026-01-31 08:00:00,Y10,904,1339
YS011871,2026-01-31 16:00:00,Y01,957,1995
YS011872,2026-01-31 16:00:00,Y02,790,1249
YS011873,2026-01-31 16:00:00,Y03,562,986
YS011874,2026-01-31 16:00:00,Y04,629,1113
YS011875,2026-01-31 16:00:00,Y05,374,930
YS011876,2026-01-31 16:00:00,Y06,1233,1758
YS011877,2026-01-31 16:00:00,Y07,431,1034
YS011878,2026-01-31 16:00:00,Y08,889,1028
YS011879,2026-01-31 16:00:00,Y09,695,1123
YS011880,2026-01-31 16:00:00,Y10,1164,1339
YS011881,2026-02-01 00:00:00,Y01,1741,1995
YS011882,2026-02-01 00:00:00,Y02,1004,1249
YS011883,2026-02-01 00:00:00,Y03,818,986
YS011884,2026-02-01 00:00:00,Y04,974,1113
YS011885,2026-02-01 00:00:00,Y05,661,930
YS011886,2026-02-01 00:00:00,Y06,1499,1758
YS011887,2026-02-01 00:00:00,Y07,899,1034
YS011888,2026-02-01 00:00:00,Y08,920,1028
YS011889,2026-02-01 00:00:00,Y09,837,1123
YS011890,2026-02-01 00:00:00,Y10,630,1339
YS011891,2026-02-01 08:00:00,Y01,906,1995
YS011892,2026-02-01 08:00:00,Y02,1149,1249
YS011893,2026-02-01 08:00:00,Y03,443,986
YS011894,2026-02-01 08:00:00,Y04,483,1113
YS011895,2026-02-01 08:00:00,Y05,618,930
YS011896,2026-02-01 08:00:00,Y06,1424,1758
YS011897,2026-02-01 08:00:00,Y07,433,1034
YS011898,2026-02-01 08:00:00,Y08,894,1028
YS011899,2026-02-01 08:00:00,Y09,1039,1123
YS011900,2026-02-01 08:00:00,Y10,649,1339
YS011901,2026-02-01 16:00:00,Y01,1082,1995
YS011902,2026-02-01 16:00:00,Y02,1181,1249
YS011903,2026-02-01 16:00:00,Y03,753,986
YS011904,2026-02-01 16:00:00,Y04,864,1113
YS011905,2026-02-01 16:00:00,Y05,901,930
YS011906,2026-02-01 16:00:00,Y06,1656,1758
YS011907,2026-02-01 16:00:00,Y07,699,1034
YS011908,2026-02-01 16:00:00,Y08,429,1028
YS011909,2026-02-01 16:00:00,Y09,657,1123
YS011910,2026-02-01 16:00:00,Y10,706,1339
YS011911,2026-02-02 00:00:00,Y01,999,1995
YS011912,2026-02-02 00:00:00,Y02,1222,1249
YS011913,2026-02-02 00:00:00,Y03,584,986
YS011914,2026-02-02 00:00:00,Y04,548,1113
YS011915,2026-02-02 00:00:00,Y05,577,930
YS011916,2026-02-02 00:00:00,Y06,1062,1758
YS011917,2026-02-02 00:00:00,Y07,594,1034
YS011918,2026-02-02 00:00:00,Y08,525,1028
YS011919,2026-02-02 00:00:00,Y09,1002,1123
YS011920,2026-02-02 00:00:00,Y10,1189,1339
YS011921,2026-02-02 08:00:00,Y01,1565,1995
YS011922,2026-02-02 08:00:00,Y02,753,1249
YS011923,2026-02-02 08:00:00,Y03,704,986
YS011924,2026-02-02 08:00:00,Y04,847,1113
YS011925,2026-02-02 08:00:00,Y05,657,930
YS011926,2026-02-02 08:00:00,Y06,1613,1758
YS011927,2026-02-02 08:00:00,Y07,836,1034
YS011928,2026-02-02 08:00:00,Y08,843,1028
YS011929,2026-02-02 08:00:00,Y09,663,1123
YS011930,2026-02-02 08:00:00,Y10,590,1339
YS011931,2026-02-02 16:00:00,Y01,997,1995
YS011932,2026-02-02 16:00:00,Y02,804,1249
YS011933,2026-02-02 16:00:00,Y03,511,986
YS011934,2026-02-02 16:00:00,Y04,661,1113
YS011935,2026-02-02 16:00:00,Y05,691,930
YS011936,2026-02-02 16:00:00,Y06,716,1758
YS011937,2026-02-02 16:00:00,Y07,690,1034
YS011938,2026-02-02 16:00:00,Y08,896,1028
YS011939,2026-02-02 16:00:00,Y09,1084,1123
YS011940,2026-02-02 16:00:00,Y10,1184,1339
YS011941,2026-02-03 00:00:00,Y01,1403,1995
YS011942,2026-02-03 00:00:00,Y02,551,1249
YS011943,2026-02-03 00:00:00,Y03,665,986
YS011944,2026-02-03 00:00:00,Y04,769,1113
YS011945,2026-02-03 00:00:00,Y05,678,930
YS011946,2026-02-03 00:00:00,Y06,1099,1758
YS011947,2026-02-03 00:00:00,Y07,739,1034
YS011948,2026-02-03 00:00:00,Y08,419,1028
YS011949,2026-02-03 00:00:00,Y09,909,1123
YS011950,2026-02-03 00:00:00,Y10,930,1339
YS011951,2026-02-03 08:00:00,Y01,1042,1995
YS011952,2026-02-03 08:00:00,Y02,1189,1249
YS011953,2026-02-03 08:00:00,Y03,917,986
YS011954,2026-02-03 08:00:00,Y04,989,1113
YS011955,2026-02-03 08:00:00,Y05,464,930
YS011956,2026-02-03 08:00:00,Y06,1267,1758
YS011957,2026-02-03 08:00:00,Y07,990,1034
YS011958,2026-02-03 08:00:00,Y08,777,1028
YS011959,2026-02-03 08:00:00,Y09,928,1123
YS011960,2026-02-03 08:00:00,Y10,646,1339
YS011961,2026-02-03 16:00:00,Y01,1799,1995
YS011962,2026-02-03 16:00:00,Y02,660,1249
YS011963,2026-02-03 16:00:00,Y03,622,986
YS011964,2026-02-03 16:00:00,Y04,677,1113
YS011965,2026-02-03 16:00:00,Y05,787,930
YS011966,2026-02-03 16:00:00,Y06,1093,1758
YS011967,2026-02-03 16:00:00,Y07,513,1034
YS011968,2026-02-03 16:00:00,Y08,681,1028
YS011969,2026-02-03 16:00:00,Y09,671,1123
YS011970,2026-02-03 16:00:00,Y10,1160,1339
YS011971,2026-02-04 00:00:00,Y01,1931,1995
YS011972,2026-02-04 00:00:00,Y02,1120,1249
YS011973,2026-02-04 00:00:00,Y03,469,986
YS011974,2026-02-04 00:00:00,Y04,920,1113
YS011975,2026-02-04 00:00:00,Y05,711,930
YS011976,2026-02-04 00:00:00,Y06,1159,1758
YS011977,2026-02-04 00:00:00,Y07,931,1034
YS011978,2026-02-04 00:00:00,Y08,778,1028
YS011979,2026-02-04 00:00:00,Y09,499,1123
YS011980,2026-02-04 00:00:00,Y10,649,1339
YS011981,2026-02-04 08:00:00,Y01,1448,1995
YS011982,2026-02-04 08:00:00,Y02,578,1249
YS011983,2026-02-04 08:00:00,Y03,698,986
YS011984,2026-02-04 08:00:00,Y04,458,1113
YS011985,2026-02-04 08:00:00,Y05,518,930
YS011986,2026-02-04 08:00:00,Y06,1308,1758
YS011987,2026-02-04 08:00:00,Y07,845,1034
YS011988,2026-02-04 08:00:00,Y08,462,1028
YS011989,2026-02-04 08:00:00,Y09,599,1123
YS011990,2026-02-04 08:00:00,Y10,1296,1339
YS011991,2026-02-04 16:00:00,Y01,1812,1995
YS011992,2026-02-04 16:00:00,Y02,879,1249
YS011993,2026-02-04 16:00:00,Y03,766,986
YS011994,2026-02-04 16:00:00,Y04,719,1113
YS011995,2026-02-04 16:00:00,Y05,833,930
YS011996,2026-02-04 16:00:00,Y06,913,1758
YS011997,2026-02-04 16:00:00,Y07,783,1034
YS011998,2026-02-04 16:00:00,Y08,899,1028
YS011999,2026-02-04 16:00:00,Y09,860,1123
YS012000,2026-02-04 16:00:00,Y10,1159,1339
YS012001,2026-02-05 00:00:00,Y01,1955,1995
YS012002,2026-02-05 00:00:00,Y02,599,1249
YS012003,2026-02-05 00:00:00,Y03,638,986
YS012004,2026-02-05 00:00:00,Y04,994,1113
YS012005,2026-02-05 00:00:00,Y05,561,930
YS012006,2026-02-05 00:00:00,Y06,1422,1758
YS012007,2026-02-05 00:00:00,Y07,959,1034
YS012008,2026-02-05 00:00:00,Y08,476,1028
YS012009,2026-02-05 00:00:00,Y09,814,1123
YS012010,2026-02-05 00:00:00,Y10,1260,1339
YS012011,2026-02-05 08:00:00,Y01,873,1995
YS012012,2026-02-05 08:00:00,Y02,1149,1249
YS012013,2026-02-05 08:00:00,Y03,669,986
YS012014,2026-02-05 08:00:00,Y04,918,1113
YS012015,2026-02-05 08:00:00,Y05,565,930
YS012016,2026-02-05 08:00:00,Y06,1628,1758
YS012017,2026-02-05 08:00:00,Y07,866,1034
YS012018,2026-02-05 08:00:00,Y08,724,1028
YS012019,2026-02-05 08:00:00,Y09,527,1123
YS012020,2026-02-05 08:00:00,Y10,762,1339
YS012021,2026-02-05 16:00:00,Y01,1169,1995
YS012022,2026-02-05 16:00:00,Y02,514,1249
YS012023,2026-02-05 16:00:00,Y03,947,986
YS012024,2026-02-05 16:00:00,Y04,1002,1113
YS012025,2026-02-05 16:00:00,Y05,879,930
YS012026,2026-02-05 16:00:00,Y06,1524,1758
YS012027,2026-02-05 16:00:00,Y07,801,1034
YS012028,2026-02-05 16:00:00,Y08,566,1028
YS012029,2026-02-05 16:00:00,Y09,892,1123
YS012030,2026-02-05 16:00:00,Y10,1107,1339
YS012031,2026-02-06 00:00:00,Y01,1844,1995
YS012032,2026-02-06 00:00:00,Y02,1187,1249
YS012033,2026-02-06 00:00:00,Y03,790,986
YS012034,2026-02-06 00:00:00,Y04,478,1113
YS012035,2026-02-06 00:00:00,Y05,900,930
YS012036,2026-02-06 00:00:00,Y06,1236,1758
YS012037,2026-02-06 00:00:00,Y07,970,1034
YS012038,2026-02-06 00:00:00,Y08,949,1028
YS012039,2026-02-06 00:00:00,Y09,810,1123
YS012040,2026-02-06 00:00:00,Y10,841,1339
YS012041,2026-02-06 08:00:00,Y01,1635,1995
YS012042,2026-02-06 08:00:00,Y02,772,1249
YS012043,2026-02-06 08:00:00,Y03,837,986
YS012044,2026-02-06 08:00:00,Y04,1079,1113
YS012045,2026-02-06 08:00:00,Y05,605,930
YS012046,2026-02-06 08:00:00,Y06,1021,1758
YS012047,2026-02-06 08:00:00,Y07,662,1034
YS012048,2026-02-06 08:00:00,Y08,504,1028
YS012049,2026-02-06 08:00:00,Y09,1074,1123
YS012050,2026-02-06 08:00:00,Y10,1311,1339
YS012051,2026-02-06 16:00:00,Y01,1809,1995
YS012052,2026-02-06 16:00:00,Y02,804,1249
YS012053,2026-02-06 16:00:00,Y03,884,986
YS012054,2026-02-06 16:00:00,Y04,701,1113
YS012055,2026-02-06 16:00:00,Y05,775,930
YS012056,2026-02-06 16:00:00,Y06,1087,1758
YS012057,2026-02-06 16:00:00,Y07,937,1034
YS012058,2026-02-06 16:00:00,Y08,700,1028
YS012059,2026-02-06 16:00:00,Y09,975,1123
YS012060,2026-02-06 16:00:00,Y10,818,1339
YS012061,2026-02-07 00:00:00,Y01,1139,1995
YS012062,2026-02-07 00:00:00,Y02,587,1249
YS012063,2026-02-07 00:00:00,Y03,449,986
YS012064,2026-02-07 00:00:00,Y04,791,1113
YS012065,2026-02-07 00:00:00,Y05,748,930
YS012066,2026-02-07 00:00:00,Y06,1543,1758
YS012067,2026-02-07 00:00:00,Y07,787,1034
YS012068,2026-02-07 00:00:00,Y08,705,1028
YS012069,2026-02-07 00:00:00,Y09,891,1123
YS012070,2026-02-07 00:00:00,Y10,608,1339
YS012071,2026-02-07 08:00:00,Y01,1802,1995
YS012072,2026-02-07 08:00:00,Y02,503,1249
YS012073,2026-02-07 08:00:00,Y03,427,986
YS012074,2026-02-07 08:00:00,Y04,986,1113
YS012075,2026-02-07 08:00:00,Y05,739,930
YS012076,2026-02-07 08:00:00,Y06,1686,1758
YS012077,2026-02-07 08:00:00,Y07,457,1034
YS012078,2026-02-07 08:00:00,Y08,698,1028
YS012079,2026-02-07 08:00:00,Y09,483,1123
YS012080,2026-02-07 08:00:00,Y10,811,1339
YS012081,2026-02-07 16:00:00,Y01,1285,1995
YS012082,2026-02-07 16:00:00,Y02,620,1249
YS012083,2026-02-07 16:00:00,Y03,395,986
YS012084,2026-02-07 16:00:00,Y04,488,1113
YS012085,2026-02-07 16:00:00,Y05,424,930
YS012086,2026-02-07 16:00:00,Y06,1113,1758
YS012087,2026-02-07 16:00:00,Y07,566,1034
YS012088,2026-02-07 16:00:00,Y08,583,1028
YS012089,2026-02-07 16:00:00,Y09,1062,1123
YS012090,2026-02-07 16:00:00,Y10,903,1339
YS012091,2026-02-08 00:00:00,Y01,1323,1995
YS012092,2026-02-08 00:00:00,Y02,1031,1249
YS012093,2026-02-08 00:00:00,Y03,909,986
YS012094,2026-02-08 00:00:00,Y04,1046,1113
YS012095,2026-02-08 00:00:00,Y05,681,930
YS012096,2026-02-08 00:00:00,Y06,1018,1758
YS012097,2026-02-08 00:00:00,Y07,834,1034
YS012098,2026-02-08 00:00:00,Y08,505,1028
YS012099,2026-02-08 00:00:00,Y09,497,1123
YS012100,2026-02-08 00:00:00,Y10,728,1339
YS012101,2026-02-08 08:00:00,Y01,921,1995
YS012102,2026-02-08 08:00:00,Y02,748,1249
YS012103,2026-02-08 08:00:00,Y03,891,986
YS012104,2026-02-08 08:00:00,Y04,462,1113
YS012105,2026-02-08 08:00:00,Y05,787,930
YS012106,2026-02-08 08:00:00,Y06,1466,1758
YS012107,2026-02-08 08:00:00,Y07,628,1034
YS012108,2026-02-08 08:00:00,Y08,540,1028
YS012109,2026-02-08 08:00:00,Y09,949,1123
YS012110,2026-02-08 08:00:00,Y10,978,1339
YS012111,2026-02-08 16:00:00,Y01,981,1995
YS012112,2026-02-08 16:00:00,Y02,877,1249
YS012113,2026-02-08 16:00:00,Y03,417,986
YS012114,2026-02-08 16:00:00,Y04,944,1113
YS012115,2026-02-08 16:00:00,Y05,567,930
YS012116,2026-02-08 16:00:00,Y06,1293,1758
YS012117,2026-02-08 16:00:00,Y07,575,1034
YS012118,2026-02-08 16:00:00,Y08,798,1028
YS012119,2026-02-08 16:00:00,Y09,1014,1123
YS012120,2026-02-08 16:00:00,Y10,916,1339
YS012121,2026-02-09 00:00:00,Y01,1341,1995
YS012122,2026-02-09 00:00:00,Y02,533,1249
YS012123,2026-02-09 00:00:00,Y03,632,986
YS012124,2026-02-09 00:00:00,Y04,779,1113
YS012125,2026-02-09 00:00:00,Y05,850,930
YS012126,2026-02-09 00:00:00,Y06,1708,1758
YS012127,2026-02-09 00:00:00,Y07,606,1034
YS012128,2026-02-09 00:00:00,Y08,752,1028
YS012129,2026-02-09 00:00:00,Y09,968,1123
YS012130,2026-02-09 00:00:00,Y10,1020,1339
YS012131,2026-02-09 08:00:00,Y01,1095,1995
YS012132,2026-02-09 08:00:00,Y02,644,1249
YS012133,2026-02-09 08:00:00,Y03,909,986
YS012134,2026-02-09 08:00:00,Y04,532,1113
YS012135,2026-02-09 08:00:00,Y05,768,930
YS012136,2026-02-09 08:00:00,Y06,1052,1758
YS012137,2026-02-09 08:00:00,Y07,415,1034
YS012138,2026-02-09 08:00:00,Y08,940,1028
YS012139,2026-02-09 08:00:00,Y09,889,1123
YS012140,2026-02-09 08:00:00,Y10,747,1339
YS012141,2026-02-09 16:00:00,Y01,996,1995
YS012142,2026-02-09 16:00:00,Y02,725,1249
YS012143,2026-02-09 16:00:00,Y03,432,986
YS012144,2026-02-09 16:00:00,Y04,450,1113
YS012145,2026-02-09 16:00:00,Y05,882,930
YS012146,2026-02-09 16:00:00,Y06,1480,1758
YS012147,2026-02-09 16:00:00,Y07,835,1034
YS012148,2026-02-09 16:00:00,Y08,658,1028
YS012149,2026-02-09 16:00:00,Y09,685,1123
YS012150,2026-02-09 16:00:00,Y10,1216,1339
YS012151,2026-02-10 00:00:00,Y01,1287,1995
YS012152,2026-02-10 00:00:00,Y02,926,1249
YS012153,2026-02-10 00:00:00,Y03,498,986
YS012154,2026-02-10 00:00:00,Y04,547,1113
YS012155,2026-02-10 00:00:00,Y05,865,930
YS012156,2026-02-10 00:00:00,Y06,1081,1758
YS012157,2026-02-10 00:00:00,Y07,881,1034
YS012158,2026-02-10 00:00:00,Y08,876,1028
YS012159,2026-02-10 00:00:00,Y09,1056,1123
YS012160,2026-02-10 00:00:00,Y10,742,1339
YS012161,2026-02-10 08:00:00,Y01,1121,1995
YS012162,2026-02-10 08:00:00,Y02,1213,1249
YS012163,2026-02-10 08:00:00,Y03,512,986
YS012164,2026-02-10 08:00:00,Y04,885,1113
YS012165,2026-02-10 08:00:00,Y05,898,930
YS012166,2026-02-10 08:00:00,Y06,798,1758
YS012167,2026-02-10 08:00:00,Y07,849,1034
YS012168,2026-02-10 08:00:00,Y08,728,1028
YS012169,2026-02-10 08:00:00,Y09,894,1123
YS012170,2026-02-10 08:00:00,Y10,677,1339
YS012171,2026-02-10 16:00:00,Y01,1673,1995
YS012172,2026-02-10 16:00:00,Y02,1147,1249
YS012173,2026-02-10 16:00:00,Y03,736,986
YS012174,2026-02-10 16:00:00,Y04,722,1113
YS012175,2026-02-10 16:00:00,Y05,799,930
YS012176,2026-02-10 16:00:00,Y06,1554,1758
YS012177,2026-02-10 16:00:00,Y07,774,1034
YS012178,2026-02-10 16:00:00,Y08,943,1028
YS012179,2026-02-10 16:00:00,Y09,1063,1123
YS012180,2026-02-10 16:00:00,Y10,1038,1339
YS012181,2026-02-11 00:00:00,Y01,1079,1995
YS012182,2026-02-11 00:00:00,Y02,1128,1249
YS012183,2026-02-11 00:00:00,Y03,843,986
YS012184,2026-02-11 00:00:00,Y04,497,1113
YS012185,2026-02-11 00:00:00,Y05,542,930
YS012186,2026-02-11 00:00:00,Y06,1107,1758
YS012187,2026-02-11 00:00:00,Y07,1012,1034
YS012188,2026-02-11 00:00:00,Y08,651,1028
YS012189,2026-02-11 00:00:00,Y09,696,1123
YS012190,2026-02-11 00:00:00,Y10,1087,1339
YS012191,2026-02-11 08:00:00,Y01,1194,1995
YS012192,2026-02-11 08:00:00,Y02,694,1249
YS012193,2026-02-11 08:00:00,Y03,545,986
YS012194,2026-02-11 08:00:00,Y04,1065,1113
YS012195,2026-02-11 08:00:00,Y05,801,930
YS012196,2026-02-11 08:00:00,Y06,1087,1758
YS012197,2026-02-11 08:00:00,Y07,996,1034
YS012198,2026-02-11 08:00:00,Y08,470,1028
YS012199,2026-02-11 08:00:00,Y09,831,1123
YS012200,2026-02-11 08:00:00,Y10,959,1339
YS012201,2026-02-11 16:00:00,Y01,1601,1995
YS012202,2026-02-11 16:00:00,Y02,1035,1249
YS012203,2026-02-11 16:00:00,Y03,524,986
YS012204,2026-02-11 16:00:00,Y04,914,1113
YS012205,2026-02-11 16:00:00,Y05,714,930
YS012206,2026-02-11 16:00:00,Y06,716,1758
YS012207,2026-02-11 16:00:00,Y07,756,1034
YS012208,2026-02-11 16:00:00,Y08,629,1028
YS012209,2026-02-11 16:00:00,Y09,535,1123
YS012210,2026-02-11 16:00:00,Y10,819,1339
YS012211,2026-02-12 00:00:00,Y01,959,1995
YS012212,2026-02-12 00:00:00,Y02,954,1249
YS012213,2026-02-12 00:00:00,Y03,656,986
YS012214,2026-02-12 00:00:00,Y04,710,1113
YS012215,2026-02-12 00:00:00,Y05,540,930
YS012216,2026-02-12 00:00:00,Y06,1153,1758
YS012217,2026-02-12 00:00:00,Y07,841,1034
YS012218,2026-02-12 00:00:00,Y08,761,1028
YS012219,2026-02-12 00:00:00,Y09,647,1123
YS012220,2026-02-12 00:00:00,Y10,980,1339
YS012221,2026-02-12 08:00:00,Y01,1788,1995
YS012222,2026-02-12 08:00:00,Y02,644,1249
YS012223,2026-02-12 08:00:00,Y03,801,986
YS012224,2026-02-12 08:00:00,Y04,817,1113
YS012225,2026-02-12 08:00:00,Y05,463,930
YS012226,2026-02-12 08:00:00,Y06,739,1758
YS012227,2026-02-12 08:00:00,Y07,1007,1034
YS012228,2026-02-12 08:00:00,Y08,894,1028
YS012229,2026-02-12 08:00:00,Y09,1086,1123
YS012230,2026-02-12 08:00:00,Y10,1079,1339
YS012231,2026-02-12 16:00:00,Y01,1870,1995
YS012232,2026-02-12 16:00:00,Y02,1202,1249
YS012233,2026-02-12 16:00:00,Y03,443,986
YS012234,2026-02-12 16:00:00,Y04,697,1113
YS012235,2026-02-12 16:00:00,Y05,855,930
YS012236,2026-02-12 16:00:00,Y06,1530,1758
YS012237,2026-02-12 16:00:00,Y07,795,1034
YS012238,2026-02-12 16:00:00,Y08,436,1028
YS012239,2026-02-12 16:00:00,Y09,515,1123
YS012240,2026-02-12 16:00:00,Y10,731,1339
YS012241,2026-02-13 00:00:00,Y01,1078,1995
YS012242,2026-02-13 00:00:00,Y02,989,1249
YS012243,2026-02-13 00:00:00,Y03,712,986
YS012244,2026-02-13 00:00:00,Y04,1025,1113
YS012245,2026-02-13 00:00:00,Y05,658,930
YS012246,2026-02-13 00:00:00,Y06,1181,1758
YS012247,2026-02-13 00:00:00,Y07,753,1034
YS012248,2026-02-13 00:00:00,Y08,620,1028
YS012249,2026-02-13 00:00:00,Y09,1007,1123
YS012250,2026-02-13 00:00:00,Y10,799,1339
YS012251,2026-02-13 08:00:00,Y01,1189,1995
YS012252,2026-02-13 08:00:00,Y02,720,1249
YS012253,2026-02-13 08:00:00,Y03,634,986
YS012254,2026-02-13 08:00:00,Y04,715,1113
YS012255,2026-02-13 08:00:00,Y05,464,930
YS012256,2026-02-13 08:00:00,Y06,1455,1758
YS012257,2026-02-13 08:00:00,Y07,818,1034
YS012258,2026-02-13 08:00:00,Y08,427,1028
YS012259,2026-02-13 08:00:00,Y09,617,1123
YS012260,2026-02-13 08:00:00,Y10,898,1339
YS012261,2026-02-13 16:00:00,Y01,1053,1995
YS012262,2026-02-13 16:00:00,Y02,1158,1249
YS012263,2026-02-13 16:00:00,Y03,959,986
YS012264,2026-02-13 16:00:00,Y04,802,1113
YS012265,2026-02-13 16:00:00,Y05,460,930
YS012266,2026-02-13 16:00:00,Y06,1594,1758
YS012267,2026-02-13 16:00:00,Y07,461,1034
YS012268,2026-02-13 16:00:00,Y08,774,1028
YS012269,2026-02-13 16:00:00,Y09,1048,1123
YS012270,2026-02-13 16:00:00,Y10,702,1339
YS012271,2026-02-14 00:00:00,Y01,1783,1995
YS012272,2026-02-14 00:00:00,Y02,1120,1249
YS012273,2026-02-14 00:00:00,Y03,487,986
YS012274,2026-02-14 00:00:00,Y04,611,1113
YS012275,2026-02-14 00:00:00,Y05,538,930
YS012276,2026-02-14 00:00:00,Y06,1139,1758
YS012277,2026-02-14 00:00:00,Y07,934,1034
YS012278,2026-02-14 00:00:00,Y08,827,1028
YS012279,2026-02-14 00:00:00,Y09,575,1123
YS012280,2026-02-14 00:00:00,Y10,1207,1339
YS012281,2026-02-14 08:00:00,Y01,1844,1995
YS012282,2026-02-14 08:00:00,Y02,927,1249
YS012283,2026-02-14 08:00:00,Y03,695,986
YS012284,2026-02-14 08:00:00,Y04,910,1113
YS012285,2026-02-14 08:00:00,Y05,457,930
YS012286,2026-02-14 08:00:00,Y06,1280,1758
YS012287,2026-02-14 08:00:00,Y07,550,1034
YS012288,2026-02-14 08:00:00,Y08,629,1028
YS012289,2026-02-14 08:00:00,Y09,1007,1123
YS012290,2026-02-14 08:00:00,Y10,1120,1339
YS012291,2026-02-14 16:00:00,Y01,1161,1995
YS012292,2026-02-14 16:00:00,Y02,1028,1249
YS012293,2026-02-14 16:00:00,Y03,666,986
YS012294,2026-02-14 16:00:00,Y04,965,1113
YS012295,2026-02-14 16:00:00,Y05,833,930
YS012296,2026-02-14 16:00:00,Y06,1716,1758
YS012297,2026-02-14 16:00:00,Y07,575,1034
YS012298,2026-02-14 16:00:00,Y08,785,1028
YS012299,2026-02-14 16:00:00,Y09,821,1123
YS012300,2026-02-14 16:00:00,Y10,644,1339
YS012301,2026-02-15 00:00:00,Y01,1558,1995
YS012302,2026-02-15 00:00:00,Y02,882,1249
YS012303,2026-02-15 00:00:00,Y03,775,986
YS012304,2026-02-15 00:00:00,Y04,868,1113
YS012305,2026-02-15 00:00:00,Y05,551,930
YS012306,2026-02-15 00:00:00,Y06,873,1758
YS012307,2026-02-15 00:00:00,Y07,662,1034
YS012308,2026-02-15 00:00:00,Y08,744,1028
YS012309,2026-02-15 00:00:00,Y09,601,1123
YS012310,2026-02-15 00:00:00,Y10,986,1339
YS012311,2026-02-15 08:00:00,Y01,1134,1995
YS012312,2026-02-15 08:00:00,Y02,1161,1249
YS012313,2026-02-15 08:00:00,Y03,461,986
YS012314,2026-02-15 08:00:00,Y04,831,1113
YS012315,2026-02-15 08:00:00,Y05,832,930
YS012316,2026-02-15 08:00:00,Y06,1177,1758
YS012317,2026-02-15 08:00:00,Y07,551,1034
YS012318,2026-02-15 08:00:00,Y08,846,1028
YS012319,2026-02-15 08:00:00,Y09,452,1123
YS012320,2026-02-15 08:00:00,Y10,1270,1339
YS012321,2026-02-15 16:00:00,Y01,1479,1995
YS012322,2026-02-15 16:00:00,Y02,1015,1249
YS012323,2026-02-15 16:00:00,Y03,481,986
YS012324,2026-02-15 16:00:00,Y04,719,1113
YS012325,2026-02-15 16:00:00,Y05,687,930
YS012326,2026-02-15 16:00:00,Y06,1119,1758
YS012327,2026-02-15 16:00:00,Y07,432,1034
YS012328,2026-02-15 16:00:00,Y08,595,1028
YS012329,2026-02-15 16:00:00,Y09,1036,1123
YS012330,2026-02-15 16:00:00,Y10,675,1339
YS012331,2026-02-16 00:00:00,Y01,1047,1995
YS012332,2026-02-16 00:00:00,Y02,521,1249
YS012333,2026-02-16 00:00:00,Y03,565,986
YS012334,2026-02-16 00:00:00,Y04,667,1113
YS012335,2026-02-16 00:00:00,Y05,443,930
YS012336,2026-02-16 00:00:00,Y06,968,1758
YS012337,2026-02-16 00:00:00,Y07,454,1034
YS012338,2026-02-16 00:00:00,Y08,712,1028
YS012339,2026-02-16 00:00:00,Y09,976,1123
YS012340,2026-02-16 00:00:00,Y10,1093,1339
YS012341,2026-02-16 08:00:00,Y01,1175,1995
YS012342,2026-02-16 08:00:00,Y02,516,1249
YS012343,2026-02-16 08:00:00,Y03,434,986
YS012344,2026-02-16 08:00:00,Y04,682,1113
YS012345,2026-02-16 08:00:00,Y05,660,930
YS012346,2026-02-16 08:00:00,Y06,983,1758
YS012347,2026-02-16 08:00:00,Y07,483,1034
YS012348,2026-02-16 08:00:00,Y08,653,1028
YS012349,2026-02-16 08:00:00,Y09,640,1123
YS012350,2026-02-16 08:00:00,Y10,819,1339
YS012351,2026-02-16 16:00:00,Y01,1684,1995
YS012352,2026-02-16 16:00:00,Y02,1184,1249
YS012353,2026-02-16 16:00:00,Y03,681,986
YS012354,2026-02-16 16:00:00,Y04,621,1113
YS012355,2026-02-16 16:00:00,Y05,376,930
YS012356,2026-02-16 16:00:00,Y06,1448,1758
YS012357,2026-02-16 16:00:00,Y07,947,1034
YS012358,2026-02-16 16:00:00,Y08,849,1028
YS012359,2026-02-16 16:00:00,Y09,515,1123
YS012360,2026-02-16 16:00:00,Y10,1274,1339
YS012361,2026-02-17 00:00:00,Y01,1586,1995
YS012362,2026-02-17 00:00:00,Y02,985,1249
YS012363,2026-02-17 00:00:00,Y03,637,986
YS012364,2026-02-17 00:00:00,Y04,671,1113
YS012365,2026-02-17 00:00:00,Y05,505,930
YS012366,2026-02-17 00:00:00,Y06,1523,1758
YS012367,2026-02-17 00:00:00,Y07,761,1034
YS012368,2026-02-17 00:00:00,Y08,607,1028
YS012369,2026-02-17 00:00:00,Y09,897,1123
YS012370,2026-02-17 00:00:00,Y10,875,1339
YS012371,2026-02-17 08:00:00,Y01,1229,1995
YS012372,2026-02-17 08:00:00,Y02,908,1249
YS012373,2026-02-17 08:00:00,Y03,450,986
YS012374,2026-02-17 08:00:00,Y04,796,1113
YS012375,2026-02-17 08:00:00,Y05,846,930
YS012376,2026-02-17 08:00:00,Y06,1502,1758
YS012377,2026-02-17 08:00:00,Y07,920,1034
YS012378,2026-02-17 08:00:00,Y08,1004,1028
YS012379,2026-02-17 08:00:00,Y09,646,1123
YS012380,2026-02-17 08:00:00,Y10,1046,1339
YS012381,2026-02-17 16:00:00,Y01,1676,1995
YS012382,2026-02-17 16:00:00,Y02,735,1249
YS012383,2026-02-17 16:00:00,Y03,560,986
YS012384,2026-02-17 16:00:00,Y04,491,1113
YS012385,2026-02-17 16:00:00,Y05,473,930
YS012386,2026-02-17 16:00:00,Y06,1042,1758
YS012387,2026-02-17 16:00:00,Y07,736,1034
YS012388,2026-02-17 16:00:00,Y08,891,1028
YS012389,2026-02-17 16:00:00,Y09,869,1123
YS012390,2026-02-17 16:00:00,Y10,571,1339
YS012391,2026-02-18 00:00:00,Y01,1450,1995
YS012392,2026-02-18 00:00:00,Y02,1209,1249
YS012393,2026-02-18 00:00:00,Y03,508,986
YS012394,2026-02-18 00:00:00,Y04,898,1113
YS012395,2026-02-18 00:00:00,Y05,579,930
YS012396,2026-02-18 00:00:00,Y06,890,1758
YS012397,2026-02-18 00:00:00,Y07,756,1034
YS012398,2026-02-18 00:00:00,Y08,711,1028
YS012399,2026-02-18 00:00:00,Y09,692,1123
YS012400,2026-02-18 00:00:00,Y10,698,1339
YS012401,2026-02-18 08:00:00,Y01,864,1995
YS012402,2026-02-18 08:00:00,Y02,861,1249
YS012403,2026-02-18 08:00:00,Y03,678,986
YS012404,2026-02-18 08:00:00,Y04,807,1113
YS012405,2026-02-18 08:00:00,Y05,790,930
YS012406,2026-02-18 08:00:00,Y06,1605,1758
YS012407,2026-02-18 08:00:00,Y07,894,1034
YS012408,2026-02-18 08:00:00,Y08,446,1028
YS012409,2026-02-18 08:00:00,Y09,450,1123
YS012410,2026-02-18 08:00:00,Y10,1190,1339
YS012411,2026-02-18 16:00:00,Y01,1815,1995
YS012412,2026-02-18 16:00:00,Y02,1062,1249
YS012413,2026-02-18 16:00:00,Y03,781,986
YS012414,2026-02-18 16:00:00,Y04,617,1113
YS012415,2026-02-18 16:00:00,Y05,498,930
YS012416,2026-02-18 16:00:00,Y06,789,1758
YS012417,2026-02-18 16:00:00,Y07,825,1034
YS012418,2026-02-18 16:00:00,Y08,545,1028
YS012419,2026-02-18 16:00:00,Y09,619,1123
YS012420,2026-02-18 16:00:00,Y10,1220,1339
YS012421,2026-02-19 00:00:00,Y01,997,1995
YS012422,2026-02-19 00:00:00,Y02,621,1249
YS012423,2026-02-19 00:00:00,Y03,501,986
YS012424,2026-02-19 00:00:00,Y04,797,1113
YS012425,2026-02-19 00:00:00,Y05,450,930
YS012426,2026-02-19 00:00:00,Y06,1037,1758
YS012427,2026-02-19 00:00:00,Y07,482,1034
YS012428,2026-02-19 00:00:00,Y08,947,1028
YS012429,2026-02-19 00:00:00,Y09,917,1123
YS012430,2026-02-19 00:00:00,Y10,736,1339
YS012431,2026-02-19 08:00:00,Y01,1136,1995
YS012432,2026-02-19 08:00:00,Y02,812,1249
YS012433,2026-02-19 08:00:00,Y03,618,986
YS012434,2026-02-19 08:00:00,Y04,975,1113
YS012435,2026-02-19 08:00:00,Y05,540,930
YS012436,2026-02-19 08:00:00,Y06,1596,1758
YS012437,2026-02-19 08:00:00,Y07,501,1034
YS012438,2026-02-19 08:00:00,Y08,561,1028
YS012439,2026-02-19 08:00:00,Y09,785,1123
YS012440,2026-02-19 08:00:00,Y10,575,1339
YS012441,2026-02-19 16:00:00,Y01,912,1995
YS012442,2026-02-19 16:00:00,Y02,571,1249
YS012443,2026-02-19 16:00:00,Y03,933,986
YS012444,2026-02-19 16:00:00,Y04,1043,1113
YS012445,2026-02-19 16:00:00,Y05,604,930
YS012446,2026-02-19 16:00:00,Y06,1649,1758
YS012447,2026-02-19 16:00:00,Y07,517,1034
YS012448,2026-02-19 16:00:00,Y08,904,1028
YS012449,2026-02-19 16:00:00,Y09,562,1123
YS012450,2026-02-19 16:00:00,Y10,983,1339
YS012451,2026-02-20 00:00:00,Y01,948,1995
YS012452,2026-02-20 00:00:00,Y02,606,1249
YS012453,2026-02-20 00:00:00,Y03,487,986
YS012454,2026-02-20 00:00:00,Y04,634,1113
YS012455,2026-02-20 00:00:00,Y05,414,930
YS012456,2026-02-20 00:00:00,Y06,1274,1758
YS012457,2026-02-20 00:00:00,Y07,742,1034
YS012458,2026-02-20 00:00:00,Y08,979,1028
YS012459,2026-02-20 00:00:00,Y09,1007,1123
YS012460,2026-02-20 00:00:00,Y10,907,1339
YS012461,2026-02-20 08:00:00,Y01,1565,1995
YS012462,2026-02-20 08:00:00,Y02,912,1249
YS012463,2026-02-20 08:00:00,Y03,637,986
YS012464,2026-02-20 08:00:00,Y04,954,1113
YS012465,2026-02-20 08:00:00,Y05,766,930
YS012466,2026-02-20 08:00:00,Y06,1084,1758
YS012467,2026-02-20 08:00:00,Y07,483,1034
YS012468,2026-02-20 08:00:00,Y08,840,1028
YS012469,2026-02-20 08:00:00,Y09,597,1123
YS012470,2026-02-20 08:00:00,Y10,747,1339
YS012471,2026-02-20 16:00:00,Y01,1174,1995
YS012472,2026-02-20 16:00:00,Y02,796,1249
YS012473,2026-02-20 16:00:00,Y03,443,986
YS012474,2026-02-20 16:00:00,Y04,821,1113
YS012475,2026-02-20 16:00:00,Y05,784,930
YS012476,2026-02-20 16:00:00,Y06,1460,1758
YS012477,2026-02-20 16:00:00,Y07,493,1034
YS012478,2026-02-20 16:00:00,Y08,443,1028
YS012479,2026-02-20 16:00:00,Y09,719,1123
YS012480,2026-02-20 16:00:00,Y10,767,1339
YS012481,2026-02-21 00:00:00,Y01,1255,1995
YS012482,2026-02-21 00:00:00,Y02,611,1249
YS012483,2026-02-21 00:00:00,Y03,872,986
YS012484,2026-02-21 00:00:00,Y04,741,1113
YS012485,2026-02-21 00:00:00,Y05,583,930
YS012486,2026-02-21 00:00:00,Y06,1468,1758
YS012487,2026-02-21 00:00:00,Y07,692,1034
YS012488,2026-02-21 00:00:00,Y08,614,1028
YS012489,2026-02-21 00:00:00,Y09,566,1123
YS012490,2026-02-21 00:00:00,Y10,680,1339
YS012491,2026-02-21 08:00:00,Y01,1847,1995
YS012492,2026-02-21 08:00:00,Y02,982,1249
YS012493,2026-02-21 08:00:00,Y03,397,986
YS012494,2026-02-21 08:00:00,Y04,453,1113
YS012495,2026-02-21 08:00:00,Y05,510,930
YS012496,2026-02-21 08:00:00,Y06,911,1758
YS012497,2026-02-21 08:00:00,Y07,832,1034
YS012498,2026-02-21 08:00:00,Y08,950,1028
YS012499,2026-02-21 08:00:00,Y09,1018,1123
YS012500,2026-02-21 08:00:00,Y10,1149,1339
YS012501,2026-02-21 16:00:00,Y01,1112,1995
YS012502,2026-02-21 16:00:00,Y02,939,1249
YS012503,2026-02-21 16:00:00,Y03,538,986
YS012504,2026-02-21 16:00:00,Y04,452,1113
YS012505,2026-02-21 16:00:00,Y05,572,930
YS012506,2026-02-21 16:00:00,Y06,1141,1758
YS012507,2026-02-21 16:00:00,Y07,575,1034
YS012508,2026-02-21 16:00:00,Y08,512,1028
YS012509,2026-02-21 16:00:00,Y09,704,1123
YS012510,2026-02-21 16:00:00,Y10,692,1339
YS012511,2026-02-22 00:00:00,Y01,1675,1995
YS012512,2026-02-22 00:00:00,Y02,957,1249
YS012513,2026-02-22 00:00:00,Y03,406,986
YS012514,2026-02-22 00:00:00,Y04,961,1113
YS012515,2026-02-22 00:00:00,Y05,796,930
YS012516,2026-02-22 00:00:00,Y06,1709,1758
YS012517,2026-02-22 00:00:00,Y07,904,1034
YS012518,2026-02-22 00:00:00,Y08,615,1028
YS012519,2026-02-22 00:00:00,Y09,840,1123
YS012520,2026-02-22 00:00:00,Y10,1289,1339
YS012521,2026-02-22 08:00:00,Y01,986,1995
YS012522,2026-02-22 08:00:00,Y02,1153,1249
YS012523,2026-02-22 08:00:00,Y03,414,986
YS012524,2026-02-22 08:00:00,Y04,457,1113
YS012525,2026-02-22 08:00:00,Y05,404,930
YS012526,2026-02-22 08:00:00,Y06,1119,1758
YS012527,2026-02-22 08:00:00,Y07,703,1034
YS012528,2026-02-22 08:00:00,Y08,622,1028
YS012529,2026-02-22 08:00:00,Y09,997,1123
YS012530,2026-02-22 08:00:00,Y10,1032,1339
YS012531,2026-02-22 16:00:00,Y01,1336,1995
YS012532,2026-02-22 16:00:00,Y02,1042,1249
YS012533,2026-02-22 16:00:00,Y03,403,986
YS012534,2026-02-22 16:00:00,Y04,1000,1113
YS012535,2026-02-22 16:00:00,Y05,633,930
YS012536,2026-02-22 16:00:00,Y06,795,1758
YS012537,2026-02-22 16:00:00,Y07,768,1034
YS012538,2026-02-22 16:00:00,Y08,615,1028
YS012539,2026-02-22 16:00:00,Y09,905,1123
YS012540,2026-02-22 16:00:00,Y10,1081,1339
YS012541,2026-02-23 00:00:00,Y01,1431,1995
YS012542,2026-02-23 00:00:00,Y02,615,1249
YS012543,2026-02-23 00:00:00,Y03,803,986
YS012544,2026-02-23 00:00:00,Y04,873,1113
YS012545,2026-02-23 00:00:00,Y05,571,930
YS012546,2026-02-23 00:00:00,Y06,1057,1758
YS012547,2026-02-23 00:00:00,Y07,963,1034
YS012548,2026-02-23 00:00:00,Y08,988,1028
YS012549,2026-02-23 00:00:00,Y09,943,1123
YS012550,2026-02-23 00:00:00,Y10,1015,1339
YS012551,2026-02-23 08:00:00,Y01,1295,1995
YS012552,2026-02-23 08:00:00,Y02,706,1249
YS012553,2026-02-23 08:00:00,Y03,895,986
YS012554,2026-02-23 08:00:00,Y04,951,1113
YS012555,2026-02-23 08:00:00,Y05,521,930
YS012556,2026-02-23 08:00:00,Y06,1005,1758
YS012557,2026-02-23 08:00:00,Y07,684,1034
YS012558,2026-02-23 08:00:00,Y08,598,1028
YS012559,2026-02-23 08:00:00,Y09,921,1123
YS012560,2026-02-23 08:00:00,Y10,1204,1339
YS012561,2026-02-23 16:00:00,Y01,1213,1995
YS012562,2026-02-23 16:00:00,Y02,621,1249
YS012563,2026-02-23 16:00:00,Y03,906,986
YS012564,2026-02-23 16:00:00,Y04,591,1113
YS012565,2026-02-23 16:00:00,Y05,433,930
YS012566,2026-02-23 16:00:00,Y06,831,1758
YS012567,2026-02-23 16:00:00,Y07,515,1034
YS012568,2026-02-23 16:00:00,Y08,663,1028
YS012569,2026-02-23 16:00:00,Y09,526,1123
YS012570,2026-02-23 16:00:00,Y10,1006,1339
YS012571,2026-02-24 00:00:00,Y01,1536,1995
YS012572,2026-02-24 00:00:00,Y02,1105,1249
YS012573,2026-02-24 00:00:00,Y03,943,986
YS012574,2026-02-24 00:00:00,Y04,808,1113
YS012575,2026-02-24 00:00:00,Y05,610,930
YS012576,2026-02-24 00:00:00,Y06,825,1758
YS012577,2026-02-24 00:00:00,Y07,821,1034
YS012578,2026-02-24 00:00:00,Y08,675,1028
YS012579,2026-02-24 00:00:00,Y09,650,1123
YS012580,2026-02-24 00:00:00,Y10,791,1339
YS012581,2026-02-24 08:00:00,Y01,886,1995
YS012582,2026-02-24 08:00:00,Y02,879,1249
YS012583,2026-02-24 08:00:00,Y03,853,986
YS012584,2026-02-24 08:00:00,Y04,754,1113
YS012585,2026-02-24 08:00:00,Y05,589,930
YS012586,2026-02-24 08:00:00,Y06,873,1758
YS012587,2026-02-24 08:00:00,Y07,959,1034
YS012588,2026-02-24 08:00:00,Y08,733,1028
YS012589,2026-02-24 08:00:00,Y09,1076,1123
YS012590,2026-02-24 08:00:00,Y10,923,1339
YS012591,2026-02-24 16:00:00,Y01,971,1995
YS012592,2026-02-24 16:00:00,Y02,1164,1249
YS012593,2026-02-24 16:00:00,Y03,711,986
YS012594,2026-02-24 16:00:00,Y04,617,1113
YS012595,2026-02-24 16:00:00,Y05,480,930
YS012596,2026-02-24 16:00:00,Y06,1490,1758
YS012597,2026-02-24 16:00:00,Y07,968,1034
YS012598,2026-02-24 16:00:00,Y08,912,1028
YS012599,2026-02-24 16:00:00,Y09,978,1123
YS012600,2026-02-24 16:00:00,Y10,1046,1339
YS012601,2026-02-25 00:00:00,Y01,1377,1995
YS012602,2026-02-25 00:00:00,Y02,798,1249
YS012603,2026-02-25 00:00:00,Y03,778,986
YS012604,2026-02-25 00:00:00,Y04,1053,1113
YS012605,2026-02-25 00:00:00,Y05,784,930
YS012606,2026-02-25 00:00:00,Y06,1280,1758
YS012607,2026-02-25 00:00:00,Y07,848,1034
YS012608,2026-02-25 00:00:00,Y08,479,1028
YS012609,2026-02-25 00:00:00,Y09,1039,1123
YS012610,2026-02-25 00:00:00,Y10,901,1339
YS012611,2026-02-25 08:00:00,Y01,1734,1995
YS012612,2026-02-25 08:00:00,Y02,550,1249
YS012613,2026-02-25 08:00:00,Y03,568,986
YS012614,2026-02-25 08:00:00,Y04,828,1113
YS012615,2026-02-25 08:00:00,Y05,842,930
YS012616,2026-02-25 08:00:00,Y06,1279,1758
YS012617,2026-02-25 08:00:00,Y07,621,1034
YS012618,2026-02-25 08:00:00,Y08,821,1028
YS012619,2026-02-25 08:00:00,Y09,998,1123
YS012620,2026-02-25 08:00:00,Y10,971,1339
YS012621,2026-02-25 16:00:00,Y01,1549,1995
YS012622,2026-02-25 16:00:00,Y02,682,1249
YS012623,2026-02-25 16:00:00,Y03,854,986
YS012624,2026-02-25 16:00:00,Y04,716,1113
YS012625,2026-02-25 16:00:00,Y05,858,930
YS012626,2026-02-25 16:00:00,Y06,1010,1758
YS012627,2026-02-25 16:00:00,Y07,680,1034
YS012628,2026-02-25 16:00:00,Y08,715,1028
YS012629,2026-02-25 16:00:00,Y09,575,1123
YS012630,2026-02-25 16:00:00,Y10,913,1339
YS012631,2026-02-26 00:00:00,Y01,1088,1995
YS012632,2026-02-26 00:00:00,Y02,603,1249
YS012633,2026-02-26 00:00:00,Y03,709,986
YS012634,2026-02-26 00:00:00,Y04,961,1113
YS012635,2026-02-26 00:00:00,Y05,479,930
YS012636,2026-02-26 00:00:00,Y06,1086,1758
YS012637,2026-02-26 00:00:00,Y07,1012,1034
YS012638,2026-02-26 00:00:00,Y08,457,1028
YS012639,2026-02-26 00:00:00,Y09,731,1123
YS012640,2026-02-26 00:00:00,Y10,988,1339
YS012641,2026-02-26 08:00:00,Y01,906,1995
YS012642,2026-02-26 08:00:00,Y02,544,1249
YS012643,2026-02-26 08:00:00,Y03,808,986
YS012644,2026-02-26 08:00:00,Y04,716,1113
YS012645,2026-02-26 08:00:00,Y05,559,930
YS012646,2026-02-26 08:00:00,Y06,703,1758
YS012647,2026-02-26 08:00:00,Y07,860,1034
YS012648,2026-02-26 08:00:00,Y08,641,1028
YS012649,2026-02-26 08:00:00,Y09,784,1123
YS012650,2026-02-26 08:00:00,Y10,1120,1339
YS012651,2026-02-26 16:00:00,Y01,1194,1995
YS012652,2026-02-26 16:00:00,Y02,1012,1249
YS012653,2026-02-26 16:00:00,Y03,800,986
YS012654,2026-02-26 16:00:00,Y04,920,1113
YS012655,2026-02-26 16:00:00,Y05,813,930
YS012656,2026-02-26 16:00:00,Y06,1200,1758
YS012657,2026-02-26 16:00:00,Y07,450,1034
YS012658,2026-02-26 16:00:00,Y08,839,1028
YS012659,2026-02-26 16:00:00,Y09,1022,1123
YS012660,2026-02-26 16:00:00,Y10,943,1339
YS012661,2026-02-27 00:00:00,Y01,1114,1995
YS012662,2026-02-27 00:00:00,Y02,1215,1249
YS012663,2026-02-27 00:00:00,Y03,954,986
YS012664,2026-02-27 00:00:00,Y04,941,1113
YS012665,2026-02-27 00:00:00,Y05,763,930
YS012666,2026-02-27 00:00:00,Y06,1575,1758
YS012667,2026-02-27 00:00:00,Y07,910,1034
YS012668,2026-02-27 00:00:00,Y08,858,1028
YS012669,2026-02-27 00:00:00,Y09,632,1123
YS012670,2026-02-27 00:00:00,Y10,887,1339
YS012671,2026-02-27 08:00:00,Y01,853,1995
YS012672,2026-02-27 08:00:00,Y02,1169,1249
YS012673,2026-02-27 08:00:00,Y03,735,986
YS012674,2026-02-27 08:00:00,Y04,1013,1113
YS012675,2026-02-27 08:00:00,Y05,736,930
YS012676,2026-02-27 08:00:00,Y06,764,1758
YS012677,2026-02-27 08:00:00,Y07,547,1034
YS012678,2026-02-27 08:00:00,Y08,991,1028
YS012679,2026-02-27 08:00:00,Y09,605,1123
YS012680,2026-02-27 08:00:00,Y10,674,1339
YS012681,2026-02-27 16:00:00,Y01,1782,1995
YS012682,2026-02-27 16:00:00,Y02,740,1249
YS012683,2026-02-27 16:00:00,Y03,572,986
YS012684,2026-02-27 16:00:00,Y04,709,1113
YS012685,2026-02-27 16:00:00,Y05,695,930
YS012686,2026-02-27 16:00:00,Y06,1126,1758
YS012687,2026-02-27 16:00:00,Y07,552,1034
YS012688,2026-02-27 16:00:00,Y08,452,1028
YS012689,2026-02-27 16:00:00,Y09,992,1123
YS012690,2026-02-27 16:00:00,Y10,1290,1339
YS012691,2026-02-28 00:00:00,Y01,1692,1995
YS012692,2026-02-28 00:00:00,Y02,890,1249
YS012693,2026-02-28 00:00:00,Y03,513,986
YS012694,2026-02-28 00:00:00,Y04,1085,1113
YS012695,2026-02-28 00:00:00,Y05,687,930
YS012696,2026-02-28 00:00:00,Y06,826,1758
YS012697,2026-02-28 00:00:00,Y07,599,1034
YS012698,2026-02-28 00:00:00,Y08,994,1028
YS012699,2026-02-28 00:00:00,Y09,733,1123
YS012700,2026-02-28 00:00:00,Y10,1213,1339
YS012701,2026-02-28 08:00:00,Y01,1836,1995
YS012702,2026-02-28 08:00:00,Y02,886,1249
YS012703,2026-02-28 08:00:00,Y03,737,986
YS012704,2026-02-28 08:00:00,Y04,779,1113
YS012705,2026-02-28 08:00:00,Y05,908,930
YS012706,2026-02-28 08:00:00,Y06,796,1758
YS012707,2026-02-28 08:00:00,Y07,527,1034
YS012708,2026-02-28 08:00:00,Y08,753,1028
YS012709,2026-02-28 08:00:00,Y09,1095,1123
YS012710,2026-02-28 08:00:00,Y10,669,1339
YS012711,2026-02-28 16:00:00,Y01,812,1995
YS012712,2026-02-28 16:00:00,Y02,639,1249
YS012713,2026-02-28 16:00:00,Y03,899,986
YS012714,2026-02-28 16:00:00,Y04,712,1113
YS012715,2026-02-28 16:00:00,Y05,407,930
YS012716,2026-02-28 16:00:00,Y06,1103,1758
YS012717,2026-02-28 16:00:00,Y07,827,1034
YS012718,2026-02-28 16:00:00,Y08,921,1028
YS012719,2026-02-28 16:00:00,Y09,968,1123
YS012720,2026-02-28 16:00:00,Y10,990,1339
YS012721,2026-03-01 00:00:00,Y01,1466,1995
YS012722,2026-03-01 00:00:00,Y02,634,1249
YS012723,2026-03-01 00:00:00,Y03,585,986
YS012724,2026-03-01 00:00:00,Y04,912,1113
YS012725,2026-03-01 00:00:00,Y05,605,930
YS012726,2026-03-01 00:00:00,Y06,895,1758
YS012727,2026-03-01 00:00:00,Y07,754,1034
YS012728,2026-03-01 00:00:00,Y08,553,1028
YS012729,2026-03-01 00:00:00,Y09,1026,1123
YS012730,2026-03-01 00:00:00,Y10,809,1339
YS012731,2026-03-01 08:00:00,Y01,1895,1995
YS012732,2026-03-01 08:00:00,Y02,862,1249
YS012733,2026-03-01 08:00:00,Y03,450,986
YS012734,2026-03-01 08:00:00,Y04,1030,1113
YS012735,2026-03-01 08:00:00,Y05,657,930
YS012736,2026-03-01 08:00:00,Y06,729,1758
YS012737,2026-03-01 08:00:00,Y07,545,1034
YS012738,2026-03-01 08:00:00,Y08,622,1028
YS012739,2026-03-01 08:00:00,Y09,1059,1123
YS012740,2026-03-01 08:00:00,Y10,1137,1339
YS012741,2026-03-01 16:00:00,Y01,1710,1995
YS012742,2026-03-01 16:00:00,Y02,628,1249
YS012743,2026-03-01 16:00:00,Y03,443,986
YS012744,2026-03-01 16:00:00,Y04,590,1113
YS012745,2026-03-01 16:00:00,Y05,720,930
YS012746,2026-03-01 16:00:00,Y06,774,1758
YS012747,2026-03-01 16:00:00,Y07,568,1034
YS012748,2026-03-01 16:00:00,Y08,541,1028
YS012749,2026-03-01 16:00:00,Y09,730,1123
YS012750,2026-03-01 16:00:00,Y10,1220,1339
YS012751,2026-03-02 00:00:00,Y01,1121,1995
YS012752,2026-03-02 00:00:00,Y02,545,1249
YS012753,2026-03-02 00:00:00,Y03,615,986
YS012754,2026-03-02 00:00:00,Y04,607,1113
YS012755,2026-03-02 00:00:00,Y05,404,930
YS012756,2026-03-02 00:00:00,Y06,848,1758
YS012757,2026-03-02 00:00:00,Y07,511,1034
YS012758,2026-03-02 00:00:00,Y08,902,1028
YS012759,2026-03-02 00:00:00,Y09,653,1123
YS012760,2026-03-02 00:00:00,Y10,1005,1339
YS012761,2026-03-02 08:00:00,Y01,1046,1995
YS012762,2026-03-02 08:00:00,Y02,1142,1249
YS012763,2026-03-02 08:00:00,Y03,960,986
YS012764,2026-03-02 08:00:00,Y04,1016,1113
YS012765,2026-03-02 08:00:00,Y05,795,930
YS012766,2026-03-02 08:00:00,Y06,1395,1758
YS012767,2026-03-02 08:00:00,Y07,589,1034
YS012768,2026-03-02 08:00:00,Y08,803,1028
YS012769,2026-03-02 08:00:00,Y09,854,1123
YS012770,2026-03-02 08:00:00,Y10,569,1339
YS012771,2026-03-02 16:00:00,Y01,924,1995
YS012772,2026-03-02 16:00:00,Y02,868,1249
YS012773,2026-03-02 16:00:00,Y03,479,986
YS012774,2026-03-02 16:00:00,Y04,712,1113
YS012775,2026-03-02 16:00:00,Y05,775,930
YS012776,2026-03-02 16:00:00,Y06,1579,1758
YS012777,2026-03-02 16:00:00,Y07,912,1034
YS012778,2026-03-02 16:00:00,Y08,846,1028
YS012779,2026-03-02 16:00:00,Y09,893,1123
YS012780,2026-03-02 16:00:00,Y10,1301,1339
YS012781,2026-03-03 00:00:00,Y01,1803,1995
YS012782,2026-03-03 00:00:00,Y02,1144,1249
YS012783,2026-03-03 00:00:00,Y03,913,986
YS012784,2026-03-03 00:00:00,Y04,742,1113
YS012785,2026-03-03 00:00:00,Y05,798,930
YS012786,2026-03-03 00:00:00,Y06,1665,1758
YS012787,2026-03-03 00:00:00,Y07,597,1034
YS012788,2026-03-03 00:00:00,Y08,611,1028
YS012789,2026-03-03 00:00:00,Y09,1062,1123
YS012790,2026-03-03 00:00:00,Y10,624,1339
YS012791,2026-03-03 08:00:00,Y01,982,1995
YS012792,2026-03-03 08:00:00,Y02,665,1249
YS012793,2026-03-03 08:00:00,Y03,514,986
YS012794,2026-03-03 08:00:00,Y04,964,1113
YS012795,2026-03-03 08:00:00,Y05,396,930
YS012796,2026-03-03 08:00:00,Y06,1065,1758
YS012797,2026-03-03 08:00:00,Y07,535,1034
YS012798,2026-03-03 08:00:00,Y08,536,1028
YS012799,2026-03-03 08:00:00,Y09,916,1123
YS012800,2026-03-03 08:00:00,Y10,1222,1339
YS012801,2026-03-03 16:00:00,Y01,1399,1995
YS012802,2026-03-03 16:00:00,Y02,861,1249
YS012803,2026-03-03 16:00:00,Y03,483,986
YS012804,2026-03-03 16:00:00,Y04,662,1113
YS012805,2026-03-03 16:00:00,Y05,860,930
YS012806,2026-03-03 16:00:00,Y06,1654,1758
YS012807,2026-03-03 16:00:00,Y07,804,1034
YS012808,2026-03-03 16:00:00,Y08,595,1028
YS012809,2026-03-03 16:00:00,Y09,953,1123
YS012810,2026-03-03 16:00:00,Y10,1197,1339
YS012811,2026-03-04 00:00:00,Y01,1786,1995
YS012812,2026-03-04 00:00:00,Y02,740,1249
YS012813,2026-03-04 00:00:00,Y03,594,986
YS012814,2026-03-04 00:00:00,Y04,1045,1113
YS012815,2026-03-04 00:00:00,Y05,773,930
YS012816,2026-03-04 00:00:00,Y06,1679,1758
YS012817,2026-03-04 00:00:00,Y07,605,1034
YS012818,2026-03-04 00:00:00,Y08,517,1028
YS012819,2026-03-04 00:00:00,Y09,788,1123
YS012820,2026-03-04 00:00:00,Y10,1030,1339
YS012821,2026-03-04 08:00:00,Y01,1757,1995
YS012822,2026-03-04 08:00:00,Y02,640,1249
YS012823,2026-03-04 08:00:00,Y03,507,986
YS012824,2026-03-04 08:00:00,Y04,656,1113
YS012825,2026-03-04 08:00:00,Y05,617,930
YS012826,2026-03-04 08:00:00,Y06,1415,1758
YS012827,2026-03-04 08:00:00,Y07,790,1034
YS012828,2026-03-04 08:00:00,Y08,697,1028
YS012829,2026-03-04 08:00:00,Y09,707,1123
YS012830,2026-03-04 08:00:00,Y10,1049,1339
YS012831,2026-03-04 16:00:00,Y01,1039,1995
YS012832,2026-03-04 16:00:00,Y02,1084,1249
YS012833,2026-03-04 16:00:00,Y03,664,986
YS012834,2026-03-04 16:00:00,Y04,748,1113
YS012835,2026-03-04 16:00:00,Y05,515,930
YS012836,2026-03-04 16:00:00,Y06,1468,1758
YS012837,2026-03-04 16:00:00,Y07,736,1034
YS012838,2026-03-04 16:00:00,Y08,524,1028
YS012839,2026-03-04 16:00:00,Y09,633,1123
YS012840,2026-03-04 16:00:00,Y10,592,1339
YS012841,2026-03-05 00:00:00,Y01,1174,1995
YS012842,2026-03-05 00:00:00,Y02,1175,1249
YS012843,2026-03-05 00:00:00,Y03,953,986
YS012844,2026-03-05 00:00:00,Y04,645,1113
YS012845,2026-03-05 00:00:00,Y05,684,930
YS012846,2026-03-05 00:00:00,Y06,774,1758
YS012847,2026-03-05 00:00:00,Y07,563,1034
YS012848,2026-03-05 00:00:00,Y08,595,1028
YS012849,2026-03-05 00:00:00,Y09,948,1123
YS012850,2026-03-05 00:00:00,Y10,854,1339
YS012851,2026-03-05 08:00:00,Y01,1635,1995
YS012852,2026-03-05 08:00:00,Y02,744,1249
YS012853,2026-03-05 08:00:00,Y03,633,986
YS012854,2026-03-05 08:00:00,Y04,777,1113
YS012855,2026-03-05 08:00:00,Y05,757,930
YS012856,2026-03-05 08:00:00,Y06,707,1758
YS012857,2026-03-05 08:00:00,Y07,556,1034
YS012858,2026-03-05 08:00:00,Y08,881,1028
YS012859,2026-03-05 08:00:00,Y09,578,1123
YS012860,2026-03-05 08:00:00,Y10,743,1339
YS012861,2026-03-05 16:00:00,Y01,1879,1995
YS012862,2026-03-05 16:00:00,Y02,775,1249
YS012863,2026-03-05 16:00:00,Y03,471,986
YS012864,2026-03-05 16:00:00,Y04,552,1113
YS012865,2026-03-05 16:00:00,Y05,485,930
YS012866,2026-03-05 16:00:00,Y06,1625,1758
YS012867,2026-03-05 16:00:00,Y07,558,1034
YS012868,2026-03-05 16:00:00,Y08,540,1028
YS012869,2026-03-05 16:00:00,Y09,772,1123
YS012870,2026-03-05 16:00:00,Y10,764,1339
YS012871,2026-03-06 00:00:00,Y01,840,1995
YS012872,2026-03-06 00:00:00,Y02,638,1249
YS012873,2026-03-06 00:00:00,Y03,513,986
YS012874,2026-03-06 00:00:00,Y04,677,1113
YS012875,2026-03-06 00:00:00,Y05,740,930
YS012876,2026-03-06 00:00:00,Y06,1448,1758
YS012877,2026-03-06 00:00:00,Y07,761,1034
YS012878,2026-03-06 00:00:00,Y08,925,1028
YS012879,2026-03-06 00:00:00,Y09,638,1123
YS012880,2026-03-06 00:00:00,Y10,903,1339
YS012881,2026-03-06 08:00:00,Y01,1416,1995
YS012882,2026-03-06 08:00:00,Y02,1145,1249
YS012883,2026-03-06 08:00:00,Y03,924,986
YS012884,2026-03-06 08:00:00,Y04,451,1113
YS012885,2026-03-06 08:00:00,Y05,653,930
YS012886,2026-03-06 08:00:00,Y06,1191,1758
YS012887,2026-03-06 08:00:00,Y07,985,1034
YS012888,2026-03-06 08:00:00,Y08,512,1028
YS012889,2026-03-06 08:00:00,Y09,897,1123
YS012890,2026-03-06 08:00:00,Y10,733,1339
YS012891,2026-03-06 16:00:00,Y01,1421,1995
YS012892,2026-03-06 16:00:00,Y02,565,1249
YS012893,2026-03-06 16:00:00,Y03,573,986
YS012894,2026-03-06 16:00:00,Y04,655,1113
YS012895,2026-03-06 16:00:00,Y05,478,930
YS012896,2026-03-06 16:00:00,Y06,1592,1758
YS012897,2026-03-06 16:00:00,Y07,685,1034
YS012898,2026-03-06 16:00:00,Y08,996,1028
YS012899,2026-03-06 16:00:00,Y09,812,1123
YS012900,2026-03-06 16:00:00,Y10,1150,1339
YS012901,2026-03-07 00:00:00,Y01,1103,1995
YS012902,2026-03-07 00:00:00,Y02,817,1249
YS012903,2026-03-07 00:00:00,Y03,844,986
YS012904,2026-03-07 00:00:00,Y04,703,1113
YS012905,2026-03-07 00:00:00,Y05,521,930
YS012906,2026-03-07 00:00:00,Y06,1343,1758
YS012907,2026-03-07 00:00:00,Y07,444,1034
YS012908,2026-03-07 00:00:00,Y08,542,1028
YS012909,2026-03-07 00:00:00,Y09,716,1123
YS012910,2026-03-07 00:00:00,Y10,562,1339
YS012911,2026-03-07 08:00:00,Y01,1381,1995
YS012912,2026-03-07 08:00:00,Y02,949,1249
YS012913,2026-03-07 08:00:00,Y03,435,986
YS012914,2026-03-07 08:00:00,Y04,586,1113
YS012915,2026-03-07 08:00:00,Y05,731,930
YS012916,2026-03-07 08:00:00,Y06,1275,1758
YS012917,2026-03-07 08:00:00,Y07,849,1034
YS012918,2026-03-07 08:00:00,Y08,471,1028
YS012919,2026-03-07 08:00:00,Y09,520,1123
YS012920,2026-03-07 08:00:00,Y10,1260,1339
YS012921,2026-03-07 16:00:00,Y01,973,1995
YS012922,2026-03-07 16:00:00,Y02,1217,1249
YS012923,2026-03-07 16:00:00,Y03,807,986
YS012924,2026-03-07 16:00:00,Y04,655,1113
YS012925,2026-03-07 16:00:00,Y05,714,930
YS012926,2026-03-07 16:00:00,Y06,1114,1758
YS012927,2026-03-07 16:00:00,Y07,984,1034
YS012928,2026-03-07 16:00:00,Y08,963,1028
YS012929,2026-03-07 16:00:00,Y09,581,1123
YS012930,2026-03-07 16:00:00,Y10,1123,1339
YS012931,2026-03-08 00:00:00,Y01,877,1995
YS012932,2026-03-08 00:00:00,Y02,633,1249
YS012933,2026-03-08 00:00:00,Y03,893,986
YS012934,2026-03-08 00:00:00,Y04,932,1113
YS012935,2026-03-08 00:00:00,Y05,839,930
YS012936,2026-03-08 00:00:00,Y06,1378,1758
YS012937,2026-03-08 00:00:00,Y07,746,1034
YS012938,2026-03-08 00:00:00,Y08,888,1028
YS012939,2026-03-08 00:00:00,Y09,845,1123
YS012940,2026-03-08 00:00:00,Y10,653,1339
YS012941,2026-03-08 08:00:00,Y01,1021,1995
YS012942,2026-03-08 08:00:00,Y02,951,1249
YS012943,2026-03-08 08:00:00,Y03,707,986
YS012944,2026-03-08 08:00:00,Y04,504,1113
YS012945,2026-03-08 08:00:00,Y05,731,930
YS012946,2026-03-08 08:00:00,Y06,1342,1758
YS012947,2026-03-08 08:00:00,Y07,487,1034
YS012948,2026-03-08 08:00:00,Y08,705,1028
YS012949,2026-03-08 08:00:00,Y09,655,1123
YS012950,2026-03-08 08:00:00,Y10,722,1339
YS012951,2026-03-08 16:00:00,Y01,1364,1995
YS012952,2026-03-08 16:00:00,Y02,1223,1249
YS012953,2026-03-08 16:00:00,Y03,504,986
YS012954,2026-03-08 16:00:00,Y04,450,1113
YS012955,2026-03-08 16:00:00,Y05,472,930
YS012956,2026-03-08 16:00:00,Y06,1528,1758
YS012957,2026-03-08 16:00:00,Y07,604,1034
YS012958,2026-03-08 16:00:00,Y08,862,1028
YS012959,2026-03-08 16:00:00,Y09,991,1123
YS012960,2026-03-08 16:00:00,Y10,608,1339
YS012961,2026-03-09 00:00:00,Y01,1628,1995
YS012962,2026-03-09 00:00:00,Y02,839,1249
YS012963,2026-03-09 00:00:00,Y03,522,986
YS012964,2026-03-09 00:00:00,Y04,529,1113
YS012965,2026-03-09 00:00:00,Y05,698,930
YS012966,2026-03-09 00:00:00,Y06,1387,1758
YS012967,2026-03-09 00:00:00,Y07,569,1034
YS012968,2026-03-09 00:00:00,Y08,554,1028
YS012969,2026-03-09 00:00:00,Y09,1006,1123
YS012970,2026-03-09 00:00:00,Y10,1062,1339
YS012971,2026-03-09 08:00:00,Y01,953,1995
YS012972,2026-03-09 08:00:00,Y02,591,1249
YS012973,2026-03-09 08:00:00,Y03,647,986
YS012974,2026-03-09 08:00:00,Y04,520,1113
YS012975,2026-03-09 08:00:00,Y05,878,930
YS012976,2026-03-09 08:00:00,Y06,1461,1758
YS012977,2026-03-09 08:00:00,Y07,862,1034
YS012978,2026-03-09 08:00:00,Y08,982,1028
YS012979,2026-03-09 08:00:00,Y09,535,1123
YS012980,2026-03-09 08:00:00,Y10,1078,1339
YS012981,2026-03-09 16:00:00,Y01,972,1995
YS012982,2026-03-09 16:00:00,Y02,755,1249
YS012983,2026-03-09 16:00:00,Y03,639,986
YS012984,2026-03-09 16:00:00,Y04,1089,1113
YS012985,2026-03-09 16:00:00,Y05,796,930
YS012986,2026-03-09 16:00:00,Y06,1618,1758
YS012987,2026-03-09 16:00:00,Y07,446,1034
YS012988,2026-03-09 16:00:00,Y08,819,1028
YS012989,2026-03-09 16:00:00,Y09,686,1123
YS012990,2026-03-09 16:00:00,Y10,896,1339
YS012991,2026-03-10 00:00:00,Y01,878,1995
YS012992,2026-03-10 00:00:00,Y02,597,1249
YS012993,2026-03-10 00:00:00,Y03,490,986
YS012994,2026-03-10 00:00:00,Y04,891,1113
YS012995,2026-03-10 00:00:00,Y05,439,930
YS012996,2026-03-10 00:00:00,Y06,1503,1758
YS012997,2026-03-10 00:00:00,Y07,923,1034
YS012998,2026-03-10 00:00:00,Y08,491,1028
YS012999,2026-03-10 00:00:00,Y09,641,1123
YS013000,2026-03-10 00:00:00,Y10,624,1339
YS013001,2026-03-10 08:00:00,Y01,1929,1995
YS013002,2026-03-10 08:00:00,Y02,956,1249
YS013003,2026-03-10 08:00:00,Y03,818,986
YS013004,2026-03-10 08:00:00,Y04,931,1113
YS013005,2026-03-10 08:00:00,Y05,569,930
YS013006,2026-03-10 08:00:00,Y06,1056,1758
YS013007,2026-03-10 08:00:00,Y07,687,1034
YS013008,2026-03-10 08:00:00,Y08,759,1028
YS013009,2026-03-10 08:00:00,Y09,747,1123
YS013010,2026-03-10 08:00:00,Y10,1044,1339
YS013011,2026-03-10 16:00:00,Y01,1784,1995
YS013012,2026-03-10 16:00:00,Y02,700,1249
YS013013,2026-03-10 16:00:00,Y03,593,986
YS013014,2026-03-10 16:00:00,Y04,644,1113
YS013015,2026-03-10 16:00:00,Y05,408,930
YS013016,2026-03-10 16:00:00,Y06,1463,1758
YS013017,2026-03-10 16:00:00,Y07,713,1034
YS013018,2026-03-10 16:00:00,Y08,862,1028
YS013019,2026-03-10 16:00:00,Y09,963,1123
YS013020,2026-03-10 16:00:00,Y10,1158,1339
YS013021,2026-03-11 00:00:00,Y01,1139,1995
YS013022,2026-03-11 00:00:00,Y02,608,1249
YS013023,2026-03-11 00:00:00,Y03,612,986
YS013024,2026-03-11 00:00:00,Y04,659,1113
YS013025,2026-03-11 00:00:00,Y05,390,930
YS013026,2026-03-11 00:00:00,Y06,1090,1758
YS013027,2026-03-11 00:00:00,Y07,914,1034
YS013028,2026-03-11 00:00:00,Y08,425,1028
YS013029,2026-03-11 00:00:00,Y09,993,1123
YS013030,2026-03-11 00:00:00,Y10,773,1339
YS013031,2026-03-11 08:00:00,Y01,1151,1995
YS013032,2026-03-11 08:00:00,Y02,1000,1249
YS013033,2026-03-11 08:00:00,Y03,394,986
YS013034,2026-03-11 08:00:00,Y04,739,1113
YS013035,2026-03-11 08:00:00,Y05,411,930
YS013036,2026-03-11 08:00:00,Y06,1197,1758
YS013037,2026-03-11 08:00:00,Y07,656,1034
YS013038,2026-03-11 08:00:00,Y08,444,1028
YS013039,2026-03-11 08:00:00,Y09,990,1123
YS013040,2026-03-11 08:00:00,Y10,632,1339
YS013041,2026-03-11 16:00:00,Y01,1765,1995
YS013042,2026-03-11 16:00:00,Y02,617,1249
YS013043,2026-03-11 16:00:00,Y03,864,986
YS013044,2026-03-11 16:00:00,Y04,1008,1113
YS013045,2026-03-11 16:00:00,Y05,619,930
YS013046,2026-03-11 16:00:00,Y06,1558,1758
YS013047,2026-03-11 16:00:00,Y07,568,1034
YS013048,2026-03-11 16:00:00,Y08,419,1028
YS013049,2026-03-11 16:00:00,Y09,510,1123
YS013050,2026-03-11 16:00:00,Y10,894,1339
YS013051,2026-03-12 00:00:00,Y01,1716,1995
YS013052,2026-03-12 00:00:00,Y02,1096,1249
YS013053,2026-03-12 00:00:00,Y03,403,986
YS013054,2026-03-12 00:00:00,Y04,602,1113
YS013055,2026-03-12 00:00:00,Y05,717,930
YS013056,2026-03-12 00:00:00,Y06,1424,1758
YS013057,2026-03-12 00:00:00,Y07,939,1034
YS013058,2026-03-12 00:00:00,Y08,551,1028
YS013059,2026-03-12 00:00:00,Y09,661,1123
YS013060,2026-03-12 00:00:00,Y10,1276,1339
YS013061,2026-03-12 08:00:00,Y01,1672,1995
YS013062,2026-03-12 08:00:00,Y02,1048,1249
YS013063,2026-03-12 08:00:00,Y03,793,986
YS013064,2026-03-12 08:00:00,Y04,690,1113
YS013065,2026-03-12 08:00:00,Y05,601,930
YS013066,2026-03-12 08:00:00,Y06,1214,1758
YS013067,2026-03-12 08:00:00,Y07,728,1034
YS013068,2026-03-12 08:00:00,Y08,801,1028
YS013069,2026-03-12 08:00:00,Y09,450,1123
YS013070,2026-03-12 08:00:00,Y10,1012,1339
YS013071,2026-03-12 16:00:00,Y01,1691,1995
YS013072,2026-03-12 16:00:00,Y02,996,1249
YS013073,2026-03-12 16:00:00,Y03,604,986
YS013074,2026-03-12 16:00:00,Y04,633,1113
YS013075,2026-03-12 16:00:00,Y05,697,930
YS013076,2026-03-12 16:00:00,Y06,807,1758
YS013077,2026-03-12 16:00:00,Y07,416,1034
YS013078,2026-03-12 16:00:00,Y08,977,1028
YS013079,2026-03-12 16:00:00,Y09,455,1123
YS013080,2026-03-12 16:00:00,Y10,1004,1339
YS013081,2026-03-13 00:00:00,Y01,1018,1995
YS013082,2026-03-13 00:00:00,Y02,913,1249
YS013083,2026-03-13 00:00:00,Y03,952,986
YS013084,2026-03-13 00:00:00,Y04,826,1113
YS013085,2026-03-13 00:00:00,Y05,591,930
YS013086,2026-03-13 00:00:00,Y06,991,1758
YS013087,2026-03-13 00:00:00,Y07,550,1034
YS013088,2026-03-13 00:00:00,Y08,853,1028
YS013089,2026-03-13 00:00:00,Y09,816,1123
YS013090,2026-03-13 00:00:00,Y10,722,1339
YS013091,2026-03-13 08:00:00,Y01,1102,1995
YS013092,2026-03-13 08:00:00,Y02,868,1249
YS013093,2026-03-13 08:00:00,Y03,737,986
YS013094,2026-03-13 08:00:00,Y04,978,1113
YS013095,2026-03-13 08:00:00,Y05,611,930
YS013096,2026-03-13 08:00:00,Y06,1148,1758
YS013097,2026-03-13 08:00:00,Y07,652,1034
YS013098,2026-03-13 08:00:00,Y08,575,1028
YS013099,2026-03-13 08:00:00,Y09,648,1123
YS013100,2026-03-13 08:00:00,Y10,827,1339
YS013101,2026-03-13 16:00:00,Y01,1905,1995
YS013102,2026-03-13 16:00:00,Y02,821,1249
YS013103,2026-03-13 16:00:00,Y03,821,986
YS013104,2026-03-13 16:00:00,Y04,562,1113
YS013105,2026-03-13 16:00:00,Y05,909,930
YS013106,2026-03-13 16:00:00,Y06,1230,1758
YS013107,2026-03-13 16:00:00,Y07,430,1034
YS013108,2026-03-13 16:00:00,Y08,555,1028
YS013109,2026-03-13 16:00:00,Y09,1064,1123
YS013110,2026-03-13 16:00:00,Y10,840,1339
YS013111,2026-03-14 00:00:00,Y01,1352,1995
YS013112,2026-03-14 00:00:00,Y02,882,1249
YS013113,2026-03-14 00:00:00,Y03,561,986
YS013114,2026-03-14 00:00:00,Y04,880,1113
YS013115,2026-03-14 00:00:00,Y05,396,930
YS013116,2026-03-14 00:00:00,Y06,957,1758
YS013117,2026-03-14 00:00:00,Y07,969,1034
YS013118,2026-03-14 00:00:00,Y08,500,1028
YS013119,2026-03-14 00:00:00,Y09,873,1123
YS013120,2026-03-14 00:00:00,Y10,622,1339
YS013121,2026-03-14 08:00:00,Y01,1808,1995
YS013122,2026-03-14 08:00:00,Y02,634,1249
YS013123,2026-03-14 08:00:00,Y03,524,986
YS013124,2026-03-14 08:00:00,Y04,1009,1113
YS013125,2026-03-14 08:00:00,Y05,563,930
YS013126,2026-03-14 08:00:00,Y06,907,1758
YS013127,2026-03-14 08:00:00,Y07,603,1034
YS013128,2026-03-14 08:00:00,Y08,675,1028
YS013129,2026-03-14 08:00:00,Y09,919,1123
YS013130,2026-03-14 08:00:00,Y10,605,1339
YS013131,2026-03-14 16:00:00,Y01,1717,1995
YS013132,2026-03-14 16:00:00,Y02,809,1249
YS013133,2026-03-14 16:00:00,Y03,577,986
YS013134,2026-03-14 16:00:00,Y04,637,1113
YS013135,2026-03-14 16:00:00,Y05,729,930
YS013136,2026-03-14 16:00:00,Y06,1610,1758
YS013137,2026-03-14 16:00:00,Y07,991,1034
YS013138,2026-03-14 16:00:00,Y08,957,1028
YS013139,2026-03-14 16:00:00,Y09,920,1123
YS013140,2026-03-14 16:00:00,Y10,755,1339
YS013141,2026-03-15 00:00:00,Y01,990,1995
YS013142,2026-03-15 00:00:00,Y02,968,1249
YS013143,2026-03-15 00:00:00,Y03,585,986
YS013144,2026-03-15 00:00:00,Y04,892,1113
YS013145,2026-03-15 00:00:00,Y05,386,930
YS013146,2026-03-15 00:00:00,Y06,760,1758
YS013147,2026-03-15 00:00:00,Y07,911,1034
YS013148,2026-03-15 00:00:00,Y08,815,1028
YS013149,2026-03-15 00:00:00,Y09,896,1123
YS013150,2026-03-15 00:00:00,Y10,636,1339
YS013151,2026-03-15 08:00:00,Y01,1746,1995
YS013152,2026-03-15 08:00:00,Y02,650,1249
YS013153,2026-03-15 08:00:00,Y03,656,986
YS013154,2026-03-15 08:00:00,Y04,563,1113
YS013155,2026-03-15 08:00:00,Y05,718,930
YS013156,2026-03-15 08:00:00,Y06,865,1758
YS013157,2026-03-15 08:00:00,Y07,573,1034
YS013158,2026-03-15 08:00:00,Y08,447,1028
YS013159,2026-03-15 08:00:00,Y09,925,1123
YS013160,2026-03-15 08:00:00,Y10,994,1339
YS013161,2026-03-15 16:00:00,Y01,1890,1995
YS013162,2026-03-15 16:00:00,Y02,1027,1249
YS013163,2026-03-15 16:00:00,Y03,878,986
YS013164,2026-03-15 16:00:00,Y04,1034,1113
YS013165,2026-03-15 16:00:00,Y05,801,930
YS013166,2026-03-15 16:00:00,Y06,825,1758
YS013167,2026-03-15 16:00:00,Y07,518,1034
YS013168,2026-03-15 16:00:00,Y08,971,1028
YS013169,2026-03-15 16:00:00,Y09,559,1123
YS013170,2026-03-15 16:00:00,Y10,1048,1339
YS013171,2026-03-16 00:00:00,Y01,1871,1995
YS013172,2026-03-16 00:00:00,Y02,604,1249
YS013173,2026-03-16 00:00:00,Y03,423,986
YS013174,2026-03-16 00:00:00,Y04,969,1113
YS013175,2026-03-16 00:00:00,Y05,604,930
YS013176,2026-03-16 00:00:00,Y06,1004,1758
YS013177,2026-03-16 00:00:00,Y07,435,1034
YS013178,2026-03-16 00:00:00,Y08,518,1028
YS013179,2026-03-16 00:00:00,Y09,703,1123
YS013180,2026-03-16 00:00:00,Y10,1215,1339
YS013181,2026-03-16 08:00:00,Y01,1877,1995
YS013182,2026-03-16 08:00:00,Y02,701,1249
YS013183,2026-03-16 08:00:00,Y03,706,986
YS013184,2026-03-16 08:00:00,Y04,864,1113
YS013185,2026-03-16 08:00:00,Y05,466,930
YS013186,2026-03-16 08:00:00,Y06,1697,1758
YS013187,2026-03-16 08:00:00,Y07,422,1034
YS013188,2026-03-16 08:00:00,Y08,767,1028
YS013189,2026-03-16 08:00:00,Y09,453,1123
YS013190,2026-03-16 08:00:00,Y10,570,1339
YS013191,2026-03-16 16:00:00,Y01,1027,1995
YS013192,2026-03-16 16:00:00,Y02,753,1249
YS013193,2026-03-16 16:00:00,Y03,622,986
YS013194,2026-03-16 16:00:00,Y04,737,1113
YS013195,2026-03-16 16:00:00,Y05,838,930
YS013196,2026-03-16 16:00:00,Y06,1574,1758
YS013197,2026-03-16 16:00:00,Y07,775,1034
YS013198,2026-03-16 16:00:00,Y08,781,1028
YS013199,2026-03-16 16:00:00,Y09,1010,1123
YS013200,2026-03-16 16:00:00,Y10,1120,1339
YS013201,2026-03-17 00:00:00,Y01,1501,1995
YS013202,2026-03-17 00:00:00,Y02,1055,1249
YS013203,2026-03-17 00:00:00,Y03,456,986
YS013204,2026-03-17 00:00:00,Y04,1056,1113
YS013205,2026-03-17 00:00:00,Y05,725,930
YS013206,2026-03-17 00:00:00,Y06,1104,1758
YS013207,2026-03-17 00:00:00,Y07,958,1034
YS013208,2026-03-17 00:00:00,Y08,550,1028
YS013209,2026-03-17 00:00:00,Y09,1039,1123
YS013210,2026-03-17 00:00:00,Y10,917,1339
YS013211,2026-03-17 08:00:00,Y01,958,1995
YS013212,2026-03-17 08:00:00,Y02,1010,1249
YS013213,2026-03-17 08:00:00,Y03,503,986
YS013214,2026-03-17 08:00:00,Y04,891,1113
YS013215,2026-03-17 08:00:00,Y05,550,930
YS013216,2026-03-17 08:00:00,Y06,1579,1758
YS013217,2026-03-17 08:00:00,Y07,505,1034
YS013218,2026-03-17 08:00:00,Y08,544,1028
YS013219,2026-03-17 08:00:00,Y09,977,1123
YS013220,2026-03-17 08:00:00,Y10,656,1339
YS013221,2026-03-17 16:00:00,Y01,1296,1995
YS013222,2026-03-17 16:00:00,Y02,1153,1249
YS013223,2026-03-17 16:00:00,Y03,668,986
YS013224,2026-03-17 16:00:00,Y04,525,1113
YS013225,2026-03-17 16:00:00,Y05,772,930
YS013226,2026-03-17 16:00:00,Y06,1114,1758
YS013227,2026-03-17 16:00:00,Y07,459,1034
YS013228,2026-03-17 16:00:00,Y08,784,1028
YS013229,2026-03-17 16:00:00,Y09,681,1123
YS013230,2026-03-17 16:00:00,Y10,837,1339
YS013231,2026-03-18 00:00:00,Y01,1000,1995
YS013232,2026-03-18 00:00:00,Y02,508,1249
YS013233,2026-03-18 00:00:00,Y03,784,986
YS013234,2026-03-18 00:00:00,Y04,517,1113
YS013235,2026-03-18 00:00:00,Y05,560,930
YS013236,2026-03-18 00:00:00,Y06,805,1758
YS013237,2026-03-18 00:00:00,Y07,941,1034
YS013238,2026-03-18 00:00:00,Y08,881,1028
YS013239,2026-03-18 00:00:00,Y09,1037,1123
YS013240,2026-03-18 00:00:00,Y10,1037,1339
YS013241,2026-03-18 08:00:00,Y01,1469,1995
YS013242,2026-03-18 08:00:00,Y02,744,1249
YS013243,2026-03-18 08:00:00,Y03,868,986
YS013244,2026-03-18 08:00:00,Y04,597,1113
YS013245,2026-03-18 08:00:00,Y05,676,930
YS013246,2026-03-18 08:00:00,Y06,880,1758
YS013247,2026-03-18 08:00:00,Y07,678,1034
YS013248,2026-03-18 08:00:00,Y08,801,1028
YS013249,2026-03-18 08:00:00,Y09,746,1123
YS013250,2026-03-18 08:00:00,Y10,1218,1339
YS013251,2026-03-18 16:00:00,Y01,1340,1995
YS013252,2026-03-18 16:00:00,Y02,1197,1249
YS013253,2026-03-18 16:00:00,Y03,807,986
YS013254,2026-03-18 16:00:00,Y04,793,1113
YS013255,2026-03-18 16:00:00,Y05,429,930
YS013256,2026-03-18 16:00:00,Y06,1423,1758
YS013257,2026-03-18 16:00:00,Y07,914,1034
YS013258,2026-03-18 16:00:00,Y08,448,1028
YS013259,2026-03-18 16:00:00,Y09,640,1123
YS013260,2026-03-18 16:00:00,Y10,550,1339
YS013261,2026-03-19 00:00:00,Y01,1786,1995
YS013262,2026-03-19 00:00:00,Y02,805,1249
YS013263,2026-03-19 00:00:00,Y03,756,986
YS013264,2026-03-19 00:00:00,Y04,947,1113
YS013265,2026-03-19 00:00:00,Y05,582,930
YS013266,2026-03-19 00:00:00,Y06,1243,1758
YS013267,2026-03-19 00:00:00,Y07,557,1034
YS013268,2026-03-19 00:00:00,Y08,508,1028
YS013269,2026-03-19 00:00:00,Y09,1016,1123
YS013270,2026-03-19 00:00:00,Y10,745,1339
YS013271,2026-03-19 08:00:00,Y01,1948,1995
YS013272,2026-03-19 08:00:00,Y02,643,1249
YS013273,2026-03-19 08:00:00,Y03,849,986
YS013274,2026-03-19 08:00:00,Y04,473,1113
YS013275,2026-03-19 08:00:00,Y05,899,930
YS013276,2026-03-19 08:00:00,Y06,1508,1758
YS013277,2026-03-19 08:00:00,Y07,613,1034
YS013278,2026-03-19 08:00:00,Y08,848,1028
YS013279,2026-03-19 08:00:00,Y09,455,1123
YS013280,2026-03-19 08:00:00,Y10,941,1339
YS013281,2026-03-19 16:00:00,Y01,1280,1995
YS013282,2026-03-19 16:00:00,Y02,599,1249
YS013283,2026-03-19 16:00:00,Y03,568,986
YS013284,2026-03-19 16:00:00,Y04,1030,1113
YS013285,2026-03-19 16:00:00,Y05,499,930
YS013286,2026-03-19 16:00:00,Y06,1574,1758
YS013287,2026-03-19 16:00:00,Y07,874,1034
YS013288,2026-03-19 16:00:00,Y08,842,1028
YS013289,2026-03-19 16:00:00,Y09,1046,1123
YS013290,2026-03-19 16:00:00,Y10,1165,1339
YS013291,2026-03-20 00:00:00,Y01,1874,1995
YS013292,2026-03-20 00:00:00,Y02,836,1249
YS013293,2026-03-20 00:00:00,Y03,684,986
YS013294,2026-03-20 00:00:00,Y04,602,1113
YS013295,2026-03-20 00:00:00,Y05,448,930
YS013296,2026-03-20 00:00:00,Y06,1638,1758
YS013297,2026-03-20 00:00:00,Y07,750,1034
YS013298,2026-03-20 00:00:00,Y08,505,1028
YS013299,2026-03-20 00:00:00,Y09,561,1123
YS013300,2026-03-20 00:00:00,Y10,1178,1339
YS013301,2026-03-20 08:00:00,Y01,1227,1995
YS013302,2026-03-20 08:00:00,Y02,1107,1249
YS013303,2026-03-20 08:00:00,Y03,468,986
YS013304,2026-03-20 08:00:00,Y04,756,1113
YS013305,2026-03-20 08:00:00,Y05,760,930
YS013306,2026-03-20 08:00:00,Y06,1609,1758
YS013307,2026-03-20 08:00:00,Y07,519,1034
YS013308,2026-03-20 08:00:00,Y08,549,1028
YS013309,2026-03-20 08:00:00,Y09,909,1123
YS013310,2026-03-20 08:00:00,Y10,1242,1339
YS013311,2026-03-20 16:00:00,Y01,1356,1995
YS013312,2026-03-20 16:00:00,Y02,765,1249
YS013313,2026-03-20 16:00:00,Y03,760,986
YS013314,2026-03-20 16:00:00,Y04,447,1113
YS013315,2026-03-20 16:00:00,Y05,651,930
YS013316,2026-03-20 16:00:00,Y06,1551,1758
YS013317,2026-03-20 16:00:00,Y07,533,1034
YS013318,2026-03-20 16:00:00,Y08,622,1028
YS013319,2026-03-20 16:00:00,Y09,1069,1123
YS013320,2026-03-20 16:00:00,Y10,1189,1339
YS013321,2026-03-21 00:00:00,Y01,1914,1995
YS013322,2026-03-21 00:00:00,Y02,716,1249
YS013323,2026-03-21 00:00:00,Y03,512,986
YS013324,2026-03-21 00:00:00,Y04,771,1113
YS013325,2026-03-21 00:00:00,Y05,417,930
YS013326,2026-03-21 00:00:00,Y06,1654,1758
YS013327,2026-03-21 00:00:00,Y07,767,1034
YS013328,2026-03-21 00:00:00,Y08,871,1028
YS013329,2026-03-21 00:00:00,Y09,750,1123
YS013330,2026-03-21 00:00:00,Y10,1191,1339
YS013331,2026-03-21 08:00:00,Y01,1736,1995
YS013332,2026-03-21 08:00:00,Y02,499,1249
YS013333,2026-03-21 08:00:00,Y03,538,986
YS013334,2026-03-21 08:00:00,Y04,788,1113
YS013335,2026-03-21 08:00:00,Y05,564,930
YS013336,2026-03-21 08:00:00,Y06,777,1758
YS013337,2026-03-21 08:00:00,Y07,720,1034
YS013338,2026-03-21 08:00:00,Y08,629,1028
YS013339,2026-03-21 08:00:00,Y09,889,1123
YS013340,2026-03-21 08:00:00,Y10,1245,1339
YS013341,2026-03-21 16:00:00,Y01,1092,1995
YS013342,2026-03-21 16:00:00,Y02,970,1249
YS013343,2026-03-21 16:00:00,Y03,620,986
YS013344,2026-03-21 16:00:00,Y04,862,1113
YS013345,2026-03-21 16:00:00,Y05,861,930
YS013346,2026-03-21 16:00:00,Y06,1251,1758
YS013347,2026-03-21 16:00:00,Y07,838,1034
YS013348,2026-03-21 16:00:00,Y08,652,1028
YS013349,2026-03-21 16:00:00,Y09,494,1123
YS013350,2026-03-21 16:00:00,Y10,861,1339
YS013351,2026-03-22 00:00:00,Y01,1840,1995
YS013352,2026-03-22 00:00:00,Y02,993,1249
YS013353,2026-03-22 00:00:00,Y03,458,986
YS013354,2026-03-22 00:00:00,Y04,454,1113
YS013355,2026-03-22 00:00:00,Y05,710,930
YS013356,2026-03-22 00:00:00,Y06,775,1758
YS013357,2026-03-22 00:00:00,Y07,536,1034
YS013358,2026-03-22 00:00:00,Y08,623,1028
YS013359,2026-03-22 00:00:00,Y09,647,1123
YS013360,2026-03-22 00:00:00,Y10,769,1339
YS013361,2026-03-22 08:00:00,Y01,1104,1995
YS013362,2026-03-22 08:00:00,Y02,749,1249
YS013363,2026-03-22 08:00:00,Y03,490,986
YS013364,2026-03-22 08:00:00,Y04,966,1113
YS013365,2026-03-22 08:00:00,Y05,824,930
YS013366,2026-03-22 08:00:00,Y06,781,1758
YS013367,2026-03-22 08:00:00,Y07,1006,1034
YS013368,2026-03-22 08:00:00,Y08,875,1028
YS013369,2026-03-22 08:00:00,Y09,709,1123
YS013370,2026-03-22 08:00:00,Y10,554,1339
YS013371,2026-03-22 16:00:00,Y01,1792,1995
YS013372,2026-03-22 16:00:00,Y02,978,1249
YS013373,2026-03-22 16:00:00,Y03,902,986
YS013374,2026-03-22 16:00:00,Y04,663,1113
YS013375,2026-03-22 16:00:00,Y05,617,930
YS013376,2026-03-22 16:00:00,Y06,1079,1758
YS013377,2026-03-22 16:00:00,Y07,876,1034
YS013378,2026-03-22 16:00:00,Y08,669,1028
YS013379,2026-03-22 16:00:00,Y09,453,1123
YS013380,2026-03-22 16:00:00,Y10,580,1339
YS013381,2026-03-23 00:00:00,Y01,1166,1995
YS013382,2026-03-23 00:00:00,Y02,811,1249
YS013383,2026-03-23 00:00:00,Y03,899,986
YS013384,2026-03-23 00:00:00,Y04,536,1113
YS013385,2026-03-23 00:00:00,Y05,530,930
YS013386,2026-03-23 00:00:00,Y06,1318,1758
YS013387,2026-03-23 00:00:00,Y07,879,1034
YS013388,2026-03-23 00:00:00,Y08,983,1028
YS013389,2026-03-23 00:00:00,Y09,933,1123
YS013390,2026-03-23 00:00:00,Y10,535,1339
YS013391,2026-03-23 08:00:00,Y01,1323,1995
YS013392,2026-03-23 08:00:00,Y02,837,1249
YS013393,2026-03-23 08:00:00,Y03,893,986
YS013394,2026-03-23 08:00:00,Y04,809,1113
YS013395,2026-03-23 08:00:00,Y05,436,930
YS013396,2026-03-23 08:00:00,Y06,1350,1758
YS013397,2026-03-23 08:00:00,Y07,905,1034
YS013398,2026-03-23 08:00:00,Y08,702,1028
YS013399,2026-03-23 08:00:00,Y09,851,1123
YS013400,2026-03-23 08:00:00,Y10,986,1339
YS013401,2026-03-23 16:00:00,Y01,962,1995
YS013402,2026-03-23 16:00:00,Y02,687,1249
YS013403,2026-03-23 16:00:00,Y03,776,986
YS013404,2026-03-23 16:00:00,Y04,968,1113
YS013405,2026-03-23 16:00:00,Y05,611,930
YS013406,2026-03-23 16:00:00,Y06,1040,1758
YS013407,2026-03-23 16:00:00,Y07,530,1034
YS013408,2026-03-23 16:00:00,Y08,976,1028
YS013409,2026-03-23 16:00:00,Y09,465,1123
YS013410,2026-03-23 16:00:00,Y10,588,1339
YS013411,2026-03-24 00:00:00,Y01,980,1995
YS013412,2026-03-24 00:00:00,Y02,644,1249
YS013413,2026-03-24 00:00:00,Y03,787,986
YS013414,2026-03-24 00:00:00,Y04,599,1113
YS013415,2026-03-24 00:00:00,Y05,623,930
YS013416,2026-03-24 00:00:00,Y06,1103,1758
YS013417,2026-03-24 00:00:00,Y07,574,1034
YS013418,2026-03-24 00:00:00,Y08,666,1028
YS013419,2026-03-24 00:00:00,Y09,678,1123
YS013420,2026-03-24 00:00:00,Y10,707,1339
YS013421,2026-03-24 08:00:00,Y01,907,1995
YS013422,2026-03-24 08:00:00,Y02,855,1249
YS013423,2026-03-24 08:00:00,Y03,501,986
YS013424,2026-03-24 08:00:00,Y04,599,1113
YS013425,2026-03-24 08:00:00,Y05,692,930
YS013426,2026-03-24 08:00:00,Y06,951,1758
YS013427,2026-03-24 08:00:00,Y07,689,1034
YS013428,2026-03-24 08:00:00,Y08,691,1028
YS013429,2026-03-24 08:00:00,Y09,810,1123
YS013430,2026-03-24 08:00:00,Y10,698,1339
YS013431,2026-03-24 16:00:00,Y01,1924,1995
YS013432,2026-03-24 16:00:00,Y02,1045,1249
YS013433,2026-03-24 16:00:00,Y03,564,986
YS013434,2026-03-24 16:00:00,Y04,683,1113
YS013435,2026-03-24 16:00:00,Y05,399,930
YS013436,2026-03-24 16:00:00,Y06,1049,1758
YS013437,2026-03-24 16:00:00,Y07,441,1034
YS013438,2026-03-24 16:00:00,Y08,982,1028
YS013439,2026-03-24 16:00:00,Y09,511,1123
YS013440,2026-03-24 16:00:00,Y10,1218,1339
YS013441,2026-03-25 00:00:00,Y01,1755,1995
YS013442,2026-03-25 00:00:00,Y02,745,1249
YS013443,2026-03-25 00:00:00,Y03,777,986
YS013444,2026-03-25 00:00:00,Y04,674,1113
YS013445,2026-03-25 00:00:00,Y05,819,930
YS013446,2026-03-25 00:00:00,Y06,1260,1758
YS013447,2026-03-25 00:00:00,Y07,717,1034
YS013448,2026-03-25 00:00:00,Y08,657,1028
YS013449,2026-03-25 00:00:00,Y09,791,1123
YS013450,2026-03-25 00:00:00,Y10,996,1339
YS013451,2026-03-25 08:00:00,Y01,1876,1995
YS013452,2026-03-25 08:00:00,Y02,823,1249
YS013453,2026-03-25 08:00:00,Y03,621,986
YS013454,2026-03-25 08:00:00,Y04,856,1113
YS013455,2026-03-25 08:00:00,Y05,887,930
YS013456,2026-03-25 08:00:00,Y06,892,1758
YS013457,2026-03-25 08:00:00,Y07,566,1034
YS013458,2026-03-25 08:00:00,Y08,618,1028
YS013459,2026-03-25 08:00:00,Y09,523,1123
YS013460,2026-03-25 08:00:00,Y10,720,1339
YS013461,2026-03-25 16:00:00,Y01,1535,1995
YS013462,2026-03-25 16:00:00,Y02,536,1249
YS013463,2026-03-25 16:00:00,Y03,521,986
YS013464,2026-03-25 16:00:00,Y04,1041,1113
YS013465,2026-03-25 16:00:00,Y05,666,930
YS013466,2026-03-25 16:00:00,Y06,1448,1758
YS013467,2026-03-25 16:00:00,Y07,683,1034
YS013468,2026-03-25 16:00:00,Y08,509,1028
YS013469,2026-03-25 16:00:00,Y09,1016,1123
YS013470,2026-03-25 16:00:00,Y10,709,1339
YS013471,2026-03-26 00:00:00,Y01,1348,1995
YS013472,2026-03-26 00:00:00,Y02,1003,1249
YS013473,2026-03-26 00:00:00,Y03,744,986
YS013474,2026-03-26 00:00:00,Y04,564,1113
YS013475,2026-03-26 00:00:00,Y05,566,930
YS013476,2026-03-26 00:00:00,Y06,1210,1758
YS013477,2026-03-26 00:00:00,Y07,768,1034
YS013478,2026-03-26 00:00:00,Y08,823,1028
YS013479,2026-03-26 00:00:00,Y09,543,1123
YS013480,2026-03-26 00:00:00,Y10,769,1339
YS013481,2026-03-26 08:00:00,Y01,846,1995
YS013482,2026-03-26 08:00:00,Y02,1220,1249
YS013483,2026-03-26 08:00:00,Y03,644,986
YS013484,2026-03-26 08:00:00,Y04,585,1113
YS013485,2026-03-26 08:00:00,Y05,557,930
YS013486,2026-03-26 08:00:00,Y06,1594,1758
YS013487,2026-03-26 08:00:00,Y07,747,1034
YS013488,2026-03-26 08:00:00,Y08,948,1028
YS013489,2026-03-26 08:00:00,Y09,470,1123
YS013490,2026-03-26 08:00:00,Y10,718,1339
YS013491,2026-03-26 16:00:00,Y01,1155,1995
YS013492,2026-03-26 16:00:00,Y02,858,1249
YS013493,2026-03-26 16:00:00,Y03,791,986
YS013494,2026-03-26 16:00:00,Y04,803,1113
YS013495,2026-03-26 16:00:00,Y05,521,930
YS013496,2026-03-26 16:00:00,Y06,989,1758
YS013497,2026-03-26 16:00:00,Y07,621,1034
YS013498,2026-03-26 16:00:00,Y08,801,1028
YS013499,2026-03-26 16:00:00,Y09,463,1123
YS013500,2026-03-26 16:00:00,Y10,535,1339
YS013501,2026-03-27 00:00:00,Y01,1491,1995
YS013502,2026-03-27 00:00:00,Y02,587,1249
YS013503,2026-03-27 00:00:00,Y03,560,986
YS013504,2026-03-27 00:00:00,Y04,906,1113
YS013505,2026-03-27 00:00:00,Y05,453,930
YS013506,2026-03-27 00:00:00,Y06,761,1758
YS013507,2026-03-27 00:00:00,Y07,780,1034
YS013508,2026-03-27 00:00:00,Y08,877,1028
YS013509,2026-03-27 00:00:00,Y09,858,1123
YS013510,2026-03-27 00:00:00,Y10,942,1339
YS013511,2026-03-27 08:00:00,Y01,1225,1995
YS013512,2026-03-27 08:00:00,Y02,1032,1249
YS013513,2026-03-27 08:00:00,Y03,472,986
YS013514,2026-03-27 08:00:00,Y04,635,1113
YS013515,2026-03-27 08:00:00,Y05,680,930
YS013516,2026-03-27 08:00:00,Y06,1669,1758
YS013517,2026-03-27 08:00:00,Y07,649,1034
YS013518,2026-03-27 08:00:00,Y08,447,1028
YS013519,2026-03-27 08:00:00,Y09,807,1123
YS013520,2026-03-27 08:00:00,Y10,892,1339
YS013521,2026-03-27 16:00:00,Y01,1741,1995
YS013522,2026-03-27 16:00:00,Y02,1065,1249
YS013523,2026-03-27 16:00:00,Y03,564,986
YS013524,2026-03-27 16:00:00,Y04,1061,1113
YS013525,2026-03-27 16:00:00,Y05,614,930
YS013526,2026-03-27 16:00:00,Y06,735,1758
YS013527,2026-03-27 16:00:00,Y07,763,1034
YS013528,2026-03-27 16:00:00,Y08,716,1028
YS013529,2026-03-27 16:00:00,Y09,827,1123
YS013530,2026-03-27 16:00:00,Y10,868,1339
YS013531,2026-03-28 00:00:00,Y01,1394,1995
YS013532,2026-03-28 00:00:00,Y02,627,1249
YS013533,2026-03-28 00:00:00,Y03,853,986
YS013534,2026-03-28 00:00:00,Y04,832,1113
YS013535,2026-03-28 00:00:00,Y05,811,930
YS013536,2026-03-28 00:00:00,Y06,1448,1758
YS013537,2026-03-28 00:00:00,Y07,909,1034
YS013538,2026-03-28 00:00:00,Y08,818,1028
YS013539,2026-03-28 00:00:00,Y09,615,1123
YS013540,2026-03-28 00:00:00,Y10,1141,1339
YS013541,2026-03-28 08:00:00,Y01,1670,1995
YS013542,2026-03-28 08:00:00,Y02,1212,1249
YS013543,2026-03-28 08:00:00,Y03,951,986
YS013544,2026-03-28 08:00:00,Y04,833,1113
YS013545,2026-03-28 08:00:00,Y05,444,930
YS013546,2026-03-28 08:00:00,Y06,1124,1758
YS013547,2026-03-28 08:00:00,Y07,596,1034
YS013548,2026-03-28 08:00:00,Y08,930,1028
YS013549,2026-03-28 08:00:00,Y09,1100,1123
YS013550,2026-03-28 08:00:00,Y10,948,1339
YS013551,2026-03-28 16:00:00,Y01,1048,1995
YS013552,2026-03-28 16:00:00,Y02,809,1249
YS013553,2026-03-28 16:00:00,Y03,715,986
YS013554,2026-03-28 16:00:00,Y04,983,1113
YS013555,2026-03-28 16:00:00,Y05,421,930
YS013556,2026-03-28 16:00:00,Y06,764,1758
YS013557,2026-03-28 16:00:00,Y07,853,1034
YS013558,2026-03-28 16:00:00,Y08,580,1028
YS013559,2026-03-28 16:00:00,Y09,665,1123
YS013560,2026-03-28 16:00:00,Y10,1055,1339
YS013561,2026-03-29 00:00:00,Y01,1097,1995
YS013562,2026-03-29 00:00:00,Y02,1018,1249
YS013563,2026-03-29 00:00:00,Y03,811,986
YS013564,2026-03-29 00:00:00,Y04,883,1113
YS013565,2026-03-29 00:00:00,Y05,680,930
YS013566,2026-03-29 00:00:00,Y06,1120,1758
YS013567,2026-03-29 00:00:00,Y07,654,1034
YS013568,2026-03-29 00:00:00,Y08,477,1028
YS013569,2026-03-29 00:00:00,Y09,1066,1123
YS013570,2026-03-29 00:00:00,Y10,818,1339
YS013571,2026-03-29 08:00:00,Y01,1526,1995
YS013572,2026-03-29 08:00:00,Y02,1095,1249
YS013573,2026-03-29 08:00:00,Y03,802,986
YS013574,2026-03-29 08:00:00,Y04,634,1113
YS013575,2026-03-29 08:00:00,Y05,680,930
YS013576,2026-03-29 08:00:00,Y06,1576,1758
YS013577,2026-03-29 08:00:00,Y07,935,1034
YS013578,2026-03-29 08:00:00,Y08,828,1028
YS013579,2026-03-29 08:00:00,Y09,687,1123
YS013580,2026-03-29 08:00:00,Y10,757,1339
YS013581,2026-03-29 16:00:00,Y01,1031,1995
YS013582,2026-03-29 16:00:00,Y02,710,1249
YS013583,2026-03-29 16:00:00,Y03,406,986
YS013584,2026-03-29 16:00:00,Y04,958,1113
YS013585,2026-03-29 16:00:00,Y05,453,930
YS013586,2026-03-29 16:00:00,Y06,1608,1758
YS013587,2026-03-29 16:00:00,Y07,831,1034
YS013588,2026-03-29 16:00:00,Y08,739,1028
YS013589,2026-03-29 16:00:00,Y09,722,1123
YS013590,2026-03-29 16:00:00,Y10,1107,1339
YS013591,2026-03-30 00:00:00,Y01,1546,1995
YS013592,2026-03-30 00:00:00,Y02,857,1249
YS013593,2026-03-30 00:00:00,Y03,784,986
YS013594,2026-03-30 00:00:00,Y04,774,1113
YS013595,2026-03-30 00:00:00,Y05,645,930
YS013596,2026-03-30 00:00:00,Y06,745,1758
YS013597,2026-03-30 00:00:00,Y07,618,1034
YS013598,2026-03-30 00:00:00,Y08,958,1028
YS013599,2026-03-30 00:00:00,Y09,560,1123
YS013600,2026-03-30 00:00:00,Y10,965,1339
YS013601,2026-03-30 08:00:00,Y01,1542,1995
YS013602,2026-03-30 08:00:00,Y02,1152,1249
YS013603,2026-03-30 08:00:00,Y03,593,986
YS013604,2026-03-30 08:00:00,Y04,455,1113
YS013605,2026-03-30 08:00:00,Y05,410,930
YS013606,2026-03-30 08:00:00,Y06,1523,1758
YS013607,2026-03-30 08:00:00,Y07,992,1034
YS013608,2026-03-30 08:00:00,Y08,1001,1028
YS013609,2026-03-30 08:00:00,Y09,690,1123
YS013610,2026-03-30 08:00:00,Y10,778,1339
YS013611,2026-03-30 16:00:00,Y01,1472,1995
YS013612,2026-03-30 16:00:00,Y02,628,1249
YS013613,2026-03-30 16:00:00,Y03,791,986
YS013614,2026-03-30 16:00:00,Y04,806,1113
YS013615,2026-03-30 16:00:00,Y05,634,930
YS013616,2026-03-30 16:00:00,Y06,1289,1758
YS013617,2026-03-30 16:00:00,Y07,604,1034
YS013618,2026-03-30 16:00:00,Y08,463,1028
YS013619,2026-03-30 16:00:00,Y09,728,1123
YS013620,2026-03-30 16:00:00,Y10,953,1339
YS013621,2026-03-31 00:00:00,Y01,1287,1995
YS013622,2026-03-31 00:00:00,Y02,610,1249
YS013623,2026-03-31 00:00:00,Y03,549,986
YS013624,2026-03-31 00:00:00,Y04,650,1113
YS013625,2026-03-31 00:00:00,Y05,845,930
YS013626,2026-03-31 00:00:00,Y06,1011,1758
YS013627,2026-03-31 00:00:00,Y07,759,1034
YS013628,2026-03-31 00:00:00,Y08,558,1028
YS013629,2026-03-31 00:00:00,Y09,908,1123
YS013630,2026-03-31 00:00:00,Y10,615,1339
YS013631,2026-03-31 08:00:00,Y01,1810,1995
YS013632,2026-03-31 08:00:00,Y02,1199,1249
YS013633,2026-03-31 08:00:00,Y03,489,986
YS013634,2026-03-31 08:00:00,Y04,594,1113
YS013635,2026-03-31 08:00:00,Y05,461,930
YS013636,2026-03-31 08:00:00,Y06,1240,1758
YS013637,2026-03-31 08:00:00,Y07,731,1034
YS013638,2026-03-31 08:00:00,Y08,753,1028
YS013639,2026-03-31 08:00:00,Y09,467,1123
YS013640,2026-03-31 08:00:00,Y10,766,1339
YS013641,2026-03-31 16:00:00,Y01,1609,1995
YS013642,2026-03-31 16:00:00,Y02,612,1249
YS013643,2026-03-31 16:00:00,Y03,427,986
YS013644,2026-03-31 16:00:00,Y04,1018,1113
YS013645,2026-03-31 16:00:00,Y05,545,930
YS013646,2026-03-31 16:00:00,Y06,1376,1758
YS013647,2026-03-31 16:00:00,Y07,662,1034
YS013648,2026-03-31 16:00:00,Y08,712,1028
YS013649,2026-03-31 16:00:00,Y09,497,1123
YS013650,2026-03-31 16:00:00,Y10,823,1339
YS013651,2026-04-01 00:00:00,Y01,840,1995
YS013652,2026-04-01 00:00:00,Y02,731,1249
YS013653,2026-04-01 00:00:00,Y03,632,986
YS013654,2026-04-01 00:00:00,Y04,963,1113
YS013655,2026-04-01 00:00:00,Y05,801,930
YS013656,2026-04-01 00:00:00,Y06,814,1758
YS013657,2026-04-01 00:00:00,Y07,655,1034
YS013658,2026-04-01 00:00:00,Y08,818,1028
YS013659,2026-04-01 00:00:00,Y09,946,1123
YS013660,2026-04-01 00:00:00,Y10,868,1339
YS013661,2026-04-01 08:00:00,Y01,1735,1995
YS013662,2026-04-01 08:00:00,Y02,1037,1249
YS013663,2026-04-01 08:00:00,Y03,793,986
YS013664,2026-04-01 08:00:00,Y04,917,1113
YS013665,2026-04-01 08:00:00,Y05,623,930
YS013666,2026-04-01 08:00:00,Y06,1706,1758
YS013667,2026-04-01 08:00:00,Y07,846,1034
YS013668,2026-04-01 08:00:00,Y08,793,1028
YS013669,2026-04-01 08:00:00,Y09,722,1123
YS013670,2026-04-01 08:00:00,Y10,1265,1339
YS013671,2026-04-01 16:00:00,Y01,1690,1995
YS013672,2026-04-01 16:00:00,Y02,992,1249
YS013673,2026-04-01 16:00:00,Y03,476,986
YS013674,2026-04-01 16:00:00,Y04,635,1113
YS013675,2026-04-01 16:00:00,Y05,447,930
YS013676,2026-04-01 16:00:00,Y06,931,1758
YS013677,2026-04-01 16:00:00,Y07,980,1034
YS013678,2026-04-01 16:00:00,Y08,927,1028
YS013679,2026-04-01 16:00:00,Y09,652,1123
YS013680,2026-04-01 16:00:00,Y10,543,1339
YS013681,2026-04-02 00:00:00,Y01,1136,1995
YS013682,2026-04-02 00:00:00,Y02,1123,1249
YS013683,2026-04-02 00:00:00,Y03,673,986
YS013684,2026-04-02 00:00:00,Y04,656,1113
YS013685,2026-04-02 00:00:00,Y05,578,930
YS013686,2026-04-02 00:00:00,Y06,1534,1758
YS013687,2026-04-02 00:00:00,Y07,616,1034
YS013688,2026-04-02 00:00:00,Y08,735,1028
YS013689,2026-04-02 00:00:00,Y09,691,1123
YS013690,2026-04-02 00:00:00,Y10,1164,1339
YS013691,2026-04-02 08:00:00,Y01,1920,1995
YS013692,2026-04-02 08:00:00,Y02,671,1249
YS013693,2026-04-02 08:00:00,Y03,878,986
YS013694,2026-04-02 08:00:00,Y04,938,1113
YS013695,2026-04-02 08:00:00,Y05,742,930
YS013696,2026-04-02 08:00:00,Y06,744,1758
YS013697,2026-04-02 08:00:00,Y07,948,1034
YS013698,2026-04-02 08:00:00,Y08,647,1028
YS013699,2026-04-02 08:00:00,Y09,1027,1123
YS013700,2026-04-02 08:00:00,Y10,1034,1339
YS013701,2026-04-02 16:00:00,Y01,1892,1995
YS013702,2026-04-02 16:00:00,Y02,555,1249
YS013703,2026-04-02 16:00:00,Y03,887,986
YS013704,2026-04-02 16:00:00,Y04,761,1113
YS013705,2026-04-02 16:00:00,Y05,676,930
YS013706,2026-04-02 16:00:00,Y06,1040,1758
YS013707,2026-04-02 16:00:00,Y07,928,1034
YS013708,2026-04-02 16:00:00,Y08,755,1028
YS013709,2026-04-02 16:00:00,Y09,1022,1123
YS013710,2026-04-02 16:00:00,Y10,599,1339
YS013711,2026-04-03 00:00:00,Y01,1688,1995
YS013712,2026-04-03 00:00:00,Y02,936,1249
YS013713,2026-04-03 00:00:00,Y03,510,986
YS013714,2026-04-03 00:00:00,Y04,1010,1113
YS013715,2026-04-03 00:00:00,Y05,620,930
YS013716,2026-04-03 00:00:00,Y06,1043,1758
YS013717,2026-04-03 00:00:00,Y07,467,1034
YS013718,2026-04-03 00:00:00,Y08,800,1028
YS013719,2026-04-03 00:00:00,Y09,594,1123
YS013720,2026-04-03 00:00:00,Y10,888,1339
YS013721,2026-04-03 08:00:00,Y01,1918,1995
YS013722,2026-04-03 08:00:00,Y02,608,1249
YS013723,2026-04-03 08:00:00,Y03,895,986
YS013724,2026-04-03 08:00:00,Y04,563,1113
YS013725,2026-04-03 08:00:00,Y05,860,930
YS013726,2026-04-03 08:00:00,Y06,1392,1758
YS013727,2026-04-03 08:00:00,Y07,584,1034
YS013728,2026-04-03 08:00:00,Y08,470,1028
YS013729,2026-04-03 08:00:00,Y09,901,1123
YS013730,2026-04-03 08:00:00,Y10,1154,1339
YS013731,2026-04-03 16:00:00,Y01,1411,1995
YS013732,2026-04-03 16:00:00,Y02,649,1249
YS013733,2026-04-03 16:00:00,Y03,687,986
YS013734,2026-04-03 16:00:00,Y04,707,1113
YS013735,2026-04-03 16:00:00,Y05,463,930
YS013736,2026-04-03 16:00:00,Y06,1594,1758
YS013737,2026-04-03 16:00:00,Y07,415,1034
YS013738,2026-04-03 16:00:00,Y08,770,1028
YS013739,2026-04-03 16:00:00,Y09,771,1123
YS013740,2026-04-03 16:00:00,Y10,946,1339
YS013741,2026-04-04 00:00:00,Y01,812,1995
YS013742,2026-04-04 00:00:00,Y02,1103,1249
YS013743,2026-04-04 00:00:00,Y03,487,986
YS013744,2026-04-04 00:00:00,Y04,602,1113
YS013745,2026-04-04 00:00:00,Y05,420,930
YS013746,2026-04-04 00:00:00,Y06,1320,1758
YS013747,2026-04-04 00:00:00,Y07,581,1034
YS013748,2026-04-04 00:00:00,Y08,644,1028
YS013749,2026-04-04 00:00:00,Y09,680,1123
YS013750,2026-04-04 00:00:00,Y10,733,1339
YS013751,2026-04-04 08:00:00,Y01,1004,1995
YS013752,2026-04-04 08:00:00,Y02,551,1249
YS013753,2026-04-04 08:00:00,Y03,738,986
YS013754,2026-04-04 08:00:00,Y04,860,1113
YS013755,2026-04-04 08:00:00,Y05,545,930
YS013756,2026-04-04 08:00:00,Y06,1535,1758
YS013757,2026-04-04 08:00:00,Y07,751,1034
YS013758,2026-04-04 08:00:00,Y08,966,1028
YS013759,2026-04-04 08:00:00,Y09,518,1123
YS013760,2026-04-04 08:00:00,Y10,703,1339
YS013761,2026-04-04 16:00:00,Y01,1152,1995
YS013762,2026-04-04 16:00:00,Y02,866,1249
YS013763,2026-04-04 16:00:00,Y03,943,986
YS013764,2026-04-04 16:00:00,Y04,1068,1113
YS013765,2026-04-04 16:00:00,Y05,877,930
YS013766,2026-04-04 16:00:00,Y06,1505,1758
YS013767,2026-04-04 16:00:00,Y07,942,1034
YS013768,2026-04-04 16:00:00,Y08,651,1028
YS013769,2026-04-04 16:00:00,Y09,690,1123
YS013770,2026-04-04 16:00:00,Y10,778,1339
YS013771,2026-04-05 00:00:00,Y01,1069,1995
YS013772,2026-04-05 00:00:00,Y02,518,1249
YS013773,2026-04-05 00:00:00,Y03,751,986
YS013774,2026-04-05 00:00:00,Y04,1088,1113
YS013775,2026-04-05 00:00:00,Y05,488,930
YS013776,2026-04-05 00:00:00,Y06,1196,1758
YS013777,2026-04-05 00:00:00,Y07,470,1034
YS013778,2026-04-05 00:00:00,Y08,995,1028
YS013779,2026-04-05 00:00:00,Y09,722,1123
YS013780,2026-04-05 00:00:00,Y10,984,1339
YS013781,2026-04-05 08:00:00,Y01,1588,1995
YS013782,2026-04-05 08:00:00,Y02,796,1249
YS013783,2026-04-05 08:00:00,Y03,866,986
YS013784,2026-04-05 08:00:00,Y04,730,1113
YS013785,2026-04-05 08:00:00,Y05,793,930
YS013786,2026-04-05 08:00:00,Y06,844,1758
YS013787,2026-04-05 08:00:00,Y07,937,1034
YS013788,2026-04-05 08:00:00,Y08,796,1028
YS013789,2026-04-05 08:00:00,Y09,1060,1123
YS013790,2026-04-05 08:00:00,Y10,1095,1339
YS013791,2026-04-05 16:00:00,Y01,1737,1995
YS013792,2026-04-05 16:00:00,Y02,1192,1249
YS013793,2026-04-05 16:00:00,Y03,568,986
YS013794,2026-04-05 16:00:00,Y04,965,1113
YS013795,2026-04-05 16:00:00,Y05,390,930
YS013796,2026-04-05 16:00:00,Y06,1088,1758
YS013797,2026-04-05 16:00:00,Y07,604,1034
YS013798,2026-04-05 16:00:00,Y08,665,1028
YS013799,2026-04-05 16:00:00,Y09,1010,1123
YS013800,2026-04-05 16:00:00,Y10,1125,1339
YS013801,2026-04-06 00:00:00,Y01,1339,1995
YS013802,2026-04-06 00:00:00,Y02,656,1249
YS013803,2026-04-06 00:00:00,Y03,758,986
YS013804,2026-04-06 00:00:00,Y04,1027,1113
YS013805,2026-04-06 00:00:00,Y05,575,930
YS013806,2026-04-06 00:00:00,Y06,1108,1758
YS013807,2026-04-06 00:00:00,Y07,575,1034
YS013808,2026-04-06 00:00:00,Y08,490,1028
YS013809,2026-04-06 00:00:00,Y09,1015,1123
YS013810,2026-04-06 00:00:00,Y10,1067,1339
YS013811,2026-04-06 08:00:00,Y01,1099,1995
YS013812,2026-04-06 08:00:00,Y02,708,1249
YS013813,2026-04-06 08:00:00,Y03,874,986
YS013814,2026-04-06 08:00:00,Y04,882,1113
YS013815,2026-04-06 08:00:00,Y05,558,930
YS013816,2026-04-06 08:00:00,Y06,1063,1758
YS013817,2026-04-06 08:00:00,Y07,638,1034
YS013818,2026-04-06 08:00:00,Y08,549,1028
YS013819,2026-04-06 08:00:00,Y09,549,1123
YS013820,2026-04-06 08:00:00,Y10,565,1339
YS013821,2026-04-06 16:00:00,Y01,1261,1995
YS013822,2026-04-06 16:00:00,Y02,853,1249
YS013823,2026-04-06 16:00:00,Y03,841,986
YS013824,2026-04-06 16:00:00,Y04,886,1113
YS013825,2026-04-06 16:00:00,Y05,467,930
YS013826,2026-04-06 16:00:00,Y06,1316,1758
YS013827,2026-04-06 16:00:00,Y07,812,1034
YS013828,2026-04-06 16:00:00,Y08,841,1028
YS013829,2026-04-06 16:00:00,Y09,782,1123
YS013830,2026-04-06 16:00:00,Y10,1123,1339
YS013831,2026-04-07 00:00:00,Y01,1360,1995
YS013832,2026-04-07 00:00:00,Y02,991,1249
YS013833,2026-04-07 00:00:00,Y03,547,986
YS013834,2026-04-07 00:00:00,Y04,507,1113
YS013835,2026-04-07 00:00:00,Y05,415,930
YS013836,2026-04-07 00:00:00,Y06,1627,1758
YS013837,2026-04-07 00:00:00,Y07,442,1034
YS013838,2026-04-07 00:00:00,Y08,901,1028
YS013839,2026-04-07 00:00:00,Y09,622,1123
YS013840,2026-04-07 00:00:00,Y10,1183,1339
YS013841,2026-04-07 08:00:00,Y01,1678,1995
YS013842,2026-04-07 08:00:00,Y02,627,1249
YS013843,2026-04-07 08:00:00,Y03,403,986
YS013844,2026-04-07 08:00:00,Y04,1083,1113
YS013845,2026-04-07 08:00:00,Y05,799,930
YS013846,2026-04-07 08:00:00,Y06,773,1758
YS013847,2026-04-07 08:00:00,Y07,942,1034
YS013848,2026-04-07 08:00:00,Y08,557,1028
YS013849,2026-04-07 08:00:00,Y09,502,1123
YS013850,2026-04-07 08:00:00,Y10,1205,1339
YS013851,2026-04-07 16:00:00,Y01,1635,1995
YS013852,2026-04-07 16:00:00,Y02,1095,1249
YS013853,2026-04-07 16:00:00,Y03,680,986
YS013854,2026-04-07 16:00:00,Y04,746,1113
YS013855,2026-04-07 16:00:00,Y05,806,930
YS013856,2026-04-07 16:00:00,Y06,806,1758
YS013857,2026-04-07 16:00:00,Y07,436,1034
YS013858,2026-04-07 16:00:00,Y08,650,1028
YS013859,2026-04-07 16:00:00,Y09,1072,1123
YS013860,2026-04-07 16:00:00,Y10,1277,1339
YS013861,2026-04-08 00:00:00,Y01,1558,1995
YS013862,2026-04-08 00:00:00,Y02,872,1249
YS013863,2026-04-08 00:00:00,Y03,542,986
YS013864,2026-04-08 00:00:00,Y04,710,1113
YS013865,2026-04-08 00:00:00,Y05,415,930
YS013866,2026-04-08 00:00:00,Y06,1630,1758
YS013867,2026-04-08 00:00:00,Y07,917,1034
YS013868,2026-04-08 00:00:00,Y08,776,1028
YS013869,2026-04-08 00:00:00,Y09,1002,1123
YS013870,2026-04-08 00:00:00,Y10,760,1339
YS013871,2026-04-08 08:00:00,Y01,1232,1995
YS013872,2026-04-08 08:00:00,Y02,861,1249
YS013873,2026-04-08 08:00:00,Y03,555,986
YS013874,2026-04-08 08:00:00,Y04,831,1113
YS013875,2026-04-08 08:00:00,Y05,850,930
YS013876,2026-04-08 08:00:00,Y06,1631,1758
YS013877,2026-04-08 08:00:00,Y07,551,1034
YS013878,2026-04-08 08:00:00,Y08,892,1028
YS013879,2026-04-08 08:00:00,Y09,1018,1123
YS013880,2026-04-08 08:00:00,Y10,621,1339
YS013881,2026-04-08 16:00:00,Y01,1364,1995
YS013882,2026-04-08 16:00:00,Y02,1125,1249
YS013883,2026-04-08 16:00:00,Y03,398,986
YS013884,2026-04-08 16:00:00,Y04,854,1113
YS013885,2026-04-08 16:00:00,Y05,565,930
YS013886,2026-04-08 16:00:00,Y06,853,1758
YS013887,2026-04-08 16:00:00,Y07,663,1034
YS013888,2026-04-08 16:00:00,Y08,910,1028
YS013889,2026-04-08 16:00:00,Y09,781,1123
YS013890,2026-04-08 16:00:00,Y10,740,1339
YS013891,2026-04-09 00:00:00,Y01,1886,1995
YS013892,2026-04-09 00:00:00,Y02,1041,1249
YS013893,2026-04-09 00:00:00,Y03,572,986
YS013894,2026-04-09 00:00:00,Y04,889,1113
YS013895,2026-04-09 00:00:00,Y05,518,930
YS013896,2026-04-09 00:00:00,Y06,1546,1758
YS013897,2026-04-09 00:00:00,Y07,951,1034
YS013898,2026-04-09 00:00:00,Y08,623,1028
YS013899,2026-04-09 00:00:00,Y09,597,1123
YS013900,2026-04-09 00:00:00,Y10,1192,1339
YS013901,2026-04-09 08:00:00,Y01,1702,1995
YS013902,2026-04-09 08:00:00,Y02,862,1249
YS013903,2026-04-09 08:00:00,Y03,626,986
YS013904,2026-04-09 08:00:00,Y04,1005,1113
YS013905,2026-04-09 08:00:00,Y05,747,930
YS013906,2026-04-09 08:00:00,Y06,1384,1758
YS013907,2026-04-09 08:00:00,Y07,584,1034
YS013908,2026-04-09 08:00:00,Y08,449,1028
YS013909,2026-04-09 08:00:00,Y09,688,1123
YS013910,2026-04-09 08:00:00,Y10,1016,1339
YS013911,2026-04-09 16:00:00,Y01,1144,1995
YS013912,2026-04-09 16:00:00,Y02,713,1249
YS013913,2026-04-09 16:00:00,Y03,489,986
YS013914,2026-04-09 16:00:00,Y04,471,1113
YS013915,2026-04-09 16:00:00,Y05,825,930
YS013916,2026-04-09 16:00:00,Y06,886,1758
YS013917,2026-04-09 16:00:00,Y07,735,1034
YS013918,2026-04-09 16:00:00,Y08,868,1028
YS013919,2026-04-09 16:00:00,Y09,760,1123
YS013920,2026-04-09 16:00:00,Y10,1028,1339
YS013921,2026-04-10 00:00:00,Y01,848,1995
YS013922,2026-04-10 00:00:00,Y02,534,1249
YS013923,2026-04-10 00:00:00,Y03,543,986
YS013924,2026-04-10 00:00:00,Y04,564,1113
YS013925,2026-04-10 00:00:00,Y05,904,930
YS013926,2026-04-10 00:00:00,Y06,1491,1758
YS013927,2026-04-10 00:00:00,Y07,964,1034
YS013928,2026-04-10 00:00:00,Y08,705,1028
YS013929,2026-04-10 00:00:00,Y09,1024,1123
YS013930,2026-04-10 00:00:00,Y10,588,1339
YS013931,2026-04-10 08:00:00,Y01,1430,1995
YS013932,2026-04-10 08:00:00,Y02,1173,1249
YS013933,2026-04-10 08:00:00,Y03,594,986
YS013934,2026-04-10 08:00:00,Y04,755,1113
YS013935,2026-04-10 08:00:00,Y05,829,930
YS013936,2026-04-10 08:00:00,Y06,746,1758
YS013937,2026-04-10 08:00:00,Y07,597,1034
YS013938,2026-04-10 08:00:00,Y08,569,1028
YS013939,2026-04-10 08:00:00,Y09,729,1123
YS013940,2026-04-10 08:00:00,Y10,839,1339
YS013941,2026-04-10 16:00:00,Y01,1813,1995
YS013942,2026-04-10 16:00:00,Y02,1011,1249
YS013943,2026-04-10 16:00:00,Y03,603,986
YS013944,2026-04-10 16:00:00,Y04,869,1113
YS013945,2026-04-10 16:00:00,Y05,540,930
YS013946,2026-04-10 16:00:00,Y06,920,1758
YS013947,2026-04-10 16:00:00,Y07,962,1034
YS013948,2026-04-10 16:00:00,Y08,592,1028
YS013949,2026-04-10 16:00:00,Y09,992,1123
YS013950,2026-04-10 16:00:00,Y10,876,1339
YS013951,2026-04-11 00:00:00,Y01,889,1995
YS013952,2026-04-11 00:00:00,Y02,534,1249
YS013953,2026-04-11 00:00:00,Y03,580,986
YS013954,2026-04-11 00:00:00,Y04,784,1113
YS013955,2026-04-11 00:00:00,Y05,588,930
YS013956,2026-04-11 00:00:00,Y06,1651,1758
YS013957,2026-04-11 00:00:00,Y07,663,1034
YS013958,2026-04-11 00:00:00,Y08,482,1028
YS013959,2026-04-11 00:00:00,Y09,643,1123
YS013960,2026-04-11 00:00:00,Y10,1232,1339
YS013961,2026-04-11 08:00:00,Y01,1185,1995
YS013962,2026-04-11 08:00:00,Y02,608,1249
YS013963,2026-04-11 08:00:00,Y03,841,986
YS013964,2026-04-11 08:00:00,Y04,546,1113
YS013965,2026-04-11 08:00:00,Y05,423,930
YS013966,2026-04-11 08:00:00,Y06,1400,1758
YS013967,2026-04-11 08:00:00,Y07,899,1034
YS013968,2026-04-11 08:00:00,Y08,888,1028
YS013969,2026-04-11 08:00:00,Y09,595,1123
YS013970,2026-04-11 08:00:00,Y10,592,1339
YS013971,2026-04-11 16:00:00,Y01,1422,1995
YS013972,2026-04-11 16:00:00,Y02,626,1249
YS013973,2026-04-11 16:00:00,Y03,807,986
YS013974,2026-04-11 16:00:00,Y04,504,1113
YS013975,2026-04-11 16:00:00,Y05,718,930
YS013976,2026-04-11 16:00:00,Y06,1698,1758
YS013977,2026-04-11 16:00:00,Y07,436,1034
YS013978,2026-04-11 16:00:00,Y08,985,1028
YS013979,2026-04-11 16:00:00,Y09,737,1123
YS013980,2026-04-11 16:00:00,Y10,685,1339
YS013981,2026-04-12 00:00:00,Y01,1726,1995
YS013982,2026-04-12 00:00:00,Y02,1133,1249
YS013983,2026-04-12 00:00:00,Y03,725,986
YS013984,2026-04-12 00:00:00,Y04,855,1113
YS013985,2026-04-12 00:00:00,Y05,887,930
YS013986,2026-04-12 00:00:00,Y06,1247,1758
YS013987,2026-04-12 00:00:00,Y07,564,1034
YS013988,2026-04-12 00:00:00,Y08,734,1028
YS013989,2026-04-12 00:00:00,Y09,908,1123
YS013990,2026-04-12 00:00:00,Y10,899,1339
YS013991,2026-04-12 08:00:00,Y01,1127,1995
YS013992,2026-04-12 08:00:00,Y02,638,1249
YS013993,2026-04-12 08:00:00,Y03,593,986
YS013994,2026-04-12 08:00:00,Y04,962,1113
YS013995,2026-04-12 08:00:00,Y05,818,930
YS013996,2026-04-12 08:00:00,Y06,1661,1758
YS013997,2026-04-12 08:00:00,Y07,738,1034
YS013998,2026-04-12 08:00:00,Y08,805,1028
YS013999,2026-04-12 08:00:00,Y09,978,1123
YS014000,2026-04-12 08:00:00,Y10,1103,1339
YS014001,2026-04-12 16:00:00,Y01,1301,1995
YS014002,2026-04-12 16:00:00,Y02,934,1249
YS014003,2026-04-12 16:00:00,Y03,662,986
YS014004,2026-04-12 16:00:00,Y04,700,1113
YS014005,2026-04-12 16:00:00,Y05,577,930
YS014006,2026-04-12 16:00:00,Y06,1478,1758
YS014007,2026-04-12 16:00:00,Y07,641,1034
YS014008,2026-04-12 16:00:00,Y08,437,1028
YS014009,2026-04-12 16:00:00,Y09,908,1123
YS014010,2026-04-12 16:00:00,Y10,713,1339
YS014011,2026-04-13 00:00:00,Y01,1652,1995
YS014012,2026-04-13 00:00:00,Y02,1160,1249
YS014013,2026-04-13 00:00:00,Y03,573,986
YS014014,2026-04-13 00:00:00,Y04,1020,1113
YS014015,2026-04-13 00:00:00,Y05,502,930
YS014016,2026-04-13 00:00:00,Y06,883,1758
YS014017,2026-04-13 00:00:00,Y07,926,1034
YS014018,2026-04-13 00:00:00,Y08,803,1028
YS014019,2026-04-13 00:00:00,Y09,769,1123
YS014020,2026-04-13 00:00:00,Y10,1045,1339
YS014021,2026-04-13 08:00:00,Y01,1051,1995
YS014022,2026-04-13 08:00:00,Y02,1101,1249
YS014023,2026-04-13 08:00:00,Y03,777,986
YS014024,2026-04-13 08:00:00,Y04,1047,1113
YS014025,2026-04-13 08:00:00,Y05,504,930
YS014026,2026-04-13 08:00:00,Y06,1331,1758
YS014027,2026-04-13 08:00:00,Y07,448,1034
YS014028,2026-04-13 08:00:00,Y08,417,1028
YS014029,2026-04-13 08:00:00,Y09,944,1123
YS014030,2026-04-13 08:00:00,Y10,1007,1339
YS014031,2026-04-13 16:00:00,Y01,971,1995
YS014032,2026-04-13 16:00:00,Y02,1218,1249
YS014033,2026-04-13 16:00:00,Y03,869,986
YS014034,2026-04-13 16:00:00,Y04,894,1113
YS014035,2026-04-13 16:00:00,Y05,567,930
YS014036,2026-04-13 16:00:00,Y06,884,1758
YS014037,2026-04-13 16:00:00,Y07,584,1034
YS014038,2026-04-13 16:00:00,Y08,414,1028
YS014039,2026-04-13 16:00:00,Y09,488,1123
YS014040,2026-04-13 16:00:00,Y10,565,1339
YS014041,2026-04-14 00:00:00,Y01,1256,1995
YS014042,2026-04-14 00:00:00,Y02,1063,1249
YS014043,2026-04-14 00:00:00,Y03,941,986
YS014044,2026-04-14 00:00:00,Y04,839,1113
YS014045,2026-04-14 00:00:00,Y05,831,930
YS014046,2026-04-14 00:00:00,Y06,1050,1758
YS014047,2026-04-14 00:00:00,Y07,1006,1034
YS014048,2026-04-14 00:00:00,Y08,679,1028
YS014049,2026-04-14 00:00:00,Y09,566,1123
YS014050,2026-04-14 00:00:00,Y10,763,1339
YS014051,2026-04-14 08:00:00,Y01,1274,1995
YS014052,2026-04-14 08:00:00,Y02,643,1249
YS014053,2026-04-14 08:00:00,Y03,498,986
YS014054,2026-04-14 08:00:00,Y04,644,1113
YS014055,2026-04-14 08:00:00,Y05,432,930
YS014056,2026-04-14 08:00:00,Y06,1217,1758
YS014057,2026-04-14 08:00:00,Y07,505,1034
YS014058,2026-04-14 08:00:00,Y08,595,1028
YS014059,2026-04-14 08:00:00,Y09,545,1123
YS014060,2026-04-14 08:00:00,Y10,1262,1339
YS014061,2026-04-14 16:00:00,Y01,1230,1995
YS014062,2026-04-14 16:00:00,Y02,993,1249
YS014063,2026-04-14 16:00:00,Y03,623,986
YS014064,2026-04-14 16:00:00,Y04,732,1113
YS014065,2026-04-14 16:00:00,Y05,732,930
YS014066,2026-04-14 16:00:00,Y06,1312,1758
YS014067,2026-04-14 16:00:00,Y07,696,1034
YS014068,2026-04-14 16:00:00,Y08,947,1028
YS014069,2026-04-14 16:00:00,Y09,592,1123
YS014070,2026-04-14 16:00:00,Y10,1175,1339
YS014071,2026-04-15 00:00:00,Y01,1451,1995
YS014072,2026-04-15 00:00:00,Y02,610,1249
YS014073,2026-04-15 00:00:00,Y03,517,986
YS014074,2026-04-15 00:00:00,Y04,657,1113
YS014075,2026-04-15 00:00:00,Y05,640,930
YS014076,2026-04-15 00:00:00,Y06,984,1758
YS014077,2026-04-15 00:00:00,Y07,495,1034
YS014078,2026-04-15 00:00:00,Y08,467,1028
YS014079,2026-04-15 00:00:00,Y09,944,1123
YS014080,2026-04-15 00:00:00,Y10,1172,1339
YS014081,2026-04-15 08:00:00,Y01,1593,1995
YS014082,2026-04-15 08:00:00,Y02,1058,1249
YS014083,2026-04-15 08:00:00,Y03,550,986
YS014084,2026-04-15 08:00:00,Y04,877,1113
YS014085,2026-04-15 08:00:00,Y05,726,930
YS014086,2026-04-15 08:00:00,Y06,1105,1758
YS014087,2026-04-15 08:00:00,Y07,910,1034
YS014088,2026-04-15 08:00:00,Y08,655,1028
YS014089,2026-04-15 08:00:00,Y09,650,1123
YS014090,2026-04-15 08:00:00,Y10,1294,1339
YS014091,2026-04-15 16:00:00,Y01,1128,1995
YS014092,2026-04-15 16:00:00,Y02,548,1249
YS014093,2026-04-15 16:00:00,Y03,746,986
YS014094,2026-04-15 16:00:00,Y04,549,1113
YS014095,2026-04-15 16:00:00,Y05,517,930
YS014096,2026-04-15 16:00:00,Y06,1654,1758
YS014097,2026-04-15 16:00:00,Y07,549,1034
YS014098,2026-04-15 16:00:00,Y08,873,1028
YS014099,2026-04-15 16:00:00,Y09,731,1123
YS014100,2026-04-15 16:00:00,Y10,1301,1339
YS014101,2026-04-16 00:00:00,Y01,1201,1995
YS014102,2026-04-16 00:00:00,Y02,627,1249
YS014103,2026-04-16 00:00:00,Y03,669,986
YS014104,2026-04-16 00:00:00,Y04,503,1113
YS014105,2026-04-16 00:00:00,Y05,737,930
YS014106,2026-04-16 00:00:00,Y06,1317,1758
YS014107,2026-04-16 00:00:00,Y07,438,1034
YS014108,2026-04-16 00:00:00,Y08,758,1028
YS014109,2026-04-16 00:00:00,Y09,1051,1123
YS014110,2026-04-16 00:00:00,Y10,928,1339
YS014111,2026-04-16 08:00:00,Y01,813,1995
YS014112,2026-04-16 08:00:00,Y02,623,1249
YS014113,2026-04-16 08:00:00,Y03,598,986
YS014114,2026-04-16 08:00:00,Y04,914,1113
YS014115,2026-04-16 08:00:00,Y05,410,930
YS014116,2026-04-16 08:00:00,Y06,1338,1758
YS014117,2026-04-16 08:00:00,Y07,559,1034
YS014118,2026-04-16 08:00:00,Y08,721,1028
YS014119,2026-04-16 08:00:00,Y09,938,1123
YS014120,2026-04-16 08:00:00,Y10,1095,1339
YS014121,2026-04-16 16:00:00,Y01,945,1995
YS014122,2026-04-16 16:00:00,Y02,541,1249
YS014123,2026-04-16 16:00:00,Y03,552,986
YS014124,2026-04-16 16:00:00,Y04,820,1113
YS014125,2026-04-16 16:00:00,Y05,878,930
YS014126,2026-04-16 16:00:00,Y06,1507,1758
YS014127,2026-04-16 16:00:00,Y07,942,1034
YS014128,2026-04-16 16:00:00,Y08,953,1028
YS014129,2026-04-16 16:00:00,Y09,719,1123
YS014130,2026-04-16 16:00:00,Y10,698,1339
YS014131,2026-04-17 00:00:00,Y01,1196,1995
YS014132,2026-04-17 00:00:00,Y02,1030,1249
YS014133,2026-04-17 00:00:00,Y03,404,986
YS014134,2026-04-17 00:00:00,Y04,1000,1113
YS014135,2026-04-17 00:00:00,Y05,557,930
YS014136,2026-04-17 00:00:00,Y06,1004,1758
YS014137,2026-04-17 00:00:00,Y07,745,1034
YS014138,2026-04-17 00:00:00,Y08,907,1028
YS014139,2026-04-17 00:00:00,Y09,600,1123
YS014140,2026-04-17 00:00:00,Y10,1028,1339
YS014141,2026-04-17 08:00:00,Y01,1673,1995
YS014142,2026-04-17 08:00:00,Y02,1210,1249
YS014143,2026-04-17 08:00:00,Y03,434,986
YS014144,2026-04-17 08:00:00,Y04,970,1113
YS014145,2026-04-17 08:00:00,Y05,510,930
YS014146,2026-04-17 08:00:00,Y06,1156,1758
YS014147,2026-04-17 08:00:00,Y07,613,1034
YS014148,2026-04-17 08:00:00,Y08,668,1028
YS014149,2026-04-17 08:00:00,Y09,629,1123
YS014150,2026-04-17 08:00:00,Y10,700,1339
YS014151,2026-04-17 16:00:00,Y01,1442,1995
YS014152,2026-04-17 16:00:00,Y02,1163,1249
YS014153,2026-04-17 16:00:00,Y03,669,986
YS014154,2026-04-17 16:00:00,Y04,883,1113
YS014155,2026-04-17 16:00:00,Y05,387,930
YS014156,2026-04-17 16:00:00,Y06,1554,1758
YS014157,2026-04-17 16:00:00,Y07,685,1034
YS014158,2026-04-17 16:00:00,Y08,1001,1028
YS014159,2026-04-17 16:00:00,Y09,1065,1123
YS014160,2026-04-17 16:00:00,Y10,795,1339
YS014161,2026-04-18 00:00:00,Y01,1081,1995
YS014162,2026-04-18 00:00:00,Y02,609,1249
YS014163,2026-04-18 00:00:00,Y03,756,986
YS014164,2026-04-18 00:00:00,Y04,528,1113
YS014165,2026-04-18 00:00:00,Y05,530,930
YS014166,2026-04-18 00:00:00,Y06,1719,1758
YS014167,2026-04-18 00:00:00,Y07,628,1034
YS014168,2026-04-18 00:00:00,Y08,963,1028
YS014169,2026-04-18 00:00:00,Y09,1014,1123
YS014170,2026-04-18 00:00:00,Y10,1270,1339
YS014171,2026-04-18 08:00:00,Y01,805,1995
YS014172,2026-04-18 08:00:00,Y02,1127,1249
YS014173,2026-04-18 08:00:00,Y03,785,986
YS014174,2026-04-18 08:00:00,Y04,511,1113
YS014175,2026-04-18 08:00:00,Y05,500,930
YS014176,2026-04-18 08:00:00,Y06,1486,1758
YS014177,2026-04-18 08:00:00,Y07,554,1034
YS014178,2026-04-18 08:00:00,Y08,588,1028
YS014179,2026-04-18 08:00:00,Y09,616,1123
YS014180,2026-04-18 08:00:00,Y10,1296,1339
YS014181,2026-04-18 16:00:00,Y01,974,1995
YS014182,2026-04-18 16:00:00,Y02,836,1249
YS014183,2026-04-18 16:00:00,Y03,672,986
YS014184,2026-04-18 16:00:00,Y04,484,1113
YS014185,2026-04-18 16:00:00,Y05,835,930
YS014186,2026-04-18 16:00:00,Y06,1433,1758
YS014187,2026-04-18 16:00:00,Y07,424,1034
YS014188,2026-04-18 16:00:00,Y08,503,1028
YS014189,2026-04-18 16:00:00,Y09,748,1123
YS014190,2026-04-18 16:00:00,Y10,1308,1339
YS014191,2026-04-19 00:00:00,Y01,918,1995
YS014192,2026-04-19 00:00:00,Y02,1207,1249
YS014193,2026-04-19 00:00:00,Y03,519,986
YS014194,2026-04-19 00:00:00,Y04,542,1113
YS014195,2026-04-19 00:00:00,Y05,496,930
YS014196,2026-04-19 00:00:00,Y06,1449,1758
YS014197,2026-04-19 00:00:00,Y07,713,1034
YS014198,2026-04-19 00:00:00,Y08,562,1028
YS014199,2026-04-19 00:00:00,Y09,636,1123
YS014200,2026-04-19 00:00:00,Y10,1096,1339
YS014201,2026-04-19 08:00:00,Y01,1647,1995
YS014202,2026-04-19 08:00:00,Y02,614,1249
YS014203,2026-04-19 08:00:00,Y03,549,986
YS014204,2026-04-19 08:00:00,Y04,733,1113
YS014205,2026-04-19 08:00:00,Y05,538,930
YS014206,2026-04-19 08:00:00,Y06,1367,1758
YS014207,2026-04-19 08:00:00,Y07,894,1034
YS014208,2026-04-19 08:00:00,Y08,444,1028
YS014209,2026-04-19 08:00:00,Y09,835,1123
YS014210,2026-04-19 08:00:00,Y10,1281,1339
YS014211,2026-04-19 16:00:00,Y01,1674,1995
YS014212,2026-04-19 16:00:00,Y02,1155,1249
YS014213,2026-04-19 16:00:00,Y03,473,986
YS014214,2026-04-19 16:00:00,Y04,722,1113
YS014215,2026-04-19 16:00:00,Y05,586,930
YS014216,2026-04-19 16:00:00,Y06,1145,1758
YS014217,2026-04-19 16:00:00,Y07,431,1034
YS014218,2026-04-19 16:00:00,Y08,908,1028
YS014219,2026-04-19 16:00:00,Y09,757,1123
YS014220,2026-04-19 16:00:00,Y10,614,1339
YS014221,2026-04-20 00:00:00,Y01,1628,1995
YS014222,2026-04-20 00:00:00,Y02,1193,1249
YS014223,2026-04-20 00:00:00,Y03,510,986
YS014224,2026-04-20 00:00:00,Y04,1064,1113
YS014225,2026-04-20 00:00:00,Y05,630,930
YS014226,2026-04-20 00:00:00,Y06,1643,1758
YS014227,2026-04-20 00:00:00,Y07,490,1034
YS014228,2026-04-20 00:00:00,Y08,917,1028
YS014229,2026-04-20 00:00:00,Y09,1071,1123
YS014230,2026-04-20 00:00:00,Y10,1025,1339
YS014231,2026-04-20 08:00:00,Y01,1937,1995
YS014232,2026-04-20 08:00:00,Y02,863,1249
YS014233,2026-04-20 08:00:00,Y03,771,986
YS014234,2026-04-20 08:00:00,Y04,840,1113
YS014235,2026-04-20 08:00:00,Y05,880,930
YS014236,2026-04-20 08:00:00,Y06,1494,1758
YS014237,2026-04-20 08:00:00,Y07,512,1034
YS014238,2026-04-20 08:00:00,Y08,711,1028
YS014239,2026-04-20 08:00:00,Y09,775,1123
YS014240,2026-04-20 08:00:00,Y10,659,1339
YS014241,2026-04-20 16:00:00,Y01,1680,1995
YS014242,2026-04-20 16:00:00,Y02,915,1249
YS014243,2026-04-20 16:00:00,Y03,610,986
YS014244,2026-04-20 16:00:00,Y04,535,1113
YS014245,2026-04-20 16:00:00,Y05,378,930
YS014246,2026-04-20 16:00:00,Y06,1053,1758
YS014247,2026-04-20 16:00:00,Y07,685,1034
YS014248,2026-04-20 16:00:00,Y08,598,1028
YS014249,2026-04-20 16:00:00,Y09,576,1123
YS014250,2026-04-20 16:00:00,Y10,861,1339
YS014251,2026-04-21 00:00:00,Y01,1492,1995
YS014252,2026-04-21 00:00:00,Y02,885,1249
YS014253,2026-04-21 00:00:00,Y03,584,986
YS014254,2026-04-21 00:00:00,Y04,753,1113
YS014255,2026-04-21 00:00:00,Y05,527,930
YS014256,2026-04-21 00:00:00,Y06,1108,1758
YS014257,2026-04-21 00:00:00,Y07,913,1034
YS014258,2026-04-21 00:00:00,Y08,719,1028
YS014259,2026-04-21 00:00:00,Y09,1047,1123
YS014260,2026-04-21 00:00:00,Y10,1262,1339
YS014261,2026-04-21 08:00:00,Y01,1575,1995
YS014262,2026-04-21 08:00:00,Y02,931,1249
YS014263,2026-04-21 08:00:00,Y03,705,986
YS014264,2026-04-21 08:00:00,Y04,1002,1113
YS014265,2026-04-21 08:00:00,Y05,449,930
YS014266,2026-04-21 08:00:00,Y06,1146,1758
YS014267,2026-04-21 08:00:00,Y07,419,1034
YS014268,2026-04-21 08:00:00,Y08,634,1028
YS014269,2026-04-21 08:00:00,Y09,568,1123
YS014270,2026-04-21 08:00:00,Y10,618,1339
YS014271,2026-04-21 16:00:00,Y01,1375,1995
YS014272,2026-04-21 16:00:00,Y02,1005,1249
YS014273,2026-04-21 16:00:00,Y03,951,986
YS014274,2026-04-21 16:00:00,Y04,964,1113
YS014275,2026-04-21 16:00:00,Y05,615,930
YS014276,2026-04-21 16:00:00,Y06,1589,1758
YS014277,2026-04-21 16:00:00,Y07,720,1034
YS014278,2026-04-21 16:00:00,Y08,698,1028
YS014279,2026-04-21 16:00:00,Y09,805,1123
YS014280,2026-04-21 16:00:00,Y10,1175,1339
YS014281,2026-04-22 00:00:00,Y01,1951,1995
YS014282,2026-04-22 00:00:00,Y02,582,1249
YS014283,2026-04-22 00:00:00,Y03,960,986
YS014284,2026-04-22 00:00:00,Y04,778,1113
YS014285,2026-04-22 00:00:00,Y05,538,930
YS014286,2026-04-22 00:00:00,Y06,1258,1758
YS014287,2026-04-22 00:00:00,Y07,779,1034
YS014288,2026-04-22 00:00:00,Y08,495,1028
YS014289,2026-04-22 00:00:00,Y09,899,1123
YS014290,2026-04-22 00:00:00,Y10,612,1339
YS014291,2026-04-22 08:00:00,Y01,1506,1995
YS014292,2026-04-22 08:00:00,Y02,649,1249
YS014293,2026-04-22 08:00:00,Y03,796,986
YS014294,2026-04-22 08:00:00,Y04,687,1113
YS014295,2026-04-22 08:00:00,Y05,583,930
YS014296,2026-04-22 08:00:00,Y06,1228,1758
YS014297,2026-04-22 08:00:00,Y07,712,1034
YS014298,2026-04-22 08:00:00,Y08,690,1028
YS014299,2026-04-22 08:00:00,Y09,611,1123
YS014300,2026-04-22 08:00:00,Y10,1099,1339
YS014301,2026-04-22 16:00:00,Y01,1694,1995
YS014302,2026-04-22 16:00:00,Y02,921,1249
YS014303,2026-04-22 16:00:00,Y03,467,986
YS014304,2026-04-22 16:00:00,Y04,843,1113
YS014305,2026-04-22 16:00:00,Y05,469,930
YS014306,2026-04-22 16:00:00,Y06,1635,1758
YS014307,2026-04-22 16:00:00,Y07,740,1034
YS014308,2026-04-22 16:00:00,Y08,469,1028
YS014309,2026-04-22 16:00:00,Y09,535,1123
YS014310,2026-04-22 16:00:00,Y10,1127,1339
YS014311,2026-04-23 00:00:00,Y01,1345,1995
YS014312,2026-04-23 00:00:00,Y02,599,1249
YS014313,2026-04-23 00:00:00,Y03,762,986
YS014314,2026-04-23 00:00:00,Y04,548,1113
YS014315,2026-04-23 00:00:00,Y05,715,930
YS014316,2026-04-23 00:00:00,Y06,884,1758
YS014317,2026-04-23 00:00:00,Y07,644,1034
YS014318,2026-04-23 00:00:00,Y08,783,1028
YS014319,2026-04-23 00:00:00,Y09,472,1123
YS014320,2026-04-23 00:00:00,Y10,994,1339
YS014321,2026-04-23 08:00:00,Y01,841,1995
YS014322,2026-04-23 08:00:00,Y02,1016,1249
YS014323,2026-04-23 08:00:00,Y03,867,986
YS014324,2026-04-23 08:00:00,Y04,485,1113
YS014325,2026-04-23 08:00:00,Y05,646,930
YS014326,2026-04-23 08:00:00,Y06,1639,1758
YS014327,2026-04-23 08:00:00,Y07,894,1034
YS014328,2026-04-23 08:00:00,Y08,636,1028
YS014329,2026-04-23 08:00:00,Y09,1050,1123
YS014330,2026-04-23 08:00:00,Y10,610,1339
YS014331,2026-04-23 16:00:00,Y01,1122,1995
YS014332,2026-04-23 16:00:00,Y02,1087,1249
YS014333,2026-04-23 16:00:00,Y03,730,986
YS014334,2026-04-23 16:00:00,Y04,447,1113
YS014335,2026-04-23 16:00:00,Y05,594,930
YS014336,2026-04-23 16:00:00,Y06,1693,1758
YS014337,2026-04-23 16:00:00,Y07,708,1034
YS014338,2026-04-23 16:00:00,Y08,604,1028
YS014339,2026-04-23 16:00:00,Y09,1007,1123
YS014340,2026-04-23 16:00:00,Y10,1104,1339
YS014341,2026-04-24 00:00:00,Y01,1112,1995
YS014342,2026-04-24 00:00:00,Y02,1213,1249
YS014343,2026-04-24 00:00:00,Y03,478,986
YS014344,2026-04-24 00:00:00,Y04,953,1113
YS014345,2026-04-24 00:00:00,Y05,375,930
YS014346,2026-04-24 00:00:00,Y06,1208,1758
YS014347,2026-04-24 00:00:00,Y07,784,1034
YS014348,2026-04-24 00:00:00,Y08,458,1028
YS014349,2026-04-24 00:00:00,Y09,804,1123
YS014350,2026-04-24 00:00:00,Y10,603,1339
YS014351,2026-04-24 08:00:00,Y01,1621,1995
YS014352,2026-04-24 08:00:00,Y02,696,1249
YS014353,2026-04-24 08:00:00,Y03,607,986
YS014354,2026-04-24 08:00:00,Y04,847,1113
YS014355,2026-04-24 08:00:00,Y05,604,930
YS014356,2026-04-24 08:00:00,Y06,1024,1758
YS014357,2026-04-24 08:00:00,Y07,784,1034
YS014358,2026-04-24 08:00:00,Y08,451,1028
YS014359,2026-04-24 08:00:00,Y09,495,1123
YS014360,2026-04-24 08:00:00,Y10,820,1339
YS014361,2026-04-24 16:00:00,Y01,1755,1995
YS014362,2026-04-24 16:00:00,Y02,579,1249
YS014363,2026-04-24 16:00:00,Y03,699,986
YS014364,2026-04-24 16:00:00,Y04,459,1113
YS014365,2026-04-24 16:00:00,Y05,401,930
YS014366,2026-04-24 16:00:00,Y06,1043,1758
YS014367,2026-04-24 16:00:00,Y07,805,1034
YS014368,2026-04-24 16:00:00,Y08,716,1028
YS014369,2026-04-24 16:00:00,Y09,1073,1123
YS014370,2026-04-24 16:00:00,Y10,839,1339
YS014371,2026-04-25 00:00:00,Y01,1451,1995
YS014372,2026-04-25 00:00:00,Y02,625,1249
YS014373,2026-04-25 00:00:00,Y03,807,986
YS014374,2026-04-25 00:00:00,Y04,468,1113
YS014375,2026-04-25 00:00:00,Y05,588,930
YS014376,2026-04-25 00:00:00,Y06,1173,1758
YS014377,2026-04-25 00:00:00,Y07,920,1034
YS014378,2026-04-25 00:00:00,Y08,544,1028
YS014379,2026-04-25 00:00:00,Y09,1093,1123
YS014380,2026-04-25 00:00:00,Y10,681,1339
YS014381,2026-04-25 08:00:00,Y01,1865,1995
YS014382,2026-04-25 08:00:00,Y02,898,1249
YS014383,2026-04-25 08:00:00,Y03,913,986
YS014384,2026-04-25 08:00:00,Y04,638,1113
YS014385,2026-04-25 08:00:00,Y05,464,930
YS014386,2026-04-25 08:00:00,Y06,1330,1758
YS014387,2026-04-25 08:00:00,Y07,843,1034
YS014388,2026-04-25 08:00:00,Y08,412,1028
YS014389,2026-04-25 08:00:00,Y09,728,1123
YS014390,2026-04-25 08:00:00,Y10,886,1339
YS014391,2026-04-25 16:00:00,Y01,1010,1995
YS014392,2026-04-25 16:00:00,Y02,1127,1249
YS014393,2026-04-25 16:00:00,Y03,499,986
YS014394,2026-04-25 16:00:00,Y04,1001,1113
YS014395,2026-04-25 16:00:00,Y05,747,930
YS014396,2026-04-25 16:00:00,Y06,746,1758
YS014397,2026-04-25 16:00:00,Y07,710,1034
YS014398,2026-04-25 16:00:00,Y08,978,1028
YS014399,2026-04-25 16:00:00,Y09,1036,1123
YS014400,2026-04-25 16:00:00,Y10,677,1339
YS014401,2026-04-26 00:00:00,Y01,838,1995
YS014402,2026-04-26 00:00:00,Y02,549,1249
YS014403,2026-04-26 00:00:00,Y03,894,986
YS014404,2026-04-26 00:00:00,Y04,506,1113
YS014405,2026-04-26 00:00:00,Y05,810,930
YS014406,2026-04-26 00:00:00,Y06,845,1758
YS014407,2026-04-26 00:00:00,Y07,690,1034
YS014408,2026-04-26 00:00:00,Y08,696,1028
YS014409,2026-04-26 00:00:00,Y09,624,1123
YS014410,2026-04-26 00:00:00,Y10,849,1339
YS014411,2026-04-26 08:00:00,Y01,1130,1995
YS014412,2026-04-26 08:00:00,Y02,572,1249
YS014413,2026-04-26 08:00:00,Y03,912,986
YS014414,2026-04-26 08:00:00,Y04,928,1113
YS014415,2026-04-26 08:00:00,Y05,596,930
YS014416,2026-04-26 08:00:00,Y06,1657,1758
YS014417,2026-04-26 08:00:00,Y07,613,1034
YS014418,2026-04-26 08:00:00,Y08,515,1028
YS014419,2026-04-26 08:00:00,Y09,982,1123
YS014420,2026-04-26 08:00:00,Y10,899,1339
YS014421,2026-04-26 16:00:00,Y01,826,1995
YS014422,2026-04-26 16:00:00,Y02,1158,1249
YS014423,2026-04-26 16:00:00,Y03,952,986
YS014424,2026-04-26 16:00:00,Y04,1013,1113
YS014425,2026-04-26 16:00:00,Y05,635,930
YS014426,2026-04-26 16:00:00,Y06,1098,1758
YS014427,2026-04-26 16:00:00,Y07,637,1034
YS014428,2026-04-26 16:00:00,Y08,853,1028
YS014429,2026-04-26 16:00:00,Y09,732,1123
YS014430,2026-04-26 16:00:00,Y10,869,1339
YS014431,2026-04-27 00:00:00,Y01,1519,1995
YS014432,2026-04-27 00:00:00,Y02,1088,1249
YS014433,2026-04-27 00:00:00,Y03,866,986
YS014434,2026-04-27 00:00:00,Y04,981,1113
YS014435,2026-04-27 00:00:00,Y05,762,930
YS014436,2026-04-27 00:00:00,Y06,1455,1758
YS014437,2026-04-27 00:00:00,Y07,559,1034
YS014438,2026-04-27 00:00:00,Y08,973,1028
YS014439,2026-04-27 00:00:00,Y09,662,1123
YS014440,2026-04-27 00:00:00,Y10,910,1339
YS014441,2026-04-27 08:00:00,Y01,966,1995
YS014442,2026-04-27 08:00:00,Y02,1097,1249
YS014443,2026-04-27 08:00:00,Y03,878,986
YS014444,2026-04-27 08:00:00,Y04,882,1113
YS014445,2026-04-27 08:00:00,Y05,503,930
YS014446,2026-04-27 08:00:00,Y06,720,1758
YS014447,2026-04-27 08:00:00,Y07,701,1034
YS014448,2026-04-27 08:00:00,Y08,849,1028
YS014449,2026-04-27 08:00:00,Y09,929,1123
YS014450,2026-04-27 08:00:00,Y10,716,1339
YS014451,2026-04-27 16:00:00,Y01,1569,1995
YS014452,2026-04-27 16:00:00,Y02,1222,1249
YS014453,2026-04-27 16:00:00,Y03,490,986
YS014454,2026-04-27 16:00:00,Y04,1061,1113
YS014455,2026-04-27 16:00:00,Y05,392,930
YS014456,2026-04-27 16:00:00,Y06,1694,1758
YS014457,2026-04-27 16:00:00,Y07,870,1034
YS014458,2026-04-27 16:00:00,Y08,580,1028
YS014459,2026-04-27 16:00:00,Y09,598,1123
YS014460,2026-04-27 16:00:00,Y10,624,1339
YS014461,2026-04-28 00:00:00,Y01,1222,1995
YS014462,2026-04-28 00:00:00,Y02,1044,1249
YS014463,2026-04-28 00:00:00,Y03,577,986
YS014464,2026-04-28 00:00:00,Y04,1032,1113
YS014465,2026-04-28 00:00:00,Y05,525,930
YS014466,2026-04-28 00:00:00,Y06,1046,1758
YS014467,2026-04-28 00:00:00,Y07,738,1034
YS014468,2026-04-28 00:00:00,Y08,430,1028
YS014469,2026-04-28 00:00:00,Y09,891,1123
YS014470,2026-04-28 00:00:00,Y10,1237,1339
YS014471,2026-04-28 08:00:00,Y01,896,1995
YS014472,2026-04-28 08:00:00,Y02,940,1249
YS014473,2026-04-28 08:00:00,Y03,699,986
YS014474,2026-04-28 08:00:00,Y04,463,1113
YS014475,2026-04-28 08:00:00,Y05,632,930
YS014476,2026-04-28 08:00:00,Y06,1085,1758
YS014477,2026-04-28 08:00:00,Y07,683,1034
YS014478,2026-04-28 08:00:00,Y08,998,1028
YS014479,2026-04-28 08:00:00,Y09,760,1123
YS014480,2026-04-28 08:00:00,Y10,1125,1339
YS014481,2026-04-28 16:00:00,Y01,1848,1995
YS014482,2026-04-28 16:00:00,Y02,941,1249
YS014483,2026-04-28 16:00:00,Y03,510,986
YS014484,2026-04-28 16:00:00,Y04,535,1113
YS014485,2026-04-28 16:00:00,Y05,687,930
YS014486,2026-04-28 16:00:00,Y06,962,1758
YS014487,2026-04-28 16:00:00,Y07,880,1034
YS014488,2026-04-28 16:00:00,Y08,437,1028
YS014489,2026-04-28 16:00:00,Y09,499,1123
YS014490,2026-04-28 16:00:00,Y10,1299,1339
YS014491,2026-04-29 00:00:00,Y01,1118,1995
YS014492,2026-04-29 00:00:00,Y02,1097,1249
YS014493,2026-04-29 00:00:00,Y03,953,986
YS014494,2026-04-29 00:00:00,Y04,1027,1113
YS014495,2026-04-29 00:00:00,Y05,810,930
YS014496,2026-04-29 00:00:00,Y06,1280,1758
YS014497,2026-04-29 00:00:00,Y07,983,1034
YS014498,2026-04-29 00:00:00,Y08,788,1028
YS014499,2026-04-29 00:00:00,Y09,590,1123
YS014500,2026-04-29 00:00:00,Y10,725,1339
YS014501,2026-04-29 08:00:00,Y01,1925,1995
YS014502,2026-04-29 08:00:00,Y02,674,1249
YS014503,2026-04-29 08:00:00,Y03,465,986
YS014504,2026-04-29 08:00:00,Y04,869,1113
YS014505,2026-04-29 08:00:00,Y05,547,930
YS014506,2026-04-29 08:00:00,Y06,1544,1758
YS014507,2026-04-29 08:00:00,Y07,616,1034
YS014508,2026-04-29 08:00:00,Y08,700,1028
YS014509,2026-04-29 08:00:00,Y09,864,1123
YS014510,2026-04-29 08:00:00,Y10,712,1339
YS014511,2026-04-29 16:00:00,Y01,1379,1995
YS014512,2026-04-29 16:00:00,Y02,1085,1249
YS014513,2026-04-29 16:00:00,Y03,745,986
YS014514,2026-04-29 16:00:00,Y04,860,1113
YS014515,2026-04-29 16:00:00,Y05,822,930
YS014516,2026-04-29 16:00:00,Y06,1436,1758
YS014517,2026-04-29 16:00:00,Y07,774,1034
YS014518,2026-04-29 16:00:00,Y08,805,1028
YS014519,2026-04-29 16:00:00,Y09,875,1123
YS014520,2026-04-29 16:00:00,Y10,686,1339
YS014521,2026-04-30 00:00:00,Y01,1185,1995
YS014522,2026-04-30 00:00:00,Y02,643,1249
YS014523,2026-04-30 00:00:00,Y03,424,986
YS014524,2026-04-30 00:00:00,Y04,810,1113
YS014525,2026-04-30 00:00:00,Y05,828,930
YS014526,2026-04-30 00:00:00,Y06,856,1758
YS014527,2026-04-30 00:00:00,Y07,560,1034
YS014528,2026-04-30 00:00:00,Y08,872,1028
YS014529,2026-04-30 00:00:00,Y09,581,1123
YS014530,2026-04-30 00:00:00,Y10,676,1339
YS014531,2026-04-30 08:00:00,Y01,1687,1995
YS014532,2026-04-30 08:00:00,Y02,699,1249
YS014533,2026-04-30 08:00:00,Y03,907,986
YS014534,2026-04-30 08:00:00,Y04,1086,1113
YS014535,2026-04-30 08:00:00,Y05,829,930
YS014536,2026-04-30 08:00:00,Y06,1103,1758
YS014537,2026-04-30 08:00:00,Y07,594,1034
YS014538,2026-04-30 08:00:00,Y08,836,1028
YS014539,2026-04-30 08:00:00,Y09,923,1123
YS014540,2026-04-30 08:00:00,Y10,1196,1339
YS014541,2026-04-30 16:00:00,Y01,895,1995
YS014542,2026-04-30 16:00:00,Y02,591,1249
YS014543,2026-04-30 16:00:00,Y03,442,986
YS014544,2026-04-30 16:00:00,Y04,579,1113
YS014545,2026-04-30 16:00:00,Y05,445,930
YS014546,2026-04-30 16:00:00,Y06,927,1758
YS014547,2026-04-30 16:00:00,Y07,982,1034
YS014548,2026-04-30 16:00:00,Y08,502,1028
YS014549,2026-04-30 16:00:00,Y09,499,1123
YS014550,2026-04-30 16:00:00,Y10,704,1339
YS014551,2026-05-01 00:00:00,Y01,1563,1995
YS014552,2026-05-01 00:00:00,Y02,527,1249
YS014553,2026-05-01 00:00:00,Y03,653,986
YS014554,2026-05-01 00:00:00,Y04,453,1113
YS014555,2026-05-01 00:00:00,Y05,558,930
YS014556,2026-05-01 00:00:00,Y06,859,1758
YS014557,2026-05-01 00:00:00,Y07,926,1034
YS014558,2026-05-01 00:00:00,Y08,792,1028
YS014559,2026-05-01 00:00:00,Y09,1068,1123
YS014560,2026-05-01 00:00:00,Y10,889,1339
YS014561,2026-05-01 08:00:00,Y01,1288,1995
YS014562,2026-05-01 08:00:00,Y02,706,1249
YS014563,2026-05-01 08:00:00,Y03,807,986
YS014564,2026-05-01 08:00:00,Y04,884,1113
YS014565,2026-05-01 08:00:00,Y05,706,930
YS014566,2026-05-01 08:00:00,Y06,899,1758
YS014567,2026-05-01 08:00:00,Y07,632,1034
YS014568,2026-05-01 08:00:00,Y08,810,1028
YS014569,2026-05-01 08:00:00,Y09,937,1123
YS014570,2026-05-01 08:00:00,Y10,695,1339
YS014571,2026-05-01 16:00:00,Y01,1514,1995
YS014572,2026-05-01 16:00:00,Y02,1100,1249
YS014573,2026-05-01 16:00:00,Y03,722,986
YS014574,2026-05-01 16:00:00,Y04,984,1113
YS014575,2026-05-01 16:00:00,Y05,460,930
YS014576,2026-05-01 16:00:00,Y06,1367,1758
YS014577,2026-05-01 16:00:00,Y07,947,1034
YS014578,2026-05-01 16:00:00,Y08,921,1028
YS014579,2026-05-01 16:00:00,Y09,911,1123
YS014580,2026-05-01 16:00:00,Y10,674,1339
YS014581,2026-05-02 00:00:00,Y01,1812,1995
YS014582,2026-05-02 00:00:00,Y02,997,1249
YS014583,2026-05-02 00:00:00,Y03,548,986
YS014584,2026-05-02 00:00:00,Y04,904,1113
YS014585,2026-05-02 00:00:00,Y05,479,930
YS014586,2026-05-02 00:00:00,Y06,822,1758
YS014587,2026-05-02 00:00:00,Y07,819,1034
YS014588,2026-05-02 00:00:00,Y08,440,1028
YS014589,2026-05-02 00:00:00,Y09,773,1123
YS014590,2026-05-02 00:00:00,Y10,1033,1339
YS014591,2026-05-02 08:00:00,Y01,1071,1995
YS014592,2026-05-02 08:00:00,Y02,821,1249
YS014593,2026-05-02 08:00:00,Y03,720,986
YS014594,2026-05-02 08:00:00,Y04,726,1113
YS014595,2026-05-02 08:00:00,Y05,514,930
YS014596,2026-05-02 08:00:00,Y06,1258,1758
YS014597,2026-05-02 08:00:00,Y07,772,1034
YS014598,2026-05-02 08:00:00,Y08,870,1028
YS014599,2026-05-02 08:00:00,Y09,692,1123
YS014600,2026-05-02 08:00:00,Y10,797,1339
YS014601,2026-05-02 16:00:00,Y01,1332,1995
YS014602,2026-05-02 16:00:00,Y02,604,1249
YS014603,2026-05-02 16:00:00,Y03,496,986
YS014604,2026-05-02 16:00:00,Y04,598,1113
YS014605,2026-05-02 16:00:00,Y05,428,930
YS014606,2026-05-02 16:00:00,Y06,1394,1758
YS014607,2026-05-02 16:00:00,Y07,629,1034
YS014608,2026-05-02 16:00:00,Y08,519,1028
YS014609,2026-05-02 16:00:00,Y09,765,1123
YS014610,2026-05-02 16:00:00,Y10,666,1339
YS014611,2026-05-03 00:00:00,Y01,1069,1995
YS014612,2026-05-03 00:00:00,Y02,581,1249
YS014613,2026-05-03 00:00:00,Y03,872,986
YS014614,2026-05-03 00:00:00,Y04,683,1113
YS014615,2026-05-03 00:00:00,Y05,509,930
YS014616,2026-05-03 00:00:00,Y06,884,1758
YS014617,2026-05-03 00:00:00,Y07,729,1034
YS014618,2026-05-03 00:00:00,Y08,742,1028
YS014619,2026-05-03 00:00:00,Y09,509,1123
YS014620,2026-05-03 00:00:00,Y10,769,1339
YS014621,2026-05-03 08:00:00,Y01,1879,1995
YS014622,2026-05-03 08:00:00,Y02,665,1249
YS014623,2026-05-03 08:00:00,Y03,788,986
YS014624,2026-05-03 08:00:00,Y04,791,1113
YS014625,2026-05-03 08:00:00,Y05,473,930
YS014626,2026-05-03 08:00:00,Y06,1145,1758
YS014627,2026-05-03 08:00:00,Y07,451,1034
YS014628,2026-05-03 08:00:00,Y08,1005,1028
YS014629,2026-05-03 08:00:00,Y09,722,1123
YS014630,2026-05-03 08:00:00,Y10,1152,1339
YS014631,2026-05-03 16:00:00,Y01,1302,1995
YS014632,2026-05-03 16:00:00,Y02,577,1249
YS014633,2026-05-03 16:00:00,Y03,662,986
YS014634,2026-05-03 16:00:00,Y04,656,1113
YS014635,2026-05-03 16:00:00,Y05,473,930
YS014636,2026-05-03 16:00:00,Y06,1000,1758
YS014637,2026-05-03 16:00:00,Y07,927,1034
YS014638,2026-05-03 16:00:00,Y08,444,1028
YS014639,2026-05-03 16:00:00,Y09,583,1123
YS014640,2026-05-03 16:00:00,Y10,861,1339
YS014641,2026-05-04 00:00:00,Y01,1027,1995
YS014642,2026-05-04 00:00:00,Y02,645,1249
YS014643,2026-05-04 00:00:00,Y03,715,986
YS014644,2026-05-04 00:00:00,Y04,939,1113
YS014645,2026-05-04 00:00:00,Y05,717,930
YS014646,2026-05-04 00:00:00,Y06,1046,1758
YS014647,2026-05-04 00:00:00,Y07,500,1034
YS014648,2026-05-04 00:00:00,Y08,593,1028
YS014649,2026-05-04 00:00:00,Y09,851,1123
YS014650,2026-05-04 00:00:00,Y10,776,1339
YS014651,2026-05-04 08:00:00,Y01,947,1995
YS014652,2026-05-04 08:00:00,Y02,1095,1249
YS014653,2026-05-04 08:00:00,Y03,606,986
YS014654,2026-05-04 08:00:00,Y04,987,1113
YS014655,2026-05-04 08:00:00,Y05,586,930
YS014656,2026-05-04 08:00:00,Y06,1518,1758
YS014657,2026-05-04 08:00:00,Y07,919,1034
YS014658,2026-05-04 08:00:00,Y08,676,1028
YS014659,2026-05-04 08:00:00,Y09,792,1123
YS014660,2026-05-04 08:00:00,Y10,698,1339
YS014661,2026-05-04 16:00:00,Y01,1322,1995
YS014662,2026-05-04 16:00:00,Y02,829,1249
YS014663,2026-05-04 16:00:00,Y03,643,986
YS014664,2026-05-04 16:00:00,Y04,818,1113
YS014665,2026-05-04 16:00:00,Y05,828,930
YS014666,2026-05-04 16:00:00,Y06,782,1758
YS014667,2026-05-04 16:00:00,Y07,827,1034
YS014668,2026-05-04 16:00:00,Y08,863,1028
YS014669,2026-05-04 16:00:00,Y09,474,1123
YS014670,2026-05-04 16:00:00,Y10,600,1339
YS014671,2026-05-05 00:00:00,Y01,1083,1995
YS014672,2026-05-05 00:00:00,Y02,1186,1249
YS014673,2026-05-05 00:00:00,Y03,422,986
YS014674,2026-05-05 00:00:00,Y04,520,1113
YS014675,2026-05-05 00:00:00,Y05,647,930
YS014676,2026-05-05 00:00:00,Y06,1062,1758
YS014677,2026-05-05 00:00:00,Y07,878,1034
YS014678,2026-05-05 00:00:00,Y08,417,1028
YS014679,2026-05-05 00:00:00,Y09,556,1123
YS014680,2026-05-05 00:00:00,Y10,1250,1339
YS014681,2026-05-05 08:00:00,Y01,1671,1995
YS014682,2026-05-05 08:00:00,Y02,799,1249
YS014683,2026-05-05 08:00:00,Y03,850,986
YS014684,2026-05-05 08:00:00,Y04,489,1113
YS014685,2026-05-05 08:00:00,Y05,397,930
YS014686,2026-05-05 08:00:00,Y06,892,1758
YS014687,2026-05-05 08:00:00,Y07,829,1034
YS014688,2026-05-05 08:00:00,Y08,643,1028
YS014689,2026-05-05 08:00:00,Y09,536,1123
YS014690,2026-05-05 08:00:00,Y10,793,1339
YS014691,2026-05-05 16:00:00,Y01,1178,1995
YS014692,2026-05-05 16:00:00,Y02,512,1249
YS014693,2026-05-05 16:00:00,Y03,627,986
YS014694,2026-05-05 16:00:00,Y04,652,1113
YS014695,2026-05-05 16:00:00,Y05,529,930
YS014696,2026-05-05 16:00:00,Y06,1591,1758
YS014697,2026-05-05 16:00:00,Y07,711,1034
YS014698,2026-05-05 16:00:00,Y08,607,1028
YS014699,2026-05-05 16:00:00,Y09,1089,1123
YS014700,2026-05-05 16:00:00,Y10,1291,1339
YS014701,2026-05-06 00:00:00,Y01,853,1995
YS014702,2026-05-06 00:00:00,Y02,642,1249
YS014703,2026-05-06 00:00:00,Y03,600,986
YS014704,2026-05-06 00:00:00,Y04,791,1113
YS014705,2026-05-06 00:00:00,Y05,642,930
YS014706,2026-05-06 00:00:00,Y06,773,1758
YS014707,2026-05-06 00:00:00,Y07,810,1034
YS014708,2026-05-06 00:00:00,Y08,988,1028
YS014709,2026-05-06 00:00:00,Y09,1096,1123
YS014710,2026-05-06 00:00:00,Y10,1001,1339
YS014711,2026-05-06 08:00:00,Y01,1175,1995
YS014712,2026-05-06 08:00:00,Y02,530,1249
YS014713,2026-05-06 08:00:00,Y03,819,986
YS014714,2026-05-06 08:00:00,Y04,1076,1113
YS014715,2026-05-06 08:00:00,Y05,581,930
YS014716,2026-05-06 08:00:00,Y06,1127,1758
YS014717,2026-05-06 08:00:00,Y07,727,1034
YS014718,2026-05-06 08:00:00,Y08,988,1028
YS014719,2026-05-06 08:00:00,Y09,604,1123
YS014720,2026-05-06 08:00:00,Y10,772,1339
YS014721,2026-05-06 16:00:00,Y01,1119,1995
YS014722,2026-05-06 16:00:00,Y02,559,1249
YS014723,2026-05-06 16:00:00,Y03,769,986
YS014724,2026-05-06 16:00:00,Y04,551,1113
YS014725,2026-05-06 16:00:00,Y05,861,930
YS014726,2026-05-06 16:00:00,Y06,1605,1758
YS014727,2026-05-06 16:00:00,Y07,849,1034
YS014728,2026-05-06 16:00:00,Y08,647,1028
YS014729,2026-05-06 16:00:00,Y09,859,1123
YS014730,2026-05-06 16:00:00,Y10,1066,1339
YS014731,2026-05-07 00:00:00,Y01,872,1995
YS014732,2026-05-07 00:00:00,Y02,819,1249
YS014733,2026-05-07 00:00:00,Y03,826,986
YS014734,2026-05-07 00:00:00,Y04,908,1113
YS014735,2026-05-07 00:00:00,Y05,752,930
YS014736,2026-05-07 00:00:00,Y06,1074,1758
YS014737,2026-05-07 00:00:00,Y07,876,1034
YS014738,2026-05-07 00:00:00,Y08,696,1028
YS014739,2026-05-07 00:00:00,Y09,1004,1123
YS014740,2026-05-07 00:00:00,Y10,1202,1339
YS014741,2026-05-07 08:00:00,Y01,1188,1995
YS014742,2026-05-07 08:00:00,Y02,978,1249
YS014743,2026-05-07 08:00:00,Y03,712,986
YS014744,2026-05-07 08:00:00,Y04,449,1113
YS014745,2026-05-07 08:00:00,Y05,704,930
YS014746,2026-05-07 08:00:00,Y06,1242,1758
YS014747,2026-05-07 08:00:00,Y07,714,1034
YS014748,2026-05-07 08:00:00,Y08,530,1028
YS014749,2026-05-07 08:00:00,Y09,743,1123
YS014750,2026-05-07 08:00:00,Y10,712,1339
YS014751,2026-05-07 16:00:00,Y01,1101,1995
YS014752,2026-05-07 16:00:00,Y02,1090,1249
YS014753,2026-05-07 16:00:00,Y03,445,986
YS014754,2026-05-07 16:00:00,Y04,630,1113
YS014755,2026-05-07 16:00:00,Y05,527,930
YS014756,2026-05-07 16:00:00,Y06,1431,1758
YS014757,2026-05-07 16:00:00,Y07,783,1034
YS014758,2026-05-07 16:00:00,Y08,959,1028
YS014759,2026-05-07 16:00:00,Y09,659,1123
YS014760,2026-05-07 16:00:00,Y10,1243,1339
YS014761,2026-05-08 00:00:00,Y01,1796,1995
YS014762,2026-05-08 00:00:00,Y02,840,1249
YS014763,2026-05-08 00:00:00,Y03,530,986
YS014764,2026-05-08 00:00:00,Y04,601,1113
YS014765,2026-05-08 00:00:00,Y05,855,930
YS014766,2026-05-08 00:00:00,Y06,1113,1758
YS014767,2026-05-08 00:00:00,Y07,830,1034
YS014768,2026-05-08 00:00:00,Y08,993,1028
YS014769,2026-05-08 00:00:00,Y09,509,1123
YS014770,2026-05-08 00:00:00,Y10,1141,1339
YS014771,2026-05-08 08:00:00,Y01,1891,1995
YS014772,2026-05-08 08:00:00,Y02,1125,1249
YS014773,2026-05-08 08:00:00,Y03,683,986
YS014774,2026-05-08 08:00:00,Y04,526,1113
YS014775,2026-05-08 08:00:00,Y05,558,930
YS014776,2026-05-08 08:00:00,Y06,841,1758
YS014777,2026-05-08 08:00:00,Y07,496,1034
YS014778,2026-05-08 08:00:00,Y08,512,1028
YS014779,2026-05-08 08:00:00,Y09,619,1123
YS014780,2026-05-08 08:00:00,Y10,907,1339
YS014781,2026-05-08 16:00:00,Y01,1107,1995
YS014782,2026-05-08 16:00:00,Y02,609,1249
YS014783,2026-05-08 16:00:00,Y03,435,986
YS014784,2026-05-08 16:00:00,Y04,847,1113
YS014785,2026-05-08 16:00:00,Y05,645,930
YS014786,2026-05-08 16:00:00,Y06,946,1758
YS014787,2026-05-08 16:00:00,Y07,528,1034
YS014788,2026-05-08 16:00:00,Y08,864,1028
YS014789,2026-05-08 16:00:00,Y09,520,1123
YS014790,2026-05-08 16:00:00,Y10,1043,1339
YS014791,2026-05-09 00:00:00,Y01,1936,1995
YS014792,2026-05-09 00:00:00,Y02,927,1249
YS014793,2026-05-09 00:00:00,Y03,797,986
YS014794,2026-05-09 00:00:00,Y04,816,1113
YS014795,2026-05-09 00:00:00,Y05,382,930
YS014796,2026-05-09 00:00:00,Y06,760,1758
YS014797,2026-05-09 00:00:00,Y07,822,1034
YS014798,2026-05-09 00:00:00,Y08,420,1028
YS014799,2026-05-09 00:00:00,Y09,915,1123
YS014800,2026-05-09 00:00:00,Y10,1052,1339
YS014801,2026-05-09 08:00:00,Y01,1344,1995
YS014802,2026-05-09 08:00:00,Y02,1221,1249
YS014803,2026-05-09 08:00:00,Y03,650,986
YS014804,2026-05-09 08:00:00,Y04,557,1113
YS014805,2026-05-09 08:00:00,Y05,880,930
YS014806,2026-05-09 08:00:00,Y06,1598,1758
YS014807,2026-05-09 08:00:00,Y07,489,1034
YS014808,2026-05-09 08:00:00,Y08,679,1028
YS014809,2026-05-09 08:00:00,Y09,977,1123
YS014810,2026-05-09 08:00:00,Y10,1033,1339
YS014811,2026-05-09 16:00:00,Y01,1714,1995
YS014812,2026-05-09 16:00:00,Y02,599,1249
YS014813,2026-05-09 16:00:00,Y03,727,986
YS014814,2026-05-09 16:00:00,Y04,1061,1113
YS014815,2026-05-09 16:00:00,Y05,754,930
YS014816,2026-05-09 16:00:00,Y06,1279,1758
YS014817,2026-05-09 16:00:00,Y07,816,1034
YS014818,2026-05-09 16:00:00,Y08,982,1028
YS014819,2026-05-09 16:00:00,Y09,492,1123
YS014820,2026-05-09 16:00:00,Y10,1173,1339
YS014821,2026-05-10 00:00:00,Y01,1047,1995
YS014822,2026-05-10 00:00:00,Y02,941,1249
YS014823,2026-05-10 00:00:00,Y03,668,986
YS014824,2026-05-10 00:00:00,Y04,753,1113
YS014825,2026-05-10 00:00:00,Y05,814,930
YS014826,2026-05-10 00:00:00,Y06,1466,1758
YS014827,2026-05-10 00:00:00,Y07,862,1034
YS014828,2026-05-10 00:00:00,Y08,996,1028
YS014829,2026-05-10 00:00:00,Y09,925,1123
YS014830,2026-05-10 00:00:00,Y10,1228,1339
YS014831,2026-05-10 08:00:00,Y01,805,1995
YS014832,2026-05-10 08:00:00,Y02,1076,1249
YS014833,2026-05-10 08:00:00,Y03,775,986
YS014834,2026-05-10 08:00:00,Y04,769,1113
YS014835,2026-05-10 08:00:00,Y05,859,930
YS014836,2026-05-10 08:00:00,Y06,1322,1758
YS014837,2026-05-10 08:00:00,Y07,486,1034
YS014838,2026-05-10 08:00:00,Y08,879,1028
YS014839,2026-05-10 08:00:00,Y09,479,1123
YS014840,2026-05-10 08:00:00,Y10,850,1339
YS014841,2026-05-10 16:00:00,Y01,1630,1995
YS014842,2026-05-10 16:00:00,Y02,1033,1249
YS014843,2026-05-10 16:00:00,Y03,837,986
YS014844,2026-05-10 16:00:00,Y04,873,1113
YS014845,2026-05-10 16:00:00,Y05,764,930
YS014846,2026-05-10 16:00:00,Y06,1252,1758
YS014847,2026-05-10 16:00:00,Y07,945,1034
YS014848,2026-05-10 16:00:00,Y08,563,1028
YS014849,2026-05-10 16:00:00,Y09,699,1123
YS014850,2026-05-10 16:00:00,Y10,1015,1339
YS014851,2026-05-11 00:00:00,Y01,1464,1995
YS014852,2026-05-11 00:00:00,Y02,1115,1249
YS014853,2026-05-11 00:00:00,Y03,544,986
YS014854,2026-05-11 00:00:00,Y04,955,1113
YS014855,2026-05-11 00:00:00,Y05,572,930
YS014856,2026-05-11 00:00:00,Y06,1384,1758
YS014857,2026-05-11 00:00:00,Y07,520,1034
YS014858,2026-05-11 00:00:00,Y08,510,1028
YS014859,2026-05-11 00:00:00,Y09,981,1123
YS014860,2026-05-11 00:00:00,Y10,556,1339
YS014861,2026-05-11 08:00:00,Y01,952,1995
YS014862,2026-05-11 08:00:00,Y02,983,1249
YS014863,2026-05-11 08:00:00,Y03,506,986
YS014864,2026-05-11 08:00:00,Y04,953,1113
YS014865,2026-05-11 08:00:00,Y05,800,930
YS014866,2026-05-11 08:00:00,Y06,1584,1758
YS014867,2026-05-11 08:00:00,Y07,503,1034
YS014868,2026-05-11 08:00:00,Y08,909,1028
YS014869,2026-05-11 08:00:00,Y09,569,1123
YS014870,2026-05-11 08:00:00,Y10,891,1339
YS014871,2026-05-11 16:00:00,Y01,934,1995
YS014872,2026-05-11 16:00:00,Y02,597,1249
YS014873,2026-05-11 16:00:00,Y03,778,986
YS014874,2026-05-11 16:00:00,Y04,776,1113
YS014875,2026-05-11 16:00:00,Y05,785,930
YS014876,2026-05-11 16:00:00,Y06,1315,1758
YS014877,2026-05-11 16:00:00,Y07,705,1034
YS014878,2026-05-11 16:00:00,Y08,569,1028
YS014879,2026-05-11 16:00:00,Y09,717,1123
YS014880,2026-05-11 16:00:00,Y10,765,1339
YS014881,2026-05-12 00:00:00,Y01,1954,1995
YS014882,2026-05-12 00:00:00,Y02,1044,1249
YS014883,2026-05-12 00:00:00,Y03,497,986
YS014884,2026-05-12 00:00:00,Y04,849,1113
YS014885,2026-05-12 00:00:00,Y05,784,930
YS014886,2026-05-12 00:00:00,Y06,1581,1758
YS014887,2026-05-12 00:00:00,Y07,554,1034
YS014888,2026-05-12 00:00:00,Y08,645,1028
YS014889,2026-05-12 00:00:00,Y09,951,1123
YS014890,2026-05-12 00:00:00,Y10,661,1339
YS014891,2026-05-12 08:00:00,Y01,1725,1995
YS014892,2026-05-12 08:00:00,Y02,867,1249
YS014893,2026-05-12 08:00:00,Y03,836,986
YS014894,2026-05-12 08:00:00,Y04,1011,1113
YS014895,2026-05-12 08:00:00,Y05,473,930
YS014896,2026-05-12 08:00:00,Y06,1529,1758
YS014897,2026-05-12 08:00:00,Y07,830,1034
YS014898,2026-05-12 08:00:00,Y08,547,1028
YS014899,2026-05-12 08:00:00,Y09,968,1123
YS014900,2026-05-12 08:00:00,Y10,778,1339
YS014901,2026-05-12 16:00:00,Y01,1757,1995
YS014902,2026-05-12 16:00:00,Y02,1085,1249
YS014903,2026-05-12 16:00:00,Y03,528,986
YS014904,2026-05-12 16:00:00,Y04,758,1113
YS014905,2026-05-12 16:00:00,Y05,390,930
YS014906,2026-05-12 16:00:00,Y06,1520,1758
YS014907,2026-05-12 16:00:00,Y07,997,1034
YS014908,2026-05-12 16:00:00,Y08,863,1028
YS014909,2026-05-12 16:00:00,Y09,772,1123
YS014910,2026-05-12 16:00:00,Y10,585,1339
YS014911,2026-05-13 00:00:00,Y01,1100,1995
YS014912,2026-05-13 00:00:00,Y02,744,1249
YS014913,2026-05-13 00:00:00,Y03,555,986
YS014914,2026-05-13 00:00:00,Y04,1004,1113
YS014915,2026-05-13 00:00:00,Y05,663,930
YS014916,2026-05-13 00:00:00,Y06,1630,1758
YS014917,2026-05-13 00:00:00,Y07,861,1034
YS014918,2026-05-13 00:00:00,Y08,645,1028
YS014919,2026-05-13 00:00:00,Y09,760,1123
YS014920,2026-05-13 00:00:00,Y10,1310,1339
YS014921,2026-05-13 08:00:00,Y01,1214,1995
YS014922,2026-05-13 08:00:00,Y02,748,1249
YS014923,2026-05-13 08:00:00,Y03,776,986
YS014924,2026-05-13 08:00:00,Y04,1008,1113
YS014925,2026-05-13 08:00:00,Y05,724,930
YS014926,2026-05-13 08:00:00,Y06,1056,1758
YS014927,2026-05-13 08:00:00,Y07,506,1034
YS014928,2026-05-13 08:00:00,Y08,490,1028
YS014929,2026-05-13 08:00:00,Y09,648,1123
YS014930,2026-05-13 08:00:00,Y10,915,1339
YS014931,2026-05-13 16:00:00,Y01,1459,1995
YS014932,2026-05-13 16:00:00,Y02,1215,1249
YS014933,2026-05-13 16:00:00,Y03,440,986
YS014934,2026-05-13 16:00:00,Y04,801,1113
YS014935,2026-05-13 16:00:00,Y05,448,930
YS014936,2026-05-13 16:00:00,Y06,1588,1758
YS014937,2026-05-13 16:00:00,Y07,573,1034
YS014938,2026-05-13 16:00:00,Y08,940,1028
YS014939,2026-05-13 16:00:00,Y09,483,1123
YS014940,2026-05-13 16:00:00,Y10,1253,1339
YS014941,2026-05-14 00:00:00,Y01,1641,1995
YS014942,2026-05-14 00:00:00,Y02,1174,1249
YS014943,2026-05-14 00:00:00,Y03,809,986
YS014944,2026-05-14 00:00:00,Y04,549,1113
YS014945,2026-05-14 00:00:00,Y05,386,930
YS014946,2026-05-14 00:00:00,Y06,1690,1758
YS014947,2026-05-14 00:00:00,Y07,966,1034
YS014948,2026-05-14 00:00:00,Y08,744,1028
YS014949,2026-05-14 00:00:00,Y09,523,1123
YS014950,2026-05-14 00:00:00,Y10,643,1339
YS014951,2026-05-14 08:00:00,Y01,1041,1995
YS014952,2026-05-14 08:00:00,Y02,1222,1249
YS014953,2026-05-14 08:00:00,Y03,587,986
YS014954,2026-05-14 08:00:00,Y04,644,1113
YS014955,2026-05-14 08:00:00,Y05,554,930
YS014956,2026-05-14 08:00:00,Y06,1281,1758
YS014957,2026-05-14 08:00:00,Y07,724,1034
YS014958,2026-05-14 08:00:00,Y08,515,1028
YS014959,2026-05-14 08:00:00,Y09,965,1123
YS014960,2026-05-14 08:00:00,Y10,940,1339
YS014961,2026-05-14 16:00:00,Y01,1499,1995
YS014962,2026-05-14 16:00:00,Y02,984,1249
YS014963,2026-05-14 16:00:00,Y03,573,986
YS014964,2026-05-14 16:00:00,Y04,470,1113
YS014965,2026-05-14 16:00:00,Y05,733,930
YS014966,2026-05-14 16:00:00,Y06,716,1758
YS014967,2026-05-14 16:00:00,Y07,570,1034
YS014968,2026-05-14 16:00:00,Y08,467,1028
YS014969,2026-05-14 16:00:00,Y09,471,1123
YS014970,2026-05-14 16:00:00,Y10,1055,1339
YS014971,2026-05-15 00:00:00,Y01,1502,1995
YS014972,2026-05-15 00:00:00,Y02,678,1249
YS014973,2026-05-15 00:00:00,Y03,664,986
YS014974,2026-05-15 00:00:00,Y04,529,1113
YS014975,2026-05-15 00:00:00,Y05,668,930
YS014976,2026-05-15 00:00:00,Y06,1641,1758
YS014977,2026-05-15 00:00:00,Y07,561,1034
YS014978,2026-05-15 00:00:00,Y08,438,1028
YS014979,2026-05-15 00:00:00,Y09,763,1123
YS014980,2026-05-15 00:00:00,Y10,583,1339
YS014981,2026-05-15 08:00:00,Y01,1570,1995
YS014982,2026-05-15 08:00:00,Y02,1009,1249
YS014983,2026-05-15 08:00:00,Y03,732,986
YS014984,2026-05-15 08:00:00,Y04,1052,1113
YS014985,2026-05-15 08:00:00,Y05,394,930
YS014986,2026-05-15 08:00:00,Y06,1111,1758
YS014987,2026-05-15 08:00:00,Y07,491,1034
YS014988,2026-05-15 08:00:00,Y08,875,1028
YS014989,2026-05-15 08:00:00,Y09,497,1123
YS014990,2026-05-15 08:00:00,Y10,835,1339
YS014991,2026-05-15 16:00:00,Y01,901,1995
YS014992,2026-05-15 16:00:00,Y02,595,1249
YS014993,2026-05-15 16:00:00,Y03,930,986
YS014994,2026-05-15 16:00:00,Y04,977,1113
YS014995,2026-05-15 16:00:00,Y05,497,930
YS014996,2026-05-15 16:00:00,Y06,1682,1758
YS014997,2026-05-15 16:00:00,Y07,793,1034
YS014998,2026-05-15 16:00:00,Y08,703,1028
YS014999,2026-05-15 16:00:00,Y09,621,1123
YS015000,2026-05-15 16:00:00,Y10,635,1339
YS015001,2026-05-16 00:00:00,Y01,1509,1995
YS015002,2026-05-16 00:00:00,Y02,1206,1249
YS015003,2026-05-16 00:00:00,Y03,415,986
YS015004,2026-05-16 00:00:00,Y04,589,1113
YS015005,2026-05-16 00:00:00,Y05,655,930
YS015006,2026-05-16 00:00:00,Y06,1539,1758
YS015007,2026-05-16 00:00:00,Y07,972,1034
YS015008,2026-05-16 00:00:00,Y08,883,1028
YS015009,2026-05-16 00:00:00,Y09,818,1123
YS015010,2026-05-16 00:00:00,Y10,959,1339
YS015011,2026-05-16 08:00:00,Y01,1488,1995
YS015012,2026-05-16 08:00:00,Y02,816,1249
YS015013,2026-05-16 08:00:00,Y03,718,986
YS015014,2026-05-16 08:00:00,Y04,603,1113
YS015015,2026-05-16 08:00:00,Y05,495,930
YS015016,2026-05-16 08:00:00,Y06,933,1758
YS015017,2026-05-16 08:00:00,Y07,797,1034
YS015018,2026-05-16 08:00:00,Y08,991,1028
YS015019,2026-05-16 08:00:00,Y09,940,1123
YS015020,2026-05-16 08:00:00,Y10,1231,1339
YS015021,2026-05-16 16:00:00,Y01,1061,1995
YS015022,2026-05-16 16:00:00,Y02,954,1249
YS015023,2026-05-16 16:00:00,Y03,725,986
YS015024,2026-05-16 16:00:00,Y04,979,1113
YS015025,2026-05-16 16:00:00,Y05,389,930
YS015026,2026-05-16 16:00:00,Y06,1625,1758
YS015027,2026-05-16 16:00:00,Y07,631,1034
YS015028,2026-05-16 16:00:00,Y08,564,1028
YS015029,2026-05-16 16:00:00,Y09,497,1123
YS015030,2026-05-16 16:00:00,Y10,762,1339
YS015031,2026-05-17 00:00:00,Y01,1659,1995
YS015032,2026-05-17 00:00:00,Y02,1091,1249
YS015033,2026-05-17 00:00:00,Y03,441,986
YS015034,2026-05-17 00:00:00,Y04,814,1113
YS015035,2026-05-17 00:00:00,Y05,464,930
YS015036,2026-05-17 00:00:00,Y06,824,1758
YS015037,2026-05-17 00:00:00,Y07,857,1034
YS015038,2026-05-17 00:00:00,Y08,450,1028
YS015039,2026-05-17 00:00:00,Y09,608,1123
YS015040,2026-05-17 00:00:00,Y10,859,1339
YS015041,2026-05-17 08:00:00,Y01,925,1995
YS015042,2026-05-17 08:00:00,Y02,1202,1249
YS015043,2026-05-17 08:00:00,Y03,433,986
YS015044,2026-05-17 08:00:00,Y04,494,1113
YS015045,2026-05-17 08:00:00,Y05,406,930
YS015046,2026-05-17 08:00:00,Y06,827,1758
YS015047,2026-05-17 08:00:00,Y07,610,1034
YS015048,2026-05-17 08:00:00,Y08,974,1028
YS015049,2026-05-17 08:00:00,Y09,797,1123
YS015050,2026-05-17 08:00:00,Y10,1020,1339
YS015051,2026-05-17 16:00:00,Y01,1339,1995
YS015052,2026-05-17 16:00:00,Y02,561,1249
YS015053,2026-05-17 16:00:00,Y03,425,986
YS015054,2026-05-17 16:00:00,Y04,879,1113
YS015055,2026-05-17 16:00:00,Y05,792,930
YS015056,2026-05-17 16:00:00,Y06,1530,1758
YS015057,2026-05-17 16:00:00,Y07,640,1034
YS015058,2026-05-17 16:00:00,Y08,782,1028
YS015059,2026-05-17 16:00:00,Y09,768,1123
YS015060,2026-05-17 16:00:00,Y10,716,1339
YS015061,2026-05-18 00:00:00,Y01,959,1995
YS015062,2026-05-18 00:00:00,Y02,923,1249
YS015063,2026-05-18 00:00:00,Y03,420,986
YS015064,2026-05-18 00:00:00,Y04,510,1113
YS015065,2026-05-18 00:00:00,Y05,844,930
YS015066,2026-05-18 00:00:00,Y06,1594,1758
YS015067,2026-05-18 00:00:00,Y07,914,1034
YS015068,2026-05-18 00:00:00,Y08,905,1028
YS015069,2026-05-18 00:00:00,Y09,674,1123
YS015070,2026-05-18 00:00:00,Y10,1041,1339
YS015071,2026-05-18 08:00:00,Y01,1513,1995
YS015072,2026-05-18 08:00:00,Y02,683,1249
YS015073,2026-05-18 08:00:00,Y03,425,986
YS015074,2026-05-18 08:00:00,Y04,577,1113
YS015075,2026-05-18 08:00:00,Y05,789,930
YS015076,2026-05-18 08:00:00,Y06,1374,1758
YS015077,2026-05-18 08:00:00,Y07,649,1034
YS015078,2026-05-18 08:00:00,Y08,859,1028
YS015079,2026-05-18 08:00:00,Y09,696,1123
YS015080,2026-05-18 08:00:00,Y10,568,1339
YS015081,2026-05-18 16:00:00,Y01,1666,1995
YS015082,2026-05-18 16:00:00,Y02,840,1249
YS015083,2026-05-18 16:00:00,Y03,791,986
YS015084,2026-05-18 16:00:00,Y04,871,1113
YS015085,2026-05-18 16:00:00,Y05,514,930
YS015086,2026-05-18 16:00:00,Y06,785,1758
YS015087,2026-05-18 16:00:00,Y07,889,1034
YS015088,2026-05-18 16:00:00,Y08,474,1028
YS015089,2026-05-18 16:00:00,Y09,730,1123
YS015090,2026-05-18 16:00:00,Y10,1011,1339
YS015091,2026-05-19 00:00:00,Y01,1799,1995
YS015092,2026-05-19 00:00:00,Y02,863,1249
YS015093,2026-05-19 00:00:00,Y03,954,986
YS015094,2026-05-19 00:00:00,Y04,539,1113
YS015095,2026-05-19 00:00:00,Y05,835,930
YS015096,2026-05-19 00:00:00,Y06,1511,1758
YS015097,2026-05-19 00:00:00,Y07,628,1034
YS015098,2026-05-19 00:00:00,Y08,907,1028
YS015099,2026-05-19 00:00:00,Y09,643,1123
YS015100,2026-05-19 00:00:00,Y10,1021,1339
YS015101,2026-05-19 08:00:00,Y01,1338,1995
YS015102,2026-05-19 08:00:00,Y02,725,1249
YS015103,2026-05-19 08:00:00,Y03,754,986
YS015104,2026-05-19 08:00:00,Y04,718,1113
YS015105,2026-05-19 08:00:00,Y05,821,930
YS015106,2026-05-19 08:00:00,Y06,1541,1758
YS015107,2026-05-19 08:00:00,Y07,521,1034
YS015108,2026-05-19 08:00:00,Y08,572,1028
YS015109,2026-05-19 08:00:00,Y09,1082,1123
YS015110,2026-05-19 08:00:00,Y10,578,1339
YS015111,2026-05-19 16:00:00,Y01,1034,1995
YS015112,2026-05-19 16:00:00,Y02,594,1249
YS015113,2026-05-19 16:00:00,Y03,783,986
YS015114,2026-05-19 16:00:00,Y04,985,1113
YS015115,2026-05-19 16:00:00,Y05,659,930
YS015116,2026-05-19 16:00:00,Y06,970,1758
YS015117,2026-05-19 16:00:00,Y07,493,1034
YS015118,2026-05-19 16:00:00,Y08,719,1028
YS015119,2026-05-19 16:00:00,Y09,910,1123
YS015120,2026-05-19 16:00:00,Y10,1005,1339
YS015121,2026-05-20 00:00:00,Y01,1674,1995
YS015122,2026-05-20 00:00:00,Y02,513,1249
YS015123,2026-05-20 00:00:00,Y03,766,986
YS015124,2026-05-20 00:00:00,Y04,929,1113
YS015125,2026-05-20 00:00:00,Y05,451,930
YS015126,2026-05-20 00:00:00,Y06,1350,1758
YS015127,2026-05-20 00:00:00,Y07,567,1034
YS015128,2026-05-20 00:00:00,Y08,981,1028
YS015129,2026-05-20 00:00:00,Y09,463,1123
YS015130,2026-05-20 00:00:00,Y10,956,1339
YS015131,2026-05-20 08:00:00,Y01,1620,1995
YS015132,2026-05-20 08:00:00,Y02,1217,1249
YS015133,2026-05-20 08:00:00,Y03,873,986
YS015134,2026-05-20 08:00:00,Y04,689,1113
YS015135,2026-05-20 08:00:00,Y05,640,930
YS015136,2026-05-20 08:00:00,Y06,1117,1758
YS015137,2026-05-20 08:00:00,Y07,434,1034
YS015138,2026-05-20 08:00:00,Y08,848,1028
YS015139,2026-05-20 08:00:00,Y09,586,1123
YS015140,2026-05-20 08:00:00,Y10,1297,1339
YS015141,2026-05-20 16:00:00,Y01,1893,1995
YS015142,2026-05-20 16:00:00,Y02,1132,1249
YS015143,2026-05-20 16:00:00,Y03,878,986
YS015144,2026-05-20 16:00:00,Y04,784,1113
YS015145,2026-05-20 16:00:00,Y05,528,930
YS015146,2026-05-20 16:00:00,Y06,1129,1758
YS015147,2026-05-20 16:00:00,Y07,677,1034
YS015148,2026-05-20 16:00:00,Y08,915,1028
YS015149,2026-05-20 16:00:00,Y09,945,1123
YS015150,2026-05-20 16:00:00,Y10,876,1339
YS015151,2026-05-21 00:00:00,Y01,1497,1995
YS015152,2026-05-21 00:00:00,Y02,529,1249
YS015153,2026-05-21 00:00:00,Y03,752,986
YS015154,2026-05-21 00:00:00,Y04,1020,1113
YS015155,2026-05-21 00:00:00,Y05,860,930
YS015156,2026-05-21 00:00:00,Y06,773,1758
YS015157,2026-05-21 00:00:00,Y07,565,1034
YS015158,2026-05-21 00:00:00,Y08,625,1028
YS015159,2026-05-21 00:00:00,Y09,554,1123
YS015160,2026-05-21 00:00:00,Y10,1093,1339
YS015161,2026-05-21 08:00:00,Y01,1842,1995
YS015162,2026-05-21 08:00:00,Y02,582,1249
YS015163,2026-05-21 08:00:00,Y03,730,986
YS015164,2026-05-21 08:00:00,Y04,631,1113
YS015165,2026-05-21 08:00:00,Y05,668,930
YS015166,2026-05-21 08:00:00,Y06,1439,1758
YS015167,2026-05-21 08:00:00,Y07,905,1034
YS015168,2026-05-21 08:00:00,Y08,500,1028
YS015169,2026-05-21 08:00:00,Y09,785,1123
YS015170,2026-05-21 08:00:00,Y10,952,1339
YS015171,2026-05-21 16:00:00,Y01,1056,1995
YS015172,2026-05-21 16:00:00,Y02,942,1249
YS015173,2026-05-21 16:00:00,Y03,654,986
YS015174,2026-05-21 16:00:00,Y04,657,1113
YS015175,2026-05-21 16:00:00,Y05,596,930
YS015176,2026-05-21 16:00:00,Y06,1190,1758
YS015177,2026-05-21 16:00:00,Y07,727,1034
YS015178,2026-05-21 16:00:00,Y08,460,1028
YS015179,2026-05-21 16:00:00,Y09,558,1123
YS015180,2026-05-21 16:00:00,Y10,872,1339
YS015181,2026-05-22 00:00:00,Y01,1773,1995
YS015182,2026-05-22 00:00:00,Y02,583,1249
YS015183,2026-05-22 00:00:00,Y03,476,986
YS015184,2026-05-22 00:00:00,Y04,574,1113
YS015185,2026-05-22 00:00:00,Y05,806,930
YS015186,2026-05-22 00:00:00,Y06,1699,1758
YS015187,2026-05-22 00:00:00,Y07,839,1034
YS015188,2026-05-22 00:00:00,Y08,712,1028
YS015189,2026-05-22 00:00:00,Y09,646,1123
YS015190,2026-05-22 00:00:00,Y10,1001,1339
YS015191,2026-05-22 08:00:00,Y01,1680,1995
YS015192,2026-05-22 08:00:00,Y02,644,1249
YS015193,2026-05-22 08:00:00,Y03,765,986
YS015194,2026-05-22 08:00:00,Y04,612,1113
YS015195,2026-05-22 08:00:00,Y05,501,930
YS015196,2026-05-22 08:00:00,Y06,821,1758
YS015197,2026-05-22 08:00:00,Y07,516,1034
YS015198,2026-05-22 08:00:00,Y08,655,1028
YS015199,2026-05-22 08:00:00,Y09,1047,1123
YS015200,2026-05-22 08:00:00,Y10,663,1339
YS015201,2026-05-22 16:00:00,Y01,1761,1995
YS015202,2026-05-22 16:00:00,Y02,735,1249
YS015203,2026-05-22 16:00:00,Y03,481,986
YS015204,2026-05-22 16:00:00,Y04,844,1113
YS015205,2026-05-22 16:00:00,Y05,533,930
YS015206,2026-05-22 16:00:00,Y06,1610,1758
YS015207,2026-05-22 16:00:00,Y07,1003,1034
YS015208,2026-05-22 16:00:00,Y08,978,1028
YS015209,2026-05-22 16:00:00,Y09,817,1123
YS015210,2026-05-22 16:00:00,Y10,646,1339
YS015211,2026-05-23 00:00:00,Y01,1695,1995
YS015212,2026-05-23 00:00:00,Y02,532,1249
YS015213,2026-05-23 00:00:00,Y03,714,986
YS015214,2026-05-23 00:00:00,Y04,966,1113
YS015215,2026-05-23 00:00:00,Y05,899,930
YS015216,2026-05-23 00:00:00,Y06,832,1758
YS015217,2026-05-23 00:00:00,Y07,466,1034
YS015218,2026-05-23 00:00:00,Y08,592,1028
YS015219,2026-05-23 00:00:00,Y09,1052,1123
YS015220,2026-05-23 00:00:00,Y10,646,1339
YS015221,2026-05-23 08:00:00,Y01,1474,1995
YS015222,2026-05-23 08:00:00,Y02,576,1249
YS015223,2026-05-23 08:00:00,Y03,401,986
YS015224,2026-05-23 08:00:00,Y04,690,1113
YS015225,2026-05-23 08:00:00,Y05,458,930
YS015226,2026-05-23 08:00:00,Y06,1266,1758
YS015227,2026-05-23 08:00:00,Y07,807,1034
YS015228,2026-05-23 08:00:00,Y08,636,1028
YS015229,2026-05-23 08:00:00,Y09,959,1123
YS015230,2026-05-23 08:00:00,Y10,1180,1339
YS015231,2026-05-23 16:00:00,Y01,1460,1995
YS015232,2026-05-23 16:00:00,Y02,824,1249
YS015233,2026-05-23 16:00:00,Y03,584,986
YS015234,2026-05-23 16:00:00,Y04,729,1113
YS015235,2026-05-23 16:00:00,Y05,448,930
YS015236,2026-05-23 16:00:00,Y06,1260,1758
YS015237,2026-05-23 16:00:00,Y07,852,1034
YS015238,2026-05-23 16:00:00,Y08,489,1028
YS015239,2026-05-23 16:00:00,Y09,548,1123
YS015240,2026-05-23 16:00:00,Y10,880,1339
YS015241,2026-05-24 00:00:00,Y01,1747,1995
YS015242,2026-05-24 00:00:00,Y02,1159,1249
YS015243,2026-05-24 00:00:00,Y03,572,986
YS015244,2026-05-24 00:00:00,Y04,757,1113
YS015245,2026-05-24 00:00:00,Y05,895,930
YS015246,2026-05-24 00:00:00,Y06,1308,1758
YS015247,2026-05-24 00:00:00,Y07,470,1034
YS015248,2026-05-24 00:00:00,Y08,507,1028
YS015249,2026-05-24 00:00:00,Y09,459,1123
YS015250,2026-05-24 00:00:00,Y10,1283,1339
YS015251,2026-05-24 08:00:00,Y01,1365,1995
YS015252,2026-05-24 08:00:00,Y02,763,1249
YS015253,2026-05-24 08:00:00,Y03,966,986
YS015254,2026-05-24 08:00:00,Y04,653,1113
YS015255,2026-05-24 08:00:00,Y05,592,930
YS015256,2026-05-24 08:00:00,Y06,1175,1758
YS015257,2026-05-24 08:00:00,Y07,969,1034
YS015258,2026-05-24 08:00:00,Y08,935,1028
YS015259,2026-05-24 08:00:00,Y09,522,1123
YS015260,2026-05-24 08:00:00,Y10,695,1339
YS015261,2026-05-24 16:00:00,Y01,1181,1995
YS015262,2026-05-24 16:00:00,Y02,713,1249
YS015263,2026-05-24 16:00:00,Y03,650,986
YS015264,2026-05-24 16:00:00,Y04,1069,1113
YS015265,2026-05-24 16:00:00,Y05,510,930
YS015266,2026-05-24 16:00:00,Y06,1698,1758
YS015267,2026-05-24 16:00:00,Y07,441,1034
YS015268,2026-05-24 16:00:00,Y08,820,1028
YS015269,2026-05-24 16:00:00,Y09,1019,1123
YS015270,2026-05-24 16:00:00,Y10,754,1339
YS015271,2026-05-25 00:00:00,Y01,1369,1995
YS015272,2026-05-25 00:00:00,Y02,899,1249
YS015273,2026-05-25 00:00:00,Y03,774,986
YS015274,2026-05-25 00:00:00,Y04,732,1113
YS015275,2026-05-25 00:00:00,Y05,457,930
YS015276,2026-05-25 00:00:00,Y06,1465,1758
YS015277,2026-05-25 00:00:00,Y07,839,1034
YS015278,2026-05-25 00:00:00,Y08,414,1028
YS015279,2026-05-25 00:00:00,Y09,516,1123
YS015280,2026-05-25 00:00:00,Y10,612,1339
YS015281,2026-05-25 08:00:00,Y01,1546,1995
YS015282,2026-05-25 08:00:00,Y02,734,1249
YS015283,2026-05-25 08:00:00,Y03,739,986
YS015284,2026-05-25 08:00:00,Y04,706,1113
YS015285,2026-05-25 08:00:00,Y05,798,930
YS015286,2026-05-25 08:00:00,Y06,1484,1758
YS015287,2026-05-25 08:00:00,Y07,793,1034
YS015288,2026-05-25 08:00:00,Y08,953,1028
YS015289,2026-05-25 08:00:00,Y09,1049,1123
YS015290,2026-05-25 08:00:00,Y10,1260,1339
YS015291,2026-05-25 16:00:00,Y01,1617,1995
YS015292,2026-05-25 16:00:00,Y02,1131,1249
YS015293,2026-05-25 16:00:00,Y03,504,986
YS015294,2026-05-25 16:00:00,Y04,576,1113
YS015295,2026-05-25 16:00:00,Y05,678,930
YS015296,2026-05-25 16:00:00,Y06,1439,1758
YS015297,2026-05-25 16:00:00,Y07,680,1034
YS015298,2026-05-25 16:00:00,Y08,649,1028
YS015299,2026-05-25 16:00:00,Y09,929,1123
YS015300,2026-05-25 16:00:00,Y10,742,1339
YS015301,2026-05-26 00:00:00,Y01,1153,1995
YS015302,2026-05-26 00:00:00,Y02,553,1249
YS015303,2026-05-26 00:00:00,Y03,461,986
YS015304,2026-05-26 00:00:00,Y04,1063,1113
YS015305,2026-05-26 00:00:00,Y05,636,930
YS015306,2026-05-26 00:00:00,Y06,982,1758
YS015307,2026-05-26 00:00:00,Y07,684,1034
YS015308,2026-05-26 00:00:00,Y08,619,1028
YS015309,2026-05-26 00:00:00,Y09,739,1123
YS015310,2026-05-26 00:00:00,Y10,809,1339
YS015311,2026-05-26 08:00:00,Y01,1329,1995
YS015312,2026-05-26 08:00:00,Y02,920,1249
YS015313,2026-05-26 08:00:00,Y03,475,986
YS015314,2026-05-26 08:00:00,Y04,887,1113
YS015315,2026-05-26 08:00:00,Y05,510,930
YS015316,2026-05-26 08:00:00,Y06,915,1758
YS015317,2026-05-26 08:00:00,Y07,711,1034
YS015318,2026-05-26 08:00:00,Y08,827,1028
YS015319,2026-05-26 08:00:00,Y09,857,1123
YS015320,2026-05-26 08:00:00,Y10,1020,1339
YS015321,2026-05-26 16:00:00,Y01,1785,1995
YS015322,2026-05-26 16:00:00,Y02,520,1249
YS015323,2026-05-26 16:00:00,Y03,737,986
YS015324,2026-05-26 16:00:00,Y04,966,1113
YS015325,2026-05-26 16:00:00,Y05,500,930
YS015326,2026-05-26 16:00:00,Y06,1105,1758
YS015327,2026-05-26 16:00:00,Y07,948,1034
YS015328,2026-05-26 16:00:00,Y08,715,1028
YS015329,2026-05-26 16:00:00,Y09,1001,1123
YS015330,2026-05-26 16:00:00,Y10,1048,1339
YS015331,2026-05-27 00:00:00,Y01,1607,1995
YS015332,2026-05-27 00:00:00,Y02,1025,1249
YS015333,2026-05-27 00:00:00,Y03,549,986
YS015334,2026-05-27 00:00:00,Y04,932,1113
YS015335,2026-05-27 00:00:00,Y05,505,930
YS015336,2026-05-27 00:00:00,Y06,1386,1758
YS015337,2026-05-27 00:00:00,Y07,631,1034
YS015338,2026-05-27 00:00:00,Y08,972,1028
YS015339,2026-05-27 00:00:00,Y09,539,1123
YS015340,2026-05-27 00:00:00,Y10,895,1339
YS015341,2026-05-27 08:00:00,Y01,1232,1995
YS015342,2026-05-27 08:00:00,Y02,958,1249
YS015343,2026-05-27 08:00:00,Y03,769,986
YS015344,2026-05-27 08:00:00,Y04,993,1113
YS015345,2026-05-27 08:00:00,Y05,893,930
YS015346,2026-05-27 08:00:00,Y06,1665,1758
YS015347,2026-05-27 08:00:00,Y07,902,1034
YS015348,2026-05-27 08:00:00,Y08,504,1028
YS015349,2026-05-27 08:00:00,Y09,643,1123
YS015350,2026-05-27 08:00:00,Y10,600,1339
YS015351,2026-05-27 16:00:00,Y01,1921,1995
YS015352,2026-05-27 16:00:00,Y02,664,1249
YS015353,2026-05-27 16:00:00,Y03,578,986
YS015354,2026-05-27 16:00:00,Y04,581,1113
YS015355,2026-05-27 16:00:00,Y05,528,930
YS015356,2026-05-27 16:00:00,Y06,915,1758
YS015357,2026-05-27 16:00:00,Y07,581,1034
YS015358,2026-05-27 16:00:00,Y08,851,1028
YS015359,2026-05-27 16:00:00,Y09,684,1123
YS015360,2026-05-27 16:00:00,Y10,884,1339
YS015361,2026-05-28 00:00:00,Y01,1290,1995
YS015362,2026-05-28 00:00:00,Y02,1182,1249
YS015363,2026-05-28 00:00:00,Y03,768,986
YS015364,2026-05-28 00:00:00,Y04,613,1113
YS015365,2026-05-28 00:00:00,Y05,759,930
YS015366,2026-05-28 00:00:00,Y06,1585,1758
YS015367,2026-05-28 00:00:00,Y07,791,1034
YS015368,2026-05-28 00:00:00,Y08,864,1028
YS015369,2026-05-28 00:00:00,Y09,561,1123
YS015370,2026-05-28 00:00:00,Y10,793,1339
YS015371,2026-05-28 08:00:00,Y01,1630,1995
YS015372,2026-05-28 08:00:00,Y02,1169,1249
YS015373,2026-05-28 08:00:00,Y03,735,986
YS015374,2026-05-28 08:00:00,Y04,986,1113
YS015375,2026-05-28 08:00:00,Y05,857,930
YS015376,2026-05-28 08:00:00,Y06,718,1758
YS015377,2026-05-28 08:00:00,Y07,611,1034
YS015378,2026-05-28 08:00:00,Y08,891,1028
YS015379,2026-05-28 08:00:00,Y09,839,1123
YS015380,2026-05-28 08:00:00,Y10,1029,1339
YS015381,2026-05-28 16:00:00,Y01,1383,1995
YS015382,2026-05-28 16:00:00,Y02,626,1249
YS015383,2026-05-28 16:00:00,Y03,537,986
YS015384,2026-05-28 16:00:00,Y04,719,1113
YS015385,2026-05-28 16:00:00,Y05,486,930
YS015386,2026-05-28 16:00:00,Y06,729,1758
YS015387,2026-05-28 16:00:00,Y07,614,1034
YS015388,2026-05-28 16:00:00,Y08,511,1028
YS015389,2026-05-28 16:00:00,Y09,854,1123
YS015390,2026-05-28 16:00:00,Y10,817,1339
YS015391,2026-05-29 00:00:00,Y01,860,1995
YS015392,2026-05-29 00:00:00,Y02,506,1249
YS015393,2026-05-29 00:00:00,Y03,460,986
YS015394,2026-05-29 00:00:00,Y04,490,1113
YS015395,2026-05-29 00:00:00,Y05,776,930
YS015396,2026-05-29 00:00:00,Y06,1425,1758
YS015397,2026-05-29 00:00:00,Y07,647,1034
YS015398,2026-05-29 00:00:00,Y08,478,1028
YS015399,2026-05-29 00:00:00,Y09,586,1123
YS015400,2026-05-29 00:00:00,Y10,1127,1339
YS015401,2026-05-29 08:00:00,Y01,1437,1995
YS015402,2026-05-29 08:00:00,Y02,725,1249
YS015403,2026-05-29 08:00:00,Y03,430,986
YS015404,2026-05-29 08:00:00,Y04,864,1113
YS015405,2026-05-29 08:00:00,Y05,626,930
YS015406,2026-05-29 08:00:00,Y06,1112,1758
YS015407,2026-05-29 08:00:00,Y07,620,1034
YS015408,2026-05-29 08:00:00,Y08,471,1028
YS015409,2026-05-29 08:00:00,Y09,855,1123
YS015410,2026-05-29 08:00:00,Y10,957,1339
YS015411,2026-05-29 16:00:00,Y01,1391,1995
YS015412,2026-05-29 16:00:00,Y02,503,1249
YS015413,2026-05-29 16:00:00,Y03,778,986
YS015414,2026-05-29 16:00:00,Y04,840,1113
YS015415,2026-05-29 16:00:00,Y05,768,930
YS015416,2026-05-29 16:00:00,Y06,1031,1758
YS015417,2026-05-29 16:00:00,Y07,632,1034
YS015418,2026-05-29 16:00:00,Y08,827,1028
YS015419,2026-05-29 16:00:00,Y09,1056,1123
YS015420,2026-05-29 16:00:00,Y10,780,1339
YS015421,2026-05-30 00:00:00,Y01,1810,1995
YS015422,2026-05-30 00:00:00,Y02,514,1249
YS015423,2026-05-30 00:00:00,Y03,410,986
YS015424,2026-05-30 00:00:00,Y04,513,1113
YS015425,2026-05-30 00:00:00,Y05,597,930
YS015426,2026-05-30 00:00:00,Y06,1085,1758
YS015427,2026-05-30 00:00:00,Y07,1007,1034
YS015428,2026-05-30 00:00:00,Y08,1005,1028
YS015429,2026-05-30 00:00:00,Y09,1069,1123
YS015430,2026-05-30 00:00:00,Y10,766,1339
YS015431,2026-05-30 08:00:00,Y01,1700,1995
YS015432,2026-05-30 08:00:00,Y02,1224,1249
YS015433,2026-05-30 08:00:00,Y03,797,986
YS015434,2026-05-30 08:00:00,Y04,534,1113
YS015435,2026-05-30 08:00:00,Y05,771,930
YS015436,2026-05-30 08:00:00,Y06,891,1758
YS015437,2026-05-30 08:00:00,Y07,565,1034
YS015438,2026-05-30 08:00:00,Y08,694,1028
YS015439,2026-05-30 08:00:00,Y09,493,1123
YS015440,2026-05-30 08:00:00,Y10,932,1339
YS015441,2026-05-30 16:00:00,Y01,1246,1995
YS015442,2026-05-30 16:00:00,Y02,945,1249
YS015443,2026-05-30 16:00:00,Y03,676,986
YS015444,2026-05-30 16:00:00,Y04,874,1113
YS015445,2026-05-30 16:00:00,Y05,755,930
YS015446,2026-05-30 16:00:00,Y06,1209,1758
YS015447,2026-05-30 16:00:00,Y07,956,1034
YS015448,2026-05-30 16:00:00,Y08,967,1028
YS015449,2026-05-30 16:00:00,Y09,695,1123
YS015450,2026-05-30 16:00:00,Y10,1267,1339
YS015451,2026-05-31 00:00:00,Y01,1680,1995
YS015452,2026-05-31 00:00:00,Y02,823,1249
YS015453,2026-05-31 00:00:00,Y03,683,986
YS015454,2026-05-31 00:00:00,Y04,459,1113
YS015455,2026-05-31 00:00:00,Y05,649,930
YS015456,2026-05-31 00:00:00,Y06,753,1758
YS015457,2026-05-31 00:00:00,Y07,655,1034
YS015458,2026-05-31 00:00:00,Y08,514,1028
YS015459,2026-05-31 00:00:00,Y09,859,1123
YS015460,2026-05-31 00:00:00,Y10,596,1339
YS015461,2026-05-31 08:00:00,Y01,937,1995
YS015462,2026-05-31 08:00:00,Y02,1173,1249
YS015463,2026-05-31 08:00:00,Y03,590,986
YS015464,2026-05-31 08:00:00,Y04,481,1113
YS015465,2026-05-31 08:00:00,Y05,907,930
YS015466,2026-05-31 08:00:00,Y06,1142,1758
YS015467,2026-05-31 08:00:00,Y07,477,1034
YS015468,2026-05-31 08:00:00,Y08,985,1028
YS015469,2026-05-31 08:00:00,Y09,611,1123
YS015470,2026-05-31 08:00:00,Y10,662,1339
YS015471,2026-05-31 16:00:00,Y01,1838,1995
YS015472,2026-05-31 16:00:00,Y02,604,1249
YS015473,2026-05-31 16:00:00,Y03,454,986
YS015474,2026-05-31 16:00:00,Y04,1049,1113
YS015475,2026-05-31 16:00:00,Y05,717,930
YS015476,2026-05-31 16:00:00,Y06,1403,1758
YS015477,2026-05-31 16:00:00,Y07,479,1034
YS015478,2026-05-31 16:00:00,Y08,663,1028
YS015479,2026-05-31 16:00:00,Y09,1050,1123
YS015480,2026-05-31 16:00:00,Y10,1030,1339
YS015481,2026-06-01 00:00:00,Y01,1616,1995
YS015482,2026-06-01 00:00:00,Y02,920,1249
YS015483,2026-06-01 00:00:00,Y03,966,986
YS015484,2026-06-01 00:00:00,Y04,858,1113
YS015485,2026-06-01 00:00:00,Y05,699,930
YS015486,2026-06-01 00:00:00,Y06,856,1758
YS015487,2026-06-01 00:00:00,Y07,867,1034
YS015488,2026-06-01 00:00:00,Y08,514,1028
YS015489,2026-06-01 00:00:00,Y09,861,1123
YS015490,2026-06-01 00:00:00,Y10,618,1339
YS015491,2026-06-01 08:00:00,Y01,1265,1995
YS015492,2026-06-01 08:00:00,Y02,563,1249
YS015493,2026-06-01 08:00:00,Y03,869,986
YS015494,2026-06-01 08:00:00,Y04,864,1113
YS015495,2026-06-01 08:00:00,Y05,662,930
YS015496,2026-06-01 08:00:00,Y06,844,1758
YS015497,2026-06-01 08:00:00,Y07,460,1034
YS015498,2026-06-01 08:00:00,Y08,713,1028
YS015499,2026-06-01 08:00:00,Y09,750,1123
YS015500,2026-06-01 08:00:00,Y10,585,1339
YS015501,2026-06-01 16:00:00,Y01,1225,1995
YS015502,2026-06-01 16:00:00,Y02,1058,1249
YS015503,2026-06-01 16:00:00,Y03,403,986
YS015504,2026-06-01 16:00:00,Y04,795,1113
YS015505,2026-06-01 16:00:00,Y05,847,930
YS015506,2026-06-01 16:00:00,Y06,929,1758
YS015507,2026-06-01 16:00:00,Y07,517,1034
YS015508,2026-06-01 16:00:00,Y08,524,1028
YS015509,2026-06-01 16:00:00,Y09,778,1123
YS015510,2026-06-01 16:00:00,Y10,1050,1339
YS015511,2026-06-02 00:00:00,Y01,1004,1995
YS015512,2026-06-02 00:00:00,Y02,861,1249
YS015513,2026-06-02 00:00:00,Y03,924,986
YS015514,2026-06-02 00:00:00,Y04,826,1113
YS015515,2026-06-02 00:00:00,Y05,782,930
YS015516,2026-06-02 00:00:00,Y06,1666,1758
YS015517,2026-06-02 00:00:00,Y07,581,1034
YS015518,2026-06-02 00:00:00,Y08,939,1028
YS015519,2026-06-02 00:00:00,Y09,832,1123
YS015520,2026-06-02 00:00:00,Y10,1086,1339
YS015521,2026-06-02 08:00:00,Y01,1518,1995
YS015522,2026-06-02 08:00:00,Y02,1058,1249
YS015523,2026-06-02 08:00:00,Y03,772,986
YS015524,2026-06-02 08:00:00,Y04,493,1113
YS015525,2026-06-02 08:00:00,Y05,875,930
YS015526,2026-06-02 08:00:00,Y06,1379,1758
YS015527,2026-06-02 08:00:00,Y07,437,1034
YS015528,2026-06-02 08:00:00,Y08,983,1028
YS015529,2026-06-02 08:00:00,Y09,935,1123
YS015530,2026-06-02 08:00:00,Y10,695,1339
YS015531,2026-06-02 16:00:00,Y01,1900,1995
YS015532,2026-06-02 16:00:00,Y02,788,1249
YS015533,2026-06-02 16:00:00,Y03,912,986
YS015534,2026-06-02 16:00:00,Y04,968,1113
YS015535,2026-06-02 16:00:00,Y05,794,930
YS015536,2026-06-02 16:00:00,Y06,715,1758
YS015537,2026-06-02 16:00:00,Y07,624,1034
YS015538,2026-06-02 16:00:00,Y08,765,1028
YS015539,2026-06-02 16:00:00,Y09,1021,1123
YS015540,2026-06-02 16:00:00,Y10,1085,1339
YS015541,2026-06-03 00:00:00,Y01,1242,1995
YS015542,2026-06-03 00:00:00,Y02,1009,1249
YS015543,2026-06-03 00:00:00,Y03,808,986
YS015544,2026-06-03 00:00:00,Y04,590,1113
YS015545,2026-06-03 00:00:00,Y05,678,930
YS015546,2026-06-03 00:00:00,Y06,1322,1758
YS015547,2026-06-03 00:00:00,Y07,428,1034
YS015548,2026-06-03 00:00:00,Y08,526,1028
YS015549,2026-06-03 00:00:00,Y09,468,1123
YS015550,2026-06-03 00:00:00,Y10,593,1339
YS015551,2026-06-03 08:00:00,Y01,851,1995
YS015552,2026-06-03 08:00:00,Y02,1063,1249
YS015553,2026-06-03 08:00:00,Y03,704,986
YS015554,2026-06-03 08:00:00,Y04,714,1113
YS015555,2026-06-03 08:00:00,Y05,385,930
YS015556,2026-06-03 08:00:00,Y06,1029,1758
YS015557,2026-06-03 08:00:00,Y07,996,1034
YS015558,2026-06-03 08:00:00,Y08,516,1028
YS015559,2026-06-03 08:00:00,Y09,916,1123
YS015560,2026-06-03 08:00:00,Y10,705,1339
YS015561,2026-06-03 16:00:00,Y01,1000,1995
YS015562,2026-06-03 16:00:00,Y02,1061,1249
YS015563,2026-06-03 16:00:00,Y03,793,986
YS015564,2026-06-03 16:00:00,Y04,498,1113
YS015565,2026-06-03 16:00:00,Y05,811,930
YS015566,2026-06-03 16:00:00,Y06,981,1758
YS015567,2026-06-03 16:00:00,Y07,988,1034
YS015568,2026-06-03 16:00:00,Y08,467,1028
YS015569,2026-06-03 16:00:00,Y09,912,1123
YS015570,2026-06-03 16:00:00,Y10,855,1339
YS015571,2026-06-04 00:00:00,Y01,1104,1995
YS015572,2026-06-04 00:00:00,Y02,801,1249
YS015573,2026-06-04 00:00:00,Y03,940,986
YS015574,2026-06-04 00:00:00,Y04,1066,1113
YS015575,2026-06-04 00:00:00,Y05,412,930
YS015576,2026-06-04 00:00:00,Y06,739,1758
YS015577,2026-06-04 00:00:00,Y07,527,1034
YS015578,2026-06-04 00:00:00,Y08,607,1028
YS015579,2026-06-04 00:00:00,Y09,764,1123
YS015580,2026-06-04 00:00:00,Y10,940,1339
YS015581,2026-06-04 08:00:00,Y01,1098,1995
YS015582,2026-06-04 08:00:00,Y02,807,1249
YS015583,2026-06-04 08:00:00,Y03,409,986
YS015584,2026-06-04 08:00:00,Y04,753,1113
YS015585,2026-06-04 08:00:00,Y05,375,930
YS015586,2026-06-04 08:00:00,Y06,980,1758
YS015587,2026-06-04 08:00:00,Y07,701,1034
YS015588,2026-06-04 08:00:00,Y08,633,1028
YS015589,2026-06-04 08:00:00,Y09,449,1123
YS015590,2026-06-04 08:00:00,Y10,853,1339
YS015591,2026-06-04 16:00:00,Y01,1466,1995
YS015592,2026-06-04 16:00:00,Y02,783,1249
YS015593,2026-06-04 16:00:00,Y03,870,986
YS015594,2026-06-04 16:00:00,Y04,716,1113
YS015595,2026-06-04 16:00:00,Y05,523,930
YS015596,2026-06-04 16:00:00,Y06,988,1758
YS015597,2026-06-04 16:00:00,Y07,612,1034
YS015598,2026-06-04 16:00:00,Y08,567,1028
YS015599,2026-06-04 16:00:00,Y09,996,1123
YS015600,2026-06-04 16:00:00,Y10,982,1339
YS015601,2026-06-05 00:00:00,Y01,1423,1995
YS015602,2026-06-05 00:00:00,Y02,1140,1249
YS015603,2026-06-05 00:00:00,Y03,765,986
YS015604,2026-06-05 00:00:00,Y04,581,1113
YS015605,2026-06-05 00:00:00,Y05,416,930
YS015606,2026-06-05 00:00:00,Y06,1242,1758
YS015607,2026-06-05 00:00:00,Y07,601,1034
YS015608,2026-06-05 00:00:00,Y08,502,1028
YS015609,2026-06-05 00:00:00,Y09,1058,1123
YS015610,2026-06-05 00:00:00,Y10,722,1339
YS015611,2026-06-05 08:00:00,Y01,1289,1995
YS015612,2026-06-05 08:00:00,Y02,647,1249
YS015613,2026-06-05 08:00:00,Y03,606,986
YS015614,2026-06-05 08:00:00,Y04,627,1113
YS015615,2026-06-05 08:00:00,Y05,767,930
YS015616,2026-06-05 08:00:00,Y06,1646,1758
YS015617,2026-06-05 08:00:00,Y07,730,1034
YS015618,2026-06-05 08:00:00,Y08,540,1028
YS015619,2026-06-05 08:00:00,Y09,937,1123
YS015620,2026-06-05 08:00:00,Y10,1247,1339
YS015621,2026-06-05 16:00:00,Y01,1198,1995
YS015622,2026-06-05 16:00:00,Y02,759,1249
YS015623,2026-06-05 16:00:00,Y03,546,986
YS015624,2026-06-05 16:00:00,Y04,575,1113
YS015625,2026-06-05 16:00:00,Y05,713,930
YS015626,2026-06-05 16:00:00,Y06,975,1758
YS015627,2026-06-05 16:00:00,Y07,499,1034
YS015628,2026-06-05 16:00:00,Y08,682,1028
YS015629,2026-06-05 16:00:00,Y09,811,1123
YS015630,2026-06-05 16:00:00,Y10,617,1339
YS015631,2026-06-06 00:00:00,Y01,864,1995
YS015632,2026-06-06 00:00:00,Y02,1086,1249
YS015633,2026-06-06 00:00:00,Y03,569,986
YS015634,2026-06-06 00:00:00,Y04,922,1113
YS015635,2026-06-06 00:00:00,Y05,696,930
YS015636,2026-06-06 00:00:00,Y06,1027,1758
YS015637,2026-06-06 00:00:00,Y07,820,1034
YS015638,2026-06-06 00:00:00,Y08,631,1028
YS015639,2026-06-06 00:00:00,Y09,911,1123
YS015640,2026-06-06 00:00:00,Y10,937,1339
YS015641,2026-06-06 08:00:00,Y01,1316,1995
YS015642,2026-06-06 08:00:00,Y02,514,1249
YS015643,2026-06-06 08:00:00,Y03,562,986
YS015644,2026-06-06 08:00:00,Y04,838,1113
YS015645,2026-06-06 08:00:00,Y05,390,930
YS015646,2026-06-06 08:00:00,Y06,1216,1758
YS015647,2026-06-06 08:00:00,Y07,968,1034
YS015648,2026-06-06 08:00:00,Y08,821,1028
YS015649,2026-06-06 08:00:00,Y09,1049,1123
YS015650,2026-06-06 08:00:00,Y10,1189,1339
YS015651,2026-06-06 16:00:00,Y01,1103,1995
YS015652,2026-06-06 16:00:00,Y02,512,1249
YS015653,2026-06-06 16:00:00,Y03,636,986
YS015654,2026-06-06 16:00:00,Y04,611,1113
YS015655,2026-06-06 16:00:00,Y05,485,930
YS015656,2026-06-06 16:00:00,Y06,1552,1758
YS015657,2026-06-06 16:00:00,Y07,989,1034
YS015658,2026-06-06 16:00:00,Y08,801,1028
YS015659,2026-06-06 16:00:00,Y09,806,1123
YS015660,2026-06-06 16:00:00,Y10,860,1339
YS015661,2026-06-07 00:00:00,Y01,1471,1995
YS015662,2026-06-07 00:00:00,Y02,749,1249
YS015663,2026-06-07 00:00:00,Y03,892,986
YS015664,2026-06-07 00:00:00,Y04,634,1113
YS015665,2026-06-07 00:00:00,Y05,615,930
YS015666,2026-06-07 00:00:00,Y06,948,1758
YS015667,2026-06-07 00:00:00,Y07,557,1034
YS015668,2026-06-07 00:00:00,Y08,894,1028
YS015669,2026-06-07 00:00:00,Y09,688,1123
YS015670,2026-06-07 00:00:00,Y10,877,1339
YS015671,2026-06-07 08:00:00,Y01,874,1995
YS015672,2026-06-07 08:00:00,Y02,1062,1249
YS015673,2026-06-07 08:00:00,Y03,407,986
YS015674,2026-06-07 08:00:00,Y04,702,1113
YS015675,2026-06-07 08:00:00,Y05,772,930
YS015676,2026-06-07 08:00:00,Y06,1665,1758
YS015677,2026-06-07 08:00:00,Y07,790,1034
YS015678,2026-06-07 08:00:00,Y08,579,1028
YS015679,2026-06-07 08:00:00,Y09,501,1123
YS015680,2026-06-07 08:00:00,Y10,675,1339
YS015681,2026-06-07 16:00:00,Y01,1518,1995
YS015682,2026-06-07 16:00:00,Y02,761,1249
YS015683,2026-06-07 16:00:00,Y03,771,986
YS015684,2026-06-07 16:00:00,Y04,930,1113
YS015685,2026-06-07 16:00:00,Y05,470,930
YS015686,2026-06-07 16:00:00,Y06,1630,1758
YS015687,2026-06-07 16:00:00,Y07,744,1034
YS015688,2026-06-07 16:00:00,Y08,533,1028
YS015689,2026-06-07 16:00:00,Y09,621,1123
YS015690,2026-06-07 16:00:00,Y10,1154,1339
YS015691,2026-06-08 00:00:00,Y01,1934,1995
YS015692,2026-06-08 00:00:00,Y02,736,1249
YS015693,2026-06-08 00:00:00,Y03,894,986
YS015694,2026-06-08 00:00:00,Y04,556,1113
YS015695,2026-06-08 00:00:00,Y05,540,930
YS015696,2026-06-08 00:00:00,Y06,767,1758
YS015697,2026-06-08 00:00:00,Y07,443,1034
YS015698,2026-06-08 00:00:00,Y08,900,1028
YS015699,2026-06-08 00:00:00,Y09,704,1123
YS015700,2026-06-08 00:00:00,Y10,1254,1339
YS015701,2026-06-08 08:00:00,Y01,885,1995
YS015702,2026-06-08 08:00:00,Y02,922,1249
YS015703,2026-06-08 08:00:00,Y03,531,986
YS015704,2026-06-08 08:00:00,Y04,483,1113
YS015705,2026-06-08 08:00:00,Y05,411,930
YS015706,2026-06-08 08:00:00,Y06,1661,1758
YS015707,2026-06-08 08:00:00,Y07,502,1034
YS015708,2026-06-08 08:00:00,Y08,413,1028
YS015709,2026-06-08 08:00:00,Y09,740,1123
YS015710,2026-06-08 08:00:00,Y10,1228,1339
YS015711,2026-06-08 16:00:00,Y01,1670,1995
YS015712,2026-06-08 16:00:00,Y02,814,1249
YS015713,2026-06-08 16:00:00,Y03,845,986
YS015714,2026-06-08 16:00:00,Y04,563,1113
YS015715,2026-06-08 16:00:00,Y05,701,930
YS015716,2026-06-08 16:00:00,Y06,1657,1758
YS015717,2026-06-08 16:00:00,Y07,1000,1034
YS015718,2026-06-08 16:00:00,Y08,953,1028
YS015719,2026-06-08 16:00:00,Y09,644,1123
YS015720,2026-06-08 16:00:00,Y10,1034,1339
YS015721,2026-06-09 00:00:00,Y01,1703,1995
YS015722,2026-06-09 00:00:00,Y02,730,1249
YS015723,2026-06-09 00:00:00,Y03,749,986
YS015724,2026-06-09 00:00:00,Y04,745,1113
YS015725,2026-06-09 00:00:00,Y05,830,930
YS015726,2026-06-09 00:00:00,Y06,812,1758
YS015727,2026-06-09 00:00:00,Y07,971,1034
YS015728,2026-06-09 00:00:00,Y08,483,1028
YS015729,2026-06-09 00:00:00,Y09,652,1123
YS015730,2026-06-09 00:00:00,Y10,711,1339
YS015731,2026-06-09 08:00:00,Y01,996,1995
YS015732,2026-06-09 08:00:00,Y02,601,1249
YS015733,2026-06-09 08:00:00,Y03,418,986
YS015734,2026-06-09 08:00:00,Y04,820,1113
YS015735,2026-06-09 08:00:00,Y05,685,930
YS015736,2026-06-09 08:00:00,Y06,801,1758
YS015737,2026-06-09 08:00:00,Y07,438,1034
YS015738,2026-06-09 08:00:00,Y08,439,1028
YS015739,2026-06-09 08:00:00,Y09,754,1123
YS015740,2026-06-09 08:00:00,Y10,1296,1339
YS015741,2026-06-09 16:00:00,Y01,1415,1995
YS015742,2026-06-09 16:00:00,Y02,726,1249
YS015743,2026-06-09 16:00:00,Y03,829,986
YS015744,2026-06-09 16:00:00,Y04,501,1113
YS015745,2026-06-09 16:00:00,Y05,721,930
YS015746,2026-06-09 16:00:00,Y06,724,1758
YS015747,2026-06-09 16:00:00,Y07,774,1034
YS015748,2026-06-09 16:00:00,Y08,559,1028
YS015749,2026-06-09 16:00:00,Y09,812,1123
YS015750,2026-06-09 16:00:00,Y10,1191,1339
YS015751,2026-06-10 00:00:00,Y01,1903,1995
YS015752,2026-06-10 00:00:00,Y02,636,1249
YS015753,2026-06-10 00:00:00,Y03,937,986
YS015754,2026-06-10 00:00:00,Y04,1028,1113
YS015755,2026-06-10 00:00:00,Y05,742,930
YS015756,2026-06-10 00:00:00,Y06,1292,1758
YS015757,2026-06-10 00:00:00,Y07,778,1034
YS015758,2026-06-10 00:00:00,Y08,906,1028
YS015759,2026-06-10 00:00:00,Y09,1066,1123
YS015760,2026-06-10 00:00:00,Y10,1097,1339
YS015761,2026-06-10 08:00:00,Y01,826,1995
YS015762,2026-06-10 08:00:00,Y02,643,1249
YS015763,2026-06-10 08:00:00,Y03,598,986
YS015764,2026-06-10 08:00:00,Y04,1069,1113
YS015765,2026-06-10 08:00:00,Y05,477,930
YS015766,2026-06-10 08:00:00,Y06,1294,1758
YS015767,2026-06-10 08:00:00,Y07,815,1034
YS015768,2026-06-10 08:00:00,Y08,605,1028
YS015769,2026-06-10 08:00:00,Y09,738,1123
YS015770,2026-06-10 08:00:00,Y10,556,1339
YS015771,2026-06-10 16:00:00,Y01,1441,1995
YS015772,2026-06-10 16:00:00,Y02,507,1249
YS015773,2026-06-10 16:00:00,Y03,943,986
YS015774,2026-06-10 16:00:00,Y04,663,1113
YS015775,2026-06-10 16:00:00,Y05,479,930
YS015776,2026-06-10 16:00:00,Y06,1700,1758
YS015777,2026-06-10 16:00:00,Y07,549,1034
YS015778,2026-06-10 16:00:00,Y08,575,1028
YS015779,2026-06-10 16:00:00,Y09,681,1123
YS015780,2026-06-10 16:00:00,Y10,764,1339
YS015781,2026-06-11 00:00:00,Y01,835,1995
YS015782,2026-06-11 00:00:00,Y02,801,1249
YS015783,2026-06-11 00:00:00,Y03,823,986
YS015784,2026-06-11 00:00:00,Y04,824,1113
YS015785,2026-06-11 00:00:00,Y05,844,930
YS015786,2026-06-11 00:00:00,Y06,1487,1758
YS015787,2026-06-11 00:00:00,Y07,574,1034
YS015788,2026-06-11 00:00:00,Y08,580,1028
YS015789,2026-06-11 00:00:00,Y09,508,1123
YS015790,2026-06-11 00:00:00,Y10,1018,1339
YS015791,2026-06-11 08:00:00,Y01,1366,1995
YS015792,2026-06-11 08:00:00,Y02,548,1249
YS015793,2026-06-11 08:00:00,Y03,703,986
YS015794,2026-06-11 08:00:00,Y04,600,1113
YS015795,2026-06-11 08:00:00,Y05,560,930
YS015796,2026-06-11 08:00:00,Y06,1028,1758
YS015797,2026-06-11 08:00:00,Y07,768,1034
YS015798,2026-06-11 08:00:00,Y08,997,1028
YS015799,2026-06-11 08:00:00,Y09,471,1123
YS015800,2026-06-11 08:00:00,Y10,627,1339
YS015801,2026-06-11 16:00:00,Y01,1791,1995
YS015802,2026-06-11 16:00:00,Y02,681,1249
YS015803,2026-06-11 16:00:00,Y03,539,986
YS015804,2026-06-11 16:00:00,Y04,577,1113
YS015805,2026-06-11 16:00:00,Y05,401,930
YS015806,2026-06-11 16:00:00,Y06,1262,1758
YS015807,2026-06-11 16:00:00,Y07,865,1034
YS015808,2026-06-11 16:00:00,Y08,539,1028
YS015809,2026-06-11 16:00:00,Y09,1077,1123
YS015810,2026-06-11 16:00:00,Y10,902,1339
YS015811,2026-06-12 00:00:00,Y01,1315,1995
YS015812,2026-06-12 00:00:00,Y02,1040,1249
YS015813,2026-06-12 00:00:00,Y03,839,986
YS015814,2026-06-12 00:00:00,Y04,850,1113
YS015815,2026-06-12 00:00:00,Y05,585,930
YS015816,2026-06-12 00:00:00,Y06,1652,1758
YS015817,2026-06-12 00:00:00,Y07,583,1034
YS015818,2026-06-12 00:00:00,Y08,585,1028
YS015819,2026-06-12 00:00:00,Y09,1025,1123
YS015820,2026-06-12 00:00:00,Y10,1000,1339
YS015821,2026-06-12 08:00:00,Y01,1022,1995
YS015822,2026-06-12 08:00:00,Y02,877,1249
YS015823,2026-06-12 08:00:00,Y03,951,986
YS015824,2026-06-12 08:00:00,Y04,565,1113
YS015825,2026-06-12 08:00:00,Y05,524,930
YS015826,2026-06-12 08:00:00,Y06,1366,1758
YS015827,2026-06-12 08:00:00,Y07,713,1034
YS015828,2026-06-12 08:00:00,Y08,474,1028
YS015829,2026-06-12 08:00:00,Y09,541,1123
YS015830,2026-06-12 08:00:00,Y10,862,1339
YS015831,2026-06-12 16:00:00,Y01,1843,1995
YS015832,2026-06-12 16:00:00,Y02,661,1249
YS015833,2026-06-12 16:00:00,Y03,484,986
YS015834,2026-06-12 16:00:00,Y04,644,1113
YS015835,2026-06-12 16:00:00,Y05,567,930
YS015836,2026-06-12 16:00:00,Y06,747,1758
YS015837,2026-06-12 16:00:00,Y07,891,1034
YS015838,2026-06-12 16:00:00,Y08,704,1028
YS015839,2026-06-12 16:00:00,Y09,1092,1123
YS015840,2026-06-12 16:00:00,Y10,1082,1339
YS015841,2026-06-13 00:00:00,Y01,1223,1995
YS015842,2026-06-13 00:00:00,Y02,958,1249
YS015843,2026-06-13 00:00:00,Y03,924,986
YS015844,2026-06-13 00:00:00,Y04,757,1113
YS015845,2026-06-13 00:00:00,Y05,820,930
YS015846,2026-06-13 00:00:00,Y06,862,1758
YS015847,2026-06-13 00:00:00,Y07,831,1034
YS015848,2026-06-13 00:00:00,Y08,1004,1028
YS015849,2026-06-13 00:00:00,Y09,883,1123
YS015850,2026-06-13 00:00:00,Y10,1182,1339
YS015851,2026-06-13 08:00:00,Y01,1041,1995
YS015852,2026-06-13 08:00:00,Y02,1083,1249
YS015853,2026-06-13 08:00:00,Y03,549,986
YS015854,2026-06-13 08:00:00,Y04,776,1113
YS015855,2026-06-13 08:00:00,Y05,564,930
YS015856,2026-06-13 08:00:00,Y06,1056,1758
YS015857,2026-06-13 08:00:00,Y07,777,1034
YS015858,2026-06-13 08:00:00,Y08,772,1028
YS015859,2026-06-13 08:00:00,Y09,589,1123
YS015860,2026-06-13 08:00:00,Y10,1292,1339
YS015861,2026-06-13 16:00:00,Y01,1190,1995
YS015862,2026-06-13 16:00:00,Y02,1012,1249
YS015863,2026-06-13 16:00:00,Y03,928,986
YS015864,2026-06-13 16:00:00,Y04,787,1113
YS015865,2026-06-13 16:00:00,Y05,893,930
YS015866,2026-06-13 16:00:00,Y06,962,1758
YS015867,2026-06-13 16:00:00,Y07,481,1034
YS015868,2026-06-13 16:00:00,Y08,975,1028
YS015869,2026-06-13 16:00:00,Y09,905,1123
YS015870,2026-06-13 16:00:00,Y10,788,1339
YS015871,2026-06-14 00:00:00,Y01,1190,1995
YS015872,2026-06-14 00:00:00,Y02,954,1249
YS015873,2026-06-14 00:00:00,Y03,742,986
YS015874,2026-06-14 00:00:00,Y04,1086,1113
YS015875,2026-06-14 00:00:00,Y05,383,930
YS015876,2026-06-14 00:00:00,Y06,1430,1758
YS015877,2026-06-14 00:00:00,Y07,584,1034
YS015878,2026-06-14 00:00:00,Y08,457,1028
YS015879,2026-06-14 00:00:00,Y09,797,1123
YS015880,2026-06-14 00:00:00,Y10,1039,1339
YS015881,2026-06-14 08:00:00,Y01,1264,1995
YS015882,2026-06-14 08:00:00,Y02,1040,1249
YS015883,2026-06-14 08:00:00,Y03,754,986
YS015884,2026-06-14 08:00:00,Y04,481,1113
YS015885,2026-06-14 08:00:00,Y05,767,930
YS015886,2026-06-14 08:00:00,Y06,1658,1758
YS015887,2026-06-14 08:00:00,Y07,735,1034
YS015888,2026-06-14 08:00:00,Y08,572,1028
YS015889,2026-06-14 08:00:00,Y09,615,1123
YS015890,2026-06-14 08:00:00,Y10,955,1339
YS015891,2026-06-14 16:00:00,Y01,1855,1995
YS015892,2026-06-14 16:00:00,Y02,813,1249
YS015893,2026-06-14 16:00:00,Y03,645,986
YS015894,2026-06-14 16:00:00,Y04,891,1113
YS015895,2026-06-14 16:00:00,Y05,473,930
YS015896,2026-06-14 16:00:00,Y06,1632,1758
YS015897,2026-06-14 16:00:00,Y07,735,1034
YS015898,2026-06-14 16:00:00,Y08,756,1028
YS015899,2026-06-14 16:00:00,Y09,676,1123
YS015900,2026-06-14 16:00:00,Y10,1284,1339
YS015901,2026-06-15 00:00:00,Y01,1639,1995
YS015902,2026-06-15 00:00:00,Y02,1034,1249
YS015903,2026-06-15 00:00:00,Y03,653,986
YS015904,2026-06-15 00:00:00,Y04,658,1113
YS015905,2026-06-15 00:00:00,Y05,666,930
YS015906,2026-06-15 00:00:00,Y06,1282,1758
YS015907,2026-06-15 00:00:00,Y07,717,1034
YS015908,2026-06-15 00:00:00,Y08,742,1028
YS015909,2026-06-15 00:00:00,Y09,839,1123
YS015910,2026-06-15 00:00:00,Y10,677,1339
YS015911,2026-06-15 08:00:00,Y01,1438,1995
YS015912,2026-06-15 08:00:00,Y02,511,1249
YS015913,2026-06-15 08:00:00,Y03,399,986
YS015914,2026-06-15 08:00:00,Y04,1066,1113
YS015915,2026-06-15 08:00:00,Y05,385,930
YS015916,2026-06-15 08:00:00,Y06,1680,1758
YS015917,2026-06-15 08:00:00,Y07,957,1034
YS015918,2026-06-15 08:00:00,Y08,803,1028
YS015919,2026-06-15 08:00:00,Y09,468,1123
YS015920,2026-06-15 08:00:00,Y10,885,1339
YS015921,2026-06-15 16:00:00,Y01,1937,1995
YS015922,2026-06-15 16:00:00,Y02,556,1249
YS015923,2026-06-15 16:00:00,Y03,939,986
YS015924,2026-06-15 16:00:00,Y04,1020,1113
YS015925,2026-06-15 16:00:00,Y05,484,930
YS015926,2026-06-15 16:00:00,Y06,1080,1758
YS015927,2026-06-15 16:00:00,Y07,968,1034
YS015928,2026-06-15 16:00:00,Y08,776,1028
YS015929,2026-06-15 16:00:00,Y09,1049,1123
YS015930,2026-06-15 16:00:00,Y10,787,1339
YS015931,2026-06-16 00:00:00,Y01,1477,1995
YS015932,2026-06-16 00:00:00,Y02,524,1249
YS015933,2026-06-16 00:00:00,Y03,625,986
YS015934,2026-06-16 00:00:00,Y04,1085,1113
YS015935,2026-06-16 00:00:00,Y05,478,930
YS015936,2026-06-16 00:00:00,Y06,1422,1758
YS015937,2026-06-16 00:00:00,Y07,851,1034
YS015938,2026-06-16 00:00:00,Y08,716,1028
YS015939,2026-06-16 00:00:00,Y09,875,1123
YS015940,2026-06-16 00:00:00,Y10,676,1339
YS015941,2026-06-16 08:00:00,Y01,832,1995
YS015942,2026-06-16 08:00:00,Y02,630,1249
YS015943,2026-06-16 08:00:00,Y03,418,986
YS015944,2026-06-16 08:00:00,Y04,1005,1113
YS015945,2026-06-16 08:00:00,Y05,558,930
YS015946,2026-06-16 08:00:00,Y06,1578,1758
YS015947,2026-06-16 08:00:00,Y07,928,1034
YS015948,2026-06-16 08:00:00,Y08,676,1028
YS015949,2026-06-16 08:00:00,Y09,552,1123
YS015950,2026-06-16 08:00:00,Y10,1279,1339
YS015951,2026-06-16 16:00:00,Y01,801,1995
YS015952,2026-06-16 16:00:00,Y02,691,1249
YS015953,2026-06-16 16:00:00,Y03,465,986
YS015954,2026-06-16 16:00:00,Y04,854,1113
YS015955,2026-06-16 16:00:00,Y05,589,930
YS015956,2026-06-16 16:00:00,Y06,1152,1758
YS015957,2026-06-16 16:00:00,Y07,931,1034
YS015958,2026-06-16 16:00:00,Y08,546,1028
YS015959,2026-06-16 16:00:00,Y09,931,1123
YS015960,2026-06-16 16:00:00,Y10,1108,1339
YS015961,2026-06-17 00:00:00,Y01,1026,1995
YS015962,2026-06-17 00:00:00,Y02,615,1249
YS015963,2026-06-17 00:00:00,Y03,728,986
YS015964,2026-06-17 00:00:00,Y04,509,1113
YS015965,2026-06-17 00:00:00,Y05,487,930
YS015966,2026-06-17 00:00:00,Y06,1477,1758
YS015967,2026-06-17 00:00:00,Y07,519,1034
YS015968,2026-06-17 00:00:00,Y08,923,1028
YS015969,2026-06-17 00:00:00,Y09,838,1123
YS015970,2026-06-17 00:00:00,Y10,955,1339
YS015971,2026-06-17 08:00:00,Y01,1350,1995
YS015972,2026-06-17 08:00:00,Y02,1127,1249
YS015973,2026-06-17 08:00:00,Y03,863,986
YS015974,2026-06-17 08:00:00,Y04,928,1113
YS015975,2026-06-17 08:00:00,Y05,373,930
YS015976,2026-06-17 08:00:00,Y06,894,1758
YS015977,2026-06-17 08:00:00,Y07,628,1034
YS015978,2026-06-17 08:00:00,Y08,941,1028
YS015979,2026-06-17 08:00:00,Y09,954,1123
YS015980,2026-06-17 08:00:00,Y10,1191,1339
YS015981,2026-06-17 16:00:00,Y01,969,1995
YS015982,2026-06-17 16:00:00,Y02,738,1249
YS015983,2026-06-17 16:00:00,Y03,678,986
YS015984,2026-06-17 16:00:00,Y04,565,1113
YS015985,2026-06-17 16:00:00,Y05,455,930
YS015986,2026-06-17 16:00:00,Y06,1424,1758
YS015987,2026-06-17 16:00:00,Y07,570,1034
YS015988,2026-06-17 16:00:00,Y08,666,1028
YS015989,2026-06-17 16:00:00,Y09,919,1123
YS015990,2026-06-17 16:00:00,Y10,1256,1339
YS015991,2026-06-18 00:00:00,Y01,877,1995
YS015992,2026-06-18 00:00:00,Y02,872,1249
YS015993,2026-06-18 00:00:00,Y03,403,986
YS015994,2026-06-18 00:00:00,Y04,799,1113
YS015995,2026-06-18 00:00:00,Y05,902,930
YS015996,2026-06-18 00:00:00,Y06,1154,1758
YS015997,2026-06-18 00:00:00,Y07,790,1034
YS015998,2026-06-18 00:00:00,Y08,599,1028
YS015999,2026-06-18 00:00:00,Y09,956,1123
YS016000,2026-06-18 00:00:00,Y10,1104,1339
YS016001,2026-06-18 08:00:00,Y01,1880,1995
YS016002,2026-06-18 08:00:00,Y02,582,1249
YS016003,2026-06-18 08:00:00,Y03,898,986
YS016004,2026-06-18 08:00:00,Y04,839,1113
YS016005,2026-06-18 08:00:00,Y05,434,930
YS016006,2026-06-18 08:00:00,Y06,1229,1758
YS016007,2026-06-18 08:00:00,Y07,710,1034
YS016008,2026-06-18 08:00:00,Y08,559,1028
YS016009,2026-06-18 08:00:00,Y09,889,1123
YS016010,2026-06-18 08:00:00,Y10,1285,1339
YS016011,2026-06-18 16:00:00,Y01,1210,1995
YS016012,2026-06-18 16:00:00,Y02,975,1249
YS016013,2026-06-18 16:00:00,Y03,472,986
YS016014,2026-06-18 16:00:00,Y04,1086,1113
YS016015,2026-06-18 16:00:00,Y05,662,930
YS016016,2026-06-18 16:00:00,Y06,1159,1758
YS016017,2026-06-18 16:00:00,Y07,963,1034
YS016018,2026-06-18 16:00:00,Y08,426,1028
YS016019,2026-06-18 16:00:00,Y09,799,1123
YS016020,2026-06-18 16:00:00,Y10,587,1339
YS016021,2026-06-19 00:00:00,Y01,1105,1995
YS016022,2026-06-19 00:00:00,Y02,762,1249
YS016023,2026-06-19 00:00:00,Y03,781,986
YS016024,2026-06-19 00:00:00,Y04,1071,1113
YS016025,2026-06-19 00:00:00,Y05,755,930
YS016026,2026-06-19 00:00:00,Y06,1135,1758
YS016027,2026-06-19 00:00:00,Y07,771,1034
YS016028,2026-06-19 00:00:00,Y08,533,1028
YS016029,2026-06-19 00:00:00,Y09,765,1123
YS016030,2026-06-19 00:00:00,Y10,1279,1339
YS016031,2026-06-19 08:00:00,Y01,879,1995
YS016032,2026-06-19 08:00:00,Y02,684,1249
YS016033,2026-06-19 08:00:00,Y03,470,986
YS016034,2026-06-19 08:00:00,Y04,1012,1113
YS016035,2026-06-19 08:00:00,Y05,698,930
YS016036,2026-06-19 08:00:00,Y06,1256,1758
YS016037,2026-06-19 08:00:00,Y07,821,1034
YS016038,2026-06-19 08:00:00,Y08,885,1028
YS016039,2026-06-19 08:00:00,Y09,504,1123
YS016040,2026-06-19 08:00:00,Y10,1249,1339
YS016041,2026-06-19 16:00:00,Y01,1503,1995
YS016042,2026-06-19 16:00:00,Y02,1134,1249
YS016043,2026-06-19 16:00:00,Y03,407,986
YS016044,2026-06-19 16:00:00,Y04,632,1113
YS016045,2026-06-19 16:00:00,Y05,408,930
YS016046,2026-06-19 16:00:00,Y06,1280,1758
YS016047,2026-06-19 16:00:00,Y07,813,1034
YS016048,2026-06-19 16:00:00,Y08,609,1028
YS016049,2026-06-19 16:00:00,Y09,909,1123
YS016050,2026-06-19 16:00:00,Y10,550,1339
YS016051,2026-06-20 00:00:00,Y01,996,1995
YS016052,2026-06-20 00:00:00,Y02,609,1249
YS016053,2026-06-20 00:00:00,Y03,527,986
YS016054,2026-06-20 00:00:00,Y04,728,1113
YS016055,2026-06-20 00:00:00,Y05,866,930
YS016056,2026-06-20 00:00:00,Y06,901,1758
YS016057,2026-06-20 00:00:00,Y07,953,1034
YS016058,2026-06-20 00:00:00,Y08,465,1028
YS016059,2026-06-20 00:00:00,Y09,988,1123
YS016060,2026-06-20 00:00:00,Y10,766,1339
YS016061,2026-06-20 08:00:00,Y01,1874,1995
YS016062,2026-06-20 08:00:00,Y02,1026,1249
YS016063,2026-06-20 08:00:00,Y03,665,986
YS016064,2026-06-20 08:00:00,Y04,1050,1113
YS016065,2026-06-20 08:00:00,Y05,896,930
YS016066,2026-06-20 08:00:00,Y06,1204,1758
YS016067,2026-06-20 08:00:00,Y07,889,1034
YS016068,2026-06-20 08:00:00,Y08,722,1028
YS016069,2026-06-20 08:00:00,Y09,795,1123
YS016070,2026-06-20 08:00:00,Y10,849,1339
YS016071,2026-06-20 16:00:00,Y01,1437,1995
YS016072,2026-06-20 16:00:00,Y02,626,1249
YS016073,2026-06-20 16:00:00,Y03,436,986
YS016074,2026-06-20 16:00:00,Y04,905,1113
YS016075,2026-06-20 16:00:00,Y05,835,930
YS016076,2026-06-20 16:00:00,Y06,973,1758
YS016077,2026-06-20 16:00:00,Y07,456,1034
YS016078,2026-06-20 16:00:00,Y08,706,1028
YS016079,2026-06-20 16:00:00,Y09,458,1123
YS016080,2026-06-20 16:00:00,Y10,768,1339
YS016081,2026-06-21 00:00:00,Y01,960,1995
YS016082,2026-06-21 00:00:00,Y02,1109,1249
YS016083,2026-06-21 00:00:00,Y03,832,986
YS016084,2026-06-21 00:00:00,Y04,607,1113
YS016085,2026-06-21 00:00:00,Y05,901,930
YS016086,2026-06-21 00:00:00,Y06,1385,1758
YS016087,2026-06-21 00:00:00,Y07,520,1034
YS016088,2026-06-21 00:00:00,Y08,736,1028
YS016089,2026-06-21 00:00:00,Y09,1084,1123
YS016090,2026-06-21 00:00:00,Y10,1016,1339
YS016091,2026-06-21 08:00:00,Y01,1344,1995
YS016092,2026-06-21 08:00:00,Y02,789,1249
YS016093,2026-06-21 08:00:00,Y03,869,986
YS016094,2026-06-21 08:00:00,Y04,645,1113
YS016095,2026-06-21 08:00:00,Y05,537,930
YS016096,2026-06-21 08:00:00,Y06,1150,1758
YS016097,2026-06-21 08:00:00,Y07,543,1034
YS016098,2026-06-21 08:00:00,Y08,465,1028
YS016099,2026-06-21 08:00:00,Y09,932,1123
YS016100,2026-06-21 08:00:00,Y10,610,1339
YS016101,2026-06-21 16:00:00,Y01,1921,1995
YS016102,2026-06-21 16:00:00,Y02,1078,1249
YS016103,2026-06-21 16:00:00,Y03,675,986
YS016104,2026-06-21 16:00:00,Y04,940,1113
YS016105,2026-06-21 16:00:00,Y05,793,930
YS016106,2026-06-21 16:00:00,Y06,1652,1758
YS016107,2026-06-21 16:00:00,Y07,660,1034
YS016108,2026-06-21 16:00:00,Y08,719,1028
YS016109,2026-06-21 16:00:00,Y09,723,1123
YS016110,2026-06-21 16:00:00,Y10,1147,1339
YS016111,2026-06-22 00:00:00,Y01,1399,1995
YS016112,2026-06-22 00:00:00,Y02,1196,1249
YS016113,2026-06-22 00:00:00,Y03,763,986
YS016114,2026-06-22 00:00:00,Y04,696,1113
YS016115,2026-06-22 00:00:00,Y05,710,930
YS016116,2026-06-22 00:00:00,Y06,1378,1758
YS016117,2026-06-22 00:00:00,Y07,631,1034
YS016118,2026-06-22 00:00:00,Y08,813,1028
YS016119,2026-06-22 00:00:00,Y09,469,1123
YS016120,2026-06-22 00:00:00,Y10,848,1339
YS016121,2026-06-22 08:00:00,Y01,1205,1995
YS016122,2026-06-22 08:00:00,Y02,613,1249
YS016123,2026-06-22 08:00:00,Y03,857,986
YS016124,2026-06-22 08:00:00,Y04,755,1113
YS016125,2026-06-22 08:00:00,Y05,655,930
YS016126,2026-06-22 08:00:00,Y06,1132,1758
YS016127,2026-06-22 08:00:00,Y07,837,1034
YS016128,2026-06-22 08:00:00,Y08,895,1028
YS016129,2026-06-22 08:00:00,Y09,899,1123
YS016130,2026-06-22 08:00:00,Y10,1277,1339
YS016131,2026-06-22 16:00:00,Y01,1693,1995
YS016132,2026-06-22 16:00:00,Y02,506,1249
YS016133,2026-06-22 16:00:00,Y03,609,986
YS016134,2026-06-22 16:00:00,Y04,677,1113
YS016135,2026-06-22 16:00:00,Y05,552,930
YS016136,2026-06-22 16:00:00,Y06,1637,1758
YS016137,2026-06-22 16:00:00,Y07,697,1034
YS016138,2026-06-22 16:00:00,Y08,720,1028
YS016139,2026-06-22 16:00:00,Y09,820,1123
YS016140,2026-06-22 16:00:00,Y10,536,1339
YS016141,2026-06-23 00:00:00,Y01,1776,1995
YS016142,2026-06-23 00:00:00,Y02,864,1249
YS016143,2026-06-23 00:00:00,Y03,434,986
YS016144,2026-06-23 00:00:00,Y04,891,1113
YS016145,2026-06-23 00:00:00,Y05,572,930
YS016146,2026-06-23 00:00:00,Y06,1304,1758
YS016147,2026-06-23 00:00:00,Y07,775,1034
YS016148,2026-06-23 00:00:00,Y08,886,1028
YS016149,2026-06-23 00:00:00,Y09,866,1123
YS016150,2026-06-23 00:00:00,Y10,839,1339
YS016151,2026-06-23 08:00:00,Y01,1150,1995
YS016152,2026-06-23 08:00:00,Y02,839,1249
YS016153,2026-06-23 08:00:00,Y03,673,986
YS016154,2026-06-23 08:00:00,Y04,1057,1113
YS016155,2026-06-23 08:00:00,Y05,816,930
YS016156,2026-06-23 08:00:00,Y06,998,1758
YS016157,2026-06-23 08:00:00,Y07,533,1034
YS016158,2026-06-23 08:00:00,Y08,986,1028
YS016159,2026-06-23 08:00:00,Y09,962,1123
YS016160,2026-06-23 08:00:00,Y10,899,1339
YS016161,2026-06-23 16:00:00,Y01,1435,1995
YS016162,2026-06-23 16:00:00,Y02,901,1249
YS016163,2026-06-23 16:00:00,Y03,590,986
YS016164,2026-06-23 16:00:00,Y04,690,1113
YS016165,2026-06-23 16:00:00,Y05,468,930
YS016166,2026-06-23 16:00:00,Y06,1563,1758
YS016167,2026-06-23 16:00:00,Y07,440,1034
YS016168,2026-06-23 16:00:00,Y08,961,1028
YS016169,2026-06-23 16:00:00,Y09,947,1123
YS016170,2026-06-23 16:00:00,Y10,823,1339
YS016171,2026-06-24 00:00:00,Y01,1319,1995
YS016172,2026-06-24 00:00:00,Y02,1047,1249
YS016173,2026-06-24 00:00:00,Y03,679,986
YS016174,2026-06-24 00:00:00,Y04,845,1113
YS016175,2026-06-24 00:00:00,Y05,804,930
YS016176,2026-06-24 00:00:00,Y06,738,1758
YS016177,2026-06-24 00:00:00,Y07,818,1034
YS016178,2026-06-24 00:00:00,Y08,609,1028
YS016179,2026-06-24 00:00:00,Y09,873,1123
YS016180,2026-06-24 00:00:00,Y10,1310,1339
YS016181,2026-06-24 08:00:00,Y01,1211,1995
YS016182,2026-06-24 08:00:00,Y02,532,1249
YS016183,2026-06-24 08:00:00,Y03,753,986
YS016184,2026-06-24 08:00:00,Y04,863,1113
YS016185,2026-06-24 08:00:00,Y05,382,930
YS016186,2026-06-24 08:00:00,Y06,1029,1758
YS016187,2026-06-24 08:00:00,Y07,688,1034
YS016188,2026-06-24 08:00:00,Y08,679,1028
YS016189,2026-06-24 08:00:00,Y09,783,1123
YS016190,2026-06-24 08:00:00,Y10,961,1339
YS016191,2026-06-24 16:00:00,Y01,926,1995
YS016192,2026-06-24 16:00:00,Y02,1174,1249
YS016193,2026-06-24 16:00:00,Y03,687,986
YS016194,2026-06-24 16:00:00,Y04,1007,1113
YS016195,2026-06-24 16:00:00,Y05,898,930
YS016196,2026-06-24 16:00:00,Y06,1644,1758
YS016197,2026-06-24 16:00:00,Y07,922,1034
YS016198,2026-06-24 16:00:00,Y08,755,1028
YS016199,2026-06-24 16:00:00,Y09,1085,1123
YS016200,2026-06-24 16:00:00,Y10,1059,1339
YS016201,2026-06-25 00:00:00,Y01,959,1995
YS016202,2026-06-25 00:00:00,Y02,595,1249
YS016203,2026-06-25 00:00:00,Y03,728,986
YS016204,2026-06-25 00:00:00,Y04,1082,1113
YS016205,2026-06-25 00:00:00,Y05,477,930
YS016206,2026-06-25 00:00:00,Y06,1138,1758
YS016207,2026-06-25 00:00:00,Y07,992,1034
YS016208,2026-06-25 00:00:00,Y08,868,1028
YS016209,2026-06-25 00:00:00,Y09,628,1123
YS016210,2026-06-25 00:00:00,Y10,1233,1339
YS016211,2026-06-25 08:00:00,Y01,1293,1995
YS016212,2026-06-25 08:00:00,Y02,674,1249
YS016213,2026-06-25 08:00:00,Y03,499,986
YS016214,2026-06-25 08:00:00,Y04,569,1113
YS016215,2026-06-25 08:00:00,Y05,745,930
YS016216,2026-06-25 08:00:00,Y06,1385,1758
YS016217,2026-06-25 08:00:00,Y07,712,1034
YS016218,2026-06-25 08:00:00,Y08,935,1028
YS016219,2026-06-25 08:00:00,Y09,1030,1123
YS016220,2026-06-25 08:00:00,Y10,966,1339
YS016221,2026-06-25 16:00:00,Y01,902,1995
YS016222,2026-06-25 16:00:00,Y02,816,1249
YS016223,2026-06-25 16:00:00,Y03,904,986
YS016224,2026-06-25 16:00:00,Y04,809,1113
YS016225,2026-06-25 16:00:00,Y05,478,930
YS016226,2026-06-25 16:00:00,Y06,727,1758
YS016227,2026-06-25 16:00:00,Y07,1010,1034
YS016228,2026-06-25 16:00:00,Y08,623,1028
YS016229,2026-06-25 16:00:00,Y09,457,1123
YS016230,2026-06-25 16:00:00,Y10,1284,1339
YS016231,2026-06-26 00:00:00,Y01,1461,1995
YS016232,2026-06-26 00:00:00,Y02,530,1249
YS016233,2026-06-26 00:00:00,Y03,647,986
YS016234,2026-06-26 00:00:00,Y04,664,1113
YS016235,2026-06-26 00:00:00,Y05,559,930
YS016236,2026-06-26 00:00:00,Y06,943,1758
YS016237,2026-06-26 00:00:00,Y07,462,1034
YS016238,2026-06-26 00:00:00,Y08,725,1028
YS016239,2026-06-26 00:00:00,Y09,1047,1123
YS016240,2026-06-26 00:00:00,Y10,814,1339
YS016241,2026-06-26 08:00:00,Y01,1297,1995
YS016242,2026-06-26 08:00:00,Y02,1165,1249
YS016243,2026-06-26 08:00:00,Y03,433,986
YS016244,2026-06-26 08:00:00,Y04,1033,1113
YS016245,2026-06-26 08:00:00,Y05,857,930
YS016246,2026-06-26 08:00:00,Y06,1568,1758
YS016247,2026-06-26 08:00:00,Y07,541,1034
YS016248,2026-06-26 08:00:00,Y08,955,1028
YS016249,2026-06-26 08:00:00,Y09,1061,1123
YS016250,2026-06-26 08:00:00,Y10,1299,1339
YS016251,2026-06-26 16:00:00,Y01,1533,1995
YS016252,2026-06-26 16:00:00,Y02,506,1249
YS016253,2026-06-26 16:00:00,Y03,538,986
YS016254,2026-06-26 16:00:00,Y04,1078,1113
YS016255,2026-06-26 16:00:00,Y05,443,930
YS016256,2026-06-26 16:00:00,Y06,1032,1758
YS016257,2026-06-26 16:00:00,Y07,788,1034
YS016258,2026-06-26 16:00:00,Y08,768,1028
YS016259,2026-06-26 16:00:00,Y09,1040,1123
YS016260,2026-06-26 16:00:00,Y10,615,1339
YS016261,2026-06-27 00:00:00,Y01,1233,1995
YS016262,2026-06-27 00:00:00,Y02,1090,1249
YS016263,2026-06-27 00:00:00,Y03,447,986
YS016264,2026-06-27 00:00:00,Y04,792,1113
YS016265,2026-06-27 00:00:00,Y05,533,930
YS016266,2026-06-27 00:00:00,Y06,1521,1758
YS016267,2026-06-27 00:00:00,Y07,877,1034
YS016268,2026-06-27 00:00:00,Y08,704,1028
YS016269,2026-06-27 00:00:00,Y09,564,1123
YS016270,2026-06-27 00:00:00,Y10,962,1339
YS016271,2026-06-27 08:00:00,Y01,1216,1995
YS016272,2026-06-27 08:00:00,Y02,910,1249
YS016273,2026-06-27 08:00:00,Y03,920,986
YS016274,2026-06-27 08:00:00,Y04,721,1113
YS016275,2026-06-27 08:00:00,Y05,815,930
YS016276,2026-06-27 08:00:00,Y06,1480,1758
YS016277,2026-06-27 08:00:00,Y07,811,1034
YS016278,2026-06-27 08:00:00,Y08,430,1028
YS016279,2026-06-27 08:00:00,Y09,924,1123
YS016280,2026-06-27 08:00:00,Y10,735,1339
YS016281,2026-06-27 16:00:00,Y01,1948,1995
YS016282,2026-06-27 16:00:00,Y02,1165,1249
YS016283,2026-06-27 16:00:00,Y03,468,986
YS016284,2026-06-27 16:00:00,Y04,653,1113
YS016285,2026-06-27 16:00:00,Y05,473,930
YS016286,2026-06-27 16:00:00,Y06,766,1758
YS016287,2026-06-27 16:00:00,Y07,972,1034
YS016288,2026-06-27 16:00:00,Y08,846,1028
YS016289,2026-06-27 16:00:00,Y09,880,1123
YS016290,2026-06-27 16:00:00,Y10,724,1339
YS016291,2026-06-28 00:00:00,Y01,1890,1995
YS016292,2026-06-28 00:00:00,Y02,894,1249
YS016293,2026-06-28 00:00:00,Y03,943,986
YS016294,2026-06-28 00:00:00,Y04,552,1113
YS016295,2026-06-28 00:00:00,Y05,825,930
YS016296,2026-06-28 00:00:00,Y06,1316,1758
YS016297,2026-06-28 00:00:00,Y07,500,1034
YS016298,2026-06-28 00:00:00,Y08,933,1028
YS016299,2026-06-28 00:00:00,Y09,798,1123
YS016300,2026-06-28 00:00:00,Y10,568,1339
YS016301,2026-06-28 08:00:00,Y01,1503,1995
YS016302,2026-06-28 08:00:00,Y02,1211,1249
YS016303,2026-06-28 08:00:00,Y03,712,986
YS016304,2026-06-28 08:00:00,Y04,756,1113
YS016305,2026-06-28 08:00:00,Y05,902,930
YS016306,2026-06-28 08:00:00,Y06,1039,1758
YS016307,2026-06-28 08:00:00,Y07,515,1034
YS016308,2026-06-28 08:00:00,Y08,600,1028
YS016309,2026-06-28 08:00:00,Y09,876,1123
YS016310,2026-06-28 08:00:00,Y10,682,1339
YS016311,2026-06-28 16:00:00,Y01,943,1995
YS016312,2026-06-28 16:00:00,Y02,783,1249
YS016313,2026-06-28 16:00:00,Y03,949,986
YS016314,2026-06-28 16:00:00,Y04,1080,1113
YS016315,2026-06-28 16:00:00,Y05,578,930
YS016316,2026-06-28 16:00:00,Y06,1167,1758
YS016317,2026-06-28 16:00:00,Y07,977,1034
YS016318,2026-06-28 16:00:00,Y08,417,1028
YS016319,2026-06-28 16:00:00,Y09,1038,1123
YS016320,2026-06-28 16:00:00,Y10,1171,1339
YS016321,2026-06-29 00:00:00,Y01,1189,1995
YS016322,2026-06-29 00:00:00,Y02,590,1249
YS016323,2026-06-29 00:00:00,Y03,632,986
YS016324,2026-06-29 00:00:00,Y04,1006,1113
YS016325,2026-06-29 00:00:00,Y05,632,930
YS016326,2026-06-29 00:00:00,Y06,854,1758
YS016327,2026-06-29 00:00:00,Y07,576,1034
YS016328,2026-06-29 00:00:00,Y08,635,1028
YS016329,2026-06-29 00:00:00,Y09,1005,1123
YS016330,2026-06-29 00:00:00,Y10,722,1339
YS016331,2026-06-29 08:00:00,Y01,1677,1995
YS016332,2026-06-29 08:00:00,Y02,1015,1249
YS016333,2026-06-29 08:00:00,Y03,403,986
YS016334,2026-06-29 08:00:00,Y04,959,1113
YS016335,2026-06-29 08:00:00,Y05,448,930
YS016336,2026-06-29 08:00:00,Y06,1168,1758
YS016337,2026-06-29 08:00:00,Y07,685,1034
YS016338,2026-06-29 08:00:00,Y08,662,1028
YS016339,2026-06-29 08:00:00,Y09,911,1123
YS016340,2026-06-29 08:00:00,Y10,637,1339
YS016341,2026-06-29 16:00:00,Y01,1379,1995
YS016342,2026-06-29 16:00:00,Y02,1059,1249
YS016343,2026-06-29 16:00:00,Y03,471,986
YS016344,2026-06-29 16:00:00,Y04,918,1113
YS016345,2026-06-29 16:00:00,Y05,443,930
YS016346,2026-06-29 16:00:00,Y06,1053,1758
YS016347,2026-06-29 16:00:00,Y07,763,1034
YS016348,2026-06-29 16:00:00,Y08,839,1028
YS016349,2026-06-29 16:00:00,Y09,497,1123
YS016350,2026-06-29 16:00:00,Y10,1151,1339
YS016351,2026-06-30 00:00:00,Y01,1638,1995
YS016352,2026-06-30 00:00:00,Y02,543,1249
YS016353,2026-06-30 00:00:00,Y03,701,986
YS016354,2026-06-30 00:00:00,Y04,826,1113
YS016355,2026-06-30 00:00:00,Y05,783,930
YS016356,2026-06-30 00:00:00,Y06,1449,1758
YS016357,2026-06-30 00:00:00,Y07,489,1034
YS016358,2026-06-30 00:00:00,Y08,814,1028
YS016359,2026-06-30 00:00:00,Y09,874,1123
YS016360,2026-06-30 00:00:00,Y10,1125,1339
YS016361,2026-06-30 08:00:00,Y01,1480,1995
YS016362,2026-06-30 08:00:00,Y02,1048,1249
YS016363,2026-06-30 08:00:00,Y03,550,986
YS016364,2026-06-30 08:00:00,Y04,990,1113
YS016365,2026-06-30 08:00:00,Y05,787,930
YS016366,2026-06-30 08:00:00,Y06,895,1758
YS016367,2026-06-30 08:00:00,Y07,573,1034
YS016368,2026-06-30 08:00:00,Y08,565,1028
YS016369,2026-06-30 08:00:00,Y09,1046,1123
YS016370,2026-06-30 08:00:00,Y10,1256,1339
YS016371,2026-06-30 16:00:00,Y01,1667,1995
YS016372,2026-06-30 16:00:00,Y02,527,1249
YS016373,2026-06-30 16:00:00,Y03,582,986
YS016374,2026-06-30 16:00:00,Y04,565,1113
YS016375,2026-06-30 16:00:00,Y05,825,930
YS016376,2026-06-30 16:00:00,Y06,833,1758
YS016377,2026-06-30 16:00:00,Y07,680,1034
YS016378,2026-06-30 16:00:00,Y08,791,1028
YS016379,2026-06-30 16:00:00,Y09,829,1123
YS016380,2026-06-30 16:00:00,Y10,1306,1339
YS016381,2026-07-01 00:00:00,Y01,1454,1995
YS016382,2026-07-01 00:00:00,Y02,1097,1249
YS016383,2026-07-01 00:00:00,Y03,845,986
YS016384,2026-07-01 00:00:00,Y04,478,1113
YS016385,2026-07-01 00:00:00,Y05,737,930
YS016386,2026-07-01 00:00:00,Y06,1046,1758
YS016387,2026-07-01 00:00:00,Y07,825,1034
YS016388,2026-07-01 00:00:00,Y08,463,1028
YS016389,2026-07-01 00:00:00,Y09,748,1123
YS016390,2026-07-01 00:00:00,Y10,826,1339
YS016391,2026-07-01 08:00:00,Y01,1780,1995
YS016392,2026-07-01 08:00:00,Y02,748,1249
YS016393,2026-07-01 08:00:00,Y03,478,986
YS016394,2026-07-01 08:00:00,Y04,899,1113
YS016395,2026-07-01 08:00:00,Y05,397,930
YS016396,2026-07-01 08:00:00,Y06,1606,1758
YS016397,2026-07-01 08:00:00,Y07,869,1034
YS016398,2026-07-01 08:00:00,Y08,561,1028
YS016399,2026-07-01 08:00:00,Y09,486,1123
YS016400,2026-07-01 08:00:00,Y10,860,1339
YS016401,2026-07-01 16:00:00,Y01,1397,1995
YS016402,2026-07-01 16:00:00,Y02,790,1249
YS016403,2026-07-01 16:00:00,Y03,511,986
YS016404,2026-07-01 16:00:00,Y04,819,1113
YS016405,2026-07-01 16:00:00,Y05,695,930
YS016406,2026-07-01 16:00:00,Y06,1063,1758
YS016407,2026-07-01 16:00:00,Y07,485,1034
YS016408,2026-07-01 16:00:00,Y08,945,1028
YS016409,2026-07-01 16:00:00,Y09,992,1123
YS016410,2026-07-01 16:00:00,Y10,1134,1339
YS016411,2026-07-02 00:00:00,Y01,803,1995
YS016412,2026-07-02 00:00:00,Y02,1033,1249
YS016413,2026-07-02 00:00:00,Y03,917,986
YS016414,2026-07-02 00:00:00,Y04,895,1113
YS016415,2026-07-02 00:00:00,Y05,394,930
YS016416,2026-07-02 00:00:00,Y06,810,1758
YS016417,2026-07-02 00:00:00,Y07,591,1034
YS016418,2026-07-02 00:00:00,Y08,945,1028
YS016419,2026-07-02 00:00:00,Y09,731,1123
YS016420,2026-07-02 00:00:00,Y10,1006,1339
YS016421,2026-07-02 08:00:00,Y01,1730,1995
YS016422,2026-07-02 08:00:00,Y02,952,1249
YS016423,2026-07-02 08:00:00,Y03,518,986
YS016424,2026-07-02 08:00:00,Y04,937,1113
YS016425,2026-07-02 08:00:00,Y05,898,930
YS016426,2026-07-02 08:00:00,Y06,1405,1758
YS016427,2026-07-02 08:00:00,Y07,582,1034
YS016428,2026-07-02 08:00:00,Y08,862,1028
YS016429,2026-07-02 08:00:00,Y09,767,1123
YS016430,2026-07-02 08:00:00,Y10,611,1339
YS016431,2026-07-02 16:00:00,Y01,961,1995
YS016432,2026-07-02 16:00:00,Y02,1201,1249
YS016433,2026-07-02 16:00:00,Y03,607,986
YS016434,2026-07-02 16:00:00,Y04,800,1113
YS016435,2026-07-02 16:00:00,Y05,449,930
YS016436,2026-07-02 16:00:00,Y06,923,1758
YS016437,2026-07-02 16:00:00,Y07,419,1034
YS016438,2026-07-02 16:00:00,Y08,974,1028
YS016439,2026-07-02 16:00:00,Y09,614,1123
YS016440,2026-07-02 16:00:00,Y10,893,1339
YS016441,2026-07-03 00:00:00,Y01,882,1995
YS016442,2026-07-03 00:00:00,Y02,510,1249
YS016443,2026-07-03 00:00:00,Y03,866,986
YS016444,2026-07-03 00:00:00,Y04,531,1113
YS016445,2026-07-03 00:00:00,Y05,488,930
YS016446,2026-07-03 00:00:00,Y06,760,1758
YS016447,2026-07-03 00:00:00,Y07,469,1034
YS016448,2026-07-03 00:00:00,Y08,681,1028
YS016449,2026-07-03 00:00:00,Y09,668,1123
YS016450,2026-07-03 00:00:00,Y10,1205,1339
YS016451,2026-07-03 08:00:00,Y01,1832,1995
YS016452,2026-07-03 08:00:00,Y02,524,1249
YS016453,2026-07-03 08:00:00,Y03,542,986
YS016454,2026-07-03 08:00:00,Y04,560,1113
YS016455,2026-07-03 08:00:00,Y05,607,930
YS016456,2026-07-03 08:00:00,Y06,1651,1758
YS016457,2026-07-03 08:00:00,Y07,423,1034
YS016458,2026-07-03 08:00:00,Y08,657,1028
YS016459,2026-07-03 08:00:00,Y09,986,1123
YS016460,2026-07-03 08:00:00,Y10,1191,1339
YS016461,2026-07-03 16:00:00,Y01,1316,1995
YS016462,2026-07-03 16:00:00,Y02,690,1249
YS016463,2026-07-03 16:00:00,Y03,532,986
YS016464,2026-07-03 16:00:00,Y04,571,1113
YS016465,2026-07-03 16:00:00,Y05,697,930
YS016466,2026-07-03 16:00:00,Y06,718,1758
YS016467,2026-07-03 16:00:00,Y07,598,1034
YS016468,2026-07-03 16:00:00,Y08,913,1028
YS016469,2026-07-03 16:00:00,Y09,787,1123
YS016470,2026-07-03 16:00:00,Y10,932,1339
YS016471,2026-07-04 00:00:00,Y01,822,1995
YS016472,2026-07-04 00:00:00,Y02,845,1249
YS016473,2026-07-04 00:00:00,Y03,546,986
YS016474,2026-07-04 00:00:00,Y04,764,1113
YS016475,2026-07-04 00:00:00,Y05,660,930
YS016476,2026-07-04 00:00:00,Y06,1012,1758
YS016477,2026-07-04 00:00:00,Y07,433,1034
YS016478,2026-07-04 00:00:00,Y08,539,1028
YS016479,2026-07-04 00:00:00,Y09,521,1123
YS016480,2026-07-04 00:00:00,Y10,872,1339
YS016481,2026-07-04 08:00:00,Y01,1192,1995
YS016482,2026-07-04 08:00:00,Y02,1105,1249
YS016483,2026-07-04 08:00:00,Y03,522,986
YS016484,2026-07-04 08:00:00,Y04,590,1113
YS016485,2026-07-04 08:00:00,Y05,458,930
YS016486,2026-07-04 08:00:00,Y06,1224,1758
YS016487,2026-07-04 08:00:00,Y07,469,1034
YS016488,2026-07-04 08:00:00,Y08,677,1028
YS016489,2026-07-04 08:00:00,Y09,693,1123
YS016490,2026-07-04 08:00:00,Y10,839,1339
YS016491,2026-07-04 16:00:00,Y01,1617,1995
YS016492,2026-07-04 16:00:00,Y02,630,1249
YS016493,2026-07-04 16:00:00,Y03,423,986
YS016494,2026-07-04 16:00:00,Y04,614,1113
YS016495,2026-07-04 16:00:00,Y05,726,930
YS016496,2026-07-04 16:00:00,Y06,1320,1758
YS016497,2026-07-04 16:00:00,Y07,930,1034
YS016498,2026-07-04 16:00:00,Y08,448,1028
YS016499,2026-07-04 16:00:00,Y09,673,1123
YS016500,2026-07-04 16:00:00,Y10,577,1339
YS016501,2026-07-05 00:00:00,Y01,919,1995
YS016502,2026-07-05 00:00:00,Y02,1077,1249
YS016503,2026-07-05 00:00:00,Y03,815,986
YS016504,2026-07-05 00:00:00,Y04,664,1113
YS016505,2026-07-05 00:00:00,Y05,818,930
YS016506,2026-07-05 00:00:00,Y06,1191,1758
YS016507,2026-07-05 00:00:00,Y07,615,1034
YS016508,2026-07-05 00:00:00,Y08,578,1028
YS016509,2026-07-05 00:00:00,Y09,784,1123
YS016510,2026-07-05 00:00:00,Y10,1163,1339
YS016511,2026-07-05 08:00:00,Y01,1411,1995
YS016512,2026-07-05 08:00:00,Y02,952,1249
YS016513,2026-07-05 08:00:00,Y03,830,986
YS016514,2026-07-05 08:00:00,Y04,868,1113
YS016515,2026-07-05 08:00:00,Y05,510,930
YS016516,2026-07-05 08:00:00,Y06,1583,1758
YS016517,2026-07-05 08:00:00,Y07,772,1034
YS016518,2026-07-05 08:00:00,Y08,664,1028
YS016519,2026-07-05 08:00:00,Y09,868,1123
YS016520,2026-07-05 08:00:00,Y10,663,1339
YS016521,2026-07-05 16:00:00,Y01,1036,1995
YS016522,2026-07-05 16:00:00,Y02,672,1249
YS016523,2026-07-05 16:00:00,Y03,407,986
YS016524,2026-07-05 16:00:00,Y04,527,1113
YS016525,2026-07-05 16:00:00,Y05,503,930
YS016526,2026-07-05 16:00:00,Y06,712,1758
YS016527,2026-07-05 16:00:00,Y07,949,1034
YS016528,2026-07-05 16:00:00,Y08,855,1028
YS016529,2026-07-05 16:00:00,Y09,746,1123
YS016530,2026-07-05 16:00:00,Y10,1168,1339
YS016531,2026-07-06 00:00:00,Y01,1308,1995
YS016532,2026-07-06 00:00:00,Y02,725,1249
YS016533,2026-07-06 00:00:00,Y03,838,986
YS016534,2026-07-06 00:00:00,Y04,586,1113
YS016535,2026-07-06 00:00:00,Y05,868,930
YS016536,2026-07-06 00:00:00,Y06,890,1758
YS016537,2026-07-06 00:00:00,Y07,444,1034
YS016538,2026-07-06 00:00:00,Y08,970,1028
YS016539,2026-07-06 00:00:00,Y09,819,1123
YS016540,2026-07-06 00:00:00,Y10,596,1339
YS016541,2026-07-06 08:00:00,Y01,1561,1995
YS016542,2026-07-06 08:00:00,Y02,892,1249
YS016543,2026-07-06 08:00:00,Y03,726,986
YS016544,2026-07-06 08:00:00,Y04,926,1113
YS016545,2026-07-06 08:00:00,Y05,396,930
YS016546,2026-07-06 08:00:00,Y06,1571,1758
YS016547,2026-07-06 08:00:00,Y07,683,1034
YS016548,2026-07-06 08:00:00,Y08,712,1028
YS016549,2026-07-06 08:00:00,Y09,859,1123
YS016550,2026-07-06 08:00:00,Y10,809,1339
YS016551,2026-07-06 16:00:00,Y01,1268,1995
YS016552,2026-07-06 16:00:00,Y02,987,1249
YS016553,2026-07-06 16:00:00,Y03,811,986
YS016554,2026-07-06 16:00:00,Y04,1085,1113
YS016555,2026-07-06 16:00:00,Y05,374,930
YS016556,2026-07-06 16:00:00,Y06,1415,1758
YS016557,2026-07-06 16:00:00,Y07,835,1034
YS016558,2026-07-06 16:00:00,Y08,839,1028
YS016559,2026-07-06 16:00:00,Y09,890,1123
YS016560,2026-07-06 16:00:00,Y10,1186,1339
YS016561,2026-07-07 00:00:00,Y01,1713,1995
YS016562,2026-07-07 00:00:00,Y02,676,1249
YS016563,2026-07-07 00:00:00,Y03,687,986
YS016564,2026-07-07 00:00:00,Y04,1060,1113
YS016565,2026-07-07 00:00:00,Y05,771,930
YS016566,2026-07-07 00:00:00,Y06,950,1758
YS016567,2026-07-07 00:00:00,Y07,965,1034
YS016568,2026-07-07 00:00:00,Y08,731,1028
YS016569,2026-07-07 00:00:00,Y09,588,1123
YS016570,2026-07-07 00:00:00,Y10,725,1339
YS016571,2026-07-07 08:00:00,Y01,1658,1995
YS016572,2026-07-07 08:00:00,Y02,880,1249
YS016573,2026-07-07 08:00:00,Y03,483,986
YS016574,2026-07-07 08:00:00,Y04,925,1113
YS016575,2026-07-07 08:00:00,Y05,669,930
YS016576,2026-07-07 08:00:00,Y06,815,1758
YS016577,2026-07-07 08:00:00,Y07,721,1034
YS016578,2026-07-07 08:00:00,Y08,677,1028
YS016579,2026-07-07 08:00:00,Y09,463,1123
YS016580,2026-07-07 08:00:00,Y10,1006,1339
YS016581,2026-07-07 16:00:00,Y01,1947,1995
YS016582,2026-07-07 16:00:00,Y02,664,1249
YS016583,2026-07-07 16:00:00,Y03,403,986
YS016584,2026-07-07 16:00:00,Y04,1057,1113
YS016585,2026-07-07 16:00:00,Y05,378,930
YS016586,2026-07-07 16:00:00,Y06,1699,1758
YS016587,2026-07-07 16:00:00,Y07,523,1034
YS016588,2026-07-07 16:00:00,Y08,950,1028
YS016589,2026-07-07 16:00:00,Y09,979,1123
YS016590,2026-07-07 16:00:00,Y10,1073,1339
YS016591,2026-07-08 00:00:00,Y01,1569,1995
YS016592,2026-07-08 00:00:00,Y02,1020,1249
YS016593,2026-07-08 00:00:00,Y03,451,986
YS016594,2026-07-08 00:00:00,Y04,602,1113
YS016595,2026-07-08 00:00:00,Y05,583,930
YS016596,2026-07-08 00:00:00,Y06,835,1758
YS016597,2026-07-08 00:00:00,Y07,939,1034
YS016598,2026-07-08 00:00:00,Y08,711,1028
YS016599,2026-07-08 00:00:00,Y09,883,1123
YS016600,2026-07-08 00:00:00,Y10,623,1339
YS016601,2026-07-08 08:00:00,Y01,1456,1995
YS016602,2026-07-08 08:00:00,Y02,1141,1249
YS016603,2026-07-08 08:00:00,Y03,647,986
YS016604,2026-07-08 08:00:00,Y04,798,1113
YS016605,2026-07-08 08:00:00,Y05,592,930
YS016606,2026-07-08 08:00:00,Y06,1709,1758
YS016607,2026-07-08 08:00:00,Y07,868,1034
YS016608,2026-07-08 08:00:00,Y08,559,1028
YS016609,2026-07-08 08:00:00,Y09,649,1123
YS016610,2026-07-08 08:00:00,Y10,1125,1339
YS016611,2026-07-08 16:00:00,Y01,847,1995
YS016612,2026-07-08 16:00:00,Y02,732,1249
YS016613,2026-07-08 16:00:00,Y03,846,986
YS016614,2026-07-08 16:00:00,Y04,625,1113
YS016615,2026-07-08 16:00:00,Y05,778,930
YS016616,2026-07-08 16:00:00,Y06,1528,1758
YS016617,2026-07-08 16:00:00,Y07,929,1034
YS016618,2026-07-08 16:00:00,Y08,960,1028
YS016619,2026-07-08 16:00:00,Y09,662,1123
YS016620,2026-07-08 16:00:00,Y10,953,1339
YS016621,2026-07-09 00:00:00,Y01,963,1995
YS016622,2026-07-09 00:00:00,Y02,529,1249
YS016623,2026-07-09 00:00:00,Y03,922,986
YS016624,2026-07-09 00:00:00,Y04,772,1113
YS016625,2026-07-09 00:00:00,Y05,741,930
YS016626,2026-07-09 00:00:00,Y06,799,1758
YS016627,2026-07-09 00:00:00,Y07,869,1034
YS016628,2026-07-09 00:00:00,Y08,488,1028
YS016629,2026-07-09 00:00:00,Y09,753,1123
YS016630,2026-07-09 00:00:00,Y10,951,1339
YS016631,2026-07-09 08:00:00,Y01,1662,1995
YS016632,2026-07-09 08:00:00,Y02,505,1249
YS016633,2026-07-09 08:00:00,Y03,620,986
YS016634,2026-07-09 08:00:00,Y04,925,1113
YS016635,2026-07-09 08:00:00,Y05,655,930
YS016636,2026-07-09 08:00:00,Y06,766,1758
YS016637,2026-07-09 08:00:00,Y07,440,1034
YS016638,2026-07-09 08:00:00,Y08,809,1028
YS016639,2026-07-09 08:00:00,Y09,758,1123
YS016640,2026-07-09 08:00:00,Y10,791,1339
YS016641,2026-07-09 16:00:00,Y01,983,1995
YS016642,2026-07-09 16:00:00,Y02,595,1249
YS016643,2026-07-09 16:00:00,Y03,918,986
YS016644,2026-07-09 16:00:00,Y04,937,1113
YS016645,2026-07-09 16:00:00,Y05,897,930
YS016646,2026-07-09 16:00:00,Y06,898,1758
YS016647,2026-07-09 16:00:00,Y07,443,1034
YS016648,2026-07-09 16:00:00,Y08,908,1028
YS016649,2026-07-09 16:00:00,Y09,546,1123
YS016650,2026-07-09 16:00:00,Y10,1101,1339
YS016651,2026-07-10 00:00:00,Y01,1865,1995
YS016652,2026-07-10 00:00:00,Y02,542,1249
YS016653,2026-07-10 00:00:00,Y03,752,986
YS016654,2026-07-10 00:00:00,Y04,541,1113
YS016655,2026-07-10 00:00:00,Y05,519,930
YS016656,2026-07-10 00:00:00,Y06,1361,1758
YS016657,2026-07-10 00:00:00,Y07,655,1034
YS016658,2026-07-10 00:00:00,Y08,650,1028
YS016659,2026-07-10 00:00:00,Y09,501,1123
YS016660,2026-07-10 00:00:00,Y10,797,1339
YS016661,2026-07-10 08:00:00,Y01,1537,1995
YS016662,2026-07-10 08:00:00,Y02,795,1249
YS016663,2026-07-10 08:00:00,Y03,602,986
YS016664,2026-07-10 08:00:00,Y04,750,1113
YS016665,2026-07-10 08:00:00,Y05,579,930
YS016666,2026-07-10 08:00:00,Y06,1279,1758
YS016667,2026-07-10 08:00:00,Y07,731,1034
YS016668,2026-07-10 08:00:00,Y08,862,1028
YS016669,2026-07-10 08:00:00,Y09,829,1123
YS016670,2026-07-10 08:00:00,Y10,729,1339
YS016671,2026-07-10 16:00:00,Y01,1519,1995
YS016672,2026-07-10 16:00:00,Y02,788,1249
YS016673,2026-07-10 16:00:00,Y03,919,986
YS016674,2026-07-10 16:00:00,Y04,1007,1113
YS016675,2026-07-10 16:00:00,Y05,736,930
YS016676,2026-07-10 16:00:00,Y06,1504,1758
YS016677,2026-07-10 16:00:00,Y07,703,1034
YS016678,2026-07-10 16:00:00,Y08,445,1028
YS016679,2026-07-10 16:00:00,Y09,1100,1123
YS016680,2026-07-10 16:00:00,Y10,1193,1339
YS016681,2026-07-11 00:00:00,Y01,1651,1995
YS016682,2026-07-11 00:00:00,Y02,751,1249
YS016683,2026-07-11 00:00:00,Y03,658,986
YS016684,2026-07-11 00:00:00,Y04,751,1113
YS016685,2026-07-11 00:00:00,Y05,464,930
YS016686,2026-07-11 00:00:00,Y06,1418,1758
YS016687,2026-07-11 00:00:00,Y07,548,1034
YS016688,2026-07-11 00:00:00,Y08,954,1028
YS016689,2026-07-11 00:00:00,Y09,602,1123
YS016690,2026-07-11 00:00:00,Y10,900,1339
YS016691,2026-07-11 08:00:00,Y01,1657,1995
YS016692,2026-07-11 08:00:00,Y02,946,1249
YS016693,2026-07-11 08:00:00,Y03,525,986
YS016694,2026-07-11 08:00:00,Y04,763,1113
YS016695,2026-07-11 08:00:00,Y05,803,930
YS016696,2026-07-11 08:00:00,Y06,1716,1758
YS016697,2026-07-11 08:00:00,Y07,515,1034
YS016698,2026-07-11 08:00:00,Y08,597,1028
YS016699,2026-07-11 08:00:00,Y09,705,1123
YS016700,2026-07-11 08:00:00,Y10,647,1339
YS016701,2026-07-11 16:00:00,Y01,1796,1995
YS016702,2026-07-11 16:00:00,Y02,1196,1249
YS016703,2026-07-11 16:00:00,Y03,860,986
YS016704,2026-07-11 16:00:00,Y04,902,1113
YS016705,2026-07-11 16:00:00,Y05,765,930
YS016706,2026-07-11 16:00:00,Y06,892,1758
YS016707,2026-07-11 16:00:00,Y07,659,1034
YS016708,2026-07-11 16:00:00,Y08,677,1028
YS016709,2026-07-11 16:00:00,Y09,801,1123
YS016710,2026-07-11 16:00:00,Y10,1083,1339
YS016711,2026-07-12 00:00:00,Y01,1614,1995
YS016712,2026-07-12 00:00:00,Y02,820,1249
YS016713,2026-07-12 00:00:00,Y03,521,986
YS016714,2026-07-12 00:00:00,Y04,1037,1113
YS016715,2026-07-12 00:00:00,Y05,509,930
YS016716,2026-07-12 00:00:00,Y06,1138,1758
YS016717,2026-07-12 00:00:00,Y07,982,1034
YS016718,2026-07-12 00:00:00,Y08,869,1028
YS016719,2026-07-12 00:00:00,Y09,850,1123
YS016720,2026-07-12 00:00:00,Y10,701,1339
YS016721,2026-07-12 08:00:00,Y01,1516,1995
YS016722,2026-07-12 08:00:00,Y02,811,1249
YS016723,2026-07-12 08:00:00,Y03,394,986
YS016724,2026-07-12 08:00:00,Y04,904,1113
YS016725,2026-07-12 08:00:00,Y05,591,930
YS016726,2026-07-12 08:00:00,Y06,1426,1758
YS016727,2026-07-12 08:00:00,Y07,603,1034
YS016728,2026-07-12 08:00:00,Y08,740,1028
YS016729,2026-07-12 08:00:00,Y09,483,1123
YS016730,2026-07-12 08:00:00,Y10,571,1339
YS016731,2026-07-12 16:00:00,Y01,1168,1995
YS016732,2026-07-12 16:00:00,Y02,626,1249
YS016733,2026-07-12 16:00:00,Y03,882,986
YS016734,2026-07-12 16:00:00,Y04,658,1113
YS016735,2026-07-12 16:00:00,Y05,785,930
YS016736,2026-07-12 16:00:00,Y06,736,1758
YS016737,2026-07-12 16:00:00,Y07,624,1034
YS016738,2026-07-12 16:00:00,Y08,862,1028
YS016739,2026-07-12 16:00:00,Y09,649,1123
YS016740,2026-07-12 16:00:00,Y10,611,1339
YS016741,2026-07-13 00:00:00,Y01,1353,1995
YS016742,2026-07-13 00:00:00,Y02,637,1249
YS016743,2026-07-13 00:00:00,Y03,714,986
YS016744,2026-07-13 00:00:00,Y04,572,1113
YS016745,2026-07-13 00:00:00,Y05,632,930
YS016746,2026-07-13 00:00:00,Y06,1035,1758
YS016747,2026-07-13 00:00:00,Y07,595,1034
YS016748,2026-07-13 00:00:00,Y08,854,1028
YS016749,2026-07-13 00:00:00,Y09,1032,1123
YS016750,2026-07-13 00:00:00,Y10,692,1339
YS016751,2026-07-13 08:00:00,Y01,1778,1995
YS016752,2026-07-13 08:00:00,Y02,1124,1249
YS016753,2026-07-13 08:00:00,Y03,499,986
YS016754,2026-07-13 08:00:00,Y04,870,1113
YS016755,2026-07-13 08:00:00,Y05,373,930
YS016756,2026-07-13 08:00:00,Y06,1716,1758
YS016757,2026-07-13 08:00:00,Y07,565,1034
YS016758,2026-07-13 08:00:00,Y08,838,1028
YS016759,2026-07-13 08:00:00,Y09,1100,1123
YS016760,2026-07-13 08:00:00,Y10,965,1339
YS016761,2026-07-13 16:00:00,Y01,1227,1995
YS016762,2026-07-13 16:00:00,Y02,803,1249
YS016763,2026-07-13 16:00:00,Y03,905,986
YS016764,2026-07-13 16:00:00,Y04,1084,1113
YS016765,2026-07-13 16:00:00,Y05,390,930
YS016766,2026-07-13 16:00:00,Y06,1273,1758
YS016767,2026-07-13 16:00:00,Y07,680,1034
YS016768,2026-07-13 16:00:00,Y08,910,1028
YS016769,2026-07-13 16:00:00,Y09,655,1123
YS016770,2026-07-13 16:00:00,Y10,540,1339
YS016771,2026-07-14 00:00:00,Y01,1108,1995
YS016772,2026-07-14 00:00:00,Y02,808,1249
YS016773,2026-07-14 00:00:00,Y03,940,986
YS016774,2026-07-14 00:00:00,Y04,871,1113
YS016775,2026-07-14 00:00:00,Y05,431,930
YS016776,2026-07-14 00:00:00,Y06,1472,1758
YS016777,2026-07-14 00:00:00,Y07,522,1034
YS016778,2026-07-14 00:00:00,Y08,551,1028
YS016779,2026-07-14 00:00:00,Y09,1063,1123
YS016780,2026-07-14 00:00:00,Y10,1087,1339
YS016781,2026-07-14 08:00:00,Y01,1520,1995
YS016782,2026-07-14 08:00:00,Y02,629,1249
YS016783,2026-07-14 08:00:00,Y03,422,986
YS016784,2026-07-14 08:00:00,Y04,726,1113
YS016785,2026-07-14 08:00:00,Y05,732,930
YS016786,2026-07-14 08:00:00,Y06,1147,1758
YS016787,2026-07-14 08:00:00,Y07,903,1034
YS016788,2026-07-14 08:00:00,Y08,431,1028
YS016789,2026-07-14 08:00:00,Y09,628,1123
YS016790,2026-07-14 08:00:00,Y10,920,1339
YS016791,2026-07-14 16:00:00,Y01,1218,1995
YS016792,2026-07-14 16:00:00,Y02,574,1249
YS016793,2026-07-14 16:00:00,Y03,624,986
YS016794,2026-07-14 16:00:00,Y04,881,1113
YS016795,2026-07-14 16:00:00,Y05,646,930
YS016796,2026-07-14 16:00:00,Y06,1582,1758
YS016797,2026-07-14 16:00:00,Y07,670,1034
YS016798,2026-07-14 16:00:00,Y08,488,1028
YS016799,2026-07-14 16:00:00,Y09,655,1123
YS016800,2026-07-14 16:00:00,Y10,1299,1339
YS016801,2026-07-15 00:00:00,Y01,1553,1995
YS016802,2026-07-15 00:00:00,Y02,703,1249
YS016803,2026-07-15 00:00:00,Y03,593,986
YS016804,2026-07-15 00:00:00,Y04,541,1113
YS016805,2026-07-15 00:00:00,Y05,718,930
YS016806,2026-07-15 00:00:00,Y06,1219,1758
YS016807,2026-07-15 00:00:00,Y07,993,1034
YS016808,2026-07-15 00:00:00,Y08,820,1028
YS016809,2026-07-15 00:00:00,Y09,922,1123
YS016810,2026-07-15 00:00:00,Y10,869,1339
YS016811,2026-07-15 08:00:00,Y01,1367,1995
YS016812,2026-07-15 08:00:00,Y02,1014,1249
YS016813,2026-07-15 08:00:00,Y03,568,986
YS016814,2026-07-15 08:00:00,Y04,743,1113
YS016815,2026-07-15 08:00:00,Y05,443,930
YS016816,2026-07-15 08:00:00,Y06,854,1758
YS016817,2026-07-15 08:00:00,Y07,598,1034
YS016818,2026-07-15 08:00:00,Y08,445,1028
YS016819,2026-07-15 08:00:00,Y09,1098,1123
YS016820,2026-07-15 08:00:00,Y10,894,1339
YS016821,2026-07-15 16:00:00,Y01,1778,1995
YS016822,2026-07-15 16:00:00,Y02,574,1249
YS016823,2026-07-15 16:00:00,Y03,695,986
YS016824,2026-07-15 16:00:00,Y04,1009,1113
YS016825,2026-07-15 16:00:00,Y05,429,930
YS016826,2026-07-15 16:00:00,Y06,1473,1758
YS016827,2026-07-15 16:00:00,Y07,422,1034
YS016828,2026-07-15 16:00:00,Y08,868,1028
YS016829,2026-07-15 16:00:00,Y09,679,1123
YS016830,2026-07-15 16:00:00,Y10,656,1339
YS016831,2026-07-16 00:00:00,Y01,1405,1995
YS016832,2026-07-16 00:00:00,Y02,1045,1249
YS016833,2026-07-16 00:00:00,Y03,804,986
YS016834,2026-07-16 00:00:00,Y04,949,1113
YS016835,2026-07-16 00:00:00,Y05,588,930
YS016836,2026-07-16 00:00:00,Y06,1270,1758
YS016837,2026-07-16 00:00:00,Y07,869,1034
YS016838,2026-07-16 00:00:00,Y08,422,1028
YS016839,2026-07-16 00:00:00,Y09,534,1123
YS016840,2026-07-16 00:00:00,Y10,679,1339
YS016841,2026-07-16 08:00:00,Y01,1263,1995
YS016842,2026-07-16 08:00:00,Y02,806,1249
YS016843,2026-07-16 08:00:00,Y03,648,986
YS016844,2026-07-16 08:00:00,Y04,1077,1113
YS016845,2026-07-16 08:00:00,Y05,396,930
YS016846,2026-07-16 08:00:00,Y06,1115,1758
YS016847,2026-07-16 08:00:00,Y07,564,1034
YS016848,2026-07-16 08:00:00,Y08,838,1028
YS016849,2026-07-16 08:00:00,Y09,1015,1123
YS016850,2026-07-16 08:00:00,Y10,841,1339
YS016851,2026-07-16 16:00:00,Y01,1897,1995
YS016852,2026-07-16 16:00:00,Y02,1135,1249
YS016853,2026-07-16 16:00:00,Y03,412,986
YS016854,2026-07-16 16:00:00,Y04,786,1113
YS016855,2026-07-16 16:00:00,Y05,444,930
YS016856,2026-07-16 16:00:00,Y06,951,1758
YS016857,2026-07-16 16:00:00,Y07,435,1034
YS016858,2026-07-16 16:00:00,Y08,412,1028
YS016859,2026-07-16 16:00:00,Y09,995,1123
YS016860,2026-07-16 16:00:00,Y10,765,1339
YS016861,2026-07-17 00:00:00,Y01,1852,1995
YS016862,2026-07-17 00:00:00,Y02,952,1249
YS016863,2026-07-17 00:00:00,Y03,474,986
YS016864,2026-07-17 00:00:00,Y04,632,1113
YS016865,2026-07-17 00:00:00,Y05,401,930
YS016866,2026-07-17 00:00:00,Y06,1333,1758
YS016867,2026-07-17 00:00:00,Y07,847,1034
YS016868,2026-07-17 00:00:00,Y08,918,1028
YS016869,2026-07-17 00:00:00,Y09,833,1123
YS016870,2026-07-17 00:00:00,Y10,1122,1339
YS016871,2026-07-17 08:00:00,Y01,1875,1995
YS016872,2026-07-17 08:00:00,Y02,787,1249
YS016873,2026-07-17 08:00:00,Y03,863,986
YS016874,2026-07-17 08:00:00,Y04,756,1113
YS016875,2026-07-17 08:00:00,Y05,776,930
YS016876,2026-07-17 08:00:00,Y06,1263,1758
YS016877,2026-07-17 08:00:00,Y07,632,1034
YS016878,2026-07-17 08:00:00,Y08,784,1028
YS016879,2026-07-17 08:00:00,Y09,1088,1123
YS016880,2026-07-17 08:00:00,Y10,680,1339
YS016881,2026-07-17 16:00:00,Y01,1710,1995
YS016882,2026-07-17 16:00:00,Y02,1200,1249
YS016883,2026-07-17 16:00:00,Y03,856,986
YS016884,2026-07-17 16:00:00,Y04,931,1113
YS016885,2026-07-17 16:00:00,Y05,616,930
YS016886,2026-07-17 16:00:00,Y06,826,1758
YS016887,2026-07-17 16:00:00,Y07,872,1034
YS016888,2026-07-17 16:00:00,Y08,881,1028
YS016889,2026-07-17 16:00:00,Y09,966,1123
YS016890,2026-07-17 16:00:00,Y10,892,1339
YS016891,2026-07-18 00:00:00,Y01,1751,1995
YS016892,2026-07-18 00:00:00,Y02,920,1249
YS016893,2026-07-18 00:00:00,Y03,857,986
YS016894,2026-07-18 00:00:00,Y04,892,1113
YS016895,2026-07-18 00:00:00,Y05,906,930
YS016896,2026-07-18 00:00:00,Y06,1193,1758
YS016897,2026-07-18 00:00:00,Y07,746,1034
YS016898,2026-07-18 00:00:00,Y08,425,1028
YS016899,2026-07-18 00:00:00,Y09,464,1123
YS016900,2026-07-18 00:00:00,Y10,1041,1339
YS016901,2026-07-18 08:00:00,Y01,798,1995
YS016902,2026-07-18 08:00:00,Y02,1179,1249
YS016903,2026-07-18 08:00:00,Y03,635,986
YS016904,2026-07-18 08:00:00,Y04,579,1113
YS016905,2026-07-18 08:00:00,Y05,657,930
YS016906,2026-07-18 08:00:00,Y06,949,1758
YS016907,2026-07-18 08:00:00,Y07,508,1034
YS016908,2026-07-18 08:00:00,Y08,573,1028
YS016909,2026-07-18 08:00:00,Y09,472,1123
YS016910,2026-07-18 08:00:00,Y10,1093,1339
YS016911,2026-07-18 16:00:00,Y01,1305,1995
YS016912,2026-07-18 16:00:00,Y02,939,1249
YS016913,2026-07-18 16:00:00,Y03,761,986
YS016914,2026-07-18 16:00:00,Y04,687,1113
YS016915,2026-07-18 16:00:00,Y05,764,930
YS016916,2026-07-18 16:00:00,Y06,839,1758
YS016917,2026-07-18 16:00:00,Y07,481,1034
YS016918,2026-07-18 16:00:00,Y08,927,1028
YS016919,2026-07-18 16:00:00,Y09,961,1123
YS016920,2026-07-18 16:00:00,Y10,541,1339
YS016921,2026-07-19 00:00:00,Y01,1349,1995
YS016922,2026-07-19 00:00:00,Y02,709,1249
YS016923,2026-07-19 00:00:00,Y03,839,986
YS016924,2026-07-19 00:00:00,Y04,1002,1113
YS016925,2026-07-19 00:00:00,Y05,375,930
YS016926,2026-07-19 00:00:00,Y06,854,1758
YS016927,2026-07-19 00:00:00,Y07,447,1034
YS016928,2026-07-19 00:00:00,Y08,985,1028
YS016929,2026-07-19 00:00:00,Y09,488,1123
YS016930,2026-07-19 00:00:00,Y10,861,1339
YS016931,2026-07-19 08:00:00,Y01,871,1995
YS016932,2026-07-19 08:00:00,Y02,1099,1249
YS016933,2026-07-19 08:00:00,Y03,511,986
YS016934,2026-07-19 08:00:00,Y04,971,1113
YS016935,2026-07-19 08:00:00,Y05,909,930
YS016936,2026-07-19 08:00:00,Y06,1169,1758
YS016937,2026-07-19 08:00:00,Y07,841,1034
YS016938,2026-07-19 08:00:00,Y08,471,1028
YS016939,2026-07-19 08:00:00,Y09,1015,1123
YS016940,2026-07-19 08:00:00,Y10,1155,1339
YS016941,2026-07-19 16:00:00,Y01,1724,1995
YS016942,2026-07-19 16:00:00,Y02,794,1249
YS016943,2026-07-19 16:00:00,Y03,619,986
YS016944,2026-07-19 16:00:00,Y04,1005,1113
YS016945,2026-07-19 16:00:00,Y05,429,930
YS016946,2026-07-19 16:00:00,Y06,1597,1758
YS016947,2026-07-19 16:00:00,Y07,516,1034
YS016948,2026-07-19 16:00:00,Y08,938,1028
YS016949,2026-07-19 16:00:00,Y09,1087,1123
YS016950,2026-07-19 16:00:00,Y10,1258,1339
YS016951,2026-07-20 00:00:00,Y01,870,1995
YS016952,2026-07-20 00:00:00,Y02,586,1249
YS016953,2026-07-20 00:00:00,Y03,666,986
YS016954,2026-07-20 00:00:00,Y04,747,1113
YS016955,2026-07-20 00:00:00,Y05,452,930
YS016956,2026-07-20 00:00:00,Y06,1097,1758
YS016957,2026-07-20 00:00:00,Y07,856,1034
YS016958,2026-07-20 00:00:00,Y08,612,1028
YS016959,2026-07-20 00:00:00,Y09,784,1123
YS016960,2026-07-20 00:00:00,Y10,872,1339
YS016961,2026-07-20 08:00:00,Y01,1519,1995
YS016962,2026-07-20 08:00:00,Y02,1023,1249
YS016963,2026-07-20 08:00:00,Y03,721,986
YS016964,2026-07-20 08:00:00,Y04,941,1113
YS016965,2026-07-20 08:00:00,Y05,394,930
YS016966,2026-07-20 08:00:00,Y06,1122,1758
YS016967,2026-07-20 08:00:00,Y07,644,1034
YS016968,2026-07-20 08:00:00,Y08,533,1028
YS016969,2026-07-20 08:00:00,Y09,1059,1123
YS016970,2026-07-20 08:00:00,Y10,1168,1339
YS016971,2026-07-20 16:00:00,Y01,1113,1995
YS016972,2026-07-20 16:00:00,Y02,806,1249
YS016973,2026-07-20 16:00:00,Y03,538,986
YS016974,2026-07-20 16:00:00,Y04,638,1113
YS016975,2026-07-20 16:00:00,Y05,718,930
YS016976,2026-07-20 16:00:00,Y06,806,1758
YS016977,2026-07-20 16:00:00,Y07,764,1034
YS016978,2026-07-20 16:00:00,Y08,623,1028
YS016979,2026-07-20 16:00:00,Y09,939,1123
YS016980,2026-07-20 16:00:00,Y10,772,1339
YS016981,2026-07-21 00:00:00,Y01,1354,1995
YS016982,2026-07-21 00:00:00,Y02,886,1249
YS016983,2026-07-21 00:00:00,Y03,960,986
YS016984,2026-07-21 00:00:00,Y04,680,1113
YS016985,2026-07-21 00:00:00,Y05,451,930
YS016986,2026-07-21 00:00:00,Y06,1552,1758
YS016987,2026-07-21 00:00:00,Y07,474,1034
YS016988,2026-07-21 00:00:00,Y08,542,1028
YS016989,2026-07-21 00:00:00,Y09,1044,1123
YS016990,2026-07-21 00:00:00,Y10,749,1339
YS016991,2026-07-21 08:00:00,Y01,908,1995
YS016992,2026-07-21 08:00:00,Y02,930,1249
YS016993,2026-07-21 08:00:00,Y03,863,986
YS016994,2026-07-21 08:00:00,Y04,1064,1113
YS016995,2026-07-21 08:00:00,Y05,642,930
YS016996,2026-07-21 08:00:00,Y06,915,1758
YS016997,2026-07-21 08:00:00,Y07,595,1034
YS016998,2026-07-21 08:00:00,Y08,949,1028
YS016999,2026-07-21 08:00:00,Y09,729,1123
YS017000,2026-07-21 08:00:00,Y10,1150,1339
YS017001,2026-07-21 16:00:00,Y01,1046,1995
YS017002,2026-07-21 16:00:00,Y02,1182,1249
YS017003,2026-07-21 16:00:00,Y03,881,986
YS017004,2026-07-21 16:00:00,Y04,468,1113
YS017005,2026-07-21 16:00:00,Y05,514,930
YS017006,2026-07-21 16:00:00,Y06,1481,1758
YS017007,2026-07-21 16:00:00,Y07,762,1034
YS017008,2026-07-21 16:00:00,Y08,686,1028
YS017009,2026-07-21 16:00:00,Y09,549,1123
YS017010,2026-07-21 16:00:00,Y10,674,1339
YS017011,2026-07-22 00:00:00,Y01,1102,1995
YS017012,2026-07-22 00:00:00,Y02,510,1249
YS017013,2026-07-22 00:00:00,Y03,743,986
YS017014,2026-07-22 00:00:00,Y04,795,1113
YS017015,2026-07-22 00:00:00,Y05,604,930
YS017016,2026-07-22 00:00:00,Y06,1536,1758
YS017017,2026-07-22 00:00:00,Y07,487,1034
YS017018,2026-07-22 00:00:00,Y08,883,1028
YS017019,2026-07-22 00:00:00,Y09,927,1123
YS017020,2026-07-22 00:00:00,Y10,787,1339
YS017021,2026-07-22 08:00:00,Y01,1873,1995
YS017022,2026-07-22 08:00:00,Y02,560,1249
YS017023,2026-07-22 08:00:00,Y03,815,986
YS017024,2026-07-22 08:00:00,Y04,550,1113
YS017025,2026-07-22 08:00:00,Y05,502,930
YS017026,2026-07-22 08:00:00,Y06,1530,1758
YS017027,2026-07-22 08:00:00,Y07,997,1034
YS017028,2026-07-22 08:00:00,Y08,748,1028
YS017029,2026-07-22 08:00:00,Y09,835,1123
YS017030,2026-07-22 08:00:00,Y10,785,1339
YS017031,2026-07-22 16:00:00,Y01,907,1995
YS017032,2026-07-22 16:00:00,Y02,1026,1249
YS017033,2026-07-22 16:00:00,Y03,620,986
YS017034,2026-07-22 16:00:00,Y04,1027,1113
YS017035,2026-07-22 16:00:00,Y05,816,930
YS017036,2026-07-22 16:00:00,Y06,1312,1758
YS017037,2026-07-22 16:00:00,Y07,529,1034
YS017038,2026-07-22 16:00:00,Y08,992,1028
YS017039,2026-07-22 16:00:00,Y09,759,1123
YS017040,2026-07-22 16:00:00,Y10,1269,1339
YS017041,2026-07-23 00:00:00,Y01,1190,1995
YS017042,2026-07-23 00:00:00,Y02,863,1249
YS017043,2026-07-23 00:00:00,Y03,514,986
YS017044,2026-07-23 00:00:00,Y04,831,1113
YS017045,2026-07-23 00:00:00,Y05,450,930
YS017046,2026-07-23 00:00:00,Y06,1561,1758
YS017047,2026-07-23 00:00:00,Y07,598,1034
YS017048,2026-07-23 00:00:00,Y08,471,1028
YS017049,2026-07-23 00:00:00,Y09,798,1123
YS017050,2026-07-23 00:00:00,Y10,881,1339
YS017051,2026-07-23 08:00:00,Y01,1395,1995
YS017052,2026-07-23 08:00:00,Y02,601,1249
YS017053,2026-07-23 08:00:00,Y03,562,986
YS017054,2026-07-23 08:00:00,Y04,598,1113
YS017055,2026-07-23 08:00:00,Y05,455,930
YS017056,2026-07-23 08:00:00,Y06,1120,1758
YS017057,2026-07-23 08:00:00,Y07,932,1034
YS017058,2026-07-23 08:00:00,Y08,831,1028
YS017059,2026-07-23 08:00:00,Y09,1060,1123
YS017060,2026-07-23 08:00:00,Y10,732,1339
YS017061,2026-07-23 16:00:00,Y01,1633,1995
YS017062,2026-07-23 16:00:00,Y02,657,1249
YS017063,2026-07-23 16:00:00,Y03,652,986
YS017064,2026-07-23 16:00:00,Y04,585,1113
YS017065,2026-07-23 16:00:00,Y05,529,930
YS017066,2026-07-23 16:00:00,Y06,1124,1758
YS017067,2026-07-23 16:00:00,Y07,805,1034
YS017068,2026-07-23 16:00:00,Y08,818,1028
YS017069,2026-07-23 16:00:00,Y09,964,1123
YS017070,2026-07-23 16:00:00,Y10,1177,1339
YS017071,2026-07-24 00:00:00,Y01,1176,1995
YS017072,2026-07-24 00:00:00,Y02,667,1249
YS017073,2026-07-24 00:00:00,Y03,503,986
YS017074,2026-07-24 00:00:00,Y04,1086,1113
YS017075,2026-07-24 00:00:00,Y05,506,930
YS017076,2026-07-24 00:00:00,Y06,1621,1758
YS017077,2026-07-24 00:00:00,Y07,637,1034
YS017078,2026-07-24 00:00:00,Y08,825,1028
YS017079,2026-07-24 00:00:00,Y09,555,1123
YS017080,2026-07-24 00:00:00,Y10,568,1339
YS017081,2026-07-24 08:00:00,Y01,1667,1995
YS017082,2026-07-24 08:00:00,Y02,655,1249
YS017083,2026-07-24 08:00:00,Y03,721,986
YS017084,2026-07-24 08:00:00,Y04,921,1113
YS017085,2026-07-24 08:00:00,Y05,567,930
YS017086,2026-07-24 08:00:00,Y06,1296,1758
YS017087,2026-07-24 08:00:00,Y07,653,1034
YS017088,2026-07-24 08:00:00,Y08,892,1028
YS017089,2026-07-24 08:00:00,Y09,1075,1123
YS017090,2026-07-24 08:00:00,Y10,889,1339
YS017091,2026-07-24 16:00:00,Y01,1927,1995
YS017092,2026-07-24 16:00:00,Y02,1068,1249
YS017093,2026-07-24 16:00:00,Y03,510,986
YS017094,2026-07-24 16:00:00,Y04,663,1113
YS017095,2026-07-24 16:00:00,Y05,628,930
YS017096,2026-07-24 16:00:00,Y06,1540,1758
YS017097,2026-07-24 16:00:00,Y07,715,1034
YS017098,2026-07-24 16:00:00,Y08,927,1028
YS017099,2026-07-24 16:00:00,Y09,715,1123
YS017100,2026-07-24 16:00:00,Y10,807,1339
YS017101,2026-07-25 00:00:00,Y01,1759,1995
YS017102,2026-07-25 00:00:00,Y02,861,1249
YS017103,2026-07-25 00:00:00,Y03,516,986
YS017104,2026-07-25 00:00:00,Y04,683,1113
YS017105,2026-07-25 00:00:00,Y05,824,930
YS017106,2026-07-25 00:00:00,Y06,1449,1758
YS017107,2026-07-25 00:00:00,Y07,482,1034
YS017108,2026-07-25 00:00:00,Y08,650,1028
YS017109,2026-07-25 00:00:00,Y09,1027,1123
YS017110,2026-07-25 00:00:00,Y10,782,1339
YS017111,2026-07-25 08:00:00,Y01,1806,1995
YS017112,2026-07-25 08:00:00,Y02,635,1249
YS017113,2026-07-25 08:00:00,Y03,724,986
YS017114,2026-07-25 08:00:00,Y04,1039,1113
YS017115,2026-07-25 08:00:00,Y05,720,930
YS017116,2026-07-25 08:00:00,Y06,1686,1758
YS017117,2026-07-25 08:00:00,Y07,652,1034
YS017118,2026-07-25 08:00:00,Y08,904,1028
YS017119,2026-07-25 08:00:00,Y09,956,1123
YS017120,2026-07-25 08:00:00,Y10,737,1339
YS017121,2026-07-25 16:00:00,Y01,1034,1995
YS017122,2026-07-25 16:00:00,Y02,1064,1249
YS017123,2026-07-25 16:00:00,Y03,455,986
YS017124,2026-07-25 16:00:00,Y04,618,1113
YS017125,2026-07-25 16:00:00,Y05,547,930
YS017126,2026-07-25 16:00:00,Y06,1276,1758
YS017127,2026-07-25 16:00:00,Y07,455,1034
YS017128,2026-07-25 16:00:00,Y08,808,1028
YS017129,2026-07-25 16:00:00,Y09,892,1123
YS017130,2026-07-25 16:00:00,Y10,1267,1339
YS017131,2026-07-26 00:00:00,Y01,1627,1995
YS017132,2026-07-26 00:00:00,Y02,865,1249
YS017133,2026-07-26 00:00:00,Y03,443,986
YS017134,2026-07-26 00:00:00,Y04,445,1113
YS017135,2026-07-26 00:00:00,Y05,657,930
YS017136,2026-07-26 00:00:00,Y06,1048,1758
YS017137,2026-07-26 00:00:00,Y07,1011,1034
YS017138,2026-07-26 00:00:00,Y08,623,1028
YS017139,2026-07-26 00:00:00,Y09,740,1123
YS017140,2026-07-26 00:00:00,Y10,1242,1339
YS017141,2026-07-26 08:00:00,Y01,1144,1995
YS017142,2026-07-26 08:00:00,Y02,553,1249
YS017143,2026-07-26 08:00:00,Y03,876,986
YS017144,2026-07-26 08:00:00,Y04,1059,1113
YS017145,2026-07-26 08:00:00,Y05,793,930
YS017146,2026-07-26 08:00:00,Y06,1218,1758
YS017147,2026-07-26 08:00:00,Y07,504,1034
YS017148,2026-07-26 08:00:00,Y08,654,1028
YS017149,2026-07-26 08:00:00,Y09,708,1123
YS017150,2026-07-26 08:00:00,Y10,1122,1339
YS017151,2026-07-26 16:00:00,Y01,1478,1995
YS017152,2026-07-26 16:00:00,Y02,1066,1249
YS017153,2026-07-26 16:00:00,Y03,691,986
YS017154,2026-07-26 16:00:00,Y04,893,1113
YS017155,2026-07-26 16:00:00,Y05,793,930
YS017156,2026-07-26 16:00:00,Y06,1544,1758
YS017157,2026-07-26 16:00:00,Y07,623,1034
YS017158,2026-07-26 16:00:00,Y08,475,1028
YS017159,2026-07-26 16:00:00,Y09,777,1123
YS017160,2026-07-26 16:00:00,Y10,758,1339
YS017161,2026-07-27 00:00:00,Y01,1532,1995
YS017162,2026-07-27 00:00:00,Y02,816,1249
YS017163,2026-07-27 00:00:00,Y03,627,986
YS017164,2026-07-27 00:00:00,Y04,905,1113
YS017165,2026-07-27 00:00:00,Y05,771,930
YS017166,2026-07-27 00:00:00,Y06,1041,1758
YS017167,2026-07-27 00:00:00,Y07,756,1034
YS017168,2026-07-27 00:00:00,Y08,971,1028
YS017169,2026-07-27 00:00:00,Y09,828,1123
YS017170,2026-07-27 00:00:00,Y10,804,1339
YS017171,2026-07-27 08:00:00,Y01,1766,1995
YS017172,2026-07-27 08:00:00,Y02,1070,1249
YS017173,2026-07-27 08:00:00,Y03,813,986
YS017174,2026-07-27 08:00:00,Y04,695,1113
YS017175,2026-07-27 08:00:00,Y05,562,930
YS017176,2026-07-27 08:00:00,Y06,1708,1758
YS017177,2026-07-27 08:00:00,Y07,587,1034
YS017178,2026-07-27 08:00:00,Y08,922,1028
YS017179,2026-07-27 08:00:00,Y09,769,1123
YS017180,2026-07-27 08:00:00,Y10,909,1339
YS017181,2026-07-27 16:00:00,Y01,1862,1995
YS017182,2026-07-27 16:00:00,Y02,1165,1249
YS017183,2026-07-27 16:00:00,Y03,834,986
YS017184,2026-07-27 16:00:00,Y04,648,1113
YS017185,2026-07-27 16:00:00,Y05,458,930
YS017186,2026-07-27 16:00:00,Y06,1515,1758
YS017187,2026-07-27 16:00:00,Y07,704,1034
YS017188,2026-07-27 16:00:00,Y08,942,1028
YS017189,2026-07-27 16:00:00,Y09,586,1123
YS017190,2026-07-27 16:00:00,Y10,785,1339
YS017191,2026-07-28 00:00:00,Y01,1323,1995
YS017192,2026-07-28 00:00:00,Y02,1184,1249
YS017193,2026-07-28 00:00:00,Y03,836,986
YS017194,2026-07-28 00:00:00,Y04,712,1113
YS017195,2026-07-28 00:00:00,Y05,901,930
YS017196,2026-07-28 00:00:00,Y06,792,1758
YS017197,2026-07-28 00:00:00,Y07,530,1034
YS017198,2026-07-28 00:00:00,Y08,729,1028
YS017199,2026-07-28 00:00:00,Y09,546,1123
YS017200,2026-07-28 00:00:00,Y10,692,1339
YS017201,2026-07-28 08:00:00,Y01,1722,1995
YS017202,2026-07-28 08:00:00,Y02,1212,1249
YS017203,2026-07-28 08:00:00,Y03,602,986
YS017204,2026-07-28 08:00:00,Y04,766,1113
YS017205,2026-07-28 08:00:00,Y05,631,930
YS017206,2026-07-28 08:00:00,Y06,1665,1758
YS017207,2026-07-28 08:00:00,Y07,654,1034
YS017208,2026-07-28 08:00:00,Y08,531,1028
YS017209,2026-07-28 08:00:00,Y09,487,1123
YS017210,2026-07-28 08:00:00,Y10,582,1339
YS017211,2026-07-28 16:00:00,Y01,1654,1995
YS017212,2026-07-28 16:00:00,Y02,819,1249
YS017213,2026-07-28 16:00:00,Y03,797,986
YS017214,2026-07-28 16:00:00,Y04,600,1113
YS017215,2026-07-28 16:00:00,Y05,456,930
YS017216,2026-07-28 16:00:00,Y06,1639,1758
YS017217,2026-07-28 16:00:00,Y07,572,1034
YS017218,2026-07-28 16:00:00,Y08,442,1028
YS017219,2026-07-28 16:00:00,Y09,686,1123
YS017220,2026-07-28 16:00:00,Y10,1237,1339
YS017221,2026-07-29 00:00:00,Y01,1462,1995
YS017222,2026-07-29 00:00:00,Y02,507,1249
YS017223,2026-07-29 00:00:00,Y03,832,986
YS017224,2026-07-29 00:00:00,Y04,869,1113
YS017225,2026-07-29 00:00:00,Y05,444,930
YS017226,2026-07-29 00:00:00,Y06,1107,1758
YS017227,2026-07-29 00:00:00,Y07,842,1034
YS017228,2026-07-29 00:00:00,Y08,950,1028
YS017229,2026-07-29 00:00:00,Y09,942,1123
YS017230,2026-07-29 00:00:00,Y10,567,1339
YS017231,2026-07-29 08:00:00,Y01,1948,1995
YS017232,2026-07-29 08:00:00,Y02,722,1249
YS017233,2026-07-29 08:00:00,Y03,586,986
YS017234,2026-07-29 08:00:00,Y04,1000,1113
YS017235,2026-07-29 08:00:00,Y05,675,930
YS017236,2026-07-29 08:00:00,Y06,1179,1758
YS017237,2026-07-29 08:00:00,Y07,924,1034
YS017238,2026-07-29 08:00:00,Y08,649,1028
YS017239,2026-07-29 08:00:00,Y09,542,1123
YS017240,2026-07-29 08:00:00,Y10,768,1339
YS017241,2026-07-29 16:00:00,Y01,941,1995
YS017242,2026-07-29 16:00:00,Y02,1097,1249
YS017243,2026-07-29 16:00:00,Y03,858,986
YS017244,2026-07-29 16:00:00,Y04,949,1113
YS017245,2026-07-29 16:00:00,Y05,484,930
YS017246,2026-07-29 16:00:00,Y06,972,1758
YS017247,2026-07-29 16:00:00,Y07,633,1034
YS017248,2026-07-29 16:00:00,Y08,903,1028
YS017249,2026-07-29 16:00:00,Y09,460,1123
YS017250,2026-07-29 16:00:00,Y10,1267,1339
YS017251,2026-07-30 00:00:00,Y01,1568,1995
YS017252,2026-07-30 00:00:00,Y02,639,1249
YS017253,2026-07-30 00:00:00,Y03,721,986
YS017254,2026-07-30 00:00:00,Y04,682,1113
YS017255,2026-07-30 00:00:00,Y05,615,930
YS017256,2026-07-30 00:00:00,Y06,916,1758
YS017257,2026-07-30 00:00:00,Y07,645,1034
YS017258,2026-07-30 00:00:00,Y08,536,1028
YS017259,2026-07-30 00:00:00,Y09,987,1123
YS017260,2026-07-30 00:00:00,Y10,962,1339
YS017261,2026-07-30 08:00:00,Y01,1748,1995
YS017262,2026-07-30 08:00:00,Y02,892,1249
YS017263,2026-07-30 08:00:00,Y03,901,986
YS017264,2026-07-30 08:00:00,Y04,1039,1113
YS017265,2026-07-30 08:00:00,Y05,387,930
YS017266,2026-07-30 08:00:00,Y06,839,1758
YS017267,2026-07-30 08:00:00,Y07,926,1034
YS017268,2026-07-30 08:00:00,Y08,557,1028
YS017269,2026-07-30 08:00:00,Y09,680,1123
YS017270,2026-07-30 08:00:00,Y10,923,1339
YS017271,2026-07-30 16:00:00,Y01,1694,1995
YS017272,2026-07-30 16:00:00,Y02,800,1249
YS017273,2026-07-30 16:00:00,Y03,472,986
YS017274,2026-07-30 16:00:00,Y04,481,1113
YS017275,2026-07-30 16:00:00,Y05,461,930
YS017276,2026-07-30 16:00:00,Y06,1292,1758
YS017277,2026-07-30 16:00:00,Y07,773,1034
YS017278,2026-07-30 16:00:00,Y08,420,1028
YS017279,2026-07-30 16:00:00,Y09,833,1123
YS017280,2026-07-30 16:00:00,Y10,978,1339
YS017281,2026-07-31 00:00:00,Y01,880,1995
YS017282,2026-07-31 00:00:00,Y02,907,1249
YS017283,2026-07-31 00:00:00,Y03,423,986
YS017284,2026-07-31 00:00:00,Y04,818,1113
YS017285,2026-07-31 00:00:00,Y05,723,930
YS017286,2026-07-31 00:00:00,Y06,883,1758
YS017287,2026-07-31 00:00:00,Y07,546,1034
YS017288,2026-07-31 00:00:00,Y08,519,1028
YS017289,2026-07-31 00:00:00,Y09,581,1123
YS017290,2026-07-31 00:00:00,Y10,796,1339
YS017291,2026-07-31 08:00:00,Y01,1051,1995
YS017292,2026-07-31 08:00:00,Y02,784,1249
YS017293,2026-07-31 08:00:00,Y03,779,986
YS017294,2026-07-31 08:00:00,Y04,855,1113
YS017295,2026-07-31 08:00:00,Y05,683,930
YS017296,2026-07-31 08:00:00,Y06,985,1758
YS017297,2026-07-31 08:00:00,Y07,533,1034
YS017298,2026-07-31 08:00:00,Y08,590,1028
YS017299,2026-07-31 08:00:00,Y09,1069,1123
YS017300,2026-07-31 08:00:00,Y10,787,1339
YS017301,2026-07-31 16:00:00,Y01,1300,1995
YS017302,2026-07-31 16:00:00,Y02,560,1249
YS017303,2026-07-31 16:00:00,Y03,538,986
YS017304,2026-07-31 16:00:00,Y04,677,1113
YS017305,2026-07-31 16:00:00,Y05,480,930
YS017306,2026-07-31 16:00:00,Y06,1069,1758
YS017307,2026-07-31 16:00:00,Y07,605,1034
YS017308,2026-07-31 16:00:00,Y08,878,1028
YS017309,2026-07-31 16:00:00,Y09,996,1123
YS017310,2026-07-31 16:00:00,Y10,758,1339
YS017311,2026-08-01 00:00:00,Y01,1881,1995
YS017312,2026-08-01 00:00:00,Y02,737,1249
YS017313,2026-08-01 00:00:00,Y03,960,986
YS017314,2026-08-01 00:00:00,Y04,618,1113
YS017315,2026-08-01 00:00:00,Y05,540,930
YS017316,2026-08-01 00:00:00,Y06,1465,1758
YS017317,2026-08-01 00:00:00,Y07,452,1034
YS017318,2026-08-01 00:00:00,Y08,801,1028
YS017319,2026-08-01 00:00:00,Y09,812,1123
YS017320,2026-08-01 00:00:00,Y10,954,1339
YS017321,2026-08-01 08:00:00,Y01,1909,1995
YS017322,2026-08-01 08:00:00,Y02,874,1249
YS017323,2026-08-01 08:00:00,Y03,755,986
YS017324,2026-08-01 08:00:00,Y04,941,1113
YS017325,2026-08-01 08:00:00,Y05,764,930
YS017326,2026-08-01 08:00:00,Y06,1396,1758
YS017327,2026-08-01 08:00:00,Y07,875,1034
YS017328,2026-08-01 08:00:00,Y08,718,1028
YS017329,2026-08-01 08:00:00,Y09,508,1123
YS017330,2026-08-01 08:00:00,Y10,839,1339
YS017331,2026-08-01 16:00:00,Y01,1268,1995
YS017332,2026-08-01 16:00:00,Y02,955,1249
YS017333,2026-08-01 16:00:00,Y03,560,986
YS017334,2026-08-01 16:00:00,Y04,500,1113
YS017335,2026-08-01 16:00:00,Y05,867,930
YS017336,2026-08-01 16:00:00,Y06,1127,1758
YS017337,2026-08-01 16:00:00,Y07,983,1034
YS017338,2026-08-01 16:00:00,Y08,454,1028
YS017339,2026-08-01 16:00:00,Y09,681,1123
YS017340,2026-08-01 16:00:00,Y10,623,1339
YS017341,2026-08-02 00:00:00,Y01,936,1995
YS017342,2026-08-02 00:00:00,Y02,714,1249
YS017343,2026-08-02 00:00:00,Y03,930,986
YS017344,2026-08-02 00:00:00,Y04,673,1113
YS017345,2026-08-02 00:00:00,Y05,375,930
YS017346,2026-08-02 00:00:00,Y06,1029,1758
YS017347,2026-08-02 00:00:00,Y07,806,1034
YS017348,2026-08-02 00:00:00,Y08,562,1028
YS017349,2026-08-02 00:00:00,Y09,578,1123
YS017350,2026-08-02 00:00:00,Y10,1160,1339
YS017351,2026-08-02 08:00:00,Y01,1655,1995
YS017352,2026-08-02 08:00:00,Y02,747,1249
YS017353,2026-08-02 08:00:00,Y03,482,986
YS017354,2026-08-02 08:00:00,Y04,1076,1113
YS017355,2026-08-02 08:00:00,Y05,770,930
YS017356,2026-08-02 08:00:00,Y06,894,1758
YS017357,2026-08-02 08:00:00,Y07,728,1034
YS017358,2026-08-02 08:00:00,Y08,821,1028
YS017359,2026-08-02 08:00:00,Y09,673,1123
YS017360,2026-08-02 08:00:00,Y10,644,1339
YS017361,2026-08-02 16:00:00,Y01,1800,1995
YS017362,2026-08-02 16:00:00,Y02,870,1249
YS017363,2026-08-02 16:00:00,Y03,461,986
YS017364,2026-08-02 16:00:00,Y04,497,1113
YS017365,2026-08-02 16:00:00,Y05,598,930
YS017366,2026-08-02 16:00:00,Y06,1039,1758
YS017367,2026-08-02 16:00:00,Y07,926,1034
YS017368,2026-08-02 16:00:00,Y08,988,1028
YS017369,2026-08-02 16:00:00,Y09,732,1123
YS017370,2026-08-02 16:00:00,Y10,1266,1339
YS017371,2026-08-03 00:00:00,Y01,1407,1995
YS017372,2026-08-03 00:00:00,Y02,623,1249
YS017373,2026-08-03 00:00:00,Y03,871,986
YS017374,2026-08-03 00:00:00,Y04,781,1113
YS017375,2026-08-03 00:00:00,Y05,886,930
YS017376,2026-08-03 00:00:00,Y06,1331,1758
YS017377,2026-08-03 00:00:00,Y07,525,1034
YS017378,2026-08-03 00:00:00,Y08,588,1028
YS017379,2026-08-03 00:00:00,Y09,1024,1123
YS017380,2026-08-03 00:00:00,Y10,1116,1339
YS017381,2026-08-03 08:00:00,Y01,1396,1995
YS017382,2026-08-03 08:00:00,Y02,690,1249
YS017383,2026-08-03 08:00:00,Y03,526,986
YS017384,2026-08-03 08:00:00,Y04,725,1113
YS017385,2026-08-03 08:00:00,Y05,476,930
YS017386,2026-08-03 08:00:00,Y06,1115,1758
YS017387,2026-08-03 08:00:00,Y07,962,1034
YS017388,2026-08-03 08:00:00,Y08,551,1028
YS017389,2026-08-03 08:00:00,Y09,687,1123
YS017390,2026-08-03 08:00:00,Y10,539,1339
YS017391,2026-08-03 16:00:00,Y01,1374,1995
YS017392,2026-08-03 16:00:00,Y02,632,1249
YS017393,2026-08-03 16:00:00,Y03,805,986
YS017394,2026-08-03 16:00:00,Y04,504,1113
YS017395,2026-08-03 16:00:00,Y05,604,930
YS017396,2026-08-03 16:00:00,Y06,1576,1758
YS017397,2026-08-03 16:00:00,Y07,684,1034
YS017398,2026-08-03 16:00:00,Y08,895,1028
YS017399,2026-08-03 16:00:00,Y09,834,1123
YS017400,2026-08-03 16:00:00,Y10,741,1339
YS017401,2026-08-04 00:00:00,Y01,1397,1995
YS017402,2026-08-04 00:00:00,Y02,1123,1249
YS017403,2026-08-04 00:00:00,Y03,777,986
YS017404,2026-08-04 00:00:00,Y04,566,1113
YS017405,2026-08-04 00:00:00,Y05,823,930
YS017406,2026-08-04 00:00:00,Y06,1346,1758
YS017407,2026-08-04 00:00:00,Y07,928,1034
YS017408,2026-08-04 00:00:00,Y08,885,1028
YS017409,2026-08-04 00:00:00,Y09,1013,1123
YS017410,2026-08-04 00:00:00,Y10,814,1339
YS017411,2026-08-04 08:00:00,Y01,1317,1995
YS017412,2026-08-04 08:00:00,Y02,758,1249
YS017413,2026-08-04 08:00:00,Y03,461,986
YS017414,2026-08-04 08:00:00,Y04,629,1113
YS017415,2026-08-04 08:00:00,Y05,438,930
YS017416,2026-08-04 08:00:00,Y06,1049,1758
YS017417,2026-08-04 08:00:00,Y07,1011,1034
YS017418,2026-08-04 08:00:00,Y08,895,1028
YS017419,2026-08-04 08:00:00,Y09,528,1123
YS017420,2026-08-04 08:00:00,Y10,1083,1339
YS017421,2026-08-04 16:00:00,Y01,1722,1995
YS017422,2026-08-04 16:00:00,Y02,1057,1249
YS017423,2026-08-04 16:00:00,Y03,740,986
YS017424,2026-08-04 16:00:00,Y04,944,1113
YS017425,2026-08-04 16:00:00,Y05,536,930
YS017426,2026-08-04 16:00:00,Y06,1066,1758
YS017427,2026-08-04 16:00:00,Y07,764,1034
YS017428,2026-08-04 16:00:00,Y08,778,1028
YS017429,2026-08-04 16:00:00,Y09,711,1123
YS017430,2026-08-04 16:00:00,Y10,923,1339
YS017431,2026-08-05 00:00:00,Y01,886,1995
YS017432,2026-08-05 00:00:00,Y02,525,1249
YS017433,2026-08-05 00:00:00,Y03,520,986
YS017434,2026-08-05 00:00:00,Y04,965,1113
YS017435,2026-08-05 00:00:00,Y05,614,930
YS017436,2026-08-05 00:00:00,Y06,901,1758
YS017437,2026-08-05 00:00:00,Y07,641,1034
YS017438,2026-08-05 00:00:00,Y08,485,1028
YS017439,2026-08-05 00:00:00,Y09,1064,1123
YS017440,2026-08-05 00:00:00,Y10,1200,1339
YS017441,2026-08-05 08:00:00,Y01,1396,1995
YS017442,2026-08-05 08:00:00,Y02,543,1249
YS017443,2026-08-05 08:00:00,Y03,562,986
YS017444,2026-08-05 08:00:00,Y04,514,1113
YS017445,2026-08-05 08:00:00,Y05,697,930
YS017446,2026-08-05 08:00:00,Y06,942,1758
YS017447,2026-08-05 08:00:00,Y07,476,1034
YS017448,2026-08-05 08:00:00,Y08,805,1028
YS017449,2026-08-05 08:00:00,Y09,840,1123
YS017450,2026-08-05 08:00:00,Y10,675,1339
YS017451,2026-08-05 16:00:00,Y01,1680,1995
YS017452,2026-08-05 16:00:00,Y02,896,1249
YS017453,2026-08-05 16:00:00,Y03,457,986
YS017454,2026-08-05 16:00:00,Y04,715,1113
YS017455,2026-08-05 16:00:00,Y05,727,930
YS017456,2026-08-05 16:00:00,Y06,1596,1758
YS017457,2026-08-05 16:00:00,Y07,843,1034
YS017458,2026-08-05 16:00:00,Y08,993,1028
YS017459,2026-08-05 16:00:00,Y09,637,1123
YS017460,2026-08-05 16:00:00,Y10,1266,1339
YS017461,2026-08-06 00:00:00,Y01,1390,1995
YS017462,2026-08-06 00:00:00,Y02,775,1249
YS017463,2026-08-06 00:00:00,Y03,570,986
YS017464,2026-08-06 00:00:00,Y04,1051,1113
YS017465,2026-08-06 00:00:00,Y05,618,930
YS017466,2026-08-06 00:00:00,Y06,1613,1758
YS017467,2026-08-06 00:00:00,Y07,794,1034
YS017468,2026-08-06 00:00:00,Y08,813,1028
YS017469,2026-08-06 00:00:00,Y09,567,1123
YS017470,2026-08-06 00:00:00,Y10,1244,1339
YS017471,2026-08-06 08:00:00,Y01,1690,1995
YS017472,2026-08-06 08:00:00,Y02,855,1249
YS017473,2026-08-06 08:00:00,Y03,965,986
YS017474,2026-08-06 08:00:00,Y04,639,1113
YS017475,2026-08-06 08:00:00,Y05,690,930
YS017476,2026-08-06 08:00:00,Y06,824,1758
YS017477,2026-08-06 08:00:00,Y07,757,1034
YS017478,2026-08-06 08:00:00,Y08,445,1028
YS017479,2026-08-06 08:00:00,Y09,450,1123
YS017480,2026-08-06 08:00:00,Y10,1050,1339
YS017481,2026-08-06 16:00:00,Y01,1733,1995
YS017482,2026-08-06 16:00:00,Y02,656,1249
YS017483,2026-08-06 16:00:00,Y03,588,986
YS017484,2026-08-06 16:00:00,Y04,890,1113
YS017485,2026-08-06 16:00:00,Y05,778,930
YS017486,2026-08-06 16:00:00,Y06,1299,1758
YS017487,2026-08-06 16:00:00,Y07,709,1034
YS017488,2026-08-06 16:00:00,Y08,489,1028
YS017489,2026-08-06 16:00:00,Y09,635,1123
YS017490,2026-08-06 16:00:00,Y10,985,1339
YS017491,2026-08-07 00:00:00,Y01,1155,1995
YS017492,2026-08-07 00:00:00,Y02,1013,1249
YS017493,2026-08-07 00:00:00,Y03,664,986
YS017494,2026-08-07 00:00:00,Y04,978,1113
YS017495,2026-08-07 00:00:00,Y05,821,930
YS017496,2026-08-07 00:00:00,Y06,775,1758
YS017497,2026-08-07 00:00:00,Y07,887,1034
YS017498,2026-08-07 00:00:00,Y08,521,1028
YS017499,2026-08-07 00:00:00,Y09,465,1123
YS017500,2026-08-07 00:00:00,Y10,1286,1339
YS017501,2026-08-07 08:00:00,Y01,1679,1995
YS017502,2026-08-07 08:00:00,Y02,1028,1249
YS017503,2026-08-07 08:00:00,Y03,721,986
YS017504,2026-08-07 08:00:00,Y04,514,1113
YS017505,2026-08-07 08:00:00,Y05,760,930
YS017506,2026-08-07 08:00:00,Y06,1054,1758
YS017507,2026-08-07 08:00:00,Y07,421,1034
YS017508,2026-08-07 08:00:00,Y08,963,1028
YS017509,2026-08-07 08:00:00,Y09,886,1123
YS017510,2026-08-07 08:00:00,Y10,802,1339
YS017511,2026-08-07 16:00:00,Y01,1910,1995
YS017512,2026-08-07 16:00:00,Y02,503,1249
YS017513,2026-08-07 16:00:00,Y03,835,986
YS017514,2026-08-07 16:00:00,Y04,881,1113
YS017515,2026-08-07 16:00:00,Y05,468,930
YS017516,2026-08-07 16:00:00,Y06,1229,1758
YS017517,2026-08-07 16:00:00,Y07,583,1034
YS017518,2026-08-07 16:00:00,Y08,938,1028
YS017519,2026-08-07 16:00:00,Y09,672,1123
YS017520,2026-08-07 16:00:00,Y10,673,1339
YS017521,2026-08-08 00:00:00,Y01,949,1995
YS017522,2026-08-08 00:00:00,Y02,562,1249
YS017523,2026-08-08 00:00:00,Y03,872,986
YS017524,2026-08-08 00:00:00,Y04,821,1113
YS017525,2026-08-08 00:00:00,Y05,582,930
YS017526,2026-08-08 00:00:00,Y06,1532,1758
YS017527,2026-08-08 00:00:00,Y07,809,1034
YS017528,2026-08-08 00:00:00,Y08,431,1028
YS017529,2026-08-08 00:00:00,Y09,654,1123
YS017530,2026-08-08 00:00:00,Y10,557,1339
YS017531,2026-08-08 08:00:00,Y01,1562,1995
YS017532,2026-08-08 08:00:00,Y02,722,1249
YS017533,2026-08-08 08:00:00,Y03,692,986
YS017534,2026-08-08 08:00:00,Y04,620,1113
YS017535,2026-08-08 08:00:00,Y05,434,930
YS017536,2026-08-08 08:00:00,Y06,1011,1758
YS017537,2026-08-08 08:00:00,Y07,982,1034
YS017538,2026-08-08 08:00:00,Y08,622,1028
YS017539,2026-08-08 08:00:00,Y09,865,1123
YS017540,2026-08-08 08:00:00,Y10,1153,1339
YS017541,2026-08-08 16:00:00,Y01,1118,1995
YS017542,2026-08-08 16:00:00,Y02,939,1249
YS017543,2026-08-08 16:00:00,Y03,613,986
YS017544,2026-08-08 16:00:00,Y04,909,1113
YS017545,2026-08-08 16:00:00,Y05,399,930
YS017546,2026-08-08 16:00:00,Y06,724,1758
YS017547,2026-08-08 16:00:00,Y07,447,1034
YS017548,2026-08-08 16:00:00,Y08,448,1028
YS017549,2026-08-08 16:00:00,Y09,934,1123
YS017550,2026-08-08 16:00:00,Y10,1281,1339
YS017551,2026-08-09 00:00:00,Y01,1467,1995
YS017552,2026-08-09 00:00:00,Y02,931,1249
YS017553,2026-08-09 00:00:00,Y03,435,986
YS017554,2026-08-09 00:00:00,Y04,1036,1113
YS017555,2026-08-09 00:00:00,Y05,765,930
YS017556,2026-08-09 00:00:00,Y06,725,1758
YS017557,2026-08-09 00:00:00,Y07,518,1034
YS017558,2026-08-09 00:00:00,Y08,583,1028
YS017559,2026-08-09 00:00:00,Y09,877,1123
YS017560,2026-08-09 00:00:00,Y10,892,1339
YS017561,2026-08-09 08:00:00,Y01,1733,1995
YS017562,2026-08-09 08:00:00,Y02,588,1249
YS017563,2026-08-09 08:00:00,Y03,693,986
YS017564,2026-08-09 08:00:00,Y04,924,1113
YS017565,2026-08-09 08:00:00,Y05,390,930
YS017566,2026-08-09 08:00:00,Y06,1070,1758
YS017567,2026-08-09 08:00:00,Y07,447,1034
YS017568,2026-08-09 08:00:00,Y08,503,1028
YS017569,2026-08-09 08:00:00,Y09,548,1123
YS017570,2026-08-09 08:00:00,Y10,927,1339
YS017571,2026-08-09 16:00:00,Y01,1264,1995
YS017572,2026-08-09 16:00:00,Y02,1200,1249
YS017573,2026-08-09 16:00:00,Y03,580,986
YS017574,2026-08-09 16:00:00,Y04,580,1113
YS017575,2026-08-09 16:00:00,Y05,568,930
YS017576,2026-08-09 16:00:00,Y06,1694,1758
YS017577,2026-08-09 16:00:00,Y07,502,1034
YS017578,2026-08-09 16:00:00,Y08,548,1028
YS017579,2026-08-09 16:00:00,Y09,544,1123
YS017580,2026-08-09 16:00:00,Y10,1175,1339
YS017581,2026-08-10 00:00:00,Y01,1947,1995
YS017582,2026-08-10 00:00:00,Y02,603,1249
YS017583,2026-08-10 00:00:00,Y03,954,986
YS017584,2026-08-10 00:00:00,Y04,521,1113
YS017585,2026-08-10 00:00:00,Y05,695,930
YS017586,2026-08-10 00:00:00,Y06,862,1758
YS017587,2026-08-10 00:00:00,Y07,929,1034
YS017588,2026-08-10 00:00:00,Y08,450,1028
YS017589,2026-08-10 00:00:00,Y09,733,1123
YS017590,2026-08-10 00:00:00,Y10,678,1339
YS017591,2026-08-10 08:00:00,Y01,978,1995
YS017592,2026-08-10 08:00:00,Y02,1109,1249
YS017593,2026-08-10 08:00:00,Y03,705,986
YS017594,2026-08-10 08:00:00,Y04,460,1113
YS017595,2026-08-10 08:00:00,Y05,651,930
YS017596,2026-08-10 08:00:00,Y06,1208,1758
YS017597,2026-08-10 08:00:00,Y07,686,1034
YS017598,2026-08-10 08:00:00,Y08,909,1028
YS017599,2026-08-10 08:00:00,Y09,608,1123
YS017600,2026-08-10 08:00:00,Y10,686,1339
YS017601,2026-08-10 16:00:00,Y01,1602,1995
YS017602,2026-08-10 16:00:00,Y02,600,1249
YS017603,2026-08-10 16:00:00,Y03,823,986
YS017604,2026-08-10 16:00:00,Y04,890,1113
YS017605,2026-08-10 16:00:00,Y05,472,930
YS017606,2026-08-10 16:00:00,Y06,950,1758
YS017607,2026-08-10 16:00:00,Y07,893,1034
YS017608,2026-08-10 16:00:00,Y08,517,1028
YS017609,2026-08-10 16:00:00,Y09,767,1123
YS017610,2026-08-10 16:00:00,Y10,1006,1339
YS017611,2026-08-11 00:00:00,Y01,1526,1995
YS017612,2026-08-11 00:00:00,Y02,905,1249
YS017613,2026-08-11 00:00:00,Y03,465,986
YS017614,2026-08-11 00:00:00,Y04,800,1113
YS017615,2026-08-11 00:00:00,Y05,641,930
YS017616,2026-08-11 00:00:00,Y06,918,1758
YS017617,2026-08-11 00:00:00,Y07,845,1034
YS017618,2026-08-11 00:00:00,Y08,418,1028
YS017619,2026-08-11 00:00:00,Y09,1043,1123
YS017620,2026-08-11 00:00:00,Y10,1227,1339
YS017621,2026-08-11 08:00:00,Y01,1192,1995
YS017622,2026-08-11 08:00:00,Y02,635,1249
YS017623,2026-08-11 08:00:00,Y03,582,986
YS017624,2026-08-11 08:00:00,Y04,680,1113
YS017625,2026-08-11 08:00:00,Y05,754,930
YS017626,2026-08-11 08:00:00,Y06,1420,1758
YS017627,2026-08-11 08:00:00,Y07,958,1034
YS017628,2026-08-11 08:00:00,Y08,825,1028
YS017629,2026-08-11 08:00:00,Y09,768,1123
YS017630,2026-08-11 08:00:00,Y10,764,1339
YS017631,2026-08-11 16:00:00,Y01,1687,1995
YS017632,2026-08-11 16:00:00,Y02,1119,1249
YS017633,2026-08-11 16:00:00,Y03,706,986
YS017634,2026-08-11 16:00:00,Y04,1065,1113
YS017635,2026-08-11 16:00:00,Y05,470,930
YS017636,2026-08-11 16:00:00,Y06,1549,1758
YS017637,2026-08-11 16:00:00,Y07,420,1034
YS017638,2026-08-11 16:00:00,Y08,933,1028
YS017639,2026-08-11 16:00:00,Y09,938,1123
YS017640,2026-08-11 16:00:00,Y10,634,1339
YS017641,2026-08-12 00:00:00,Y01,1862,1995
YS017642,2026-08-12 00:00:00,Y02,1044,1249
YS017643,2026-08-12 00:00:00,Y03,411,986
YS017644,2026-08-12 00:00:00,Y04,813,1113
YS017645,2026-08-12 00:00:00,Y05,631,930
YS017646,2026-08-12 00:00:00,Y06,814,1758
YS017647,2026-08-12 00:00:00,Y07,562,1034
YS017648,2026-08-12 00:00:00,Y08,553,1028
YS017649,2026-08-12 00:00:00,Y09,594,1123
YS017650,2026-08-12 00:00:00,Y10,652,1339
YS017651,2026-08-12 08:00:00,Y01,1348,1995
YS017652,2026-08-12 08:00:00,Y02,714,1249
YS017653,2026-08-12 08:00:00,Y03,630,986
YS017654,2026-08-12 08:00:00,Y04,987,1113
YS017655,2026-08-12 08:00:00,Y05,831,930
YS017656,2026-08-12 08:00:00,Y06,1583,1758
YS017657,2026-08-12 08:00:00,Y07,426,1034
YS017658,2026-08-12 08:00:00,Y08,468,1028
YS017659,2026-08-12 08:00:00,Y09,740,1123
YS017660,2026-08-12 08:00:00,Y10,1261,1339
YS017661,2026-08-12 16:00:00,Y01,803,1995
YS017662,2026-08-12 16:00:00,Y02,1007,1249
YS017663,2026-08-12 16:00:00,Y03,966,986
YS017664,2026-08-12 16:00:00,Y04,485,1113
YS017665,2026-08-12 16:00:00,Y05,390,930
YS017666,2026-08-12 16:00:00,Y06,1471,1758
YS017667,2026-08-12 16:00:00,Y07,430,1034
YS017668,2026-08-12 16:00:00,Y08,816,1028
YS017669,2026-08-12 16:00:00,Y09,467,1123
YS017670,2026-08-12 16:00:00,Y10,943,1339
YS017671,2026-08-13 00:00:00,Y01,955,1995
YS017672,2026-08-13 00:00:00,Y02,1051,1249
YS017673,2026-08-13 00:00:00,Y03,411,986
YS017674,2026-08-13 00:00:00,Y04,895,1113
YS017675,2026-08-13 00:00:00,Y05,375,930
YS017676,2026-08-13 00:00:00,Y06,1531,1758
YS017677,2026-08-13 00:00:00,Y07,776,1034
YS017678,2026-08-13 00:00:00,Y08,464,1028
YS017679,2026-08-13 00:00:00,Y09,482,1123
YS017680,2026-08-13 00:00:00,Y10,575,1339
YS017681,2026-08-13 08:00:00,Y01,1587,1995
YS017682,2026-08-13 08:00:00,Y02,972,1249
YS017683,2026-08-13 08:00:00,Y03,492,986
YS017684,2026-08-13 08:00:00,Y04,808,1113
YS017685,2026-08-13 08:00:00,Y05,706,930
YS017686,2026-08-13 08:00:00,Y06,1043,1758
YS017687,2026-08-13 08:00:00,Y07,478,1034
YS017688,2026-08-13 08:00:00,Y08,958,1028
YS017689,2026-08-13 08:00:00,Y09,608,1123
YS017690,2026-08-13 08:00:00,Y10,686,1339
YS017691,2026-08-13 16:00:00,Y01,907,1995
YS017692,2026-08-13 16:00:00,Y02,972,1249
YS017693,2026-08-13 16:00:00,Y03,889,986
YS017694,2026-08-13 16:00:00,Y04,487,1113
YS017695,2026-08-13 16:00:00,Y05,855,930
YS017696,2026-08-13 16:00:00,Y06,1678,1758
YS017697,2026-08-13 16:00:00,Y07,1006,1034
YS017698,2026-08-13 16:00:00,Y08,895,1028
YS017699,2026-08-13 16:00:00,Y09,996,1123
YS017700,2026-08-13 16:00:00,Y10,548,1339
YS017701,2026-08-14 00:00:00,Y01,895,1995
YS017702,2026-08-14 00:00:00,Y02,530,1249
YS017703,2026-08-14 00:00:00,Y03,483,986
YS017704,2026-08-14 00:00:00,Y04,475,1113
YS017705,2026-08-14 00:00:00,Y05,700,930
YS017706,2026-08-14 00:00:00,Y06,1621,1758
YS017707,2026-08-14 00:00:00,Y07,821,1034
YS017708,2026-08-14 00:00:00,Y08,787,1028
YS017709,2026-08-14 00:00:00,Y09,1081,1123
YS017710,2026-08-14 00:00:00,Y10,664,1339
YS017711,2026-08-14 08:00:00,Y01,1886,1995
YS017712,2026-08-14 08:00:00,Y02,837,1249
YS017713,2026-08-14 08:00:00,Y03,542,986
YS017714,2026-08-14 08:00:00,Y04,510,1113
YS017715,2026-08-14 08:00:00,Y05,401,930
YS017716,2026-08-14 08:00:00,Y06,1128,1758
YS017717,2026-08-14 08:00:00,Y07,780,1034
YS017718,2026-08-14 08:00:00,Y08,836,1028
YS017719,2026-08-14 08:00:00,Y09,1063,1123
YS017720,2026-08-14 08:00:00,Y10,565,1339
YS017721,2026-08-14 16:00:00,Y01,1895,1995
YS017722,2026-08-14 16:00:00,Y02,922,1249
YS017723,2026-08-14 16:00:00,Y03,659,986
YS017724,2026-08-14 16:00:00,Y04,481,1113
YS017725,2026-08-14 16:00:00,Y05,553,930
YS017726,2026-08-14 16:00:00,Y06,880,1758
YS017727,2026-08-14 16:00:00,Y07,893,1034
YS017728,2026-08-14 16:00:00,Y08,987,1028
YS017729,2026-08-14 16:00:00,Y09,471,1123
YS017730,2026-08-14 16:00:00,Y10,841,1339
YS017731,2026-08-15 00:00:00,Y01,1060,1995
YS017732,2026-08-15 00:00:00,Y02,613,1249
YS017733,2026-08-15 00:00:00,Y03,711,986
YS017734,2026-08-15 00:00:00,Y04,1019,1113
YS017735,2026-08-15 00:00:00,Y05,750,930
YS017736,2026-08-15 00:00:00,Y06,1446,1758
YS017737,2026-08-15 00:00:00,Y07,663,1034
YS017738,2026-08-15 00:00:00,Y08,726,1028
YS017739,2026-08-15 00:00:00,Y09,746,1123
YS017740,2026-08-15 00:00:00,Y10,842,1339
YS017741,2026-08-15 08:00:00,Y01,1116,1995
YS017742,2026-08-15 08:00:00,Y02,1013,1249
YS017743,2026-08-15 08:00:00,Y03,896,986
YS017744,2026-08-15 08:00:00,Y04,815,1113
YS017745,2026-08-15 08:00:00,Y05,435,930
YS017746,2026-08-15 08:00:00,Y06,1304,1758
YS017747,2026-08-15 08:00:00,Y07,960,1034
YS017748,2026-08-15 08:00:00,Y08,797,1028
YS017749,2026-08-15 08:00:00,Y09,972,1123
YS017750,2026-08-15 08:00:00,Y10,1216,1339
YS017751,2026-08-15 16:00:00,Y01,1230,1995
YS017752,2026-08-15 16:00:00,Y02,780,1249
YS017753,2026-08-15 16:00:00,Y03,567,986
YS017754,2026-08-15 16:00:00,Y04,719,1113
YS017755,2026-08-15 16:00:00,Y05,781,930
YS017756,2026-08-15 16:00:00,Y06,1340,1758
YS017757,2026-08-15 16:00:00,Y07,513,1034
YS017758,2026-08-15 16:00:00,Y08,657,1028
YS017759,2026-08-15 16:00:00,Y09,777,1123
YS017760,2026-08-15 16:00:00,Y10,779,1339
YS017761,2026-08-16 00:00:00,Y01,1419,1995
YS017762,2026-08-16 00:00:00,Y02,1136,1249
YS017763,2026-08-16 00:00:00,Y03,624,986
YS017764,2026-08-16 00:00:00,Y04,853,1113
YS017765,2026-08-16 00:00:00,Y05,775,930
YS017766,2026-08-16 00:00:00,Y06,1698,1758
YS017767,2026-08-16 00:00:00,Y07,426,1034
YS017768,2026-08-16 00:00:00,Y08,576,1028
YS017769,2026-08-16 00:00:00,Y09,1009,1123
YS017770,2026-08-16 00:00:00,Y10,731,1339
YS017771,2026-08-16 08:00:00,Y01,803,1995
YS017772,2026-08-16 08:00:00,Y02,1083,1249
YS017773,2026-08-16 08:00:00,Y03,779,986
YS017774,2026-08-16 08:00:00,Y04,869,1113
YS017775,2026-08-16 08:00:00,Y05,836,930
YS017776,2026-08-16 08:00:00,Y06,805,1758
YS017777,2026-08-16 08:00:00,Y07,582,1034
YS017778,2026-08-16 08:00:00,Y08,828,1028
YS017779,2026-08-16 08:00:00,Y09,556,1123
YS017780,2026-08-16 08:00:00,Y10,1295,1339
YS017781,2026-08-16 16:00:00,Y01,1728,1995
YS017782,2026-08-16 16:00:00,Y02,546,1249
YS017783,2026-08-16 16:00:00,Y03,932,986
YS017784,2026-08-16 16:00:00,Y04,1000,1113
YS017785,2026-08-16 16:00:00,Y05,911,930
YS017786,2026-08-16 16:00:00,Y06,1511,1758
YS017787,2026-08-16 16:00:00,Y07,630,1034
YS017788,2026-08-16 16:00:00,Y08,604,1028
YS017789,2026-08-16 16:00:00,Y09,1079,1123
YS017790,2026-08-16 16:00:00,Y10,1047,1339
YS017791,2026-08-17 00:00:00,Y01,1920,1995
YS017792,2026-08-17 00:00:00,Y02,887,1249
YS017793,2026-08-17 00:00:00,Y03,471,986
YS017794,2026-08-17 00:00:00,Y04,655,1113
YS017795,2026-08-17 00:00:00,Y05,606,930
YS017796,2026-08-17 00:00:00,Y06,1281,1758
YS017797,2026-08-17 00:00:00,Y07,687,1034
YS017798,2026-08-17 00:00:00,Y08,422,1028
YS017799,2026-08-17 00:00:00,Y09,462,1123
YS017800,2026-08-17 00:00:00,Y10,759,1339
YS017801,2026-08-17 08:00:00,Y01,1167,1995
YS017802,2026-08-17 08:00:00,Y02,809,1249
YS017803,2026-08-17 08:00:00,Y03,641,986
YS017804,2026-08-17 08:00:00,Y04,465,1113
YS017805,2026-08-17 08:00:00,Y05,676,930
YS017806,2026-08-17 08:00:00,Y06,836,1758
YS017807,2026-08-17 08:00:00,Y07,686,1034
YS017808,2026-08-17 08:00:00,Y08,455,1028
YS017809,2026-08-17 08:00:00,Y09,1095,1123
YS017810,2026-08-17 08:00:00,Y10,1266,1339
YS017811,2026-08-17 16:00:00,Y01,1531,1995
YS017812,2026-08-17 16:00:00,Y02,1132,1249
YS017813,2026-08-17 16:00:00,Y03,918,986
YS017814,2026-08-17 16:00:00,Y04,1088,1113
YS017815,2026-08-17 16:00:00,Y05,644,930
YS017816,2026-08-17 16:00:00,Y06,707,1758
YS017817,2026-08-17 16:00:00,Y07,653,1034
YS017818,2026-08-17 16:00:00,Y08,466,1028
YS017819,2026-08-17 16:00:00,Y09,453,1123
YS017820,2026-08-17 16:00:00,Y10,832,1339
YS017821,2026-08-18 00:00:00,Y01,1282,1995
YS017822,2026-08-18 00:00:00,Y02,599,1249
YS017823,2026-08-18 00:00:00,Y03,603,986
YS017824,2026-08-18 00:00:00,Y04,811,1113
YS017825,2026-08-18 00:00:00,Y05,775,930
YS017826,2026-08-18 00:00:00,Y06,1538,1758
YS017827,2026-08-18 00:00:00,Y07,911,1034
YS017828,2026-08-18 00:00:00,Y08,595,1028
YS017829,2026-08-18 00:00:00,Y09,514,1123
YS017830,2026-08-18 00:00:00,Y10,891,1339
YS017831,2026-08-18 08:00:00,Y01,1378,1995
YS017832,2026-08-18 08:00:00,Y02,989,1249
YS017833,2026-08-18 08:00:00,Y03,529,986
YS017834,2026-08-18 08:00:00,Y04,750,1113
YS017835,2026-08-18 08:00:00,Y05,559,930
YS017836,2026-08-18 08:00:00,Y06,1206,1758
YS017837,2026-08-18 08:00:00,Y07,765,1034
YS017838,2026-08-18 08:00:00,Y08,953,1028
YS017839,2026-08-18 08:00:00,Y09,697,1123
YS017840,2026-08-18 08:00:00,Y10,1061,1339
YS017841,2026-08-18 16:00:00,Y01,1249,1995
YS017842,2026-08-18 16:00:00,Y02,791,1249
YS017843,2026-08-18 16:00:00,Y03,760,986
YS017844,2026-08-18 16:00:00,Y04,855,1113
YS017845,2026-08-18 16:00:00,Y05,603,930
YS017846,2026-08-18 16:00:00,Y06,1634,1758
YS017847,2026-08-18 16:00:00,Y07,618,1034
YS017848,2026-08-18 16:00:00,Y08,456,1028
YS017849,2026-08-18 16:00:00,Y09,930,1123
YS017850,2026-08-18 16:00:00,Y10,775,1339
YS017851,2026-08-19 00:00:00,Y01,1505,1995
YS017852,2026-08-19 00:00:00,Y02,607,1249
YS017853,2026-08-19 00:00:00,Y03,787,986
YS017854,2026-08-19 00:00:00,Y04,499,1113
YS017855,2026-08-19 00:00:00,Y05,552,930
YS017856,2026-08-19 00:00:00,Y06,1242,1758
YS017857,2026-08-19 00:00:00,Y07,793,1034
YS017858,2026-08-19 00:00:00,Y08,677,1028
YS017859,2026-08-19 00:00:00,Y09,859,1123
YS017860,2026-08-19 00:00:00,Y10,1247,1339
YS017861,2026-08-19 08:00:00,Y01,1750,1995
YS017862,2026-08-19 08:00:00,Y02,1130,1249
YS017863,2026-08-19 08:00:00,Y03,437,986
YS017864,2026-08-19 08:00:00,Y04,547,1113
YS017865,2026-08-19 08:00:00,Y05,850,930
YS017866,2026-08-19 08:00:00,Y06,1290,1758
YS017867,2026-08-19 08:00:00,Y07,924,1034
YS017868,2026-08-19 08:00:00,Y08,829,1028
YS017869,2026-08-19 08:00:00,Y09,1088,1123
YS017870,2026-08-19 08:00:00,Y10,855,1339
YS017871,2026-08-19 16:00:00,Y01,1821,1995
YS017872,2026-08-19 16:00:00,Y02,921,1249
YS017873,2026-08-19 16:00:00,Y03,917,986
YS017874,2026-08-19 16:00:00,Y04,591,1113
YS017875,2026-08-19 16:00:00,Y05,510,930
YS017876,2026-08-19 16:00:00,Y06,1362,1758
YS017877,2026-08-19 16:00:00,Y07,791,1034
YS017878,2026-08-19 16:00:00,Y08,645,1028
YS017879,2026-08-19 16:00:00,Y09,938,1123
YS017880,2026-08-19 16:00:00,Y10,807,1339
YS017881,2026-08-20 00:00:00,Y01,1812,1995
YS017882,2026-08-20 00:00:00,Y02,699,1249
YS017883,2026-08-20 00:00:00,Y03,495,986
YS017884,2026-08-20 00:00:00,Y04,653,1113
YS017885,2026-08-20 00:00:00,Y05,479,930
YS017886,2026-08-20 00:00:00,Y06,780,1758
YS017887,2026-08-20 00:00:00,Y07,613,1034
YS017888,2026-08-20 00:00:00,Y08,615,1028
YS017889,2026-08-20 00:00:00,Y09,551,1123
YS017890,2026-08-20 00:00:00,Y10,835,1339
YS017891,2026-08-20 08:00:00,Y01,1181,1995
YS017892,2026-08-20 08:00:00,Y02,889,1249
YS017893,2026-08-20 08:00:00,Y03,579,986
YS017894,2026-08-20 08:00:00,Y04,962,1113
YS017895,2026-08-20 08:00:00,Y05,598,930
YS017896,2026-08-20 08:00:00,Y06,1574,1758
YS017897,2026-08-20 08:00:00,Y07,981,1034
YS017898,2026-08-20 08:00:00,Y08,664,1028
YS017899,2026-08-20 08:00:00,Y09,898,1123
YS017900,2026-08-20 08:00:00,Y10,648,1339
YS017901,2026-08-20 16:00:00,Y01,886,1995
YS017902,2026-08-20 16:00:00,Y02,1011,1249
YS017903,2026-08-20 16:00:00,Y03,565,986
YS017904,2026-08-20 16:00:00,Y04,1016,1113
YS017905,2026-08-20 16:00:00,Y05,376,930
YS017906,2026-08-20 16:00:00,Y06,1554,1758
YS017907,2026-08-20 16:00:00,Y07,565,1034
YS017908,2026-08-20 16:00:00,Y08,603,1028
YS017909,2026-08-20 16:00:00,Y09,816,1123
YS017910,2026-08-20 16:00:00,Y10,1066,1339
YS017911,2026-08-21 00:00:00,Y01,1675,1995
YS017912,2026-08-21 00:00:00,Y02,1118,1249
YS017913,2026-08-21 00:00:00,Y03,399,986
YS017914,2026-08-21 00:00:00,Y04,1036,1113
YS017915,2026-08-21 00:00:00,Y05,406,930
YS017916,2026-08-21 00:00:00,Y06,1546,1758
YS017917,2026-08-21 00:00:00,Y07,980,1034
YS017918,2026-08-21 00:00:00,Y08,665,1028
YS017919,2026-08-21 00:00:00,Y09,1075,1123
YS017920,2026-08-21 00:00:00,Y10,1000,1339
YS017921,2026-08-21 08:00:00,Y01,949,1995
YS017922,2026-08-21 08:00:00,Y02,642,1249
YS017923,2026-08-21 08:00:00,Y03,771,986
YS017924,2026-08-21 08:00:00,Y04,619,1113
YS017925,2026-08-21 08:00:00,Y05,743,930
YS017926,2026-08-21 08:00:00,Y06,975,1758
YS017927,2026-08-21 08:00:00,Y07,586,1034
YS017928,2026-08-21 08:00:00,Y08,483,1028
YS017929,2026-08-21 08:00:00,Y09,892,1123
YS017930,2026-08-21 08:00:00,Y10,627,1339
YS017931,2026-08-21 16:00:00,Y01,1095,1995
YS017932,2026-08-21 16:00:00,Y02,587,1249
YS017933,2026-08-21 16:00:00,Y03,877,986
YS017934,2026-08-21 16:00:00,Y04,827,1113
YS017935,2026-08-21 16:00:00,Y05,781,930
YS017936,2026-08-21 16:00:00,Y06,1230,1758
YS017937,2026-08-21 16:00:00,Y07,444,1034
YS017938,2026-08-21 16:00:00,Y08,669,1028
YS017939,2026-08-21 16:00:00,Y09,658,1123
YS017940,2026-08-21 16:00:00,Y10,787,1339
YS017941,2026-08-22 00:00:00,Y01,1251,1995
YS017942,2026-08-22 00:00:00,Y02,812,1249
YS017943,2026-08-22 00:00:00,Y03,780,986
YS017944,2026-08-22 00:00:00,Y04,958,1113
YS017945,2026-08-22 00:00:00,Y05,396,930
YS017946,2026-08-22 00:00:00,Y06,1012,1758
YS017947,2026-08-22 00:00:00,Y07,468,1034
YS017948,2026-08-22 00:00:00,Y08,976,1028
YS017949,2026-08-22 00:00:00,Y09,575,1123
YS017950,2026-08-22 00:00:00,Y10,742,1339
YS017951,2026-08-22 08:00:00,Y01,1600,1995
YS017952,2026-08-22 08:00:00,Y02,834,1249
YS017953,2026-08-22 08:00:00,Y03,672,986
YS017954,2026-08-22 08:00:00,Y04,1065,1113
YS017955,2026-08-22 08:00:00,Y05,382,930
YS017956,2026-08-22 08:00:00,Y06,1540,1758
YS017957,2026-08-22 08:00:00,Y07,827,1034
YS017958,2026-08-22 08:00:00,Y08,707,1028
YS017959,2026-08-22 08:00:00,Y09,742,1123
YS017960,2026-08-22 08:00:00,Y10,569,1339
YS017961,2026-08-22 16:00:00,Y01,1409,1995
YS017962,2026-08-22 16:00:00,Y02,1066,1249
YS017963,2026-08-22 16:00:00,Y03,682,986
YS017964,2026-08-22 16:00:00,Y04,661,1113
YS017965,2026-08-22 16:00:00,Y05,686,930
YS017966,2026-08-22 16:00:00,Y06,951,1758
YS017967,2026-08-22 16:00:00,Y07,820,1034
YS017968,2026-08-22 16:00:00,Y08,558,1028
YS017969,2026-08-22 16:00:00,Y09,1099,1123
YS017970,2026-08-22 16:00:00,Y10,983,1339
YS017971,2026-08-23 00:00:00,Y01,1599,1995
YS017972,2026-08-23 00:00:00,Y02,572,1249
YS017973,2026-08-23 00:00:00,Y03,444,986
YS017974,2026-08-23 00:00:00,Y04,465,1113
YS017975,2026-08-23 00:00:00,Y05,753,930
YS017976,2026-08-23 00:00:00,Y06,1647,1758
YS017977,2026-08-23 00:00:00,Y07,618,1034
YS017978,2026-08-23 00:00:00,Y08,901,1028
YS017979,2026-08-23 00:00:00,Y09,678,1123
YS017980,2026-08-23 00:00:00,Y10,993,1339
YS017981,2026-08-23 08:00:00,Y01,1793,1995
YS017982,2026-08-23 08:00:00,Y02,832,1249
YS017983,2026-08-23 08:00:00,Y03,955,986
YS017984,2026-08-23 08:00:00,Y04,924,1113
YS017985,2026-08-23 08:00:00,Y05,432,930
YS017986,2026-08-23 08:00:00,Y06,1578,1758
YS017987,2026-08-23 08:00:00,Y07,999,1034
YS017988,2026-08-23 08:00:00,Y08,614,1028
YS017989,2026-08-23 08:00:00,Y09,653,1123
YS017990,2026-08-23 08:00:00,Y10,628,1339
YS017991,2026-08-23 16:00:00,Y01,1940,1995
YS017992,2026-08-23 16:00:00,Y02,716,1249
YS017993,2026-08-23 16:00:00,Y03,465,986
YS017994,2026-08-23 16:00:00,Y04,534,1113
YS017995,2026-08-23 16:00:00,Y05,401,930
YS017996,2026-08-23 16:00:00,Y06,1103,1758
YS017997,2026-08-23 16:00:00,Y07,1007,1034
YS017998,2026-08-23 16:00:00,Y08,555,1028
YS017999,2026-08-23 16:00:00,Y09,993,1123
YS018000,2026-08-23 16:00:00,Y10,778,1339
YS018001,2026-08-24 00:00:00,Y01,1948,1995
YS018002,2026-08-24 00:00:00,Y02,592,1249
YS018003,2026-08-24 00:00:00,Y03,709,986
YS018004,2026-08-24 00:00:00,Y04,463,1113
YS018005,2026-08-24 00:00:00,Y05,581,930
YS018006,2026-08-24 00:00:00,Y06,1101,1758
YS018007,2026-08-24 00:00:00,Y07,428,1034
YS018008,2026-08-24 00:00:00,Y08,736,1028
YS018009,2026-08-24 00:00:00,Y09,811,1123
YS018010,2026-08-24 00:00:00,Y10,895,1339
YS018011,2026-08-24 08:00:00,Y01,1543,1995
YS018012,2026-08-24 08:00:00,Y02,840,1249
YS018013,2026-08-24 08:00:00,Y03,707,986
YS018014,2026-08-24 08:00:00,Y04,703,1113
YS018015,2026-08-24 08:00:00,Y05,583,930
YS018016,2026-08-24 08:00:00,Y06,1274,1758
YS018017,2026-08-24 08:00:00,Y07,547,1034
YS018018,2026-08-24 08:00:00,Y08,926,1028
YS018019,2026-08-24 08:00:00,Y09,732,1123
YS018020,2026-08-24 08:00:00,Y10,595,1339
YS018021,2026-08-24 16:00:00,Y01,1268,1995
YS018022,2026-08-24 16:00:00,Y02,829,1249
YS018023,2026-08-24 16:00:00,Y03,453,986
YS018024,2026-08-24 16:00:00,Y04,855,1113
YS018025,2026-08-24 16:00:00,Y05,435,930
YS018026,2026-08-24 16:00:00,Y06,962,1758
YS018027,2026-08-24 16:00:00,Y07,523,1034
YS018028,2026-08-24 16:00:00,Y08,498,1028
YS018029,2026-08-24 16:00:00,Y09,962,1123
YS018030,2026-08-24 16:00:00,Y10,755,1339
YS018031,2026-08-25 00:00:00,Y01,1349,1995
YS018032,2026-08-25 00:00:00,Y02,1084,1249
YS018033,2026-08-25 00:00:00,Y03,954,986
YS018034,2026-08-25 00:00:00,Y04,870,1113
YS018035,2026-08-25 00:00:00,Y05,897,930
YS018036,2026-08-25 00:00:00,Y06,848,1758
YS018037,2026-08-25 00:00:00,Y07,483,1034
YS018038,2026-08-25 00:00:00,Y08,472,1028
YS018039,2026-08-25 00:00:00,Y09,849,1123
YS018040,2026-08-25 00:00:00,Y10,1144,1339
YS018041,2026-08-25 08:00:00,Y01,1877,1995
YS018042,2026-08-25 08:00:00,Y02,819,1249
YS018043,2026-08-25 08:00:00,Y03,525,986
YS018044,2026-08-25 08:00:00,Y04,925,1113
YS018045,2026-08-25 08:00:00,Y05,888,930
YS018046,2026-08-25 08:00:00,Y06,1576,1758
YS018047,2026-08-25 08:00:00,Y07,921,1034
YS018048,2026-08-25 08:00:00,Y08,894,1028
YS018049,2026-08-25 08:00:00,Y09,550,1123
YS018050,2026-08-25 08:00:00,Y10,1195,1339
YS018051,2026-08-25 16:00:00,Y01,1080,1995
YS018052,2026-08-25 16:00:00,Y02,1036,1249
YS018053,2026-08-25 16:00:00,Y03,805,986
YS018054,2026-08-25 16:00:00,Y04,1035,1113
YS018055,2026-08-25 16:00:00,Y05,468,930
YS018056,2026-08-25 16:00:00,Y06,1646,1758
YS018057,2026-08-25 16:00:00,Y07,566,1034
YS018058,2026-08-25 16:00:00,Y08,933,1028
YS018059,2026-08-25 16:00:00,Y09,856,1123
YS018060,2026-08-25 16:00:00,Y10,1256,1339
YS018061,2026-08-26 00:00:00,Y01,1247,1995
YS018062,2026-08-26 00:00:00,Y02,630,1249
YS018063,2026-08-26 00:00:00,Y03,654,986
YS018064,2026-08-26 00:00:00,Y04,560,1113
YS018065,2026-08-26 00:00:00,Y05,865,930
YS018066,2026-08-26 00:00:00,Y06,942,1758
YS018067,2026-08-26 00:00:00,Y07,885,1034
YS018068,2026-08-26 00:00:00,Y08,943,1028
YS018069,2026-08-26 00:00:00,Y09,768,1123
YS018070,2026-08-26 00:00:00,Y10,598,1339
YS018071,2026-08-26 08:00:00,Y01,1234,1995
YS018072,2026-08-26 08:00:00,Y02,722,1249
YS018073,2026-08-26 08:00:00,Y03,678,986
YS018074,2026-08-26 08:00:00,Y04,628,1113
YS018075,2026-08-26 08:00:00,Y05,475,930
YS018076,2026-08-26 08:00:00,Y06,963,1758
YS018077,2026-08-26 08:00:00,Y07,697,1034
YS018078,2026-08-26 08:00:00,Y08,623,1028
YS018079,2026-08-26 08:00:00,Y09,883,1123
YS018080,2026-08-26 08:00:00,Y10,895,1339
YS018081,2026-08-26 16:00:00,Y01,1235,1995
YS018082,2026-08-26 16:00:00,Y02,722,1249
YS018083,2026-08-26 16:00:00,Y03,699,986
YS018084,2026-08-26 16:00:00,Y04,1074,1113
YS018085,2026-08-26 16:00:00,Y05,784,930
YS018086,2026-08-26 16:00:00,Y06,1529,1758
YS018087,2026-08-26 16:00:00,Y07,670,1034
YS018088,2026-08-26 16:00:00,Y08,552,1028
YS018089,2026-08-26 16:00:00,Y09,1041,1123
YS018090,2026-08-26 16:00:00,Y10,749,1339
YS018091,2026-08-27 00:00:00,Y01,1839,1995
YS018092,2026-08-27 00:00:00,Y02,692,1249
YS018093,2026-08-27 00:00:00,Y03,894,986
YS018094,2026-08-27 00:00:00,Y04,796,1113
YS018095,2026-08-27 00:00:00,Y05,783,930
YS018096,2026-08-27 00:00:00,Y06,1035,1758
YS018097,2026-08-27 00:00:00,Y07,851,1034
YS018098,2026-08-27 00:00:00,Y08,670,1028
YS018099,2026-08-27 00:00:00,Y09,577,1123
YS018100,2026-08-27 00:00:00,Y10,925,1339
YS018101,2026-08-27 08:00:00,Y01,987,1995
YS018102,2026-08-27 08:00:00,Y02,766,1249
YS018103,2026-08-27 08:00:00,Y03,706,986
YS018104,2026-08-27 08:00:00,Y04,876,1113
YS018105,2026-08-27 08:00:00,Y05,524,930
YS018106,2026-08-27 08:00:00,Y06,1144,1758
YS018107,2026-08-27 08:00:00,Y07,563,1034
YS018108,2026-08-27 08:00:00,Y08,513,1028
YS018109,2026-08-27 08:00:00,Y09,580,1123
YS018110,2026-08-27 08:00:00,Y10,852,1339
YS018111,2026-08-27 16:00:00,Y01,1565,1995
YS018112,2026-08-27 16:00:00,Y02,1131,1249
YS018113,2026-08-27 16:00:00,Y03,812,986
YS018114,2026-08-27 16:00:00,Y04,497,1113
YS018115,2026-08-27 16:00:00,Y05,690,930
YS018116,2026-08-27 16:00:00,Y06,833,1758
YS018117,2026-08-27 16:00:00,Y07,710,1034
YS018118,2026-08-27 16:00:00,Y08,560,1028
YS018119,2026-08-27 16:00:00,Y09,765,1123
YS018120,2026-08-27 16:00:00,Y10,866,1339
YS018121,2026-08-28 00:00:00,Y01,1601,1995
YS018122,2026-08-28 00:00:00,Y02,661,1249
YS018123,2026-08-28 00:00:00,Y03,763,986
YS018124,2026-08-28 00:00:00,Y04,1056,1113
YS018125,2026-08-28 00:00:00,Y05,727,930
YS018126,2026-08-28 00:00:00,Y06,1657,1758
YS018127,2026-08-28 00:00:00,Y07,822,1034
YS018128,2026-08-28 00:00:00,Y08,471,1028
YS018129,2026-08-28 00:00:00,Y09,532,1123
YS018130,2026-08-28 00:00:00,Y10,911,1339
YS018131,2026-08-28 08:00:00,Y01,1821,1995
YS018132,2026-08-28 08:00:00,Y02,660,1249
YS018133,2026-08-28 08:00:00,Y03,435,986
YS018134,2026-08-28 08:00:00,Y04,1023,1113
YS018135,2026-08-28 08:00:00,Y05,559,930
YS018136,2026-08-28 08:00:00,Y06,927,1758
YS018137,2026-08-28 08:00:00,Y07,685,1034
YS018138,2026-08-28 08:00:00,Y08,857,1028
YS018139,2026-08-28 08:00:00,Y09,795,1123
YS018140,2026-08-28 08:00:00,Y10,1175,1339
YS018141,2026-08-28 16:00:00,Y01,1366,1995
YS018142,2026-08-28 16:00:00,Y02,569,1249
YS018143,2026-08-28 16:00:00,Y03,586,986
YS018144,2026-08-28 16:00:00,Y04,763,1113
YS018145,2026-08-28 16:00:00,Y05,578,930
YS018146,2026-08-28 16:00:00,Y06,1502,1758
YS018147,2026-08-28 16:00:00,Y07,846,1034
YS018148,2026-08-28 16:00:00,Y08,962,1028
YS018149,2026-08-28 16:00:00,Y09,744,1123
YS018150,2026-08-28 16:00:00,Y10,822,1339
YS018151,2026-08-29 00:00:00,Y01,1178,1995
YS018152,2026-08-29 00:00:00,Y02,1087,1249
YS018153,2026-08-29 00:00:00,Y03,911,986
YS018154,2026-08-29 00:00:00,Y04,1009,1113
YS018155,2026-08-29 00:00:00,Y05,548,930
YS018156,2026-08-29 00:00:00,Y06,1538,1758
YS018157,2026-08-29 00:00:00,Y07,690,1034
YS018158,2026-08-29 00:00:00,Y08,598,1028
YS018159,2026-08-29 00:00:00,Y09,684,1123
YS018160,2026-08-29 00:00:00,Y10,1098,1339
YS018161,2026-08-29 08:00:00,Y01,1453,1995
YS018162,2026-08-29 08:00:00,Y02,836,1249
YS018163,2026-08-29 08:00:00,Y03,864,986
YS018164,2026-08-29 08:00:00,Y04,911,1113
YS018165,2026-08-29 08:00:00,Y05,506,930
YS018166,2026-08-29 08:00:00,Y06,1481,1758
YS018167,2026-08-29 08:00:00,Y07,526,1034
YS018168,2026-08-29 08:00:00,Y08,837,1028
YS018169,2026-08-29 08:00:00,Y09,755,1123
YS018170,2026-08-29 08:00:00,Y10,566,1339
YS018171,2026-08-29 16:00:00,Y01,1164,1995
YS018172,2026-08-29 16:00:00,Y02,1200,1249
YS018173,2026-08-29 16:00:00,Y03,665,986
YS018174,2026-08-29 16:00:00,Y04,750,1113
YS018175,2026-08-29 16:00:00,Y05,434,930
YS018176,2026-08-29 16:00:00,Y06,987,1758
YS018177,2026-08-29 16:00:00,Y07,567,1034
YS018178,2026-08-29 16:00:00,Y08,836,1028
YS018179,2026-08-29 16:00:00,Y09,828,1123
YS018180,2026-08-29 16:00:00,Y10,770,1339
YS018181,2026-08-30 00:00:00,Y01,1758,1995
YS018182,2026-08-30 00:00:00,Y02,511,1249
YS018183,2026-08-30 00:00:00,Y03,525,986
YS018184,2026-08-30 00:00:00,Y04,1049,1113
YS018185,2026-08-30 00:00:00,Y05,777,930
YS018186,2026-08-30 00:00:00,Y06,1005,1758
YS018187,2026-08-30 00:00:00,Y07,877,1034
YS018188,2026-08-30 00:00:00,Y08,669,1028
YS018189,2026-08-30 00:00:00,Y09,1098,1123
YS018190,2026-08-30 00:00:00,Y10,1185,1339
YS018191,2026-08-30 08:00:00,Y01,1140,1995
YS018192,2026-08-30 08:00:00,Y02,1108,1249
YS018193,2026-08-30 08:00:00,Y03,964,986
YS018194,2026-08-30 08:00:00,Y04,601,1113
YS018195,2026-08-30 08:00:00,Y05,479,930
YS018196,2026-08-30 08:00:00,Y06,1662,1758
YS018197,2026-08-30 08:00:00,Y07,857,1034
YS018198,2026-08-30 08:00:00,Y08,656,1028
YS018199,2026-08-30 08:00:00,Y09,578,1123
YS018200,2026-08-30 08:00:00,Y10,704,1339
YS018201,2026-08-30 16:00:00,Y01,1273,1995
YS018202,2026-08-30 16:00:00,Y02,804,1249
YS018203,2026-08-30 16:00:00,Y03,505,986
YS018204,2026-08-30 16:00:00,Y04,1089,1113
YS018205,2026-08-30 16:00:00,Y05,789,930
YS018206,2026-08-30 16:00:00,Y06,1327,1758
YS018207,2026-08-30 16:00:00,Y07,594,1034
YS018208,2026-08-30 16:00:00,Y08,532,1028
YS018209,2026-08-30 16:00:00,Y09,941,1123
YS018210,2026-08-30 16:00:00,Y10,852,1339
YS018211,2026-08-31 00:00:00,Y01,1505,1995
YS018212,2026-08-31 00:00:00,Y02,1000,1249
YS018213,2026-08-31 00:00:00,Y03,435,986
YS018214,2026-08-31 00:00:00,Y04,796,1113
YS018215,2026-08-31 00:00:00,Y05,587,930
YS018216,2026-08-31 00:00:00,Y06,1512,1758
YS018217,2026-08-31 00:00:00,Y07,528,1034
YS018218,2026-08-31 00:00:00,Y08,435,1028
YS018219,2026-08-31 00:00:00,Y09,768,1123
YS018220,2026-08-31 00:00:00,Y10,1056,1339
YS018221,2026-08-31 08:00:00,Y01,1877,1995
YS018222,2026-08-31 08:00:00,Y02,935,1249
YS018223,2026-08-31 08:00:00,Y03,719,986
YS018224,2026-08-31 08:00:00,Y04,757,1113
YS018225,2026-08-31 08:00:00,Y05,488,930
YS018226,2026-08-31 08:00:00,Y06,1112,1758
YS018227,2026-08-31 08:00:00,Y07,629,1034
YS018228,2026-08-31 08:00:00,Y08,588,1028
YS018229,2026-08-31 08:00:00,Y09,693,1123
YS018230,2026-08-31 08:00:00,Y10,1252,1339
YS018231,2026-08-31 16:00:00,Y01,1852,1995
YS018232,2026-08-31 16:00:00,Y02,931,1249
YS018233,2026-08-31 16:00:00,Y03,598,986
YS018234,2026-08-31 16:00:00,Y04,814,1113
YS018235,2026-08-31 16:00:00,Y05,545,930
YS018236,2026-08-31 16:00:00,Y06,1559,1758
YS018237,2026-08-31 16:00:00,Y07,799,1034
YS018238,2026-08-31 16:00:00,Y08,655,1028
YS018239,2026-08-31 16:00:00,Y09,939,1123
YS018240,2026-08-31 16:00:00,Y10,694,1339
YS018241,2026-09-01 00:00:00,Y01,1846,1995
YS018242,2026-09-01 00:00:00,Y02,1132,1249
YS018243,2026-09-01 00:00:00,Y03,791,986
YS018244,2026-09-01 00:00:00,Y04,714,1113
YS018245,2026-09-01 00:00:00,Y05,749,930
YS018246,2026-09-01 00:00:00,Y06,1232,1758
YS018247,2026-09-01 00:00:00,Y07,518,1034
YS018248,2026-09-01 00:00:00,Y08,986,1028
YS018249,2026-09-01 00:00:00,Y09,840,1123
YS018250,2026-09-01 00:00:00,Y10,980,1339
YS018251,2026-09-01 08:00:00,Y01,1099,1995
YS018252,2026-09-01 08:00:00,Y02,867,1249
YS018253,2026-09-01 08:00:00,Y03,767,986
YS018254,2026-09-01 08:00:00,Y04,471,1113
YS018255,2026-09-01 08:00:00,Y05,768,930
YS018256,2026-09-01 08:00:00,Y06,1132,1758
YS018257,2026-09-01 08:00:00,Y07,704,1034
YS018258,2026-09-01 08:00:00,Y08,595,1028
YS018259,2026-09-01 08:00:00,Y09,726,1123
YS018260,2026-09-01 08:00:00,Y10,716,1339
YS018261,2026-09-01 16:00:00,Y01,1825,1995
YS018262,2026-09-01 16:00:00,Y02,531,1249
YS018263,2026-09-01 16:00:00,Y03,911,986
YS018264,2026-09-01 16:00:00,Y04,851,1113
YS018265,2026-09-01 16:00:00,Y05,890,930
YS018266,2026-09-01 16:00:00,Y06,947,1758
YS018267,2026-09-01 16:00:00,Y07,694,1034
YS018268,2026-09-01 16:00:00,Y08,685,1028
YS018269,2026-09-01 16:00:00,Y09,649,1123
YS018270,2026-09-01 16:00:00,Y10,1267,1339
YS018271,2026-09-02 00:00:00,Y01,900,1995
YS018272,2026-09-02 00:00:00,Y02,651,1249
YS018273,2026-09-02 00:00:00,Y03,412,986
YS018274,2026-09-02 00:00:00,Y04,788,1113
YS018275,2026-09-02 00:00:00,Y05,779,930
YS018276,2026-09-02 00:00:00,Y06,1090,1758
YS018277,2026-09-02 00:00:00,Y07,542,1034
YS018278,2026-09-02 00:00:00,Y08,689,1028
YS018279,2026-09-02 00:00:00,Y09,698,1123
YS018280,2026-09-02 00:00:00,Y10,1050,1339
YS018281,2026-09-02 08:00:00,Y01,947,1995
YS018282,2026-09-02 08:00:00,Y02,933,1249
YS018283,2026-09-02 08:00:00,Y03,717,986
YS018284,2026-09-02 08:00:00,Y04,463,1113
YS018285,2026-09-02 08:00:00,Y05,839,930
YS018286,2026-09-02 08:00:00,Y06,1716,1758
YS018287,2026-09-02 08:00:00,Y07,573,1034
YS018288,2026-09-02 08:00:00,Y08,946,1028
YS018289,2026-09-02 08:00:00,Y09,662,1123
YS018290,2026-09-02 08:00:00,Y10,562,1339
YS018291,2026-09-02 16:00:00,Y01,1841,1995
YS018292,2026-09-02 16:00:00,Y02,593,1249
YS018293,2026-09-02 16:00:00,Y03,807,986
YS018294,2026-09-02 16:00:00,Y04,1089,1113
YS018295,2026-09-02 16:00:00,Y05,572,930
YS018296,2026-09-02 16:00:00,Y06,1517,1758
YS018297,2026-09-02 16:00:00,Y07,517,1034
YS018298,2026-09-02 16:00:00,Y08,436,1028
YS018299,2026-09-02 16:00:00,Y09,854,1123
YS018300,2026-09-02 16:00:00,Y10,1146,1339
YS018301,2026-09-03 00:00:00,Y01,1519,1995
YS018302,2026-09-03 00:00:00,Y02,776,1249
YS018303,2026-09-03 00:00:00,Y03,907,986
YS018304,2026-09-03 00:00:00,Y04,565,1113
YS018305,2026-09-03 00:00:00,Y05,408,930
YS018306,2026-09-03 00:00:00,Y06,1583,1758
YS018307,2026-09-03 00:00:00,Y07,555,1034
YS018308,2026-09-03 00:00:00,Y08,658,1028
YS018309,2026-09-03 00:00:00,Y09,891,1123
YS018310,2026-09-03 00:00:00,Y10,1204,1339
YS018311,2026-09-03 08:00:00,Y01,1540,1995
YS018312,2026-09-03 08:00:00,Y02,640,1249
YS018313,2026-09-03 08:00:00,Y03,550,986
YS018314,2026-09-03 08:00:00,Y04,690,1113
YS018315,2026-09-03 08:00:00,Y05,707,930
YS018316,2026-09-03 08:00:00,Y06,906,1758
YS018317,2026-09-03 08:00:00,Y07,746,1034
YS018318,2026-09-03 08:00:00,Y08,975,1028
YS018319,2026-09-03 08:00:00,Y09,649,1123
YS018320,2026-09-03 08:00:00,Y10,1200,1339
YS018321,2026-09-03 16:00:00,Y01,1211,1995
YS018322,2026-09-03 16:00:00,Y02,698,1249
YS018323,2026-09-03 16:00:00,Y03,456,986
YS018324,2026-09-03 16:00:00,Y04,818,1113
YS018325,2026-09-03 16:00:00,Y05,830,930
YS018326,2026-09-03 16:00:00,Y06,1326,1758
YS018327,2026-09-03 16:00:00,Y07,728,1034
YS018328,2026-09-03 16:00:00,Y08,503,1028
YS018329,2026-09-03 16:00:00,Y09,997,1123
YS018330,2026-09-03 16:00:00,Y10,924,1339
YS018331,2026-09-04 00:00:00,Y01,848,1995
YS018332,2026-09-04 00:00:00,Y02,670,1249
YS018333,2026-09-04 00:00:00,Y03,421,986
YS018334,2026-09-04 00:00:00,Y04,927,1113
YS018335,2026-09-04 00:00:00,Y05,771,930
YS018336,2026-09-04 00:00:00,Y06,1263,1758
YS018337,2026-09-04 00:00:00,Y07,546,1034
YS018338,2026-09-04 00:00:00,Y08,664,1028
YS018339,2026-09-04 00:00:00,Y09,883,1123
YS018340,2026-09-04 00:00:00,Y10,774,1339
YS018341,2026-09-04 08:00:00,Y01,1269,1995
YS018342,2026-09-04 08:00:00,Y02,1075,1249
YS018343,2026-09-04 08:00:00,Y03,937,986
YS018344,2026-09-04 08:00:00,Y04,536,1113
YS018345,2026-09-04 08:00:00,Y05,890,930
YS018346,2026-09-04 08:00:00,Y06,1525,1758
YS018347,2026-09-04 08:00:00,Y07,445,1034
YS018348,2026-09-04 08:00:00,Y08,790,1028
YS018349,2026-09-04 08:00:00,Y09,760,1123
YS018350,2026-09-04 08:00:00,Y10,709,1339
YS018351,2026-09-04 16:00:00,Y01,1359,1995
YS018352,2026-09-04 16:00:00,Y02,1017,1249
YS018353,2026-09-04 16:00:00,Y03,943,986
YS018354,2026-09-04 16:00:00,Y04,1019,1113
YS018355,2026-09-04 16:00:00,Y05,518,930
YS018356,2026-09-04 16:00:00,Y06,1635,1758
YS018357,2026-09-04 16:00:00,Y07,459,1034
YS018358,2026-09-04 16:00:00,Y08,470,1028
YS018359,2026-09-04 16:00:00,Y09,464,1123
YS018360,2026-09-04 16:00:00,Y10,861,1339
YS018361,2026-09-05 00:00:00,Y01,1810,1995
YS018362,2026-09-05 00:00:00,Y02,1040,1249
YS018363,2026-09-05 00:00:00,Y03,681,986
YS018364,2026-09-05 00:00:00,Y04,631,1113
YS018365,2026-09-05 00:00:00,Y05,406,930
YS018366,2026-09-05 00:00:00,Y06,1270,1758
YS018367,2026-09-05 00:00:00,Y07,955,1034
YS018368,2026-09-05 00:00:00,Y08,952,1028
YS018369,2026-09-05 00:00:00,Y09,781,1123
YS018370,2026-09-05 00:00:00,Y10,1016,1339
YS018371,2026-09-05 08:00:00,Y01,1726,1995
YS018372,2026-09-05 08:00:00,Y02,836,1249
YS018373,2026-09-05 08:00:00,Y03,923,986
YS018374,2026-09-05 08:00:00,Y04,1029,1113
YS018375,2026-09-05 08:00:00,Y05,400,930
YS018376,2026-09-05 08:00:00,Y06,1210,1758
YS018377,2026-09-05 08:00:00,Y07,884,1034
YS018378,2026-09-05 08:00:00,Y08,688,1028
YS018379,2026-09-05 08:00:00,Y09,500,1123
YS018380,2026-09-05 08:00:00,Y10,1276,1339
YS018381,2026-09-05 16:00:00,Y01,1581,1995
YS018382,2026-09-05 16:00:00,Y02,513,1249
YS018383,2026-09-05 16:00:00,Y03,866,986
YS018384,2026-09-05 16:00:00,Y04,1061,1113
YS018385,2026-09-05 16:00:00,Y05,619,930
YS018386,2026-09-05 16:00:00,Y06,1264,1758
YS018387,2026-09-05 16:00:00,Y07,893,1034
YS018388,2026-09-05 16:00:00,Y08,814,1028
YS018389,2026-09-05 16:00:00,Y09,769,1123
YS018390,2026-09-05 16:00:00,Y10,1256,1339
YS018391,2026-09-06 00:00:00,Y01,1565,1995
YS018392,2026-09-06 00:00:00,Y02,1049,1249
YS018393,2026-09-06 00:00:00,Y03,735,986
YS018394,2026-09-06 00:00:00,Y04,757,1113
YS018395,2026-09-06 00:00:00,Y05,374,930
YS018396,2026-09-06 00:00:00,Y06,741,1758
YS018397,2026-09-06 00:00:00,Y07,516,1034
YS018398,2026-09-06 00:00:00,Y08,691,1028
YS018399,2026-09-06 00:00:00,Y09,1078,1123
YS018400,2026-09-06 00:00:00,Y10,1025,1339
YS018401,2026-09-06 08:00:00,Y01,1070,1995
YS018402,2026-09-06 08:00:00,Y02,578,1249
YS018403,2026-09-06 08:00:00,Y03,766,986
YS018404,2026-09-06 08:00:00,Y04,583,1113
YS018405,2026-09-06 08:00:00,Y05,468,930
YS018406,2026-09-06 08:00:00,Y06,1487,1758
YS018407,2026-09-06 08:00:00,Y07,511,1034
YS018408,2026-09-06 08:00:00,Y08,996,1028
YS018409,2026-09-06 08:00:00,Y09,498,1123
YS018410,2026-09-06 08:00:00,Y10,1111,1339
YS018411,2026-09-06 16:00:00,Y01,1128,1995
YS018412,2026-09-06 16:00:00,Y02,857,1249
YS018413,2026-09-06 16:00:00,Y03,871,986
YS018414,2026-09-06 16:00:00,Y04,508,1113
YS018415,2026-09-06 16:00:00,Y05,472,930
YS018416,2026-09-06 16:00:00,Y06,1282,1758
YS018417,2026-09-06 16:00:00,Y07,665,1034
YS018418,2026-09-06 16:00:00,Y08,774,1028
YS018419,2026-09-06 16:00:00,Y09,725,1123
YS018420,2026-09-06 16:00:00,Y10,677,1339
YS018421,2026-09-07 00:00:00,Y01,1661,1995
YS018422,2026-09-07 00:00:00,Y02,958,1249
YS018423,2026-09-07 00:00:00,Y03,436,986
YS018424,2026-09-07 00:00:00,Y04,1048,1113
YS018425,2026-09-07 00:00:00,Y05,717,930
YS018426,2026-09-07 00:00:00,Y06,1561,1758
YS018427,2026-09-07 00:00:00,Y07,435,1034
YS018428,2026-09-07 00:00:00,Y08,721,1028
YS018429,2026-09-07 00:00:00,Y09,594,1123
YS018430,2026-09-07 00:00:00,Y10,974,1339
YS018431,2026-09-07 08:00:00,Y01,974,1995
YS018432,2026-09-07 08:00:00,Y02,548,1249
YS018433,2026-09-07 08:00:00,Y03,807,986
YS018434,2026-09-07 08:00:00,Y04,860,1113
YS018435,2026-09-07 08:00:00,Y05,669,930
YS018436,2026-09-07 08:00:00,Y06,1130,1758
YS018437,2026-09-07 08:00:00,Y07,466,1034
YS018438,2026-09-07 08:00:00,Y08,784,1028
YS018439,2026-09-07 08:00:00,Y09,978,1123
YS018440,2026-09-07 08:00:00,Y10,1018,1339
YS018441,2026-09-07 16:00:00,Y01,1708,1995
YS018442,2026-09-07 16:00:00,Y02,687,1249
YS018443,2026-09-07 16:00:00,Y03,653,986
YS018444,2026-09-07 16:00:00,Y04,555,1113
YS018445,2026-09-07 16:00:00,Y05,747,930
YS018446,2026-09-07 16:00:00,Y06,959,1758
YS018447,2026-09-07 16:00:00,Y07,471,1034
YS018448,2026-09-07 16:00:00,Y08,888,1028
YS018449,2026-09-07 16:00:00,Y09,854,1123
YS018450,2026-09-07 16:00:00,Y10,1154,1339
YS018451,2026-09-08 00:00:00,Y01,1329,1995
YS018452,2026-09-08 00:00:00,Y02,976,1249
YS018453,2026-09-08 00:00:00,Y03,848,986
YS018454,2026-09-08 00:00:00,Y04,572,1113
YS018455,2026-09-08 00:00:00,Y05,578,930
YS018456,2026-09-08 00:00:00,Y06,806,1758
YS018457,2026-09-08 00:00:00,Y07,537,1034
YS018458,2026-09-08 00:00:00,Y08,993,1028
YS018459,2026-09-08 00:00:00,Y09,619,1123
YS018460,2026-09-08 00:00:00,Y10,697,1339
YS018461,2026-09-08 08:00:00,Y01,1859,1995
YS018462,2026-09-08 08:00:00,Y02,795,1249
YS018463,2026-09-08 08:00:00,Y03,412,986
YS018464,2026-09-08 08:00:00,Y04,779,1113
YS018465,2026-09-08 08:00:00,Y05,621,930
YS018466,2026-09-08 08:00:00,Y06,1601,1758
YS018467,2026-09-08 08:00:00,Y07,788,1034
YS018468,2026-09-08 08:00:00,Y08,876,1028
YS018469,2026-09-08 08:00:00,Y09,652,1123
YS018470,2026-09-08 08:00:00,Y10,1117,1339
YS018471,2026-09-08 16:00:00,Y01,996,1995
YS018472,2026-09-08 16:00:00,Y02,890,1249
YS018473,2026-09-08 16:00:00,Y03,918,986
YS018474,2026-09-08 16:00:00,Y04,796,1113
YS018475,2026-09-08 16:00:00,Y05,679,930
YS018476,2026-09-08 16:00:00,Y06,1026,1758
YS018477,2026-09-08 16:00:00,Y07,978,1034
YS018478,2026-09-08 16:00:00,Y08,628,1028
YS018479,2026-09-08 16:00:00,Y09,787,1123
YS018480,2026-09-08 16:00:00,Y10,579,1339
YS018481,2026-09-09 00:00:00,Y01,869,1995
YS018482,2026-09-09 00:00:00,Y02,523,1249
YS018483,2026-09-09 00:00:00,Y03,520,986
YS018484,2026-09-09 00:00:00,Y04,653,1113
YS018485,2026-09-09 00:00:00,Y05,743,930
YS018486,2026-09-09 00:00:00,Y06,1008,1758
YS018487,2026-09-09 00:00:00,Y07,573,1034
YS018488,2026-09-09 00:00:00,Y08,781,1028
YS018489,2026-09-09 00:00:00,Y09,974,1123
YS018490,2026-09-09 00:00:00,Y10,1216,1339
YS018491,2026-09-09 08:00:00,Y01,1144,1995
YS018492,2026-09-09 08:00:00,Y02,566,1249
YS018493,2026-09-09 08:00:00,Y03,829,986
YS018494,2026-09-09 08:00:00,Y04,995,1113
YS018495,2026-09-09 08:00:00,Y05,545,930
YS018496,2026-09-09 08:00:00,Y06,740,1758
YS018497,2026-09-09 08:00:00,Y07,581,1034
YS018498,2026-09-09 08:00:00,Y08,791,1028
YS018499,2026-09-09 08:00:00,Y09,595,1123
YS018500,2026-09-09 08:00:00,Y10,716,1339
YS018501,2026-09-09 16:00:00,Y01,1229,1995
YS018502,2026-09-09 16:00:00,Y02,1001,1249
YS018503,2026-09-09 16:00:00,Y03,913,986
YS018504,2026-09-09 16:00:00,Y04,767,1113
YS018505,2026-09-09 16:00:00,Y05,379,930
YS018506,2026-09-09 16:00:00,Y06,1278,1758
YS018507,2026-09-09 16:00:00,Y07,597,1034
YS018508,2026-09-09 16:00:00,Y08,506,1028
YS018509,2026-09-09 16:00:00,Y09,558,1123
YS018510,2026-09-09 16:00:00,Y10,1179,1339
YS018511,2026-09-10 00:00:00,Y01,1891,1995
YS018512,2026-09-10 00:00:00,Y02,743,1249
YS018513,2026-09-10 00:00:00,Y03,866,986
YS018514,2026-09-10 00:00:00,Y04,448,1113
YS018515,2026-09-10 00:00:00,Y05,510,930
YS018516,2026-09-10 00:00:00,Y06,1183,1758
YS018517,2026-09-10 00:00:00,Y07,674,1034
YS018518,2026-09-10 00:00:00,Y08,838,1028
YS018519,2026-09-10 00:00:00,Y09,912,1123
YS018520,2026-09-10 00:00:00,Y10,762,1339
YS018521,2026-09-10 08:00:00,Y01,1040,1995
YS018522,2026-09-10 08:00:00,Y02,841,1249
YS018523,2026-09-10 08:00:00,Y03,764,986
YS018524,2026-09-10 08:00:00,Y04,983,1113
YS018525,2026-09-10 08:00:00,Y05,777,930
YS018526,2026-09-10 08:00:00,Y06,1149,1758
YS018527,2026-09-10 08:00:00,Y07,678,1034
YS018528,2026-09-10 08:00:00,Y08,695,1028
YS018529,2026-09-10 08:00:00,Y09,533,1123
YS018530,2026-09-10 08:00:00,Y10,762,1339
YS018531,2026-09-10 16:00:00,Y01,1786,1995
YS018532,2026-09-10 16:00:00,Y02,1032,1249
YS018533,2026-09-10 16:00:00,Y03,850,986
YS018534,2026-09-10 16:00:00,Y04,893,1113
YS018535,2026-09-10 16:00:00,Y05,567,930
YS018536,2026-09-10 16:00:00,Y06,1585,1758
YS018537,2026-09-10 16:00:00,Y07,699,1034
YS018538,2026-09-10 16:00:00,Y08,611,1028
YS018539,2026-09-10 16:00:00,Y09,450,1123
YS018540,2026-09-10 16:00:00,Y10,622,1339
YS018541,2026-09-11 00:00:00,Y01,1367,1995
YS018542,2026-09-11 00:00:00,Y02,606,1249
YS018543,2026-09-11 00:00:00,Y03,548,986
YS018544,2026-09-11 00:00:00,Y04,894,1113
YS018545,2026-09-11 00:00:00,Y05,645,930
YS018546,2026-09-11 00:00:00,Y06,1473,1758
YS018547,2026-09-11 00:00:00,Y07,664,1034
YS018548,2026-09-11 00:00:00,Y08,420,1028
YS018549,2026-09-11 00:00:00,Y09,1097,1123
YS018550,2026-09-11 00:00:00,Y10,732,1339
YS018551,2026-09-11 08:00:00,Y01,1169,1995
YS018552,2026-09-11 08:00:00,Y02,583,1249
YS018553,2026-09-11 08:00:00,Y03,742,986
YS018554,2026-09-11 08:00:00,Y04,533,1113
YS018555,2026-09-11 08:00:00,Y05,393,930
YS018556,2026-09-11 08:00:00,Y06,1586,1758
YS018557,2026-09-11 08:00:00,Y07,862,1034
YS018558,2026-09-11 08:00:00,Y08,841,1028
YS018559,2026-09-11 08:00:00,Y09,612,1123
YS018560,2026-09-11 08:00:00,Y10,1210,1339
YS018561,2026-09-11 16:00:00,Y01,977,1995
YS018562,2026-09-11 16:00:00,Y02,580,1249
YS018563,2026-09-11 16:00:00,Y03,900,986
YS018564,2026-09-11 16:00:00,Y04,610,1113
YS018565,2026-09-11 16:00:00,Y05,601,930
YS018566,2026-09-11 16:00:00,Y06,1409,1758
YS018567,2026-09-11 16:00:00,Y07,931,1034
YS018568,2026-09-11 16:00:00,Y08,959,1028
YS018569,2026-09-11 16:00:00,Y09,602,1123
YS018570,2026-09-11 16:00:00,Y10,1149,1339
YS018571,2026-09-12 00:00:00,Y01,1304,1995
YS018572,2026-09-12 00:00:00,Y02,1003,1249
YS018573,2026-09-12 00:00:00,Y03,746,986
YS018574,2026-09-12 00:00:00,Y04,679,1113
YS018575,2026-09-12 00:00:00,Y05,790,930
YS018576,2026-09-12 00:00:00,Y06,728,1758
YS018577,2026-09-12 00:00:00,Y07,577,1034
YS018578,2026-09-12 00:00:00,Y08,995,1028
YS018579,2026-09-12 00:00:00,Y09,971,1123
YS018580,2026-09-12 00:00:00,Y10,989,1339
YS018581,2026-09-12 08:00:00,Y01,1860,1995
YS018582,2026-09-12 08:00:00,Y02,1160,1249
YS018583,2026-09-12 08:00:00,Y03,894,986
YS018584,2026-09-12 08:00:00,Y04,869,1113
YS018585,2026-09-12 08:00:00,Y05,908,930
YS018586,2026-09-12 08:00:00,Y06,1432,1758
YS018587,2026-09-12 08:00:00,Y07,455,1034
YS018588,2026-09-12 08:00:00,Y08,992,1028
YS018589,2026-09-12 08:00:00,Y09,578,1123
YS018590,2026-09-12 08:00:00,Y10,903,1339
YS018591,2026-09-12 16:00:00,Y01,1732,1995
YS018592,2026-09-12 16:00:00,Y02,1130,1249
YS018593,2026-09-12 16:00:00,Y03,494,986
YS018594,2026-09-12 16:00:00,Y04,979,1113
YS018595,2026-09-12 16:00:00,Y05,758,930
YS018596,2026-09-12 16:00:00,Y06,1353,1758
YS018597,2026-09-12 16:00:00,Y07,869,1034
YS018598,2026-09-12 16:00:00,Y08,443,1028
YS018599,2026-09-12 16:00:00,Y09,617,1123
YS018600,2026-09-12 16:00:00,Y10,584,1339
YS018601,2026-09-13 00:00:00,Y01,1022,1995
YS018602,2026-09-13 00:00:00,Y02,938,1249
YS018603,2026-09-13 00:00:00,Y03,793,986
YS018604,2026-09-13 00:00:00,Y04,699,1113
YS018605,2026-09-13 00:00:00,Y05,390,930
YS018606,2026-09-13 00:00:00,Y06,979,1758
YS018607,2026-09-13 00:00:00,Y07,429,1034
YS018608,2026-09-13 00:00:00,Y08,886,1028
YS018609,2026-09-13 00:00:00,Y09,475,1123
YS018610,2026-09-13 00:00:00,Y10,871,1339
YS018611,2026-09-13 08:00:00,Y01,1932,1995
YS018612,2026-09-13 08:00:00,Y02,644,1249
YS018613,2026-09-13 08:00:00,Y03,683,986
YS018614,2026-09-13 08:00:00,Y04,448,1113
YS018615,2026-09-13 08:00:00,Y05,405,930
YS018616,2026-09-13 08:00:00,Y06,1440,1758
YS018617,2026-09-13 08:00:00,Y07,579,1034
YS018618,2026-09-13 08:00:00,Y08,910,1028
YS018619,2026-09-13 08:00:00,Y09,1055,1123
YS018620,2026-09-13 08:00:00,Y10,896,1339
YS018621,2026-09-13 16:00:00,Y01,1560,1995
YS018622,2026-09-13 16:00:00,Y02,698,1249
YS018623,2026-09-13 16:00:00,Y03,629,986
YS018624,2026-09-13 16:00:00,Y04,914,1113
YS018625,2026-09-13 16:00:00,Y05,536,930
YS018626,2026-09-13 16:00:00,Y06,1281,1758
YS018627,2026-09-13 16:00:00,Y07,620,1034
YS018628,2026-09-13 16:00:00,Y08,819,1028
YS018629,2026-09-13 16:00:00,Y09,618,1123
YS018630,2026-09-13 16:00:00,Y10,1045,1339
YS018631,2026-09-14 00:00:00,Y01,1080,1995
YS018632,2026-09-14 00:00:00,Y02,745,1249
YS018633,2026-09-14 00:00:00,Y03,576,986
YS018634,2026-09-14 00:00:00,Y04,862,1113
YS018635,2026-09-14 00:00:00,Y05,816,930
YS018636,2026-09-14 00:00:00,Y06,1009,1758
YS018637,2026-09-14 00:00:00,Y07,917,1034
YS018638,2026-09-14 00:00:00,Y08,613,1028
YS018639,2026-09-14 00:00:00,Y09,857,1123
YS018640,2026-09-14 00:00:00,Y10,735,1339
YS018641,2026-09-14 08:00:00,Y01,1298,1995
YS018642,2026-09-14 08:00:00,Y02,1220,1249
YS018643,2026-09-14 08:00:00,Y03,504,986
YS018644,2026-09-14 08:00:00,Y04,462,1113
YS018645,2026-09-14 08:00:00,Y05,769,930
YS018646,2026-09-14 08:00:00,Y06,1317,1758
YS018647,2026-09-14 08:00:00,Y07,487,1034
YS018648,2026-09-14 08:00:00,Y08,955,1028
YS018649,2026-09-14 08:00:00,Y09,1075,1123
YS018650,2026-09-14 08:00:00,Y10,557,1339
YS018651,2026-09-14 16:00:00,Y01,1894,1995
YS018652,2026-09-14 16:00:00,Y02,1126,1249
YS018653,2026-09-14 16:00:00,Y03,895,986
YS018654,2026-09-14 16:00:00,Y04,855,1113
YS018655,2026-09-14 16:00:00,Y05,566,930
YS018656,2026-09-14 16:00:00,Y06,1196,1758
YS018657,2026-09-14 16:00:00,Y07,994,1034
YS018658,2026-09-14 16:00:00,Y08,672,1028
YS018659,2026-09-14 16:00:00,Y09,545,1123
YS018660,2026-09-14 16:00:00,Y10,743,1339
YS018661,2026-09-15 00:00:00,Y01,1498,1995
YS018662,2026-09-15 00:00:00,Y02,1204,1249
YS018663,2026-09-15 00:00:00,Y03,828,986
YS018664,2026-09-15 00:00:00,Y04,1065,1113
YS018665,2026-09-15 00:00:00,Y05,884,930
YS018666,2026-09-15 00:00:00,Y06,809,1758
YS018667,2026-09-15 00:00:00,Y07,616,1034
YS018668,2026-09-15 00:00:00,Y08,568,1028
YS018669,2026-09-15 00:00:00,Y09,468,1123
YS018670,2026-09-15 00:00:00,Y10,816,1339
YS018671,2026-09-15 08:00:00,Y01,1268,1995
YS018672,2026-09-15 08:00:00,Y02,596,1249
YS018673,2026-09-15 08:00:00,Y03,589,986
YS018674,2026-09-15 08:00:00,Y04,467,1113
YS018675,2026-09-15 08:00:00,Y05,568,930
YS018676,2026-09-15 08:00:00,Y06,1042,1758
YS018677,2026-09-15 08:00:00,Y07,873,1034
YS018678,2026-09-15 08:00:00,Y08,422,1028
YS018679,2026-09-15 08:00:00,Y09,497,1123
YS018680,2026-09-15 08:00:00,Y10,1214,1339
YS018681,2026-09-15 16:00:00,Y01,1569,1995
YS018682,2026-09-15 16:00:00,Y02,740,1249
YS018683,2026-09-15 16:00:00,Y03,582,986
YS018684,2026-09-15 16:00:00,Y04,491,1113
YS018685,2026-09-15 16:00:00,Y05,669,930
YS018686,2026-09-15 16:00:00,Y06,1308,1758
YS018687,2026-09-15 16:00:00,Y07,538,1034
YS018688,2026-09-15 16:00:00,Y08,513,1028
YS018689,2026-09-15 16:00:00,Y09,783,1123
YS018690,2026-09-15 16:00:00,Y10,667,1339
YS018691,2026-09-16 00:00:00,Y01,1361,1995
YS018692,2026-09-16 00:00:00,Y02,809,1249
YS018693,2026-09-16 00:00:00,Y03,547,986
YS018694,2026-09-16 00:00:00,Y04,642,1113
YS018695,2026-09-16 00:00:00,Y05,426,930
YS018696,2026-09-16 00:00:00,Y06,1429,1758
YS018697,2026-09-16 00:00:00,Y07,954,1034
YS018698,2026-09-16 00:00:00,Y08,806,1028
YS018699,2026-09-16 00:00:00,Y09,753,1123
YS018700,2026-09-16 00:00:00,Y10,920,1339
YS018701,2026-09-16 08:00:00,Y01,1546,1995
YS018702,2026-09-16 08:00:00,Y02,813,1249
YS018703,2026-09-16 08:00:00,Y03,866,986
YS018704,2026-09-16 08:00:00,Y04,451,1113
YS018705,2026-09-16 08:00:00,Y05,513,930
YS018706,2026-09-16 08:00:00,Y06,1279,1758
YS018707,2026-09-16 08:00:00,Y07,1009,1034
YS018708,2026-09-16 08:00:00,Y08,852,1028
YS018709,2026-09-16 08:00:00,Y09,752,1123
YS018710,2026-09-16 08:00:00,Y10,758,1339
YS018711,2026-09-16 16:00:00,Y01,1341,1995
YS018712,2026-09-16 16:00:00,Y02,575,1249
YS018713,2026-09-16 16:00:00,Y03,892,986
YS018714,2026-09-16 16:00:00,Y04,564,1113
YS018715,2026-09-16 16:00:00,Y05,533,930
YS018716,2026-09-16 16:00:00,Y06,1422,1758
YS018717,2026-09-16 16:00:00,Y07,710,1034
YS018718,2026-09-16 16:00:00,Y08,712,1028
YS018719,2026-09-16 16:00:00,Y09,884,1123
YS018720,2026-09-16 16:00:00,Y10,704,1339
YS018721,2026-09-17 00:00:00,Y01,1165,1995
YS018722,2026-09-17 00:00:00,Y02,718,1249
YS018723,2026-09-17 00:00:00,Y03,516,986
YS018724,2026-09-17 00:00:00,Y04,614,1113
YS018725,2026-09-17 00:00:00,Y05,806,930
YS018726,2026-09-17 00:00:00,Y06,1182,1758
YS018727,2026-09-17 00:00:00,Y07,931,1034
YS018728,2026-09-17 00:00:00,Y08,711,1028
YS018729,2026-09-17 00:00:00,Y09,885,1123
YS018730,2026-09-17 00:00:00,Y10,967,1339
YS018731,2026-09-17 08:00:00,Y01,1313,1995
YS018732,2026-09-17 08:00:00,Y02,888,1249
YS018733,2026-09-17 08:00:00,Y03,943,986
YS018734,2026-09-17 08:00:00,Y04,878,1113
YS018735,2026-09-17 08:00:00,Y05,899,930
YS018736,2026-09-17 08:00:00,Y06,1360,1758
YS018737,2026-09-17 08:00:00,Y07,609,1034
YS018738,2026-09-17 08:00:00,Y08,421,1028
YS018739,2026-09-17 08:00:00,Y09,929,1123
YS018740,2026-09-17 08:00:00,Y10,1229,1339
YS018741,2026-09-17 16:00:00,Y01,1600,1995
YS018742,2026-09-17 16:00:00,Y02,1209,1249
YS018743,2026-09-17 16:00:00,Y03,728,986
YS018744,2026-09-17 16:00:00,Y04,747,1113
YS018745,2026-09-17 16:00:00,Y05,780,930
YS018746,2026-09-17 16:00:00,Y06,1590,1758
YS018747,2026-09-17 16:00:00,Y07,761,1034
YS018748,2026-09-17 16:00:00,Y08,803,1028
YS018749,2026-09-17 16:00:00,Y09,768,1123
YS018750,2026-09-17 16:00:00,Y10,1195,1339
YS018751,2026-09-18 00:00:00,Y01,1638,1995
YS018752,2026-09-18 00:00:00,Y02,1192,1249
YS018753,2026-09-18 00:00:00,Y03,752,986
YS018754,2026-09-18 00:00:00,Y04,768,1113
YS018755,2026-09-18 00:00:00,Y05,626,930
YS018756,2026-09-18 00:00:00,Y06,1271,1758
YS018757,2026-09-18 00:00:00,Y07,748,1034
YS018758,2026-09-18 00:00:00,Y08,710,1028
YS018759,2026-09-18 00:00:00,Y09,964,1123
YS018760,2026-09-18 00:00:00,Y10,784,1339
YS018761,2026-09-18 08:00:00,Y01,1638,1995
YS018762,2026-09-18 08:00:00,Y02,1120,1249
YS018763,2026-09-18 08:00:00,Y03,947,986
YS018764,2026-09-18 08:00:00,Y04,1044,1113
YS018765,2026-09-18 08:00:00,Y05,639,930
YS018766,2026-09-18 08:00:00,Y06,1568,1758
YS018767,2026-09-18 08:00:00,Y07,879,1034
YS018768,2026-09-18 08:00:00,Y08,664,1028
YS018769,2026-09-18 08:00:00,Y09,918,1123
YS018770,2026-09-18 08:00:00,Y10,1292,1339
YS018771,2026-09-18 16:00:00,Y01,1665,1995
YS018772,2026-09-18 16:00:00,Y02,932,1249
YS018773,2026-09-18 16:00:00,Y03,780,986
YS018774,2026-09-18 16:00:00,Y04,471,1113
YS018775,2026-09-18 16:00:00,Y05,449,930
YS018776,2026-09-18 16:00:00,Y06,1313,1758
YS018777,2026-09-18 16:00:00,Y07,822,1034
YS018778,2026-09-18 16:00:00,Y08,425,1028
YS018779,2026-09-18 16:00:00,Y09,669,1123
YS018780,2026-09-18 16:00:00,Y10,835,1339
YS018781,2026-09-19 00:00:00,Y01,1632,1995
YS018782,2026-09-19 00:00:00,Y02,654,1249
YS018783,2026-09-19 00:00:00,Y03,785,986
YS018784,2026-09-19 00:00:00,Y04,899,1113
YS018785,2026-09-19 00:00:00,Y05,627,930
YS018786,2026-09-19 00:00:00,Y06,724,1758
YS018787,2026-09-19 00:00:00,Y07,721,1034
YS018788,2026-09-19 00:00:00,Y08,748,1028
YS018789,2026-09-19 00:00:00,Y09,1100,1123
YS018790,2026-09-19 00:00:00,Y10,1308,1339
YS018791,2026-09-19 08:00:00,Y01,1017,1995
YS018792,2026-09-19 08:00:00,Y02,962,1249
YS018793,2026-09-19 08:00:00,Y03,647,986
YS018794,2026-09-19 08:00:00,Y04,986,1113
YS018795,2026-09-19 08:00:00,Y05,708,930
YS018796,2026-09-19 08:00:00,Y06,909,1758
YS018797,2026-09-19 08:00:00,Y07,900,1034
YS018798,2026-09-19 08:00:00,Y08,496,1028
YS018799,2026-09-19 08:00:00,Y09,973,1123
YS018800,2026-09-19 08:00:00,Y10,1110,1339
YS018801,2026-09-19 16:00:00,Y01,1754,1995
YS018802,2026-09-19 16:00:00,Y02,859,1249
YS018803,2026-09-19 16:00:00,Y03,476,986
YS018804,2026-09-19 16:00:00,Y04,685,1113
YS018805,2026-09-19 16:00:00,Y05,520,930
YS018806,2026-09-19 16:00:00,Y06,1535,1758
YS018807,2026-09-19 16:00:00,Y07,759,1034
YS018808,2026-09-19 16:00:00,Y08,783,1028
YS018809,2026-09-19 16:00:00,Y09,1030,1123
YS018810,2026-09-19 16:00:00,Y10,766,1339
YS018811,2026-09-20 00:00:00,Y01,1534,1995
YS018812,2026-09-20 00:00:00,Y02,602,1249
YS018813,2026-09-20 00:00:00,Y03,396,986
YS018814,2026-09-20 00:00:00,Y04,778,1113
YS018815,2026-09-20 00:00:00,Y05,874,930
YS018816,2026-09-20 00:00:00,Y06,1525,1758
YS018817,2026-09-20 00:00:00,Y07,610,1034
YS018818,2026-09-20 00:00:00,Y08,946,1028
YS018819,2026-09-20 00:00:00,Y09,881,1123
YS018820,2026-09-20 00:00:00,Y10,1165,1339
YS018821,2026-09-20 08:00:00,Y01,1508,1995
YS018822,2026-09-20 08:00:00,Y02,678,1249
YS018823,2026-09-20 08:00:00,Y03,823,986
YS018824,2026-09-20 08:00:00,Y04,1027,1113
YS018825,2026-09-20 08:00:00,Y05,732,930
YS018826,2026-09-20 08:00:00,Y06,775,1758
YS018827,2026-09-20 08:00:00,Y07,866,1034
YS018828,2026-09-20 08:00:00,Y08,959,1028
YS018829,2026-09-20 08:00:00,Y09,470,1123
YS018830,2026-09-20 08:00:00,Y10,790,1339
YS018831,2026-09-20 16:00:00,Y01,869,1995
YS018832,2026-09-20 16:00:00,Y02,975,1249
YS018833,2026-09-20 16:00:00,Y03,808,986
YS018834,2026-09-20 16:00:00,Y04,621,1113
YS018835,2026-09-20 16:00:00,Y05,747,930
YS018836,2026-09-20 16:00:00,Y06,1227,1758
YS018837,2026-09-20 16:00:00,Y07,509,1034
YS018838,2026-09-20 16:00:00,Y08,631,1028
YS018839,2026-09-20 16:00:00,Y09,698,1123
YS018840,2026-09-20 16:00:00,Y10,943,1339
YS018841,2026-09-21 00:00:00,Y01,968,1995
YS018842,2026-09-21 00:00:00,Y02,1152,1249
YS018843,2026-09-21 00:00:00,Y03,483,986
YS018844,2026-09-21 00:00:00,Y04,1051,1113
YS018845,2026-09-21 00:00:00,Y05,642,930
YS018846,2026-09-21 00:00:00,Y06,995,1758
YS018847,2026-09-21 00:00:00,Y07,668,1034
YS018848,2026-09-21 00:00:00,Y08,556,1028
YS018849,2026-09-21 00:00:00,Y09,452,1123
YS018850,2026-09-21 00:00:00,Y10,1164,1339
YS018851,2026-09-21 08:00:00,Y01,1821,1995
YS018852,2026-09-21 08:00:00,Y02,700,1249
YS018853,2026-09-21 08:00:00,Y03,680,986
YS018854,2026-09-21 08:00:00,Y04,1075,1113
YS018855,2026-09-21 08:00:00,Y05,777,930
YS018856,2026-09-21 08:00:00,Y06,931,1758
YS018857,2026-09-21 08:00:00,Y07,730,1034
YS018858,2026-09-21 08:00:00,Y08,986,1028
YS018859,2026-09-21 08:00:00,Y09,597,1123
YS018860,2026-09-21 08:00:00,Y10,944,1339
YS018861,2026-09-21 16:00:00,Y01,1483,1995
YS018862,2026-09-21 16:00:00,Y02,534,1249
YS018863,2026-09-21 16:00:00,Y03,842,986
YS018864,2026-09-21 16:00:00,Y04,982,1113
YS018865,2026-09-21 16:00:00,Y05,817,930
YS018866,2026-09-21 16:00:00,Y06,927,1758
YS018867,2026-09-21 16:00:00,Y07,830,1034
YS018868,2026-09-21 16:00:00,Y08,857,1028
YS018869,2026-09-21 16:00:00,Y09,760,1123
YS018870,2026-09-21 16:00:00,Y10,1118,1339
YS018871,2026-09-22 00:00:00,Y01,1375,1995
YS018872,2026-09-22 00:00:00,Y02,549,1249
YS018873,2026-09-22 00:00:00,Y03,461,986
YS018874,2026-09-22 00:00:00,Y04,1049,1113
YS018875,2026-09-22 00:00:00,Y05,607,930
YS018876,2026-09-22 00:00:00,Y06,1019,1758
YS018877,2026-09-22 00:00:00,Y07,925,1034
YS018878,2026-09-22 00:00:00,Y08,673,1028
YS018879,2026-09-22 00:00:00,Y09,706,1123
YS018880,2026-09-22 00:00:00,Y10,1008,1339
YS018881,2026-09-22 08:00:00,Y01,1793,1995
YS018882,2026-09-22 08:00:00,Y02,741,1249
YS018883,2026-09-22 08:00:00,Y03,716,986
YS018884,2026-09-22 08:00:00,Y04,991,1113
YS018885,2026-09-22 08:00:00,Y05,565,930
YS018886,2026-09-22 08:00:00,Y06,1160,1758
YS018887,2026-09-22 08:00:00,Y07,981,1034
YS018888,2026-09-22 08:00:00,Y08,589,1028
YS018889,2026-09-22 08:00:00,Y09,609,1123
YS018890,2026-09-22 08:00:00,Y10,961,1339
YS018891,2026-09-22 16:00:00,Y01,1647,1995
YS018892,2026-09-22 16:00:00,Y02,518,1249
YS018893,2026-09-22 16:00:00,Y03,684,986
YS018894,2026-09-22 16:00:00,Y04,879,1113
YS018895,2026-09-22 16:00:00,Y05,872,930
YS018896,2026-09-22 16:00:00,Y06,918,1758
YS018897,2026-09-22 16:00:00,Y07,771,1034
YS018898,2026-09-22 16:00:00,Y08,573,1028
YS018899,2026-09-22 16:00:00,Y09,684,1123
YS018900,2026-09-22 16:00:00,Y10,1150,1339
YS018901,2026-09-23 00:00:00,Y01,1485,1995
YS018902,2026-09-23 00:00:00,Y02,532,1249
YS018903,2026-09-23 00:00:00,Y03,750,986
YS018904,2026-09-23 00:00:00,Y04,1033,1113
YS018905,2026-09-23 00:00:00,Y05,730,930
YS018906,2026-09-23 00:00:00,Y06,1468,1758
YS018907,2026-09-23 00:00:00,Y07,619,1034
YS018908,2026-09-23 00:00:00,Y08,661,1028
YS018909,2026-09-23 00:00:00,Y09,1047,1123
YS018910,2026-09-23 00:00:00,Y10,1251,1339
YS018911,2026-09-23 08:00:00,Y01,1275,1995
YS018912,2026-09-23 08:00:00,Y02,689,1249
YS018913,2026-09-23 08:00:00,Y03,755,986
YS018914,2026-09-23 08:00:00,Y04,700,1113
YS018915,2026-09-23 08:00:00,Y05,488,930
YS018916,2026-09-23 08:00:00,Y06,977,1758
YS018917,2026-09-23 08:00:00,Y07,735,1034
YS018918,2026-09-23 08:00:00,Y08,642,1028
YS018919,2026-09-23 08:00:00,Y09,874,1123
YS018920,2026-09-23 08:00:00,Y10,876,1339
YS018921,2026-09-23 16:00:00,Y01,1679,1995
YS018922,2026-09-23 16:00:00,Y02,1193,1249
YS018923,2026-09-23 16:00:00,Y03,439,986
YS018924,2026-09-23 16:00:00,Y04,450,1113
YS018925,2026-09-23 16:00:00,Y05,400,930
YS018926,2026-09-23 16:00:00,Y06,1195,1758
YS018927,2026-09-23 16:00:00,Y07,948,1034
YS018928,2026-09-23 16:00:00,Y08,605,1028
YS018929,2026-09-23 16:00:00,Y09,640,1123
YS018930,2026-09-23 16:00:00,Y10,993,1339
YS018931,2026-09-24 00:00:00,Y01,1035,1995
YS018932,2026-09-24 00:00:00,Y02,644,1249
YS018933,2026-09-24 00:00:00,Y03,754,986
YS018934,2026-09-24 00:00:00,Y04,835,1113
YS018935,2026-09-24 00:00:00,Y05,868,930
YS018936,2026-09-24 00:00:00,Y06,859,1758
YS018937,2026-09-24 00:00:00,Y07,748,1034
YS018938,2026-09-24 00:00:00,Y08,820,1028
YS018939,2026-09-24 00:00:00,Y09,974,1123
YS018940,2026-09-24 00:00:00,Y10,626,1339
YS018941,2026-09-24 08:00:00,Y01,1914,1995
YS018942,2026-09-24 08:00:00,Y02,832,1249
YS018943,2026-09-24 08:00:00,Y03,596,986
YS018944,2026-09-24 08:00:00,Y04,565,1113
YS018945,2026-09-24 08:00:00,Y05,438,930
YS018946,2026-09-24 08:00:00,Y06,1710,1758
YS018947,2026-09-24 08:00:00,Y07,955,1034
YS018948,2026-09-24 08:00:00,Y08,654,1028
YS018949,2026-09-24 08:00:00,Y09,589,1123
YS018950,2026-09-24 08:00:00,Y10,1036,1339
YS018951,2026-09-24 16:00:00,Y01,1396,1995
YS018952,2026-09-24 16:00:00,Y02,852,1249
YS018953,2026-09-24 16:00:00,Y03,756,986
YS018954,2026-09-24 16:00:00,Y04,642,1113
YS018955,2026-09-24 16:00:00,Y05,441,930
YS018956,2026-09-24 16:00:00,Y06,1150,1758
YS018957,2026-09-24 16:00:00,Y07,694,1034
YS018958,2026-09-24 16:00:00,Y08,531,1028
YS018959,2026-09-24 16:00:00,Y09,659,1123
YS018960,2026-09-24 16:00:00,Y10,659,1339
YS018961,2026-09-25 00:00:00,Y01,935,1995
YS018962,2026-09-25 00:00:00,Y02,1141,1249
YS018963,2026-09-25 00:00:00,Y03,778,986
YS018964,2026-09-25 00:00:00,Y04,712,1113
YS018965,2026-09-25 00:00:00,Y05,698,930
YS018966,2026-09-25 00:00:00,Y06,1330,1758
YS018967,2026-09-25 00:00:00,Y07,865,1034
YS018968,2026-09-25 00:00:00,Y08,525,1028
YS018969,2026-09-25 00:00:00,Y09,571,1123
YS018970,2026-09-25 00:00:00,Y10,1013,1339
YS018971,2026-09-25 08:00:00,Y01,1333,1995
YS018972,2026-09-25 08:00:00,Y02,1088,1249
YS018973,2026-09-25 08:00:00,Y03,493,986
YS018974,2026-09-25 08:00:00,Y04,566,1113
YS018975,2026-09-25 08:00:00,Y05,640,930
YS018976,2026-09-25 08:00:00,Y06,1429,1758
YS018977,2026-09-25 08:00:00,Y07,758,1034
YS018978,2026-09-25 08:00:00,Y08,476,1028
YS018979,2026-09-25 08:00:00,Y09,585,1123
YS018980,2026-09-25 08:00:00,Y10,1080,1339
YS018981,2026-09-25 16:00:00,Y01,1932,1995
YS018982,2026-09-25 16:00:00,Y02,563,1249
YS018983,2026-09-25 16:00:00,Y03,810,986
YS018984,2026-09-25 16:00:00,Y04,538,1113
YS018985,2026-09-25 16:00:00,Y05,604,930
YS018986,2026-09-25 16:00:00,Y06,933,1758
YS018987,2026-09-25 16:00:00,Y07,779,1034
YS018988,2026-09-25 16:00:00,Y08,989,1028
YS018989,2026-09-25 16:00:00,Y09,1044,1123
YS018990,2026-09-25 16:00:00,Y10,755,1339
YS018991,2026-09-26 00:00:00,Y01,1009,1995
YS018992,2026-09-26 00:00:00,Y02,1130,1249
YS018993,2026-09-26 00:00:00,Y03,687,986
YS018994,2026-09-26 00:00:00,Y04,974,1113
YS018995,2026-09-26 00:00:00,Y05,883,930
YS018996,2026-09-26 00:00:00,Y06,869,1758
YS018997,2026-09-26 00:00:00,Y07,506,1034
YS018998,2026-09-26 00:00:00,Y08,559,1028
YS018999,2026-09-26 00:00:00,Y09,565,1123
YS019000,2026-09-26 00:00:00,Y10,1214,1339
YS019001,2026-09-26 08:00:00,Y01,1863,1995
YS019002,2026-09-26 08:00:00,Y02,872,1249
YS019003,2026-09-26 08:00:00,Y03,507,986
YS019004,2026-09-26 08:00:00,Y04,1046,1113
YS019005,2026-09-26 08:00:00,Y05,475,930
YS019006,2026-09-26 08:00:00,Y06,943,1758
YS019007,2026-09-26 08:00:00,Y07,450,1034
YS019008,2026-09-26 08:00:00,Y08,629,1028
YS019009,2026-09-26 08:00:00,Y09,540,1123
YS019010,2026-09-26 08:00:00,Y10,1292,1339
YS019011,2026-09-26 16:00:00,Y01,1255,1995
YS019012,2026-09-26 16:00:00,Y02,1103,1249
YS019013,2026-09-26 16:00:00,Y03,578,986
YS019014,2026-09-26 16:00:00,Y04,622,1113
YS019015,2026-09-26 16:00:00,Y05,715,930
YS019016,2026-09-26 16:00:00,Y06,1195,1758
YS019017,2026-09-26 16:00:00,Y07,958,1034
YS019018,2026-09-26 16:00:00,Y08,776,1028
YS019019,2026-09-26 16:00:00,Y09,1067,1123
YS019020,2026-09-26 16:00:00,Y10,816,1339
YS019021,2026-09-27 00:00:00,Y01,1361,1995
YS019022,2026-09-27 00:00:00,Y02,922,1249
YS019023,2026-09-27 00:00:00,Y03,848,986
YS019024,2026-09-27 00:00:00,Y04,1081,1113
YS019025,2026-09-27 00:00:00,Y05,411,930
YS019026,2026-09-27 00:00:00,Y06,1176,1758
YS019027,2026-09-27 00:00:00,Y07,561,1034
YS019028,2026-09-27 00:00:00,Y08,890,1028
YS019029,2026-09-27 00:00:00,Y09,797,1123
YS019030,2026-09-27 00:00:00,Y10,1022,1339
YS019031,2026-09-27 08:00:00,Y01,1538,1995
YS019032,2026-09-27 08:00:00,Y02,1121,1249
YS019033,2026-09-27 08:00:00,Y03,539,986
YS019034,2026-09-27 08:00:00,Y04,842,1113
YS019035,2026-09-27 08:00:00,Y05,536,930
YS019036,2026-09-27 08:00:00,Y06,1213,1758
YS019037,2026-09-27 08:00:00,Y07,746,1034
YS019038,2026-09-27 08:00:00,Y08,518,1028
YS019039,2026-09-27 08:00:00,Y09,704,1123
YS019040,2026-09-27 08:00:00,Y10,735,1339
YS019041,2026-09-27 16:00:00,Y01,1800,1995
YS019042,2026-09-27 16:00:00,Y02,713,1249
YS019043,2026-09-27 16:00:00,Y03,633,986
YS019044,2026-09-27 16:00:00,Y04,820,1113
YS019045,2026-09-27 16:00:00,Y05,374,930
YS019046,2026-09-27 16:00:00,Y06,1703,1758
YS019047,2026-09-27 16:00:00,Y07,702,1034
YS019048,2026-09-27 16:00:00,Y08,694,1028
YS019049,2026-09-27 16:00:00,Y09,1034,1123
YS019050,2026-09-27 16:00:00,Y10,853,1339
YS019051,2026-09-28 00:00:00,Y01,1914,1995
YS019052,2026-09-28 00:00:00,Y02,931,1249
YS019053,2026-09-28 00:00:00,Y03,643,986
YS019054,2026-09-28 00:00:00,Y04,502,1113
YS019055,2026-09-28 00:00:00,Y05,596,930
YS019056,2026-09-28 00:00:00,Y06,1531,1758
YS019057,2026-09-28 00:00:00,Y07,902,1034
YS019058,2026-09-28 00:00:00,Y08,452,1028
YS019059,2026-09-28 00:00:00,Y09,1062,1123
YS019060,2026-09-28 00:00:00,Y10,1247,1339
YS019061,2026-09-28 08:00:00,Y01,1581,1995
YS019062,2026-09-28 08:00:00,Y02,773,1249
YS019063,2026-09-28 08:00:00,Y03,879,986
YS019064,2026-09-28 08:00:00,Y04,629,1113
YS019065,2026-09-28 08:00:00,Y05,716,930
YS019066,2026-09-28 08:00:00,Y06,1211,1758
YS019067,2026-09-28 08:00:00,Y07,924,1034
YS019068,2026-09-28 08:00:00,Y08,881,1028
YS019069,2026-09-28 08:00:00,Y09,695,1123
YS019070,2026-09-28 08:00:00,Y10,1173,1339
YS019071,2026-09-28 16:00:00,Y01,880,1995
YS019072,2026-09-28 16:00:00,Y02,997,1249
YS019073,2026-09-28 16:00:00,Y03,922,986
YS019074,2026-09-28 16:00:00,Y04,1028,1113
YS019075,2026-09-28 16:00:00,Y05,833,930
YS019076,2026-09-28 16:00:00,Y06,1357,1758
YS019077,2026-09-28 16:00:00,Y07,751,1034
YS019078,2026-09-28 16:00:00,Y08,927,1028
YS019079,2026-09-28 16:00:00,Y09,797,1123
YS019080,2026-09-28 16:00:00,Y10,953,1339
YS019081,2026-09-29 00:00:00,Y01,1878,1995
YS019082,2026-09-29 00:00:00,Y02,565,1249
YS019083,2026-09-29 00:00:00,Y03,510,986
YS019084,2026-09-29 00:00:00,Y04,1062,1113
YS019085,2026-09-29 00:00:00,Y05,825,930
YS019086,2026-09-29 00:00:00,Y06,1402,1758
YS019087,2026-09-29 00:00:00,Y07,785,1034
YS019088,2026-09-29 00:00:00,Y08,476,1028
YS019089,2026-09-29 00:00:00,Y09,846,1123
YS019090,2026-09-29 00:00:00,Y10,1302,1339
YS019091,2026-09-29 08:00:00,Y01,1788,1995
YS019092,2026-09-29 08:00:00,Y02,1135,1249
YS019093,2026-09-29 08:00:00,Y03,536,986
YS019094,2026-09-29 08:00:00,Y04,1063,1113
YS019095,2026-09-29 08:00:00,Y05,677,930
YS019096,2026-09-29 08:00:00,Y06,1061,1758
YS019097,2026-09-29 08:00:00,Y07,916,1034
YS019098,2026-09-29 08:00:00,Y08,481,1028
YS019099,2026-09-29 08:00:00,Y09,863,1123
YS019100,2026-09-29 08:00:00,Y10,922,1339
YS019101,2026-09-29 16:00:00,Y01,1556,1995
YS019102,2026-09-29 16:00:00,Y02,970,1249
YS019103,2026-09-29 16:00:00,Y03,650,986
YS019104,2026-09-29 16:00:00,Y04,1061,1113
YS019105,2026-09-29 16:00:00,Y05,729,930
YS019106,2026-09-29 16:00:00,Y06,1065,1758
YS019107,2026-09-29 16:00:00,Y07,502,1034
YS019108,2026-09-29 16:00:00,Y08,466,1028
YS019109,2026-09-29 16:00:00,Y09,816,1123
YS019110,2026-09-29 16:00:00,Y10,873,1339
YS019111,2026-09-30 00:00:00,Y01,1132,1995
YS019112,2026-09-30 00:00:00,Y02,1087,1249
YS019113,2026-09-30 00:00:00,Y03,869,986
YS019114,2026-09-30 00:00:00,Y04,1053,1113
YS019115,2026-09-30 00:00:00,Y05,494,930
YS019116,2026-09-30 00:00:00,Y06,1567,1758
YS019117,2026-09-30 00:00:00,Y07,432,1034
YS019118,2026-09-30 00:00:00,Y08,454,1028
YS019119,2026-09-30 00:00:00,Y09,577,1123
YS019120,2026-09-30 00:00:00,Y10,1297,1339
YS019121,2026-09-30 08:00:00,Y01,866,1995
YS019122,2026-09-30 08:00:00,Y02,724,1249
YS019123,2026-09-30 08:00:00,Y03,613,986
YS019124,2026-09-30 08:00:00,Y04,1075,1113
YS019125,2026-09-30 08:00:00,Y05,851,930
YS019126,2026-09-30 08:00:00,Y06,1672,1758
YS019127,2026-09-30 08:00:00,Y07,475,1034
YS019128,2026-09-30 08:00:00,Y08,916,1028
YS019129,2026-09-30 08:00:00,Y09,1043,1123
YS019130,2026-09-30 08:00:00,Y10,811,1339
YS019131,2026-09-30 16:00:00,Y01,969,1995
YS019132,2026-09-30 16:00:00,Y02,955,1249
YS019133,2026-09-30 16:00:00,Y03,732,986
YS019134,2026-09-30 16:00:00,Y04,957,1113
YS019135,2026-09-30 16:00:00,Y05,770,930
YS019136,2026-09-30 16:00:00,Y06,1338,1758
YS019137,2026-09-30 16:00:00,Y07,906,1034
YS019138,2026-09-30 16:00:00,Y08,657,1028
YS019139,2026-09-30 16:00:00,Y09,599,1123
YS019140,2026-09-30 16:00:00,Y10,687,1339
YS019141,2026-10-01 00:00:00,Y01,1325,1995
YS019142,2026-10-01 00:00:00,Y02,581,1249
YS019143,2026-10-01 00:00:00,Y03,929,986
YS019144,2026-10-01 00:00:00,Y04,659,1113
YS019145,2026-10-01 00:00:00,Y05,696,930
YS019146,2026-10-01 00:00:00,Y06,1517,1758
YS019147,2026-10-01 00:00:00,Y07,985,1034
YS019148,2026-10-01 00:00:00,Y08,720,1028
YS019149,2026-10-01 00:00:00,Y09,590,1123
YS019150,2026-10-01 00:00:00,Y10,777,1339
YS019151,2026-10-01 08:00:00,Y01,1042,1995
YS019152,2026-10-01 08:00:00,Y02,786,1249
YS019153,2026-10-01 08:00:00,Y03,554,986
YS019154,2026-10-01 08:00:00,Y04,1031,1113
YS019155,2026-10-01 08:00:00,Y05,372,930
YS019156,2026-10-01 08:00:00,Y06,1070,1758
YS019157,2026-10-01 08:00:00,Y07,834,1034
YS019158,2026-10-01 08:00:00,Y08,687,1028
YS019159,2026-10-01 08:00:00,Y09,1028,1123
YS019160,2026-10-01 08:00:00,Y10,659,1339
YS019161,2026-10-01 16:00:00,Y01,1211,1995
YS019162,2026-10-01 16:00:00,Y02,569,1249
YS019163,2026-10-01 16:00:00,Y03,408,986
YS019164,2026-10-01 16:00:00,Y04,810,1113
YS019165,2026-10-01 16:00:00,Y05,534,930
YS019166,2026-10-01 16:00:00,Y06,1175,1758
YS019167,2026-10-01 16:00:00,Y07,648,1034
YS019168,2026-10-01 16:00:00,Y08,517,1028
YS019169,2026-10-01 16:00:00,Y09,548,1123
YS019170,2026-10-01 16:00:00,Y10,935,1339
YS019171,2026-10-02 00:00:00,Y01,1583,1995
YS019172,2026-10-02 00:00:00,Y02,1064,1249
YS019173,2026-10-02 00:00:00,Y03,512,986
YS019174,2026-10-02 00:00:00,Y04,803,1113
YS019175,2026-10-02 00:00:00,Y05,739,930
YS019176,2026-10-02 00:00:00,Y06,1594,1758
YS019177,2026-10-02 00:00:00,Y07,490,1034
YS019178,2026-10-02 00:00:00,Y08,612,1028
YS019179,2026-10-02 00:00:00,Y09,680,1123
YS019180,2026-10-02 00:00:00,Y10,569,1339
YS019181,2026-10-02 08:00:00,Y01,1792,1995
YS019182,2026-10-02 08:00:00,Y02,973,1249
YS019183,2026-10-02 08:00:00,Y03,567,986
YS019184,2026-10-02 08:00:00,Y04,890,1113
YS019185,2026-10-02 08:00:00,Y05,433,930
YS019186,2026-10-02 08:00:00,Y06,1320,1758
YS019187,2026-10-02 08:00:00,Y07,714,1034
YS019188,2026-10-02 08:00:00,Y08,720,1028
YS019189,2026-10-02 08:00:00,Y09,942,1123
YS019190,2026-10-02 08:00:00,Y10,871,1339
YS019191,2026-10-02 16:00:00,Y01,1285,1995
YS019192,2026-10-02 16:00:00,Y02,1164,1249
YS019193,2026-10-02 16:00:00,Y03,919,986
YS019194,2026-10-02 16:00:00,Y04,495,1113
YS019195,2026-10-02 16:00:00,Y05,705,930
YS019196,2026-10-02 16:00:00,Y06,851,1758
YS019197,2026-10-02 16:00:00,Y07,986,1034
YS019198,2026-10-02 16:00:00,Y08,771,1028
YS019199,2026-10-02 16:00:00,Y09,937,1123
YS019200,2026-10-02 16:00:00,Y10,1006,1339
YS019201,2026-10-03 00:00:00,Y01,1579,1995
YS019202,2026-10-03 00:00:00,Y02,865,1249
YS019203,2026-10-03 00:00:00,Y03,740,986
YS019204,2026-10-03 00:00:00,Y04,623,1113
YS019205,2026-10-03 00:00:00,Y05,684,930
YS019206,2026-10-03 00:00:00,Y06,786,1758
YS019207,2026-10-03 00:00:00,Y07,513,1034
YS019208,2026-10-03 00:00:00,Y08,589,1028
YS019209,2026-10-03 00:00:00,Y09,1098,1123
YS019210,2026-10-03 00:00:00,Y10,923,1339
YS019211,2026-10-03 08:00:00,Y01,1862,1995
YS019212,2026-10-03 08:00:00,Y02,1035,1249
YS019213,2026-10-03 08:00:00,Y03,813,986
YS019214,2026-10-03 08:00:00,Y04,1019,1113
YS019215,2026-10-03 08:00:00,Y05,592,930
YS019216,2026-10-03 08:00:00,Y06,1420,1758
YS019217,2026-10-03 08:00:00,Y07,484,1034
YS019218,2026-10-03 08:00:00,Y08,711,1028
YS019219,2026-10-03 08:00:00,Y09,884,1123
YS019220,2026-10-03 08:00:00,Y10,1000,1339
YS019221,2026-10-03 16:00:00,Y01,1684,1995
YS019222,2026-10-03 16:00:00,Y02,654,1249
YS019223,2026-10-03 16:00:00,Y03,412,986
YS019224,2026-10-03 16:00:00,Y04,941,1113
YS019225,2026-10-03 16:00:00,Y05,448,930
YS019226,2026-10-03 16:00:00,Y06,720,1758
YS019227,2026-10-03 16:00:00,Y07,570,1034
YS019228,2026-10-03 16:00:00,Y08,787,1028
YS019229,2026-10-03 16:00:00,Y09,933,1123
YS019230,2026-10-03 16:00:00,Y10,961,1339
YS019231,2026-10-04 00:00:00,Y01,1818,1995
YS019232,2026-10-04 00:00:00,Y02,926,1249
YS019233,2026-10-04 00:00:00,Y03,601,986
YS019234,2026-10-04 00:00:00,Y04,1040,1113
YS019235,2026-10-04 00:00:00,Y05,720,930
YS019236,2026-10-04 00:00:00,Y06,1005,1758
YS019237,2026-10-04 00:00:00,Y07,952,1034
YS019238,2026-10-04 00:00:00,Y08,694,1028
YS019239,2026-10-04 00:00:00,Y09,884,1123
YS019240,2026-10-04 00:00:00,Y10,839,1339
YS019241,2026-10-04 08:00:00,Y01,1302,1995
YS019242,2026-10-04 08:00:00,Y02,613,1249
YS019243,2026-10-04 08:00:00,Y03,790,986
YS019244,2026-10-04 08:00:00,Y04,581,1113
YS019245,2026-10-04 08:00:00,Y05,673,930
YS019246,2026-10-04 08:00:00,Y06,1566,1758
YS019247,2026-10-04 08:00:00,Y07,685,1034
YS019248,2026-10-04 08:00:00,Y08,898,1028
YS019249,2026-10-04 08:00:00,Y09,991,1123
YS019250,2026-10-04 08:00:00,Y10,679,1339
YS019251,2026-10-04 16:00:00,Y01,1647,1995
YS019252,2026-10-04 16:00:00,Y02,659,1249
YS019253,2026-10-04 16:00:00,Y03,722,986
YS019254,2026-10-04 16:00:00,Y04,519,1113
YS019255,2026-10-04 16:00:00,Y05,841,930
YS019256,2026-10-04 16:00:00,Y06,1183,1758
YS019257,2026-10-04 16:00:00,Y07,804,1034
YS019258,2026-10-04 16:00:00,Y08,936,1028
YS019259,2026-10-04 16:00:00,Y09,847,1123
YS019260,2026-10-04 16:00:00,Y10,1007,1339
YS019261,2026-10-05 00:00:00,Y01,1484,1995
YS019262,2026-10-05 00:00:00,Y02,616,1249
YS019263,2026-10-05 00:00:00,Y03,926,986
YS019264,2026-10-05 00:00:00,Y04,1075,1113
YS019265,2026-10-05 00:00:00,Y05,508,930
YS019266,2026-10-05 00:00:00,Y06,929,1758
YS019267,2026-10-05 00:00:00,Y07,801,1034
YS019268,2026-10-05 00:00:00,Y08,597,1028
YS019269,2026-10-05 00:00:00,Y09,1041,1123
YS019270,2026-10-05 00:00:00,Y10,1134,1339
YS019271,2026-10-05 08:00:00,Y01,1112,1995
YS019272,2026-10-05 08:00:00,Y02,634,1249
YS019273,2026-10-05 08:00:00,Y03,438,986
YS019274,2026-10-05 08:00:00,Y04,475,1113
YS019275,2026-10-05 08:00:00,Y05,877,930
YS019276,2026-10-05 08:00:00,Y06,941,1758
YS019277,2026-10-05 08:00:00,Y07,445,1034
YS019278,2026-10-05 08:00:00,Y08,618,1028
YS019279,2026-10-05 08:00:00,Y09,642,1123
YS019280,2026-10-05 08:00:00,Y10,1037,1339
YS019281,2026-10-05 16:00:00,Y01,1779,1995
YS019282,2026-10-05 16:00:00,Y02,1080,1249
YS019283,2026-10-05 16:00:00,Y03,739,986
YS019284,2026-10-05 16:00:00,Y04,703,1113
YS019285,2026-10-05 16:00:00,Y05,449,930
YS019286,2026-10-05 16:00:00,Y06,1692,1758
YS019287,2026-10-05 16:00:00,Y07,586,1034
YS019288,2026-10-05 16:00:00,Y08,781,1028
YS019289,2026-10-05 16:00:00,Y09,871,1123
YS019290,2026-10-05 16:00:00,Y10,832,1339
YS019291,2026-10-06 00:00:00,Y01,1479,1995
YS019292,2026-10-06 00:00:00,Y02,871,1249
YS019293,2026-10-06 00:00:00,Y03,516,986
YS019294,2026-10-06 00:00:00,Y04,704,1113
YS019295,2026-10-06 00:00:00,Y05,812,930
YS019296,2026-10-06 00:00:00,Y06,1151,1758
YS019297,2026-10-06 00:00:00,Y07,927,1034
YS019298,2026-10-06 00:00:00,Y08,751,1028
YS019299,2026-10-06 00:00:00,Y09,945,1123
YS019300,2026-10-06 00:00:00,Y10,917,1339
YS019301,2026-10-06 08:00:00,Y01,886,1995
YS019302,2026-10-06 08:00:00,Y02,817,1249
YS019303,2026-10-06 08:00:00,Y03,959,986
YS019304,2026-10-06 08:00:00,Y04,858,1113
YS019305,2026-10-06 08:00:00,Y05,378,930
YS019306,2026-10-06 08:00:00,Y06,1454,1758
YS019307,2026-10-06 08:00:00,Y07,1001,1034
YS019308,2026-10-06 08:00:00,Y08,522,1028
YS019309,2026-10-06 08:00:00,Y09,900,1123
YS019310,2026-10-06 08:00:00,Y10,843,1339
YS019311,2026-10-06 16:00:00,Y01,827,1995
YS019312,2026-10-06 16:00:00,Y02,1147,1249
YS019313,2026-10-06 16:00:00,Y03,438,986
YS019314,2026-10-06 16:00:00,Y04,1062,1113
YS019315,2026-10-06 16:00:00,Y05,595,930
YS019316,2026-10-06 16:00:00,Y06,749,1758
YS019317,2026-10-06 16:00:00,Y07,590,1034
YS019318,2026-10-06 16:00:00,Y08,528,1028
YS019319,2026-10-06 16:00:00,Y09,802,1123
YS019320,2026-10-06 16:00:00,Y10,645,1339
YS019321,2026-10-07 00:00:00,Y01,1533,1995
YS019322,2026-10-07 00:00:00,Y02,1137,1249
YS019323,2026-10-07 00:00:00,Y03,838,986
YS019324,2026-10-07 00:00:00,Y04,792,1113
YS019325,2026-10-07 00:00:00,Y05,567,930
YS019326,2026-10-07 00:00:00,Y06,1075,1758
YS019327,2026-10-07 00:00:00,Y07,652,1034
YS019328,2026-10-07 00:00:00,Y08,442,1028
YS019329,2026-10-07 00:00:00,Y09,533,1123
YS019330,2026-10-07 00:00:00,Y10,566,1339
YS019331,2026-10-07 08:00:00,Y01,1953,1995
YS019332,2026-10-07 08:00:00,Y02,1141,1249
YS019333,2026-10-07 08:00:00,Y03,402,986
YS019334,2026-10-07 08:00:00,Y04,885,1113
YS019335,2026-10-07 08:00:00,Y05,740,930
YS019336,2026-10-07 08:00:00,Y06,1030,1758
YS019337,2026-10-07 08:00:00,Y07,633,1034
YS019338,2026-10-07 08:00:00,Y08,613,1028
YS019339,2026-10-07 08:00:00,Y09,507,1123
YS019340,2026-10-07 08:00:00,Y10,615,1339
YS019341,2026-10-07 16:00:00,Y01,1046,1995
YS019342,2026-10-07 16:00:00,Y02,1151,1249
YS019343,2026-10-07 16:00:00,Y03,651,986
YS019344,2026-10-07 16:00:00,Y04,862,1113
YS019345,2026-10-07 16:00:00,Y05,505,930
YS019346,2026-10-07 16:00:00,Y06,1476,1758
YS019347,2026-10-07 16:00:00,Y07,772,1034
YS019348,2026-10-07 16:00:00,Y08,440,1028
YS019349,2026-10-07 16:00:00,Y09,971,1123
YS019350,2026-10-07 16:00:00,Y10,1212,1339
YS019351,2026-10-08 00:00:00,Y01,1425,1995
YS019352,2026-10-08 00:00:00,Y02,670,1249
YS019353,2026-10-08 00:00:00,Y03,595,986
YS019354,2026-10-08 00:00:00,Y04,725,1113
YS019355,2026-10-08 00:00:00,Y05,883,930
YS019356,2026-10-08 00:00:00,Y06,1463,1758
YS019357,2026-10-08 00:00:00,Y07,502,1034
YS019358,2026-10-08 00:00:00,Y08,931,1028
YS019359,2026-10-08 00:00:00,Y09,829,1123
YS019360,2026-10-08 00:00:00,Y10,1012,1339
YS019361,2026-10-08 08:00:00,Y01,1413,1995
YS019362,2026-10-08 08:00:00,Y02,533,1249
YS019363,2026-10-08 08:00:00,Y03,895,986
YS019364,2026-10-08 08:00:00,Y04,822,1113
YS019365,2026-10-08 08:00:00,Y05,566,930
YS019366,2026-10-08 08:00:00,Y06,911,1758
YS019367,2026-10-08 08:00:00,Y07,563,1034
YS019368,2026-10-08 08:00:00,Y08,706,1028
YS019369,2026-10-08 08:00:00,Y09,547,1123
YS019370,2026-10-08 08:00:00,Y10,563,1339
YS019371,2026-10-08 16:00:00,Y01,1532,1995
YS019372,2026-10-08 16:00:00,Y02,500,1249
YS019373,2026-10-08 16:00:00,Y03,785,986
YS019374,2026-10-08 16:00:00,Y04,492,1113
YS019375,2026-10-08 16:00:00,Y05,382,930
YS019376,2026-10-08 16:00:00,Y06,1281,1758
YS019377,2026-10-08 16:00:00,Y07,603,1034
YS019378,2026-10-08 16:00:00,Y08,886,1028
YS019379,2026-10-08 16:00:00,Y09,694,1123
YS019380,2026-10-08 16:00:00,Y10,1127,1339
YS019381,2026-10-09 00:00:00,Y01,1143,1995
YS019382,2026-10-09 00:00:00,Y02,503,1249
YS019383,2026-10-09 00:00:00,Y03,823,986
YS019384,2026-10-09 00:00:00,Y04,1086,1113
YS019385,2026-10-09 00:00:00,Y05,390,930
YS019386,2026-10-09 00:00:00,Y06,1382,1758
YS019387,2026-10-09 00:00:00,Y07,1000,1034
YS019388,2026-10-09 00:00:00,Y08,891,1028
YS019389,2026-10-09 00:00:00,Y09,831,1123
YS019390,2026-10-09 00:00:00,Y10,1203,1339
YS019391,2026-10-09 08:00:00,Y01,1708,1995
YS019392,2026-10-09 08:00:00,Y02,1037,1249
YS019393,2026-10-09 08:00:00,Y03,854,986
YS019394,2026-10-09 08:00:00,Y04,928,1113
YS019395,2026-10-09 08:00:00,Y05,658,930
YS019396,2026-10-09 08:00:00,Y06,1129,1758
YS019397,2026-10-09 08:00:00,Y07,604,1034
YS019398,2026-10-09 08:00:00,Y08,507,1028
YS019399,2026-10-09 08:00:00,Y09,810,1123
YS019400,2026-10-09 08:00:00,Y10,852,1339
YS019401,2026-10-09 16:00:00,Y01,1123,1995
YS019402,2026-10-09 16:00:00,Y02,797,1249
YS019403,2026-10-09 16:00:00,Y03,564,986
YS019404,2026-10-09 16:00:00,Y04,859,1113
YS019405,2026-10-09 16:00:00,Y05,691,930
YS019406,2026-10-09 16:00:00,Y06,1368,1758
YS019407,2026-10-09 16:00:00,Y07,724,1034
YS019408,2026-10-09 16:00:00,Y08,717,1028
YS019409,2026-10-09 16:00:00,Y09,822,1123
YS019410,2026-10-09 16:00:00,Y10,1200,1339
YS019411,2026-10-10 00:00:00,Y01,967,1995
YS019412,2026-10-10 00:00:00,Y02,1104,1249
YS019413,2026-10-10 00:00:00,Y03,603,986
YS019414,2026-10-10 00:00:00,Y04,1024,1113
YS019415,2026-10-10 00:00:00,Y05,722,930
YS019416,2026-10-10 00:00:00,Y06,1403,1758
YS019417,2026-10-10 00:00:00,Y07,720,1034
YS019418,2026-10-10 00:00:00,Y08,491,1028
YS019419,2026-10-10 00:00:00,Y09,806,1123
YS019420,2026-10-10 00:00:00,Y10,1180,1339
YS019421,2026-10-10 08:00:00,Y01,1784,1995
YS019422,2026-10-10 08:00:00,Y02,954,1249
YS019423,2026-10-10 08:00:00,Y03,923,986
YS019424,2026-10-10 08:00:00,Y04,676,1113
YS019425,2026-10-10 08:00:00,Y05,463,930
YS019426,2026-10-10 08:00:00,Y06,997,1758
YS019427,2026-10-10 08:00:00,Y07,571,1034
YS019428,2026-10-10 08:00:00,Y08,984,1028
YS019429,2026-10-10 08:00:00,Y09,1092,1123
YS019430,2026-10-10 08:00:00,Y10,971,1339
YS019431,2026-10-10 16:00:00,Y01,806,1995
YS019432,2026-10-10 16:00:00,Y02,856,1249
YS019433,2026-10-10 16:00:00,Y03,709,986
YS019434,2026-10-10 16:00:00,Y04,775,1113
YS019435,2026-10-10 16:00:00,Y05,631,930
YS019436,2026-10-10 16:00:00,Y06,773,1758
YS019437,2026-10-10 16:00:00,Y07,913,1034
YS019438,2026-10-10 16:00:00,Y08,444,1028
YS019439,2026-10-10 16:00:00,Y09,652,1123
YS019440,2026-10-10 16:00:00,Y10,647,1339
YS019441,2026-10-11 00:00:00,Y01,891,1995
YS019442,2026-10-11 00:00:00,Y02,968,1249
YS019443,2026-10-11 00:00:00,Y03,583,986
YS019444,2026-10-11 00:00:00,Y04,981,1113
YS019445,2026-10-11 00:00:00,Y05,483,930
YS019446,2026-10-11 00:00:00,Y06,763,1758
YS019447,2026-10-11 00:00:00,Y07,978,1034
YS019448,2026-10-11 00:00:00,Y08,970,1028
YS019449,2026-10-11 00:00:00,Y09,751,1123
YS019450,2026-10-11 00:00:00,Y10,872,1339
YS019451,2026-10-11 08:00:00,Y01,1233,1995
YS019452,2026-10-11 08:00:00,Y02,1097,1249
YS019453,2026-10-11 08:00:00,Y03,531,986
YS019454,2026-10-11 08:00:00,Y04,594,1113
YS019455,2026-10-11 08:00:00,Y05,568,930
YS019456,2026-10-11 08:00:00,Y06,1073,1758
YS019457,2026-10-11 08:00:00,Y07,574,1034
YS019458,2026-10-11 08:00:00,Y08,527,1028
YS019459,2026-10-11 08:00:00,Y09,742,1123
YS019460,2026-10-11 08:00:00,Y10,813,1339
YS019461,2026-10-11 16:00:00,Y01,1159,1995
YS019462,2026-10-11 16:00:00,Y02,1146,1249
YS019463,2026-10-11 16:00:00,Y03,664,986
YS019464,2026-10-11 16:00:00,Y04,623,1113
YS019465,2026-10-11 16:00:00,Y05,440,930
YS019466,2026-10-11 16:00:00,Y06,730,1758
YS019467,2026-10-11 16:00:00,Y07,462,1034
YS019468,2026-10-11 16:00:00,Y08,560,1028
YS019469,2026-10-11 16:00:00,Y09,746,1123
YS019470,2026-10-11 16:00:00,Y10,931,1339
YS019471,2026-10-12 00:00:00,Y01,932,1995
YS019472,2026-10-12 00:00:00,Y02,1052,1249
YS019473,2026-10-12 00:00:00,Y03,719,986
YS019474,2026-10-12 00:00:00,Y04,853,1113
YS019475,2026-10-12 00:00:00,Y05,907,930
YS019476,2026-10-12 00:00:00,Y06,1436,1758
YS019477,2026-10-12 00:00:00,Y07,959,1034
YS019478,2026-10-12 00:00:00,Y08,461,1028
YS019479,2026-10-12 00:00:00,Y09,726,1123
YS019480,2026-10-12 00:00:00,Y10,809,1339
YS019481,2026-10-12 08:00:00,Y01,1165,1995
YS019482,2026-10-12 08:00:00,Y02,722,1249
YS019483,2026-10-12 08:00:00,Y03,743,986
YS019484,2026-10-12 08:00:00,Y04,488,1113
YS019485,2026-10-12 08:00:00,Y05,663,930
YS019486,2026-10-12 08:00:00,Y06,864,1758
YS019487,2026-10-12 08:00:00,Y07,952,1034
YS019488,2026-10-12 08:00:00,Y08,973,1028
YS019489,2026-10-12 08:00:00,Y09,934,1123
YS019490,2026-10-12 08:00:00,Y10,557,1339
YS019491,2026-10-12 16:00:00,Y01,1548,1995
YS019492,2026-10-12 16:00:00,Y02,958,1249
YS019493,2026-10-12 16:00:00,Y03,649,986
YS019494,2026-10-12 16:00:00,Y04,701,1113
YS019495,2026-10-12 16:00:00,Y05,763,930
YS019496,2026-10-12 16:00:00,Y06,1073,1758
YS019497,2026-10-12 16:00:00,Y07,702,1034
YS019498,2026-10-12 16:00:00,Y08,868,1028
YS019499,2026-10-12 16:00:00,Y09,780,1123
YS019500,2026-10-12 16:00:00,Y10,1234,1339
YS019501,2026-10-13 00:00:00,Y01,1953,1995
YS019502,2026-10-13 00:00:00,Y02,635,1249
YS019503,2026-10-13 00:00:00,Y03,534,986
YS019504,2026-10-13 00:00:00,Y04,1067,1113
YS019505,2026-10-13 00:00:00,Y05,460,930
YS019506,2026-10-13 00:00:00,Y06,1646,1758
YS019507,2026-10-13 00:00:00,Y07,631,1034
YS019508,2026-10-13 00:00:00,Y08,729,1028
YS019509,2026-10-13 00:00:00,Y09,556,1123
YS019510,2026-10-13 00:00:00,Y10,678,1339
YS019511,2026-10-13 08:00:00,Y01,1062,1995
YS019512,2026-10-13 08:00:00,Y02,749,1249
YS019513,2026-10-13 08:00:00,Y03,442,986
YS019514,2026-10-13 08:00:00,Y04,542,1113
YS019515,2026-10-13 08:00:00,Y05,519,930
YS019516,2026-10-13 08:00:00,Y06,809,1758
YS019517,2026-10-13 08:00:00,Y07,550,1034
YS019518,2026-10-13 08:00:00,Y08,874,1028
YS019519,2026-10-13 08:00:00,Y09,462,1123
YS019520,2026-10-13 08:00:00,Y10,933,1339
YS019521,2026-10-13 16:00:00,Y01,1604,1995
YS019522,2026-10-13 16:00:00,Y02,854,1249
YS019523,2026-10-13 16:00:00,Y03,643,986
YS019524,2026-10-13 16:00:00,Y04,603,1113
YS019525,2026-10-13 16:00:00,Y05,464,930
YS019526,2026-10-13 16:00:00,Y06,922,1758
YS019527,2026-10-13 16:00:00,Y07,566,1034
YS019528,2026-10-13 16:00:00,Y08,550,1028
YS019529,2026-10-13 16:00:00,Y09,757,1123
YS019530,2026-10-13 16:00:00,Y10,1188,1339
YS019531,2026-10-14 00:00:00,Y01,929,1995
YS019532,2026-10-14 00:00:00,Y02,705,1249
YS019533,2026-10-14 00:00:00,Y03,840,986
YS019534,2026-10-14 00:00:00,Y04,513,1113
YS019535,2026-10-14 00:00:00,Y05,420,930
YS019536,2026-10-14 00:00:00,Y06,1614,1758
YS019537,2026-10-14 00:00:00,Y07,567,1034
YS019538,2026-10-14 00:00:00,Y08,507,1028
YS019539,2026-10-14 00:00:00,Y09,768,1123
YS019540,2026-10-14 00:00:00,Y10,942,1339
YS019541,2026-10-14 08:00:00,Y01,1011,1995
YS019542,2026-10-14 08:00:00,Y02,723,1249
YS019543,2026-10-14 08:00:00,Y03,562,986
YS019544,2026-10-14 08:00:00,Y04,1016,1113
YS019545,2026-10-14 08:00:00,Y05,903,930
YS019546,2026-10-14 08:00:00,Y06,705,1758
YS019547,2026-10-14 08:00:00,Y07,764,1034
YS019548,2026-10-14 08:00:00,Y08,581,1028
YS019549,2026-10-14 08:00:00,Y09,1095,1123
YS019550,2026-10-14 08:00:00,Y10,615,1339
YS019551,2026-10-14 16:00:00,Y01,1017,1995
YS019552,2026-10-14 16:00:00,Y02,917,1249
YS019553,2026-10-14 16:00:00,Y03,608,986
YS019554,2026-10-14 16:00:00,Y04,1050,1113
YS019555,2026-10-14 16:00:00,Y05,849,930
YS019556,2026-10-14 16:00:00,Y06,862,1758
YS019557,2026-10-14 16:00:00,Y07,593,1034
YS019558,2026-10-14 16:00:00,Y08,524,1028
YS019559,2026-10-14 16:00:00,Y09,927,1123
YS019560,2026-10-14 16:00:00,Y10,819,1339
YS019561,2026-10-15 00:00:00,Y01,1833,1995
YS019562,2026-10-15 00:00:00,Y02,962,1249
YS019563,2026-10-15 00:00:00,Y03,459,986
YS019564,2026-10-15 00:00:00,Y04,640,1113
YS019565,2026-10-15 00:00:00,Y05,486,930
YS019566,2026-10-15 00:00:00,Y06,1086,1758
YS019567,2026-10-15 00:00:00,Y07,533,1034
YS019568,2026-10-15 00:00:00,Y08,805,1028
YS019569,2026-10-15 00:00:00,Y09,522,1123
YS019570,2026-10-15 00:00:00,Y10,836,1339
YS019571,2026-10-15 08:00:00,Y01,1106,1995
YS019572,2026-10-15 08:00:00,Y02,527,1249
YS019573,2026-10-15 08:00:00,Y03,436,986
YS019574,2026-10-15 08:00:00,Y04,772,1113
YS019575,2026-10-15 08:00:00,Y05,551,930
YS019576,2026-10-15 08:00:00,Y06,722,1758
YS019577,2026-10-15 08:00:00,Y07,502,1034
YS019578,2026-10-15 08:00:00,Y08,639,1028
YS019579,2026-10-15 08:00:00,Y09,552,1123
YS019580,2026-10-15 08:00:00,Y10,598,1339
YS019581,2026-10-15 16:00:00,Y01,1821,1995
YS019582,2026-10-15 16:00:00,Y02,834,1249
YS019583,2026-10-15 16:00:00,Y03,929,986
YS019584,2026-10-15 16:00:00,Y04,1054,1113
YS019585,2026-10-15 16:00:00,Y05,864,930
YS019586,2026-10-15 16:00:00,Y06,703,1758
YS019587,2026-10-15 16:00:00,Y07,679,1034
YS019588,2026-10-15 16:00:00,Y08,918,1028
YS019589,2026-10-15 16:00:00,Y09,936,1123
YS019590,2026-10-15 16:00:00,Y10,1076,1339
YS019591,2026-10-16 00:00:00,Y01,1446,1995
YS019592,2026-10-16 00:00:00,Y02,926,1249
YS019593,2026-10-16 00:00:00,Y03,397,986
YS019594,2026-10-16 00:00:00,Y04,445,1113
YS019595,2026-10-16 00:00:00,Y05,662,930
YS019596,2026-10-16 00:00:00,Y06,1415,1758
YS019597,2026-10-16 00:00:00,Y07,605,1034
YS019598,2026-10-16 00:00:00,Y08,438,1028
YS019599,2026-10-16 00:00:00,Y09,970,1123
YS019600,2026-10-16 00:00:00,Y10,990,1339
YS019601,2026-10-16 08:00:00,Y01,1922,1995
YS019602,2026-10-16 08:00:00,Y02,899,1249
YS019603,2026-10-16 08:00:00,Y03,496,986
YS019604,2026-10-16 08:00:00,Y04,483,1113
YS019605,2026-10-16 08:00:00,Y05,610,930
YS019606,2026-10-16 08:00:00,Y06,1655,1758
YS019607,2026-10-16 08:00:00,Y07,458,1034
YS019608,2026-10-16 08:00:00,Y08,822,1028
YS019609,2026-10-16 08:00:00,Y09,470,1123
YS019610,2026-10-16 08:00:00,Y10,1242,1339
YS019611,2026-10-16 16:00:00,Y01,1556,1995
YS019612,2026-10-16 16:00:00,Y02,819,1249
YS019613,2026-10-16 16:00:00,Y03,920,986
YS019614,2026-10-16 16:00:00,Y04,901,1113
YS019615,2026-10-16 16:00:00,Y05,680,930
YS019616,2026-10-16 16:00:00,Y06,1307,1758
YS019617,2026-10-16 16:00:00,Y07,517,1034
YS019618,2026-10-16 16:00:00,Y08,930,1028
YS019619,2026-10-16 16:00:00,Y09,1047,1123
YS019620,2026-10-16 16:00:00,Y10,782,1339
YS019621,2026-10-17 00:00:00,Y01,924,1995
YS019622,2026-10-17 00:00:00,Y02,954,1249
YS019623,2026-10-17 00:00:00,Y03,513,986
YS019624,2026-10-17 00:00:00,Y04,712,1113
YS019625,2026-10-17 00:00:00,Y05,464,930
YS019626,2026-10-17 00:00:00,Y06,769,1758
YS019627,2026-10-17 00:00:00,Y07,961,1034
YS019628,2026-10-17 00:00:00,Y08,766,1028
YS019629,2026-10-17 00:00:00,Y09,611,1123
YS019630,2026-10-17 00:00:00,Y10,568,1339
YS019631,2026-10-17 08:00:00,Y01,1612,1995
YS019632,2026-10-17 08:00:00,Y02,769,1249
YS019633,2026-10-17 08:00:00,Y03,669,986
YS019634,2026-10-17 08:00:00,Y04,811,1113
YS019635,2026-10-17 08:00:00,Y05,892,930
YS019636,2026-10-17 08:00:00,Y06,1203,1758
YS019637,2026-10-17 08:00:00,Y07,417,1034
YS019638,2026-10-17 08:00:00,Y08,449,1028
YS019639,2026-10-17 08:00:00,Y09,938,1123
YS019640,2026-10-17 08:00:00,Y10,1253,1339
YS019641,2026-10-17 16:00:00,Y01,1078,1995
YS019642,2026-10-17 16:00:00,Y02,1184,1249
YS019643,2026-10-17 16:00:00,Y03,788,986
YS019644,2026-10-17 16:00:00,Y04,1032,1113
YS019645,2026-10-17 16:00:00,Y05,407,930
YS019646,2026-10-17 16:00:00,Y06,1364,1758
YS019647,2026-10-17 16:00:00,Y07,740,1034
YS019648,2026-10-17 16:00:00,Y08,542,1028
YS019649,2026-10-17 16:00:00,Y09,450,1123
YS019650,2026-10-17 16:00:00,Y10,617,1339
YS019651,2026-10-18 00:00:00,Y01,1044,1995
YS019652,2026-10-18 00:00:00,Y02,726,1249
YS019653,2026-10-18 00:00:00,Y03,473,986
YS019654,2026-10-18 00:00:00,Y04,665,1113
YS019655,2026-10-18 00:00:00,Y05,854,930
YS019656,2026-10-18 00:00:00,Y06,1227,1758
YS019657,2026-10-18 00:00:00,Y07,564,1034
YS019658,2026-10-18 00:00:00,Y08,672,1028
YS019659,2026-10-18 00:00:00,Y09,484,1123
YS019660,2026-10-18 00:00:00,Y10,1206,1339
YS019661,2026-10-18 08:00:00,Y01,1102,1995
YS019662,2026-10-18 08:00:00,Y02,1005,1249
YS019663,2026-10-18 08:00:00,Y03,883,986
YS019664,2026-10-18 08:00:00,Y04,878,1113
YS019665,2026-10-18 08:00:00,Y05,453,930
YS019666,2026-10-18 08:00:00,Y06,885,1758
YS019667,2026-10-18 08:00:00,Y07,961,1034
YS019668,2026-10-18 08:00:00,Y08,600,1028
YS019669,2026-10-18 08:00:00,Y09,638,1123
YS019670,2026-10-18 08:00:00,Y10,1192,1339
YS019671,2026-10-18 16:00:00,Y01,869,1995
YS019672,2026-10-18 16:00:00,Y02,1025,1249
YS019673,2026-10-18 16:00:00,Y03,572,986
YS019674,2026-10-18 16:00:00,Y04,987,1113
YS019675,2026-10-18 16:00:00,Y05,816,930
YS019676,2026-10-18 16:00:00,Y06,1122,1758
YS019677,2026-10-18 16:00:00,Y07,702,1034
YS019678,2026-10-18 16:00:00,Y08,477,1028
YS019679,2026-10-18 16:00:00,Y09,984,1123
YS019680,2026-10-18 16:00:00,Y10,575,1339
YS019681,2026-10-19 00:00:00,Y01,1848,1995
YS019682,2026-10-19 00:00:00,Y02,548,1249
YS019683,2026-10-19 00:00:00,Y03,829,986
YS019684,2026-10-19 00:00:00,Y04,1050,1113
YS019685,2026-10-19 00:00:00,Y05,516,930
YS019686,2026-10-19 00:00:00,Y06,792,1758
YS019687,2026-10-19 00:00:00,Y07,875,1034
YS019688,2026-10-19 00:00:00,Y08,914,1028
YS019689,2026-10-19 00:00:00,Y09,599,1123
YS019690,2026-10-19 00:00:00,Y10,964,1339
YS019691,2026-10-19 08:00:00,Y01,1874,1995
YS019692,2026-10-19 08:00:00,Y02,605,1249
YS019693,2026-10-19 08:00:00,Y03,771,986
YS019694,2026-10-19 08:00:00,Y04,455,1113
YS019695,2026-10-19 08:00:00,Y05,574,930
YS019696,2026-10-19 08:00:00,Y06,1047,1758
YS019697,2026-10-19 08:00:00,Y07,995,1034
YS019698,2026-10-19 08:00:00,Y08,833,1028
YS019699,2026-10-19 08:00:00,Y09,1059,1123
YS019700,2026-10-19 08:00:00,Y10,1281,1339
YS019701,2026-10-19 16:00:00,Y01,1078,1995
YS019702,2026-10-19 16:00:00,Y02,757,1249
YS019703,2026-10-19 16:00:00,Y03,709,986
YS019704,2026-10-19 16:00:00,Y04,997,1113
YS019705,2026-10-19 16:00:00,Y05,801,930
YS019706,2026-10-19 16:00:00,Y06,1407,1758
YS019707,2026-10-19 16:00:00,Y07,980,1034
YS019708,2026-10-19 16:00:00,Y08,853,1028
YS019709,2026-10-19 16:00:00,Y09,814,1123
YS019710,2026-10-19 16:00:00,Y10,1263,1339
YS019711,2026-10-20 00:00:00,Y01,1926,1995
YS019712,2026-10-20 00:00:00,Y02,795,1249
YS019713,2026-10-20 00:00:00,Y03,642,986
YS019714,2026-10-20 00:00:00,Y04,459,1113
YS019715,2026-10-20 00:00:00,Y05,741,930
YS019716,2026-10-20 00:00:00,Y06,1706,1758
YS019717,2026-10-20 00:00:00,Y07,800,1034
YS019718,2026-10-20 00:00:00,Y08,565,1028
YS019719,2026-10-20 00:00:00,Y09,902,1123
YS019720,2026-10-20 00:00:00,Y10,1170,1339
YS019721,2026-10-20 08:00:00,Y01,1850,1995
YS019722,2026-10-20 08:00:00,Y02,1186,1249
YS019723,2026-10-20 08:00:00,Y03,575,986
YS019724,2026-10-20 08:00:00,Y04,956,1113
YS019725,2026-10-20 08:00:00,Y05,600,930
YS019726,2026-10-20 08:00:00,Y06,1029,1758
YS019727,2026-10-20 08:00:00,Y07,654,1034
YS019728,2026-10-20 08:00:00,Y08,885,1028
YS019729,2026-10-20 08:00:00,Y09,630,1123
YS019730,2026-10-20 08:00:00,Y10,929,1339
YS019731,2026-10-20 16:00:00,Y01,1361,1995
YS019732,2026-10-20 16:00:00,Y02,984,1249
YS019733,2026-10-20 16:00:00,Y03,583,986
YS019734,2026-10-20 16:00:00,Y04,491,1113
YS019735,2026-10-20 16:00:00,Y05,660,930
YS019736,2026-10-20 16:00:00,Y06,1321,1758
YS019737,2026-10-20 16:00:00,Y07,435,1034
YS019738,2026-10-20 16:00:00,Y08,458,1028
YS019739,2026-10-20 16:00:00,Y09,567,1123
YS019740,2026-10-20 16:00:00,Y10,791,1339
YS019741,2026-10-21 00:00:00,Y01,1185,1995
YS019742,2026-10-21 00:00:00,Y02,885,1249
YS019743,2026-10-21 00:00:00,Y03,435,986
YS019744,2026-10-21 00:00:00,Y04,713,1113
YS019745,2026-10-21 00:00:00,Y05,528,930
YS019746,2026-10-21 00:00:00,Y06,900,1758
YS019747,2026-10-21 00:00:00,Y07,747,1034
YS019748,2026-10-21 00:00:00,Y08,485,1028
YS019749,2026-10-21 00:00:00,Y09,771,1123
YS019750,2026-10-21 00:00:00,Y10,1013,1339
YS019751,2026-10-21 08:00:00,Y01,1826,1995
YS019752,2026-10-21 08:00:00,Y02,985,1249
YS019753,2026-10-21 08:00:00,Y03,617,986
YS019754,2026-10-21 08:00:00,Y04,687,1113
YS019755,2026-10-21 08:00:00,Y05,481,930
YS019756,2026-10-21 08:00:00,Y06,985,1758
YS019757,2026-10-21 08:00:00,Y07,927,1034
YS019758,2026-10-21 08:00:00,Y08,904,1028
YS019759,2026-10-21 08:00:00,Y09,901,1123
YS019760,2026-10-21 08:00:00,Y10,839,1339
YS019761,2026-10-21 16:00:00,Y01,1116,1995
YS019762,2026-10-21 16:00:00,Y02,1037,1249
YS019763,2026-10-21 16:00:00,Y03,801,986
YS019764,2026-10-21 16:00:00,Y04,780,1113
YS019765,2026-10-21 16:00:00,Y05,458,930
YS019766,2026-10-21 16:00:00,Y06,860,1758
YS019767,2026-10-21 16:00:00,Y07,955,1034
YS019768,2026-10-21 16:00:00,Y08,606,1028
YS019769,2026-10-21 16:00:00,Y09,1022,1123
YS019770,2026-10-21 16:00:00,Y10,618,1339
YS019771,2026-10-22 00:00:00,Y01,1356,1995
YS019772,2026-10-22 00:00:00,Y02,912,1249
YS019773,2026-10-22 00:00:00,Y03,614,986
YS019774,2026-10-22 00:00:00,Y04,877,1113
YS019775,2026-10-22 00:00:00,Y05,669,930
YS019776,2026-10-22 00:00:00,Y06,1420,1758
YS019777,2026-10-22 00:00:00,Y07,515,1034
YS019778,2026-10-22 00:00:00,Y08,736,1028
YS019779,2026-10-22 00:00:00,Y09,964,1123
YS019780,2026-10-22 00:00:00,Y10,1247,1339
YS019781,2026-10-22 08:00:00,Y01,1637,1995
YS019782,2026-10-22 08:00:00,Y02,621,1249
YS019783,2026-10-22 08:00:00,Y03,935,986
YS019784,2026-10-22 08:00:00,Y04,540,1113
YS019785,2026-10-22 08:00:00,Y05,782,930
YS019786,2026-10-22 08:00:00,Y06,884,1758
YS019787,2026-10-22 08:00:00,Y07,822,1034
YS019788,2026-10-22 08:00:00,Y08,663,1028
YS019789,2026-10-22 08:00:00,Y09,844,1123
YS019790,2026-10-22 08:00:00,Y10,1206,1339
YS019791,2026-10-22 16:00:00,Y01,993,1995
YS019792,2026-10-22 16:00:00,Y02,752,1249
YS019793,2026-10-22 16:00:00,Y03,529,986
YS019794,2026-10-22 16:00:00,Y04,906,1113
YS019795,2026-10-22 16:00:00,Y05,435,930
YS019796,2026-10-22 16:00:00,Y06,1605,1758
YS019797,2026-10-22 16:00:00,Y07,516,1034
YS019798,2026-10-22 16:00:00,Y08,972,1028
YS019799,2026-10-22 16:00:00,Y09,1025,1123
YS019800,2026-10-22 16:00:00,Y10,720,1339
YS019801,2026-10-23 00:00:00,Y01,1322,1995
YS019802,2026-10-23 00:00:00,Y02,831,1249
YS019803,2026-10-23 00:00:00,Y03,905,986
YS019804,2026-10-23 00:00:00,Y04,1064,1113
YS019805,2026-10-23 00:00:00,Y05,609,930
YS019806,2026-10-23 00:00:00,Y06,1056,1758
YS019807,2026-10-23 00:00:00,Y07,968,1034
YS019808,2026-10-23 00:00:00,Y08,768,1028
YS019809,2026-10-23 00:00:00,Y09,598,1123
YS019810,2026-10-23 00:00:00,Y10,996,1339
YS019811,2026-10-23 08:00:00,Y01,957,1995
YS019812,2026-10-23 08:00:00,Y02,1058,1249
YS019813,2026-10-23 08:00:00,Y03,597,986
YS019814,2026-10-23 08:00:00,Y04,589,1113
YS019815,2026-10-23 08:00:00,Y05,823,930
YS019816,2026-10-23 08:00:00,Y06,1230,1758
YS019817,2026-10-23 08:00:00,Y07,752,1034
YS019818,2026-10-23 08:00:00,Y08,833,1028
YS019819,2026-10-23 08:00:00,Y09,717,1123
YS019820,2026-10-23 08:00:00,Y10,782,1339
YS019821,2026-10-23 16:00:00,Y01,1929,1995
YS019822,2026-10-23 16:00:00,Y02,522,1249
YS019823,2026-10-23 16:00:00,Y03,491,986
YS019824,2026-10-23 16:00:00,Y04,651,1113
YS019825,2026-10-23 16:00:00,Y05,859,930
YS019826,2026-10-23 16:00:00,Y06,1648,1758
YS019827,2026-10-23 16:00:00,Y07,800,1034
YS019828,2026-10-23 16:00:00,Y08,563,1028
YS019829,2026-10-23 16:00:00,Y09,961,1123
YS019830,2026-10-23 16:00:00,Y10,1081,1339
YS019831,2026-10-24 00:00:00,Y01,1900,1995
YS019832,2026-10-24 00:00:00,Y02,872,1249
YS019833,2026-10-24 00:00:00,Y03,701,986
YS019834,2026-10-24 00:00:00,Y04,1001,1113
YS019835,2026-10-24 00:00:00,Y05,884,930
YS019836,2026-10-24 00:00:00,Y06,1143,1758
YS019837,2026-10-24 00:00:00,Y07,653,1034
YS019838,2026-10-24 00:00:00,Y08,433,1028
YS019839,2026-10-24 00:00:00,Y09,586,1123
YS019840,2026-10-24 00:00:00,Y10,1169,1339
YS019841,2026-10-24 08:00:00,Y01,1109,1995
YS019842,2026-10-24 08:00:00,Y02,1133,1249
YS019843,2026-10-24 08:00:00,Y03,783,986
YS019844,2026-10-24 08:00:00,Y04,821,1113
YS019845,2026-10-24 08:00:00,Y05,800,930
YS019846,2026-10-24 08:00:00,Y06,1630,1758
YS019847,2026-10-24 08:00:00,Y07,706,1034
YS019848,2026-10-24 08:00:00,Y08,523,1028
YS019849,2026-10-24 08:00:00,Y09,969,1123
YS019850,2026-10-24 08:00:00,Y10,1006,1339
YS019851,2026-10-24 16:00:00,Y01,1320,1995
YS019852,2026-10-24 16:00:00,Y02,1014,1249
YS019853,2026-10-24 16:00:00,Y03,679,986
YS019854,2026-10-24 16:00:00,Y04,791,1113
YS019855,2026-10-24 16:00:00,Y05,729,930
YS019856,2026-10-24 16:00:00,Y06,1030,1758
YS019857,2026-10-24 16:00:00,Y07,726,1034
YS019858,2026-10-24 16:00:00,Y08,953,1028
YS019859,2026-10-24 16:00:00,Y09,1049,1123
YS019860,2026-10-24 16:00:00,Y10,874,1339
YS019861,2026-10-25 00:00:00,Y01,1668,1995
YS019862,2026-10-25 00:00:00,Y02,1022,1249
YS019863,2026-10-25 00:00:00,Y03,899,986
YS019864,2026-10-25 00:00:00,Y04,1056,1113
YS019865,2026-10-25 00:00:00,Y05,690,930
YS019866,2026-10-25 00:00:00,Y06,1080,1758
YS019867,2026-10-25 00:00:00,Y07,763,1034
YS019868,2026-10-25 00:00:00,Y08,620,1028
YS019869,2026-10-25 00:00:00,Y09,996,1123
YS019870,2026-10-25 00:00:00,Y10,621,1339
YS019871,2026-10-25 08:00:00,Y01,1019,1995
YS019872,2026-10-25 08:00:00,Y02,697,1249
YS019873,2026-10-25 08:00:00,Y03,561,986
YS019874,2026-10-25 08:00:00,Y04,479,1113
YS019875,2026-10-25 08:00:00,Y05,857,930
YS019876,2026-10-25 08:00:00,Y06,1131,1758
YS019877,2026-10-25 08:00:00,Y07,560,1034
YS019878,2026-10-25 08:00:00,Y08,465,1028
YS019879,2026-10-25 08:00:00,Y09,660,1123
YS019880,2026-10-25 08:00:00,Y10,1143,1339
YS019881,2026-10-25 16:00:00,Y01,1474,1995
YS019882,2026-10-25 16:00:00,Y02,659,1249
YS019883,2026-10-25 16:00:00,Y03,791,986
YS019884,2026-10-25 16:00:00,Y04,512,1113
YS019885,2026-10-25 16:00:00,Y05,756,930
YS019886,2026-10-25 16:00:00,Y06,1066,1758
YS019887,2026-10-25 16:00:00,Y07,431,1034
YS019888,2026-10-25 16:00:00,Y08,874,1028
YS019889,2026-10-25 16:00:00,Y09,720,1123
YS019890,2026-10-25 16:00:00,Y10,1019,1339
YS019891,2026-10-26 00:00:00,Y01,1375,1995
YS019892,2026-10-26 00:00:00,Y02,685,1249
YS019893,2026-10-26 00:00:00,Y03,578,986
YS019894,2026-10-26 00:00:00,Y04,991,1113
YS019895,2026-10-26 00:00:00,Y05,644,930
YS019896,2026-10-26 00:00:00,Y06,1343,1758
YS019897,2026-10-26 00:00:00,Y07,927,1034
YS019898,2026-10-26 00:00:00,Y08,819,1028
YS019899,2026-10-26 00:00:00,Y09,842,1123
YS019900,2026-10-26 00:00:00,Y10,807,1339
YS019901,2026-10-26 08:00:00,Y01,1664,1995
YS019902,2026-10-26 08:00:00,Y02,595,1249
YS019903,2026-10-26 08:00:00,Y03,847,986
YS019904,2026-10-26 08:00:00,Y04,728,1113
YS019905,2026-10-26 08:00:00,Y05,665,930
YS019906,2026-10-26 08:00:00,Y06,909,1758
YS019907,2026-10-26 08:00:00,Y07,974,1034
YS019908,2026-10-26 08:00:00,Y08,820,1028
YS019909,2026-10-26 08:00:00,Y09,668,1123
YS019910,2026-10-26 08:00:00,Y10,733,1339
YS019911,2026-10-26 16:00:00,Y01,1275,1995
YS019912,2026-10-26 16:00:00,Y02,969,1249
YS019913,2026-10-26 16:00:00,Y03,463,986
YS019914,2026-10-26 16:00:00,Y04,705,1113
YS019915,2026-10-26 16:00:00,Y05,447,930
YS019916,2026-10-26 16:00:00,Y06,953,1758
YS019917,2026-10-26 16:00:00,Y07,981,1034
YS019918,2026-10-26 16:00:00,Y08,742,1028
YS019919,2026-10-26 16:00:00,Y09,688,1123
YS019920,2026-10-26 16:00:00,Y10,948,1339
YS019921,2026-10-27 00:00:00,Y01,1376,1995
YS019922,2026-10-27 00:00:00,Y02,880,1249
YS019923,2026-10-27 00:00:00,Y03,576,986
YS019924,2026-10-27 00:00:00,Y04,795,1113
YS019925,2026-10-27 00:00:00,Y05,728,930
YS019926,2026-10-27 00:00:00,Y06,1347,1758
YS019927,2026-10-27 00:00:00,Y07,445,1034
YS019928,2026-10-27 00:00:00,Y08,623,1028
YS019929,2026-10-27 00:00:00,Y09,874,1123
YS019930,2026-10-27 00:00:00,Y10,859,1339
YS019931,2026-10-27 08:00:00,Y01,1241,1995
YS019932,2026-10-27 08:00:00,Y02,856,1249
YS019933,2026-10-27 08:00:00,Y03,833,986
YS019934,2026-10-27 08:00:00,Y04,780,1113
YS019935,2026-10-27 08:00:00,Y05,660,930
YS019936,2026-10-27 08:00:00,Y06,1490,1758
YS019937,2026-10-27 08:00:00,Y07,920,1034
YS019938,2026-10-27 08:00:00,Y08,754,1028
YS019939,2026-10-27 08:00:00,Y09,731,1123
YS019940,2026-10-27 08:00:00,Y10,756,1339
YS019941,2026-10-27 16:00:00,Y01,1240,1995
YS019942,2026-10-27 16:00:00,Y02,804,1249
YS019943,2026-10-27 16:00:00,Y03,699,986
YS019944,2026-10-27 16:00:00,Y04,647,1113
YS019945,2026-10-27 16:00:00,Y05,582,930
YS019946,2026-10-27 16:00:00,Y06,1363,1758
YS019947,2026-10-27 16:00:00,Y07,780,1034
YS019948,2026-10-27 16:00:00,Y08,683,1028
YS019949,2026-10-27 16:00:00,Y09,1077,1123
YS019950,2026-10-27 16:00:00,Y10,756,1339
YS019951,2026-10-28 00:00:00,Y01,1434,1995
YS019952,2026-10-28 00:00:00,Y02,1148,1249
YS019953,2026-10-28 00:00:00,Y03,460,986
YS019954,2026-10-28 00:00:00,Y04,976,1113
YS019955,2026-10-28 00:00:00,Y05,787,930
YS019956,2026-10-28 00:00:00,Y06,932,1758
YS019957,2026-10-28 00:00:00,Y07,766,1034
YS019958,2026-10-28 00:00:00,Y08,673,1028
YS019959,2026-10-28 00:00:00,Y09,1036,1123
YS019960,2026-10-28 00:00:00,Y10,834,1339
YS019961,2026-10-28 08:00:00,Y01,1558,1995
YS019962,2026-10-28 08:00:00,Y02,1199,1249
YS019963,2026-10-28 08:00:00,Y03,474,986
YS019964,2026-10-28 08:00:00,Y04,992,1113
YS019965,2026-10-28 08:00:00,Y05,568,930
YS019966,2026-10-28 08:00:00,Y06,1435,1758
YS019967,2026-10-28 08:00:00,Y07,895,1034
YS019968,2026-10-28 08:00:00,Y08,675,1028
YS019969,2026-10-28 08:00:00,Y09,710,1123
YS019970,2026-10-28 08:00:00,Y10,541,1339
YS019971,2026-10-28 16:00:00,Y01,1131,1995
YS019972,2026-10-28 16:00:00,Y02,942,1249
YS019973,2026-10-28 16:00:00,Y03,595,986
YS019974,2026-10-28 16:00:00,Y04,756,1113
YS019975,2026-10-28 16:00:00,Y05,636,930
YS019976,2026-10-28 16:00:00,Y06,1707,1758
YS019977,2026-10-28 16:00:00,Y07,875,1034
YS019978,2026-10-28 16:00:00,Y08,446,1028
YS019979,2026-10-28 16:00:00,Y09,644,1123
YS019980,2026-10-28 16:00:00,Y10,1105,1339
YS019981,2026-10-29 00:00:00,Y01,1596,1995
YS019982,2026-10-29 00:00:00,Y02,940,1249
YS019983,2026-10-29 00:00:00,Y03,818,986
YS019984,2026-10-29 00:00:00,Y04,734,1113
YS019985,2026-10-29 00:00:00,Y05,677,930
YS019986,2026-10-29 00:00:00,Y06,1155,1758
YS019987,2026-10-29 00:00:00,Y07,970,1034
YS019988,2026-10-29 00:00:00,Y08,705,1028
YS019989,2026-10-29 00:00:00,Y09,1034,1123
YS019990,2026-10-29 00:00:00,Y10,580,1339
YS019991,2026-10-29 08:00:00,Y01,1934,1995
YS019992,2026-10-29 08:00:00,Y02,1156,1249
YS019993,2026-10-29 08:00:00,Y03,919,986
YS019994,2026-10-29 08:00:00,Y04,587,1113
YS019995,2026-10-29 08:00:00,Y05,529,930
YS019996,2026-10-29 08:00:00,Y06,1169,1758
YS019997,2026-10-29 08:00:00,Y07,567,1034
YS019998,2026-10-29 08:00:00,Y08,907,1028
YS019999,2026-10-29 08:00:00,Y09,736,1123
YS020000,2026-10-29 08:00:00,Y10,597,1339
YS020001,2026-10-29 16:00:00,Y01,1328,1995
YS020002,2026-10-29 16:00:00,Y02,548,1249
YS020003,2026-10-29 16:00:00,Y03,442,986
YS020004,2026-10-29 16:00:00,Y04,481,1113
YS020005,2026-10-29 16:00:00,Y05,773,930
YS020006,2026-10-29 16:00:00,Y06,1102,1758
YS020007,2026-10-29 16:00:00,Y07,806,1034
YS020008,2026-10-29 16:00:00,Y08,603,1028
YS020009,2026-10-29 16:00:00,Y09,920,1123
YS020010,2026-10-29 16:00:00,Y10,949,1339
YS020011,2026-10-30 00:00:00,Y01,1012,1995
YS020012,2026-10-30 00:00:00,Y02,604,1249
YS020013,2026-10-30 00:00:00,Y03,508,986
YS020014,2026-10-30 00:00:00,Y04,825,1113
YS020015,2026-10-30 00:00:00,Y05,902,930
YS020016,2026-10-30 00:00:00,Y06,1110,1758
YS020017,2026-10-30 00:00:00,Y07,837,1034
YS020018,2026-10-30 00:00:00,Y08,473,1028
YS020019,2026-10-30 00:00:00,Y09,647,1123
YS020020,2026-10-30 00:00:00,Y10,699,1339
YS020021,2026-10-30 08:00:00,Y01,1435,1995
YS020022,2026-10-30 08:00:00,Y02,1217,1249
YS020023,2026-10-30 08:00:00,Y03,649,986
YS020024,2026-10-30 08:00:00,Y04,1035,1113
YS020025,2026-10-30 08:00:00,Y05,632,930
YS020026,2026-10-30 08:00:00,Y06,1173,1758
YS020027,2026-10-30 08:00:00,Y07,768,1034
YS020028,2026-10-30 08:00:00,Y08,901,1028
YS020029,2026-10-30 08:00:00,Y09,831,1123
YS020030,2026-10-30 08:00:00,Y10,1288,1339
YS020031,2026-10-30 16:00:00,Y01,1871,1995
YS020032,2026-10-30 16:00:00,Y02,541,1249
YS020033,2026-10-30 16:00:00,Y03,966,986
YS020034,2026-10-30 16:00:00,Y04,559,1113
YS020035,2026-10-30 16:00:00,Y05,640,930
YS020036,2026-10-30 16:00:00,Y06,855,1758
YS020037,2026-10-30 16:00:00,Y07,991,1034
YS020038,2026-10-30 16:00:00,Y08,922,1028
YS020039,2026-10-30 16:00:00,Y09,827,1123
YS020040,2026-10-30 16:00:00,Y10,870,1339
YS020041,2026-10-31 00:00:00,Y01,1897,1995
YS020042,2026-10-31 00:00:00,Y02,545,1249
YS020043,2026-10-31 00:00:00,Y03,883,986
YS020044,2026-10-31 00:00:00,Y04,789,1113
YS020045,2026-10-31 00:00:00,Y05,577,930
YS020046,2026-10-31 00:00:00,Y06,1213,1758
YS020047,2026-10-31 00:00:00,Y07,774,1034
YS020048,2026-10-31 00:00:00,Y08,922,1028
YS020049,2026-10-31 00:00:00,Y09,1033,1123
YS020050,2026-10-31 00:00:00,Y10,796,1339
YS020051,2026-10-31 08:00:00,Y01,1617,1995
YS020052,2026-10-31 08:00:00,Y02,624,1249
YS020053,2026-10-31 08:00:00,Y03,562,986
YS020054,2026-10-31 08:00:00,Y04,881,1113
YS020055,2026-10-31 08:00:00,Y05,615,930
YS020056,2026-10-31 08:00:00,Y06,1075,1758
YS020057,2026-10-31 08:00:00,Y07,683,1034
YS020058,2026-10-31 08:00:00,Y08,580,1028
YS020059,2026-10-31 08:00:00,Y09,797,1123
YS020060,2026-10-31 08:00:00,Y10,674,1339
YS020061,2026-10-31 16:00:00,Y01,877,1995
YS020062,2026-10-31 16:00:00,Y02,886,1249
YS020063,2026-10-31 16:00:00,Y03,681,986
YS020064,2026-10-31 16:00:00,Y04,710,1113
YS020065,2026-10-31 16:00:00,Y05,570,930
YS020066,2026-10-31 16:00:00,Y06,804,1758
YS020067,2026-10-31 16:00:00,Y07,475,1034
YS020068,2026-10-31 16:00:00,Y08,919,1028
YS020069,2026-10-31 16:00:00,Y09,731,1123
YS020070,2026-10-31 16:00:00,Y10,725,1339
YS020071,2026-11-01 00:00:00,Y01,1740,1995
YS020072,2026-11-01 00:00:00,Y02,832,1249
YS020073,2026-11-01 00:00:00,Y03,461,986
YS020074,2026-11-01 00:00:00,Y04,761,1113
YS020075,2026-11-01 00:00:00,Y05,672,930
YS020076,2026-11-01 00:00:00,Y06,1096,1758
YS020077,2026-11-01 00:00:00,Y07,679,1034
YS020078,2026-11-01 00:00:00,Y08,989,1028
YS020079,2026-11-01 00:00:00,Y09,514,1123
YS020080,2026-11-01 00:00:00,Y10,1068,1339
YS020081,2026-11-01 08:00:00,Y01,823,1995
YS020082,2026-11-01 08:00:00,Y02,794,1249
YS020083,2026-11-01 08:00:00,Y03,730,986
YS020084,2026-11-01 08:00:00,Y04,453,1113
YS020085,2026-11-01 08:00:00,Y05,467,930
YS020086,2026-11-01 08:00:00,Y06,1290,1758
YS020087,2026-11-01 08:00:00,Y07,661,1034
YS020088,2026-11-01 08:00:00,Y08,699,1028
YS020089,2026-11-01 08:00:00,Y09,532,1123
YS020090,2026-11-01 08:00:00,Y10,902,1339
YS020091,2026-11-01 16:00:00,Y01,918,1995
YS020092,2026-11-01 16:00:00,Y02,961,1249
YS020093,2026-11-01 16:00:00,Y03,545,986
YS020094,2026-11-01 16:00:00,Y04,529,1113
YS020095,2026-11-01 16:00:00,Y05,397,930
YS020096,2026-11-01 16:00:00,Y06,1403,1758
YS020097,2026-11-01 16:00:00,Y07,476,1034
YS020098,2026-11-01 16:00:00,Y08,757,1028
YS020099,2026-11-01 16:00:00,Y09,607,1123
YS020100,2026-11-01 16:00:00,Y10,1172,1339
YS020101,2026-11-02 00:00:00,Y01,1240,1995
YS020102,2026-11-02 00:00:00,Y02,872,1249
YS020103,2026-11-02 00:00:00,Y03,932,986
YS020104,2026-11-02 00:00:00,Y04,948,1113
YS020105,2026-11-02 00:00:00,Y05,670,930
YS020106,2026-11-02 00:00:00,Y06,960,1758
YS020107,2026-11-02 00:00:00,Y07,740,1034
YS020108,2026-11-02 00:00:00,Y08,556,1028
YS020109,2026-11-02 00:00:00,Y09,963,1123
YS020110,2026-11-02 00:00:00,Y10,1059,1339
YS020111,2026-11-02 08:00:00,Y01,1799,1995
YS020112,2026-11-02 08:00:00,Y02,709,1249
YS020113,2026-11-02 08:00:00,Y03,510,986
YS020114,2026-11-02 08:00:00,Y04,578,1113
YS020115,2026-11-02 08:00:00,Y05,769,930
YS020116,2026-11-02 08:00:00,Y06,1595,1758
YS020117,2026-11-02 08:00:00,Y07,780,1034
YS020118,2026-11-02 08:00:00,Y08,688,1028
YS020119,2026-11-02 08:00:00,Y09,949,1123
YS020120,2026-11-02 08:00:00,Y10,737,1339
YS020121,2026-11-02 16:00:00,Y01,1058,1995
YS020122,2026-11-02 16:00:00,Y02,677,1249
YS020123,2026-11-02 16:00:00,Y03,560,986
YS020124,2026-11-02 16:00:00,Y04,516,1113
YS020125,2026-11-02 16:00:00,Y05,611,930
YS020126,2026-11-02 16:00:00,Y06,1629,1758
YS020127,2026-11-02 16:00:00,Y07,430,1034
YS020128,2026-11-02 16:00:00,Y08,426,1028
YS020129,2026-11-02 16:00:00,Y09,1064,1123
YS020130,2026-11-02 16:00:00,Y10,542,1339
YS020131,2026-11-03 00:00:00,Y01,1769,1995
YS020132,2026-11-03 00:00:00,Y02,1046,1249
YS020133,2026-11-03 00:00:00,Y03,880,986
YS020134,2026-11-03 00:00:00,Y04,670,1113
YS020135,2026-11-03 00:00:00,Y05,516,930
YS020136,2026-11-03 00:00:00,Y06,1692,1758
YS020137,2026-11-03 00:00:00,Y07,962,1034
YS020138,2026-11-03 00:00:00,Y08,955,1028
YS020139,2026-11-03 00:00:00,Y09,825,1123
YS020140,2026-11-03 00:00:00,Y10,1183,1339
YS020141,2026-11-03 08:00:00,Y01,1769,1995
YS020142,2026-11-03 08:00:00,Y02,730,1249
YS020143,2026-11-03 08:00:00,Y03,839,986
YS020144,2026-11-03 08:00:00,Y04,748,1113
YS020145,2026-11-03 08:00:00,Y05,810,930
YS020146,2026-11-03 08:00:00,Y06,1569,1758
YS020147,2026-11-03 08:00:00,Y07,917,1034
YS020148,2026-11-03 08:00:00,Y08,891,1028
YS020149,2026-11-03 08:00:00,Y09,879,1123
YS020150,2026-11-03 08:00:00,Y10,756,1339
YS020151,2026-11-03 16:00:00,Y01,843,1995
YS020152,2026-11-03 16:00:00,Y02,651,1249
YS020153,2026-11-03 16:00:00,Y03,743,986
YS020154,2026-11-03 16:00:00,Y04,557,1113
YS020155,2026-11-03 16:00:00,Y05,637,930
YS020156,2026-11-03 16:00:00,Y06,1197,1758
YS020157,2026-11-03 16:00:00,Y07,661,1034
YS020158,2026-11-03 16:00:00,Y08,468,1028
YS020159,2026-11-03 16:00:00,Y09,492,1123
YS020160,2026-11-03 16:00:00,Y10,1080,1339
YS020161,2026-11-04 00:00:00,Y01,1004,1995
YS020162,2026-11-04 00:00:00,Y02,1214,1249
YS020163,2026-11-04 00:00:00,Y03,694,986
YS020164,2026-11-04 00:00:00,Y04,775,1113
YS020165,2026-11-04 00:00:00,Y05,783,930
YS020166,2026-11-04 00:00:00,Y06,1694,1758
YS020167,2026-11-04 00:00:00,Y07,645,1034
YS020168,2026-11-04 00:00:00,Y08,819,1028
YS020169,2026-11-04 00:00:00,Y09,862,1123
YS020170,2026-11-04 00:00:00,Y10,947,1339
YS020171,2026-11-04 08:00:00,Y01,944,1995
YS020172,2026-11-04 08:00:00,Y02,562,1249
YS020173,2026-11-04 08:00:00,Y03,520,986
YS020174,2026-11-04 08:00:00,Y04,562,1113
YS020175,2026-11-04 08:00:00,Y05,526,930
YS020176,2026-11-04 08:00:00,Y06,988,1758
YS020177,2026-11-04 08:00:00,Y07,807,1034
YS020178,2026-11-04 08:00:00,Y08,901,1028
YS020179,2026-11-04 08:00:00,Y09,1038,1123
YS020180,2026-11-04 08:00:00,Y10,618,1339
YS020181,2026-11-04 16:00:00,Y01,1569,1995
YS020182,2026-11-04 16:00:00,Y02,601,1249
YS020183,2026-11-04 16:00:00,Y03,602,986
YS020184,2026-11-04 16:00:00,Y04,621,1113
YS020185,2026-11-04 16:00:00,Y05,387,930
YS020186,2026-11-04 16:00:00,Y06,1536,1758
YS020187,2026-11-04 16:00:00,Y07,634,1034
YS020188,2026-11-04 16:00:00,Y08,844,1028
YS020189,2026-11-04 16:00:00,Y09,665,1123
YS020190,2026-11-04 16:00:00,Y10,847,1339
YS020191,2026-11-05 00:00:00,Y01,1679,1995
YS020192,2026-11-05 00:00:00,Y02,548,1249
YS020193,2026-11-05 00:00:00,Y03,828,986
YS020194,2026-11-05 00:00:00,Y04,829,1113
YS020195,2026-11-05 00:00:00,Y05,633,930
YS020196,2026-11-05 00:00:00,Y06,764,1758
YS020197,2026-11-05 00:00:00,Y07,817,1034
YS020198,2026-11-05 00:00:00,Y08,458,1028
YS020199,2026-11-05 00:00:00,Y09,851,1123
YS020200,2026-11-05 00:00:00,Y10,575,1339
YS020201,2026-11-05 08:00:00,Y01,1292,1995
YS020202,2026-11-05 08:00:00,Y02,677,1249
YS020203,2026-11-05 08:00:00,Y03,944,986
YS020204,2026-11-05 08:00:00,Y04,926,1113
YS020205,2026-11-05 08:00:00,Y05,810,930
YS020206,2026-11-05 08:00:00,Y06,712,1758
YS020207,2026-11-05 08:00:00,Y07,472,1034
YS020208,2026-11-05 08:00:00,Y08,752,1028
YS020209,2026-11-05 08:00:00,Y09,493,1123
YS020210,2026-11-05 08:00:00,Y10,835,1339
YS020211,2026-11-05 16:00:00,Y01,1181,1995
YS020212,2026-11-05 16:00:00,Y02,1212,1249
YS020213,2026-11-05 16:00:00,Y03,681,986
YS020214,2026-11-05 16:00:00,Y04,610,1113
YS020215,2026-11-05 16:00:00,Y05,608,930
YS020216,2026-11-05 16:00:00,Y06,1479,1758
YS020217,2026-11-05 16:00:00,Y07,636,1034
YS020218,2026-11-05 16:00:00,Y08,616,1028
YS020219,2026-11-05 16:00:00,Y09,796,1123
YS020220,2026-11-05 16:00:00,Y10,776,1339
YS020221,2026-11-06 00:00:00,Y01,1365,1995
YS020222,2026-11-06 00:00:00,Y02,543,1249
YS020223,2026-11-06 00:00:00,Y03,461,986
YS020224,2026-11-06 00:00:00,Y04,735,1113
YS020225,2026-11-06 00:00:00,Y05,372,930
YS020226,2026-11-06 00:00:00,Y06,1245,1758
YS020227,2026-11-06 00:00:00,Y07,887,1034
YS020228,2026-11-06 00:00:00,Y08,692,1028
YS020229,2026-11-06 00:00:00,Y09,705,1123
YS020230,2026-11-06 00:00:00,Y10,762,1339
YS020231,2026-11-06 08:00:00,Y01,1526,1995
YS020232,2026-11-06 08:00:00,Y02,771,1249
YS020233,2026-11-06 08:00:00,Y03,677,986
YS020234,2026-11-06 08:00:00,Y04,1056,1113
YS020235,2026-11-06 08:00:00,Y05,727,930
YS020236,2026-11-06 08:00:00,Y06,943,1758
YS020237,2026-11-06 08:00:00,Y07,580,1034
YS020238,2026-11-06 08:00:00,Y08,578,1028
YS020239,2026-11-06 08:00:00,Y09,799,1123
YS020240,2026-11-06 08:00:00,Y10,895,1339
YS020241,2026-11-06 16:00:00,Y01,1795,1995
YS020242,2026-11-06 16:00:00,Y02,1029,1249
YS020243,2026-11-06 16:00:00,Y03,665,986
YS020244,2026-11-06 16:00:00,Y04,494,1113
YS020245,2026-11-06 16:00:00,Y05,825,930
YS020246,2026-11-06 16:00:00,Y06,822,1758
YS020247,2026-11-06 16:00:00,Y07,675,1034
YS020248,2026-11-06 16:00:00,Y08,1004,1028
YS020249,2026-11-06 16:00:00,Y09,540,1123
YS020250,2026-11-06 16:00:00,Y10,702,1339
YS020251,2026-11-07 00:00:00,Y01,851,1995
YS020252,2026-11-07 00:00:00,Y02,1125,1249
YS020253,2026-11-07 00:00:00,Y03,851,986
YS020254,2026-11-07 00:00:00,Y04,1046,1113
YS020255,2026-11-07 00:00:00,Y05,788,930
YS020256,2026-11-07 00:00:00,Y06,1623,1758
YS020257,2026-11-07 00:00:00,Y07,711,1034
YS020258,2026-11-07 00:00:00,Y08,961,1028
YS020259,2026-11-07 00:00:00,Y09,755,1123
YS020260,2026-11-07 00:00:00,Y10,1227,1339
YS020261,2026-11-07 08:00:00,Y01,1664,1995
YS020262,2026-11-07 08:00:00,Y02,570,1249
YS020263,2026-11-07 08:00:00,Y03,745,986
YS020264,2026-11-07 08:00:00,Y04,527,1113
YS020265,2026-11-07 08:00:00,Y05,500,930
YS020266,2026-11-07 08:00:00,Y06,1578,1758
YS020267,2026-11-07 08:00:00,Y07,551,1034
YS020268,2026-11-07 08:00:00,Y08,810,1028
YS020269,2026-11-07 08:00:00,Y09,581,1123
YS020270,2026-11-07 08:00:00,Y10,638,1339
YS020271,2026-11-07 16:00:00,Y01,1873,1995
YS020272,2026-11-07 16:00:00,Y02,1037,1249
YS020273,2026-11-07 16:00:00,Y03,509,986
YS020274,2026-11-07 16:00:00,Y04,496,1113
YS020275,2026-11-07 16:00:00,Y05,525,930
YS020276,2026-11-07 16:00:00,Y06,1653,1758
YS020277,2026-11-07 16:00:00,Y07,1011,1034
YS020278,2026-11-07 16:00:00,Y08,983,1028
YS020279,2026-11-07 16:00:00,Y09,473,1123
YS020280,2026-11-07 16:00:00,Y10,591,1339
YS020281,2026-11-08 00:00:00,Y01,1483,1995
YS020282,2026-11-08 00:00:00,Y02,1165,1249
YS020283,2026-11-08 00:00:00,Y03,936,986
YS020284,2026-11-08 00:00:00,Y04,487,1113
YS020285,2026-11-08 00:00:00,Y05,411,930
YS020286,2026-11-08 00:00:00,Y06,1033,1758
YS020287,2026-11-08 00:00:00,Y07,866,1034
YS020288,2026-11-08 00:00:00,Y08,568,1028
YS020289,2026-11-08 00:00:00,Y09,913,1123
YS020290,2026-11-08 00:00:00,Y10,906,1339
YS020291,2026-11-08 08:00:00,Y01,1388,1995
YS020292,2026-11-08 08:00:00,Y02,906,1249
YS020293,2026-11-08 08:00:00,Y03,779,986
YS020294,2026-11-08 08:00:00,Y04,963,1113
YS020295,2026-11-08 08:00:00,Y05,751,930
YS020296,2026-11-08 08:00:00,Y06,1186,1758
YS020297,2026-11-08 08:00:00,Y07,656,1034
YS020298,2026-11-08 08:00:00,Y08,898,1028
YS020299,2026-11-08 08:00:00,Y09,751,1123
YS020300,2026-11-08 08:00:00,Y10,819,1339
YS020301,2026-11-08 16:00:00,Y01,957,1995
YS020302,2026-11-08 16:00:00,Y02,1045,1249
YS020303,2026-11-08 16:00:00,Y03,430,986
YS020304,2026-11-08 16:00:00,Y04,982,1113
YS020305,2026-11-08 16:00:00,Y05,476,930
YS020306,2026-11-08 16:00:00,Y06,1540,1758
YS020307,2026-11-08 16:00:00,Y07,849,1034
YS020308,2026-11-08 16:00:00,Y08,919,1028
YS020309,2026-11-08 16:00:00,Y09,1069,1123
YS020310,2026-11-08 16:00:00,Y10,925,1339
YS020311,2026-11-09 00:00:00,Y01,1943,1995
YS020312,2026-11-09 00:00:00,Y02,991,1249
YS020313,2026-11-09 00:00:00,Y03,896,986
YS020314,2026-11-09 00:00:00,Y04,549,1113
YS020315,2026-11-09 00:00:00,Y05,590,930
YS020316,2026-11-09 00:00:00,Y06,1206,1758
YS020317,2026-11-09 00:00:00,Y07,495,1034
YS020318,2026-11-09 00:00:00,Y08,508,1028
YS020319,2026-11-09 00:00:00,Y09,513,1123
YS020320,2026-11-09 00:00:00,Y10,675,1339
YS020321,2026-11-09 08:00:00,Y01,1522,1995
YS020322,2026-11-09 08:00:00,Y02,918,1249
YS020323,2026-11-09 08:00:00,Y03,784,986
YS020324,2026-11-09 08:00:00,Y04,998,1113
YS020325,2026-11-09 08:00:00,Y05,794,930
YS020326,2026-11-09 08:00:00,Y06,1434,1758
YS020327,2026-11-09 08:00:00,Y07,936,1034
YS020328,2026-11-09 08:00:00,Y08,797,1028
YS020329,2026-11-09 08:00:00,Y09,838,1123
YS020330,2026-11-09 08:00:00,Y10,918,1339
YS020331,2026-11-09 16:00:00,Y01,1703,1995
YS020332,2026-11-09 16:00:00,Y02,879,1249
YS020333,2026-11-09 16:00:00,Y03,830,986
YS020334,2026-11-09 16:00:00,Y04,649,1113
YS020335,2026-11-09 16:00:00,Y05,818,930
YS020336,2026-11-09 16:00:00,Y06,1290,1758
YS020337,2026-11-09 16:00:00,Y07,997,1034
YS020338,2026-11-09 16:00:00,Y08,910,1028
YS020339,2026-11-09 16:00:00,Y09,914,1123
YS020340,2026-11-09 16:00:00,Y10,586,1339
YS020341,2026-11-10 00:00:00,Y01,900,1995
YS020342,2026-11-10 00:00:00,Y02,649,1249
YS020343,2026-11-10 00:00:00,Y03,697,986
YS020344,2026-11-10 00:00:00,Y04,1043,1113
YS020345,2026-11-10 00:00:00,Y05,444,930
YS020346,2026-11-10 00:00:00,Y06,1687,1758
YS020347,2026-11-10 00:00:00,Y07,916,1034
YS020348,2026-11-10 00:00:00,Y08,587,1028
YS020349,2026-11-10 00:00:00,Y09,897,1123
YS020350,2026-11-10 00:00:00,Y10,1092,1339
YS020351,2026-11-10 08:00:00,Y01,1842,1995
YS020352,2026-11-10 08:00:00,Y02,598,1249
YS020353,2026-11-10 08:00:00,Y03,674,986
YS020354,2026-11-10 08:00:00,Y04,552,1113
YS020355,2026-11-10 08:00:00,Y05,405,930
YS020356,2026-11-10 08:00:00,Y06,955,1758
YS020357,2026-11-10 08:00:00,Y07,685,1034
YS020358,2026-11-10 08:00:00,Y08,985,1028
YS020359,2026-11-10 08:00:00,Y09,668,1123
YS020360,2026-11-10 08:00:00,Y10,1196,1339
YS020361,2026-11-10 16:00:00,Y01,1128,1995
YS020362,2026-11-10 16:00:00,Y02,520,1249
YS020363,2026-11-10 16:00:00,Y03,927,986
YS020364,2026-11-10 16:00:00,Y04,914,1113
YS020365,2026-11-10 16:00:00,Y05,543,930
YS020366,2026-11-10 16:00:00,Y06,1521,1758
YS020367,2026-11-10 16:00:00,Y07,418,1034
YS020368,2026-11-10 16:00:00,Y08,979,1028
YS020369,2026-11-10 16:00:00,Y09,880,1123
YS020370,2026-11-10 16:00:00,Y10,989,1339
YS020371,2026-11-11 00:00:00,Y01,798,1995
YS020372,2026-11-11 00:00:00,Y02,813,1249
YS020373,2026-11-11 00:00:00,Y03,653,986
YS020374,2026-11-11 00:00:00,Y04,1074,1113
YS020375,2026-11-11 00:00:00,Y05,481,930
YS020376,2026-11-11 00:00:00,Y06,933,1758
YS020377,2026-11-11 00:00:00,Y07,563,1034
YS020378,2026-11-11 00:00:00,Y08,725,1028
YS020379,2026-11-11 00:00:00,Y09,584,1123
YS020380,2026-11-11 00:00:00,Y10,1210,1339
YS020381,2026-11-11 08:00:00,Y01,1267,1995
YS020382,2026-11-11 08:00:00,Y02,1205,1249
YS020383,2026-11-11 08:00:00,Y03,862,986
YS020384,2026-11-11 08:00:00,Y04,679,1113
YS020385,2026-11-11 08:00:00,Y05,632,930
YS020386,2026-11-11 08:00:00,Y06,1465,1758
YS020387,2026-11-11 08:00:00,Y07,841,1034
YS020388,2026-11-11 08:00:00,Y08,631,1028
YS020389,2026-11-11 08:00:00,Y09,781,1123
YS020390,2026-11-11 08:00:00,Y10,1055,1339
YS020391,2026-11-11 16:00:00,Y01,1789,1995
YS020392,2026-11-11 16:00:00,Y02,645,1249
YS020393,2026-11-11 16:00:00,Y03,490,986
YS020394,2026-11-11 16:00:00,Y04,734,1113
YS020395,2026-11-11 16:00:00,Y05,404,930
YS020396,2026-11-11 16:00:00,Y06,1447,1758
YS020397,2026-11-11 16:00:00,Y07,903,1034
YS020398,2026-11-11 16:00:00,Y08,601,1028
YS020399,2026-11-11 16:00:00,Y09,661,1123
YS020400,2026-11-11 16:00:00,Y10,1254,1339
YS020401,2026-11-12 00:00:00,Y01,1321,1995
YS020402,2026-11-12 00:00:00,Y02,567,1249
YS020403,2026-11-12 00:00:00,Y03,878,986
YS020404,2026-11-12 00:00:00,Y04,851,1113
YS020405,2026-11-12 00:00:00,Y05,745,930
YS020406,2026-11-12 00:00:00,Y06,1110,1758
YS020407,2026-11-12 00:00:00,Y07,906,1034
YS020408,2026-11-12 00:00:00,Y08,836,1028
YS020409,2026-11-12 00:00:00,Y09,463,1123
YS020410,2026-11-12 00:00:00,Y10,1151,1339
YS020411,2026-11-12 08:00:00,Y01,924,1995
YS020412,2026-11-12 08:00:00,Y02,570,1249
YS020413,2026-11-12 08:00:00,Y03,431,986
YS020414,2026-11-12 08:00:00,Y04,773,1113
YS020415,2026-11-12 08:00:00,Y05,481,930
YS020416,2026-11-12 08:00:00,Y06,1211,1758
YS020417,2026-11-12 08:00:00,Y07,883,1034
YS020418,2026-11-12 08:00:00,Y08,643,1028
YS020419,2026-11-12 08:00:00,Y09,838,1123
YS020420,2026-11-12 08:00:00,Y10,708,1339
YS020421,2026-11-12 16:00:00,Y01,1725,1995
YS020422,2026-11-12 16:00:00,Y02,1179,1249
YS020423,2026-11-12 16:00:00,Y03,769,986
YS020424,2026-11-12 16:00:00,Y04,561,1113
YS020425,2026-11-12 16:00:00,Y05,505,930
YS020426,2026-11-12 16:00:00,Y06,1025,1758
YS020427,2026-11-12 16:00:00,Y07,492,1034
YS020428,2026-11-12 16:00:00,Y08,524,1028
YS020429,2026-11-12 16:00:00,Y09,840,1123
YS020430,2026-11-12 16:00:00,Y10,572,1339
YS020431,2026-11-13 00:00:00,Y01,1707,1995
YS020432,2026-11-13 00:00:00,Y02,939,1249
YS020433,2026-11-13 00:00:00,Y03,834,986
YS020434,2026-11-13 00:00:00,Y04,993,1113
YS020435,2026-11-13 00:00:00,Y05,414,930
YS020436,2026-11-13 00:00:00,Y06,742,1758
YS020437,2026-11-13 00:00:00,Y07,868,1034
YS020438,2026-11-13 00:00:00,Y08,662,1028
YS020439,2026-11-13 00:00:00,Y09,808,1123
YS020440,2026-11-13 00:00:00,Y10,652,1339
YS020441,2026-11-13 08:00:00,Y01,1062,1995
YS020442,2026-11-13 08:00:00,Y02,599,1249
YS020443,2026-11-13 08:00:00,Y03,568,986
YS020444,2026-11-13 08:00:00,Y04,1078,1113
YS020445,2026-11-13 08:00:00,Y05,458,930
YS020446,2026-11-13 08:00:00,Y06,1635,1758
YS020447,2026-11-13 08:00:00,Y07,860,1034
YS020448,2026-11-13 08:00:00,Y08,430,1028
YS020449,2026-11-13 08:00:00,Y09,867,1123
YS020450,2026-11-13 08:00:00,Y10,728,1339
YS020451,2026-11-13 16:00:00,Y01,1055,1995
YS020452,2026-11-13 16:00:00,Y02,896,1249
YS020453,2026-11-13 16:00:00,Y03,912,986
YS020454,2026-11-13 16:00:00,Y04,621,1113
YS020455,2026-11-13 16:00:00,Y05,434,930
YS020456,2026-11-13 16:00:00,Y06,802,1758
YS020457,2026-11-13 16:00:00,Y07,903,1034
YS020458,2026-11-13 16:00:00,Y08,455,1028
YS020459,2026-11-13 16:00:00,Y09,815,1123
YS020460,2026-11-13 16:00:00,Y10,1133,1339
YS020461,2026-11-14 00:00:00,Y01,895,1995
YS020462,2026-11-14 00:00:00,Y02,779,1249
YS020463,2026-11-14 00:00:00,Y03,427,986
YS020464,2026-11-14 00:00:00,Y04,643,1113
YS020465,2026-11-14 00:00:00,Y05,556,930
YS020466,2026-11-14 00:00:00,Y06,1710,1758
YS020467,2026-11-14 00:00:00,Y07,472,1034
YS020468,2026-11-14 00:00:00,Y08,779,1028
YS020469,2026-11-14 00:00:00,Y09,849,1123
YS020470,2026-11-14 00:00:00,Y10,1218,1339
YS020471,2026-11-14 08:00:00,Y01,1144,1995
YS020472,2026-11-14 08:00:00,Y02,1194,1249
YS020473,2026-11-14 08:00:00,Y03,473,986
YS020474,2026-11-14 08:00:00,Y04,770,1113
YS020475,2026-11-14 08:00:00,Y05,481,930
YS020476,2026-11-14 08:00:00,Y06,1611,1758
YS020477,2026-11-14 08:00:00,Y07,473,1034
YS020478,2026-11-14 08:00:00,Y08,816,1028
YS020479,2026-11-14 08:00:00,Y09,1098,1123
YS020480,2026-11-14 08:00:00,Y10,925,1339
YS020481,2026-11-14 16:00:00,Y01,1855,1995
YS020482,2026-11-14 16:00:00,Y02,756,1249
YS020483,2026-11-14 16:00:00,Y03,601,986
YS020484,2026-11-14 16:00:00,Y04,766,1113
YS020485,2026-11-14 16:00:00,Y05,707,930
YS020486,2026-11-14 16:00:00,Y06,1081,1758
YS020487,2026-11-14 16:00:00,Y07,593,1034
YS020488,2026-11-14 16:00:00,Y08,744,1028
YS020489,2026-11-14 16:00:00,Y09,1050,1123
YS020490,2026-11-14 16:00:00,Y10,822,1339
YS020491,2026-11-15 00:00:00,Y01,1514,1995
YS020492,2026-11-15 00:00:00,Y02,1213,1249
YS020493,2026-11-15 00:00:00,Y03,786,986
YS020494,2026-11-15 00:00:00,Y04,637,1113
YS020495,2026-11-15 00:00:00,Y05,739,930
YS020496,2026-11-15 00:00:00,Y06,1247,1758
YS020497,2026-11-15 00:00:00,Y07,756,1034
YS020498,2026-11-15 00:00:00,Y08,650,1028
YS020499,2026-11-15 00:00:00,Y09,595,1123
YS020500,2026-11-15 00:00:00,Y10,939,1339
YS020501,2026-11-15 08:00:00,Y01,1448,1995
YS020502,2026-11-15 08:00:00,Y02,1110,1249
YS020503,2026-11-15 08:00:00,Y03,507,986
YS020504,2026-11-15 08:00:00,Y04,689,1113
YS020505,2026-11-15 08:00:00,Y05,807,930
YS020506,2026-11-15 08:00:00,Y06,1085,1758
YS020507,2026-11-15 08:00:00,Y07,596,1034
YS020508,2026-11-15 08:00:00,Y08,548,1028
YS020509,2026-11-15 08:00:00,Y09,713,1123
YS020510,2026-11-15 08:00:00,Y10,1143,1339
YS020511,2026-11-15 16:00:00,Y01,1097,1995
YS020512,2026-11-15 16:00:00,Y02,898,1249
YS020513,2026-11-15 16:00:00,Y03,396,986
YS020514,2026-11-15 16:00:00,Y04,747,1113
YS020515,2026-11-15 16:00:00,Y05,812,930
YS020516,2026-11-15 16:00:00,Y06,1091,1758
YS020517,2026-11-15 16:00:00,Y07,847,1034
YS020518,2026-11-15 16:00:00,Y08,573,1028
YS020519,2026-11-15 16:00:00,Y09,1082,1123
YS020520,2026-11-15 16:00:00,Y10,1289,1339
YS020521,2026-11-16 00:00:00,Y01,1341,1995
YS020522,2026-11-16 00:00:00,Y02,615,1249
YS020523,2026-11-16 00:00:00,Y03,394,986
YS020524,2026-11-16 00:00:00,Y04,1023,1113
YS020525,2026-11-16 00:00:00,Y05,596,930
YS020526,2026-11-16 00:00:00,Y06,925,1758
YS020527,2026-11-16 00:00:00,Y07,490,1034
YS020528,2026-11-16 00:00:00,Y08,417,1028
YS020529,2026-11-16 00:00:00,Y09,594,1123
YS020530,2026-11-16 00:00:00,Y10,607,1339
YS020531,2026-11-16 08:00:00,Y01,1609,1995
YS020532,2026-11-16 08:00:00,Y02,621,1249
YS020533,2026-11-16 08:00:00,Y03,667,986
YS020534,2026-11-16 08:00:00,Y04,1064,1113
YS020535,2026-11-16 08:00:00,Y05,533,930
YS020536,2026-11-16 08:00:00,Y06,1161,1758
YS020537,2026-11-16 08:00:00,Y07,512,1034
YS020538,2026-11-16 08:00:00,Y08,772,1028
YS020539,2026-11-16 08:00:00,Y09,675,1123
YS020540,2026-11-16 08:00:00,Y10,888,1339
YS020541,2026-11-16 16:00:00,Y01,1407,1995
YS020542,2026-11-16 16:00:00,Y02,612,1249
YS020543,2026-11-16 16:00:00,Y03,436,986
YS020544,2026-11-16 16:00:00,Y04,965,1113
YS020545,2026-11-16 16:00:00,Y05,646,930
YS020546,2026-11-16 16:00:00,Y06,1072,1758
YS020547,2026-11-16 16:00:00,Y07,795,1034
YS020548,2026-11-16 16:00:00,Y08,851,1028
YS020549,2026-11-16 16:00:00,Y09,694,1123
YS020550,2026-11-16 16:00:00,Y10,935,1339
YS020551,2026-11-17 00:00:00,Y01,923,1995
YS020552,2026-11-17 00:00:00,Y02,1206,1249
YS020553,2026-11-17 00:00:00,Y03,656,986
YS020554,2026-11-17 00:00:00,Y04,576,1113
YS020555,2026-11-17 00:00:00,Y05,717,930
YS020556,2026-11-17 00:00:00,Y06,1164,1758
YS020557,2026-11-17 00:00:00,Y07,985,1034
YS020558,2026-11-17 00:00:00,Y08,470,1028
YS020559,2026-11-17 00:00:00,Y09,709,1123
YS020560,2026-11-17 00:00:00,Y10,1143,1339
YS020561,2026-11-17 08:00:00,Y01,1712,1995
YS020562,2026-11-17 08:00:00,Y02,1181,1249
YS020563,2026-11-17 08:00:00,Y03,834,986
YS020564,2026-11-17 08:00:00,Y04,658,1113
YS020565,2026-11-17 08:00:00,Y05,405,930
YS020566,2026-11-17 08:00:00,Y06,1011,1758
YS020567,2026-11-17 08:00:00,Y07,674,1034
YS020568,2026-11-17 08:00:00,Y08,568,1028
YS020569,2026-11-17 08:00:00,Y09,707,1123
YS020570,2026-11-17 08:00:00,Y10,1307,1339
YS020571,2026-11-17 16:00:00,Y01,960,1995
YS020572,2026-11-17 16:00:00,Y02,807,1249
YS020573,2026-11-17 16:00:00,Y03,682,986
YS020574,2026-11-17 16:00:00,Y04,1012,1113
YS020575,2026-11-17 16:00:00,Y05,865,930
YS020576,2026-11-17 16:00:00,Y06,1242,1758
YS020577,2026-11-17 16:00:00,Y07,730,1034
YS020578,2026-11-17 16:00:00,Y08,885,1028
YS020579,2026-11-17 16:00:00,Y09,1072,1123
YS020580,2026-11-17 16:00:00,Y10,1252,1339
YS020581,2026-11-18 00:00:00,Y01,1420,1995
YS020582,2026-11-18 00:00:00,Y02,729,1249
YS020583,2026-11-18 00:00:00,Y03,906,986
YS020584,2026-11-18 00:00:00,Y04,945,1113
YS020585,2026-11-18 00:00:00,Y05,746,930
YS020586,2026-11-18 00:00:00,Y06,1206,1758
YS020587,2026-11-18 00:00:00,Y07,543,1034
YS020588,2026-11-18 00:00:00,Y08,770,1028
YS020589,2026-11-18 00:00:00,Y09,604,1123
YS020590,2026-11-18 00:00:00,Y10,1234,1339
YS020591,2026-11-18 08:00:00,Y01,1719,1995
YS020592,2026-11-18 08:00:00,Y02,878,1249
YS020593,2026-11-18 08:00:00,Y03,640,986
YS020594,2026-11-18 08:00:00,Y04,446,1113
YS020595,2026-11-18 08:00:00,Y05,768,930
YS020596,2026-11-18 08:00:00,Y06,1250,1758
YS020597,2026-11-18 08:00:00,Y07,693,1034
YS020598,2026-11-18 08:00:00,Y08,454,1028
YS020599,2026-11-18 08:00:00,Y09,789,1123
YS020600,2026-11-18 08:00:00,Y10,537,1339
YS020601,2026-11-18 16:00:00,Y01,869,1995
YS020602,2026-11-18 16:00:00,Y02,546,1249
YS020603,2026-11-18 16:00:00,Y03,676,986
YS020604,2026-11-18 16:00:00,Y04,688,1113
YS020605,2026-11-18 16:00:00,Y05,880,930
YS020606,2026-11-18 16:00:00,Y06,1494,1758
YS020607,2026-11-18 16:00:00,Y07,671,1034
YS020608,2026-11-18 16:00:00,Y08,869,1028
YS020609,2026-11-18 16:00:00,Y09,794,1123
YS020610,2026-11-18 16:00:00,Y10,1107,1339
YS020611,2026-11-19 00:00:00,Y01,1582,1995
YS020612,2026-11-19 00:00:00,Y02,621,1249
YS020613,2026-11-19 00:00:00,Y03,442,986
YS020614,2026-11-19 00:00:00,Y04,520,1113
YS020615,2026-11-19 00:00:00,Y05,672,930
YS020616,2026-11-19 00:00:00,Y06,1570,1758
YS020617,2026-11-19 00:00:00,Y07,519,1034
YS020618,2026-11-19 00:00:00,Y08,580,1028
YS020619,2026-11-19 00:00:00,Y09,513,1123
YS020620,2026-11-19 00:00:00,Y10,793,1339
YS020621,2026-11-19 08:00:00,Y01,1662,1995
YS020622,2026-11-19 08:00:00,Y02,1216,1249
YS020623,2026-11-19 08:00:00,Y03,462,986
YS020624,2026-11-19 08:00:00,Y04,1013,1113
YS020625,2026-11-19 08:00:00,Y05,544,930
YS020626,2026-11-19 08:00:00,Y06,738,1758
YS020627,2026-11-19 08:00:00,Y07,772,1034
YS020628,2026-11-19 08:00:00,Y08,875,1028
YS020629,2026-11-19 08:00:00,Y09,647,1123
YS020630,2026-11-19 08:00:00,Y10,845,1339
YS020631,2026-11-19 16:00:00,Y01,1721,1995
YS020632,2026-11-19 16:00:00,Y02,563,1249
YS020633,2026-11-19 16:00:00,Y03,934,986
YS020634,2026-11-19 16:00:00,Y04,942,1113
YS020635,2026-11-19 16:00:00,Y05,542,930
YS020636,2026-11-19 16:00:00,Y06,746,1758
YS020637,2026-11-19 16:00:00,Y07,630,1034
YS020638,2026-11-19 16:00:00,Y08,688,1028
YS020639,2026-11-19 16:00:00,Y09,717,1123
YS020640,2026-11-19 16:00:00,Y10,1246,1339
YS020641,2026-11-20 00:00:00,Y01,1658,1995
YS020642,2026-11-20 00:00:00,Y02,719,1249
YS020643,2026-11-20 00:00:00,Y03,667,986
YS020644,2026-11-20 00:00:00,Y04,759,1113
YS020645,2026-11-20 00:00:00,Y05,771,930
YS020646,2026-11-20 00:00:00,Y06,1424,1758
YS020647,2026-11-20 00:00:00,Y07,970,1034
YS020648,2026-11-20 00:00:00,Y08,846,1028
YS020649,2026-11-20 00:00:00,Y09,1067,1123
YS020650,2026-11-20 00:00:00,Y10,957,1339
YS020651,2026-11-20 08:00:00,Y01,837,1995
YS020652,2026-11-20 08:00:00,Y02,1008,1249
YS020653,2026-11-20 08:00:00,Y03,535,986
YS020654,2026-11-20 08:00:00,Y04,463,1113
YS020655,2026-11-20 08:00:00,Y05,782,930
YS020656,2026-11-20 08:00:00,Y06,1340,1758
YS020657,2026-11-20 08:00:00,Y07,732,1034
YS020658,2026-11-20 08:00:00,Y08,651,1028
YS020659,2026-11-20 08:00:00,Y09,507,1123
YS020660,2026-11-20 08:00:00,Y10,1311,1339
YS020661,2026-11-20 16:00:00,Y01,1748,1995
YS020662,2026-11-20 16:00:00,Y02,774,1249
YS020663,2026-11-20 16:00:00,Y03,923,986
YS020664,2026-11-20 16:00:00,Y04,957,1113
YS020665,2026-11-20 16:00:00,Y05,492,930
YS020666,2026-11-20 16:00:00,Y06,1193,1758
YS020667,2026-11-20 16:00:00,Y07,958,1034
YS020668,2026-11-20 16:00:00,Y08,490,1028
YS020669,2026-11-20 16:00:00,Y09,751,1123
YS020670,2026-11-20 16:00:00,Y10,1032,1339
YS020671,2026-11-21 00:00:00,Y01,1290,1995
YS020672,2026-11-21 00:00:00,Y02,892,1249
YS020673,2026-11-21 00:00:00,Y03,531,986
YS020674,2026-11-21 00:00:00,Y04,859,1113
YS020675,2026-11-21 00:00:00,Y05,857,930
YS020676,2026-11-21 00:00:00,Y06,1688,1758
YS020677,2026-11-21 00:00:00,Y07,864,1034
YS020678,2026-11-21 00:00:00,Y08,701,1028
YS020679,2026-11-21 00:00:00,Y09,515,1123
YS020680,2026-11-21 00:00:00,Y10,846,1339
YS020681,2026-11-21 08:00:00,Y01,1012,1995
YS020682,2026-11-21 08:00:00,Y02,742,1249
YS020683,2026-11-21 08:00:00,Y03,424,986
YS020684,2026-11-21 08:00:00,Y04,1044,1113
YS020685,2026-11-21 08:00:00,Y05,426,930
YS020686,2026-11-21 08:00:00,Y06,975,1758
YS020687,2026-11-21 08:00:00,Y07,732,1034
YS020688,2026-11-21 08:00:00,Y08,694,1028
YS020689,2026-11-21 08:00:00,Y09,476,1123
YS020690,2026-11-21 08:00:00,Y10,692,1339
YS020691,2026-11-21 16:00:00,Y01,1941,1995
YS020692,2026-11-21 16:00:00,Y02,528,1249
YS020693,2026-11-21 16:00:00,Y03,853,986
YS020694,2026-11-21 16:00:00,Y04,458,1113
YS020695,2026-11-21 16:00:00,Y05,750,930
YS020696,2026-11-21 16:00:00,Y06,801,1758
YS020697,2026-11-21 16:00:00,Y07,882,1034
YS020698,2026-11-21 16:00:00,Y08,708,1028
YS020699,2026-11-21 16:00:00,Y09,466,1123
YS020700,2026-11-21 16:00:00,Y10,596,1339
YS020701,2026-11-22 00:00:00,Y01,1391,1995
YS020702,2026-11-22 00:00:00,Y02,521,1249
YS020703,2026-11-22 00:00:00,Y03,668,986
YS020704,2026-11-22 00:00:00,Y04,688,1113
YS020705,2026-11-22 00:00:00,Y05,860,930
YS020706,2026-11-22 00:00:00,Y06,1547,1758
YS020707,2026-11-22 00:00:00,Y07,445,1034
YS020708,2026-11-22 00:00:00,Y08,744,1028
YS020709,2026-11-22 00:00:00,Y09,538,1123
YS020710,2026-11-22 00:00:00,Y10,743,1339
YS020711,2026-11-22 08:00:00,Y01,1584,1995
YS020712,2026-11-22 08:00:00,Y02,555,1249
YS020713,2026-11-22 08:00:00,Y03,421,986
YS020714,2026-11-22 08:00:00,Y04,613,1113
YS020715,2026-11-22 08:00:00,Y05,572,930
YS020716,2026-11-22 08:00:00,Y06,1041,1758
YS020717,2026-11-22 08:00:00,Y07,791,1034
YS020718,2026-11-22 08:00:00,Y08,896,1028
YS020719,2026-11-22 08:00:00,Y09,642,1123
YS020720,2026-11-22 08:00:00,Y10,722,1339
YS020721,2026-11-22 16:00:00,Y01,1549,1995
YS020722,2026-11-22 16:00:00,Y02,1204,1249
YS020723,2026-11-22 16:00:00,Y03,825,986
YS020724,2026-11-22 16:00:00,Y04,858,1113
YS020725,2026-11-22 16:00:00,Y05,845,930
YS020726,2026-11-22 16:00:00,Y06,825,1758
YS020727,2026-11-22 16:00:00,Y07,975,1034
YS020728,2026-11-22 16:00:00,Y08,932,1028
YS020729,2026-11-22 16:00:00,Y09,680,1123
YS020730,2026-11-22 16:00:00,Y10,794,1339
YS020731,2026-11-23 00:00:00,Y01,1374,1995
YS020732,2026-11-23 00:00:00,Y02,761,1249
YS020733,2026-11-23 00:00:00,Y03,488,986
YS020734,2026-11-23 00:00:00,Y04,888,1113
YS020735,2026-11-23 00:00:00,Y05,582,930
YS020736,2026-11-23 00:00:00,Y06,1482,1758
YS020737,2026-11-23 00:00:00,Y07,425,1034
YS020738,2026-11-23 00:00:00,Y08,701,1028
YS020739,2026-11-23 00:00:00,Y09,562,1123
YS020740,2026-11-23 00:00:00,Y10,1078,1339
YS020741,2026-11-23 08:00:00,Y01,1016,1995
YS020742,2026-11-23 08:00:00,Y02,1028,1249
YS020743,2026-11-23 08:00:00,Y03,841,986
YS020744,2026-11-23 08:00:00,Y04,926,1113
YS020745,2026-11-23 08:00:00,Y05,722,930
YS020746,2026-11-23 08:00:00,Y06,1307,1758
YS020747,2026-11-23 08:00:00,Y07,888,1034
YS020748,2026-11-23 08:00:00,Y08,466,1028
YS020749,2026-11-23 08:00:00,Y09,735,1123
YS020750,2026-11-23 08:00:00,Y10,995,1339
YS020751,2026-11-23 16:00:00,Y01,1422,1995
YS020752,2026-11-23 16:00:00,Y02,979,1249
YS020753,2026-11-23 16:00:00,Y03,647,986
YS020754,2026-11-23 16:00:00,Y04,863,1113
YS020755,2026-11-23 16:00:00,Y05,623,930
YS020756,2026-11-23 16:00:00,Y06,1684,1758
YS020757,2026-11-23 16:00:00,Y07,912,1034
YS020758,2026-11-23 16:00:00,Y08,865,1028
YS020759,2026-11-23 16:00:00,Y09,883,1123
YS020760,2026-11-23 16:00:00,Y10,743,1339
YS020761,2026-11-24 00:00:00,Y01,1413,1995
YS020762,2026-11-24 00:00:00,Y02,609,1249
YS020763,2026-11-24 00:00:00,Y03,577,986
YS020764,2026-11-24 00:00:00,Y04,1030,1113
YS020765,2026-11-24 00:00:00,Y05,682,930
YS020766,2026-11-24 00:00:00,Y06,849,1758
YS020767,2026-11-24 00:00:00,Y07,447,1034
YS020768,2026-11-24 00:00:00,Y08,955,1028
YS020769,2026-11-24 00:00:00,Y09,655,1123
YS020770,2026-11-24 00:00:00,Y10,863,1339
YS020771,2026-11-24 08:00:00,Y01,906,1995
YS020772,2026-11-24 08:00:00,Y02,943,1249
YS020773,2026-11-24 08:00:00,Y03,608,986
YS020774,2026-11-24 08:00:00,Y04,695,1113
YS020775,2026-11-24 08:00:00,Y05,648,930
YS020776,2026-11-24 08:00:00,Y06,1555,1758
YS020777,2026-11-24 08:00:00,Y07,420,1034
YS020778,2026-11-24 08:00:00,Y08,983,1028
YS020779,2026-11-24 08:00:00,Y09,809,1123
YS020780,2026-11-24 08:00:00,Y10,619,1339
YS020781,2026-11-24 16:00:00,Y01,1824,1995
YS020782,2026-11-24 16:00:00,Y02,987,1249
YS020783,2026-11-24 16:00:00,Y03,716,986
YS020784,2026-11-24 16:00:00,Y04,835,1113
YS020785,2026-11-24 16:00:00,Y05,440,930
YS020786,2026-11-24 16:00:00,Y06,1557,1758
YS020787,2026-11-24 16:00:00,Y07,525,1034
YS020788,2026-11-24 16:00:00,Y08,490,1028
YS020789,2026-11-24 16:00:00,Y09,461,1123
YS020790,2026-11-24 16:00:00,Y10,1161,1339
YS020791,2026-11-25 00:00:00,Y01,1327,1995
YS020792,2026-11-25 00:00:00,Y02,989,1249
YS020793,2026-11-25 00:00:00,Y03,702,986
YS020794,2026-11-25 00:00:00,Y04,498,1113
YS020795,2026-11-25 00:00:00,Y05,695,930
YS020796,2026-11-25 00:00:00,Y06,1585,1758
YS020797,2026-11-25 00:00:00,Y07,793,1034
YS020798,2026-11-25 00:00:00,Y08,470,1028
YS020799,2026-11-25 00:00:00,Y09,824,1123
YS020800,2026-11-25 00:00:00,Y10,1124,1339
YS020801,2026-11-25 08:00:00,Y01,942,1995
YS020802,2026-11-25 08:00:00,Y02,830,1249
YS020803,2026-11-25 08:00:00,Y03,878,986
YS020804,2026-11-25 08:00:00,Y04,1019,1113
YS020805,2026-11-25 08:00:00,Y05,411,930
YS020806,2026-11-25 08:00:00,Y06,705,1758
YS020807,2026-11-25 08:00:00,Y07,701,1034
YS020808,2026-11-25 08:00:00,Y08,477,1028
YS020809,2026-11-25 08:00:00,Y09,587,1123
YS020810,2026-11-25 08:00:00,Y10,558,1339
YS020811,2026-11-25 16:00:00,Y01,1736,1995
YS020812,2026-11-25 16:00:00,Y02,798,1249
YS020813,2026-11-25 16:00:00,Y03,605,986
YS020814,2026-11-25 16:00:00,Y04,780,1113
YS020815,2026-11-25 16:00:00,Y05,717,930
YS020816,2026-11-25 16:00:00,Y06,1709,1758
YS020817,2026-11-25 16:00:00,Y07,931,1034
YS020818,2026-11-25 16:00:00,Y08,503,1028
YS020819,2026-11-25 16:00:00,Y09,898,1123
YS020820,2026-11-25 16:00:00,Y10,707,1339
YS020821,2026-11-26 00:00:00,Y01,1530,1995
YS020822,2026-11-26 00:00:00,Y02,534,1249
YS020823,2026-11-26 00:00:00,Y03,810,986
YS020824,2026-11-26 00:00:00,Y04,877,1113
YS020825,2026-11-26 00:00:00,Y05,857,930
YS020826,2026-11-26 00:00:00,Y06,961,1758
YS020827,2026-11-26 00:00:00,Y07,486,1034
YS020828,2026-11-26 00:00:00,Y08,907,1028
YS020829,2026-11-26 00:00:00,Y09,478,1123
YS020830,2026-11-26 00:00:00,Y10,610,1339
YS020831,2026-11-26 08:00:00,Y01,1035,1995
YS020832,2026-11-26 08:00:00,Y02,1066,1249
YS020833,2026-11-26 08:00:00,Y03,937,986
YS020834,2026-11-26 08:00:00,Y04,984,1113
YS020835,2026-11-26 08:00:00,Y05,524,930
YS020836,2026-11-26 08:00:00,Y06,1097,1758
YS020837,2026-11-26 08:00:00,Y07,666,1034
YS020838,2026-11-26 08:00:00,Y08,437,1028
YS020839,2026-11-26 08:00:00,Y09,970,1123
YS020840,2026-11-26 08:00:00,Y10,931,1339
YS020841,2026-11-26 16:00:00,Y01,1879,1995
YS020842,2026-11-26 16:00:00,Y02,1131,1249
YS020843,2026-11-26 16:00:00,Y03,600,986
YS020844,2026-11-26 16:00:00,Y04,644,1113
YS020845,2026-11-26 16:00:00,Y05,641,930
YS020846,2026-11-26 16:00:00,Y06,751,1758
YS020847,2026-11-26 16:00:00,Y07,630,1034
YS020848,2026-11-26 16:00:00,Y08,882,1028
YS020849,2026-11-26 16:00:00,Y09,907,1123
YS020850,2026-11-26 16:00:00,Y10,737,1339
YS020851,2026-11-27 00:00:00,Y01,1895,1995
YS020852,2026-11-27 00:00:00,Y02,1083,1249
YS020853,2026-11-27 00:00:00,Y03,793,986
YS020854,2026-11-27 00:00:00,Y04,517,1113
YS020855,2026-11-27 00:00:00,Y05,413,930
YS020856,2026-11-27 00:00:00,Y06,1612,1758
YS020857,2026-11-27 00:00:00,Y07,776,1034
YS020858,2026-11-27 00:00:00,Y08,753,1028
YS020859,2026-11-27 00:00:00,Y09,991,1123
YS020860,2026-11-27 00:00:00,Y10,735,1339
YS020861,2026-11-27 08:00:00,Y01,1845,1995
YS020862,2026-11-27 08:00:00,Y02,1172,1249
YS020863,2026-11-27 08:00:00,Y03,430,986
YS020864,2026-11-27 08:00:00,Y04,593,1113
YS020865,2026-11-27 08:00:00,Y05,398,930
YS020866,2026-11-27 08:00:00,Y06,1693,1758
YS020867,2026-11-27 08:00:00,Y07,951,1034
YS020868,2026-11-27 08:00:00,Y08,716,1028
YS020869,2026-11-27 08:00:00,Y09,538,1123
YS020870,2026-11-27 08:00:00,Y10,1230,1339
YS020871,2026-11-27 16:00:00,Y01,1264,1995
YS020872,2026-11-27 16:00:00,Y02,974,1249
YS020873,2026-11-27 16:00:00,Y03,509,986
YS020874,2026-11-27 16:00:00,Y04,605,1113
YS020875,2026-11-27 16:00:00,Y05,810,930
YS020876,2026-11-27 16:00:00,Y06,879,1758
YS020877,2026-11-27 16:00:00,Y07,751,1034
YS020878,2026-11-27 16:00:00,Y08,760,1028
YS020879,2026-11-27 16:00:00,Y09,491,1123
YS020880,2026-11-27 16:00:00,Y10,1296,1339
YS020881,2026-11-28 00:00:00,Y01,1658,1995
YS020882,2026-11-28 00:00:00,Y02,1032,1249
YS020883,2026-11-28 00:00:00,Y03,909,986
YS020884,2026-11-28 00:00:00,Y04,967,1113
YS020885,2026-11-28 00:00:00,Y05,422,930
YS020886,2026-11-28 00:00:00,Y06,1599,1758
YS020887,2026-11-28 00:00:00,Y07,951,1034
YS020888,2026-11-28 00:00:00,Y08,567,1028
YS020889,2026-11-28 00:00:00,Y09,908,1123
YS020890,2026-11-28 00:00:00,Y10,725,1339
YS020891,2026-11-28 08:00:00,Y01,814,1995
YS020892,2026-11-28 08:00:00,Y02,731,1249
YS020893,2026-11-28 08:00:00,Y03,668,986
YS020894,2026-11-28 08:00:00,Y04,1053,1113
YS020895,2026-11-28 08:00:00,Y05,509,930
YS020896,2026-11-28 08:00:00,Y06,1612,1758
YS020897,2026-11-28 08:00:00,Y07,455,1034
YS020898,2026-11-28 08:00:00,Y08,849,1028
YS020899,2026-11-28 08:00:00,Y09,486,1123
YS020900,2026-11-28 08:00:00,Y10,1161,1339
YS020901,2026-11-28 16:00:00,Y01,837,1995
YS020902,2026-11-28 16:00:00,Y02,588,1249
YS020903,2026-11-28 16:00:00,Y03,630,986
YS020904,2026-11-28 16:00:00,Y04,1080,1113
YS020905,2026-11-28 16:00:00,Y05,910,930
YS020906,2026-11-28 16:00:00,Y06,1046,1758
YS020907,2026-11-28 16:00:00,Y07,960,1034
YS020908,2026-11-28 16:00:00,Y08,875,1028
YS020909,2026-11-28 16:00:00,Y09,614,1123
YS020910,2026-11-28 16:00:00,Y10,753,1339
YS020911,2026-11-29 00:00:00,Y01,1892,1995
YS020912,2026-11-29 00:00:00,Y02,1155,1249
YS020913,2026-11-29 00:00:00,Y03,484,986
YS020914,2026-11-29 00:00:00,Y04,748,1113
YS020915,2026-11-29 00:00:00,Y05,800,930
YS020916,2026-11-29 00:00:00,Y06,1525,1758
YS020917,2026-11-29 00:00:00,Y07,674,1034
YS020918,2026-11-29 00:00:00,Y08,663,1028
YS020919,2026-11-29 00:00:00,Y09,468,1123
YS020920,2026-11-29 00:00:00,Y10,544,1339
YS020921,2026-11-29 08:00:00,Y01,1771,1995
YS020922,2026-11-29 08:00:00,Y02,1139,1249
YS020923,2026-11-29 08:00:00,Y03,575,986
YS020924,2026-11-29 08:00:00,Y04,616,1113
YS020925,2026-11-29 08:00:00,Y05,460,930
YS020926,2026-11-29 08:00:00,Y06,1064,1758
YS020927,2026-11-29 08:00:00,Y07,651,1034
YS020928,2026-11-29 08:00:00,Y08,884,1028
YS020929,2026-11-29 08:00:00,Y09,686,1123
YS020930,2026-11-29 08:00:00,Y10,1260,1339
YS020931,2026-11-29 16:00:00,Y01,1470,1995
YS020932,2026-11-29 16:00:00,Y02,695,1249
YS020933,2026-11-29 16:00:00,Y03,492,986
YS020934,2026-11-29 16:00:00,Y04,789,1113
YS020935,2026-11-29 16:00:00,Y05,555,930
YS020936,2026-11-29 16:00:00,Y06,1628,1758
YS020937,2026-11-29 16:00:00,Y07,728,1034
YS020938,2026-11-29 16:00:00,Y08,850,1028
YS020939,2026-11-29 16:00:00,Y09,461,1123
YS020940,2026-11-29 16:00:00,Y10,948,1339
YS020941,2026-11-30 00:00:00,Y01,1803,1995
YS020942,2026-11-30 00:00:00,Y02,1213,1249
YS020943,2026-11-30 00:00:00,Y03,464,986
YS020944,2026-11-30 00:00:00,Y04,765,1113
YS020945,2026-11-30 00:00:00,Y05,677,930
YS020946,2026-11-30 00:00:00,Y06,1108,1758
YS020947,2026-11-30 00:00:00,Y07,525,1034
YS020948,2026-11-30 00:00:00,Y08,562,1028
YS020949,2026-11-30 00:00:00,Y09,719,1123
YS020950,2026-11-30 00:00:00,Y10,634,1339
YS020951,2026-11-30 08:00:00,Y01,817,1995
YS020952,2026-11-30 08:00:00,Y02,1182,1249
YS020953,2026-11-30 08:00:00,Y03,645,986
YS020954,2026-11-30 08:00:00,Y04,731,1113
YS020955,2026-11-30 08:00:00,Y05,860,930
YS020956,2026-11-30 08:00:00,Y06,1595,1758
YS020957,2026-11-30 08:00:00,Y07,587,1034
YS020958,2026-11-30 08:00:00,Y08,936,1028
YS020959,2026-11-30 08:00:00,Y09,460,1123
YS020960,2026-11-30 08:00:00,Y10,1217,1339
YS020961,2026-11-30 16:00:00,Y01,876,1995
YS020962,2026-11-30 16:00:00,Y02,664,1249
YS020963,2026-11-30 16:00:00,Y03,453,986
YS020964,2026-11-30 16:00:00,Y04,918,1113
YS020965,2026-11-30 16:00:00,Y05,575,930
YS020966,2026-11-30 16:00:00,Y06,1186,1758
YS020967,2026-11-30 16:00:00,Y07,486,1034
YS020968,2026-11-30 16:00:00,Y08,583,1028
YS020969,2026-11-30 16:00:00,Y09,1006,1123
YS020970,2026-11-30 16:00:00,Y10,821,1339
YS020971,2026-12-01 00:00:00,Y01,1299,1995
YS020972,2026-12-01 00:00:00,Y02,964,1249
YS020973,2026-12-01 00:00:00,Y03,516,986
YS020974,2026-12-01 00:00:00,Y04,913,1113
YS020975,2026-12-01 00:00:00,Y05,816,930
YS020976,2026-12-01 00:00:00,Y06,895,1758
YS020977,2026-12-01 00:00:00,Y07,952,1034
YS020978,2026-12-01 00:00:00,Y08,604,1028
YS020979,2026-12-01 00:00:00,Y09,700,1123
YS020980,2026-12-01 00:00:00,Y10,769,1339
YS020981,2026-12-01 08:00:00,Y01,1582,1995
YS020982,2026-12-01 08:00:00,Y02,1065,1249
YS020983,2026-12-01 08:00:00,Y03,639,986
YS020984,2026-12-01 08:00:00,Y04,1041,1113
YS020985,2026-12-01 08:00:00,Y05,658,930
YS020986,2026-12-01 08:00:00,Y06,861,1758
YS020987,2026-12-01 08:00:00,Y07,1009,1034
YS020988,2026-12-01 08:00:00,Y08,482,1028
YS020989,2026-12-01 08:00:00,Y09,987,1123
YS020990,2026-12-01 08:00:00,Y10,565,1339
YS020991,2026-12-01 16:00:00,Y01,1655,1995
YS020992,2026-12-01 16:00:00,Y02,553,1249
YS020993,2026-12-01 16:00:00,Y03,659,986
YS020994,2026-12-01 16:00:00,Y04,705,1113
YS020995,2026-12-01 16:00:00,Y05,893,930
YS020996,2026-12-01 16:00:00,Y06,1634,1758
YS020997,2026-12-01 16:00:00,Y07,563,1034
YS020998,2026-12-01 16:00:00,Y08,767,1028
YS020999,2026-12-01 16:00:00,Y09,1065,1123
YS021000,2026-12-01 16:00:00,Y10,899,1339
YS021001,2026-12-02 00:00:00,Y01,1602,1995
YS021002,2026-12-02 00:00:00,Y02,761,1249
YS021003,2026-12-02 00:00:00,Y03,453,986
YS021004,2026-12-02 00:00:00,Y04,802,1113
YS021005,2026-12-02 00:00:00,Y05,558,930
YS021006,2026-12-02 00:00:00,Y06,961,1758
YS021007,2026-12-02 00:00:00,Y07,670,1034
YS021008,2026-12-02 00:00:00,Y08,934,1028
YS021009,2026-12-02 00:00:00,Y09,1080,1123
YS021010,2026-12-02 00:00:00,Y10,1057,1339
YS021011,2026-12-02 08:00:00,Y01,1363,1995
YS021012,2026-12-02 08:00:00,Y02,533,1249
YS021013,2026-12-02 08:00:00,Y03,496,986
YS021014,2026-12-02 08:00:00,Y04,893,1113
YS021015,2026-12-02 08:00:00,Y05,676,930
YS021016,2026-12-02 08:00:00,Y06,720,1758
YS021017,2026-12-02 08:00:00,Y07,830,1034
YS021018,2026-12-02 08:00:00,Y08,641,1028
YS021019,2026-12-02 08:00:00,Y09,687,1123
YS021020,2026-12-02 08:00:00,Y10,1055,1339
YS021021,2026-12-02 16:00:00,Y01,1752,1995
YS021022,2026-12-02 16:00:00,Y02,977,1249
YS021023,2026-12-02 16:00:00,Y03,497,986
YS021024,2026-12-02 16:00:00,Y04,450,1113
YS021025,2026-12-02 16:00:00,Y05,436,930
YS021026,2026-12-02 16:00:00,Y06,1562,1758
YS021027,2026-12-02 16:00:00,Y07,475,1034
YS021028,2026-12-02 16:00:00,Y08,729,1028
YS021029,2026-12-02 16:00:00,Y09,549,1123
YS021030,2026-12-02 16:00:00,Y10,789,1339
YS021031,2026-12-03 00:00:00,Y01,1115,1995
YS021032,2026-12-03 00:00:00,Y02,624,1249
YS021033,2026-12-03 00:00:00,Y03,718,986
YS021034,2026-12-03 00:00:00,Y04,922,1113
YS021035,2026-12-03 00:00:00,Y05,529,930
YS021036,2026-12-03 00:00:00,Y06,995,1758
YS021037,2026-12-03 00:00:00,Y07,634,1034
YS021038,2026-12-03 00:00:00,Y08,988,1028
YS021039,2026-12-03 00:00:00,Y09,592,1123
YS021040,2026-12-03 00:00:00,Y10,1009,1339
YS021041,2026-12-03 08:00:00,Y01,1502,1995
YS021042,2026-12-03 08:00:00,Y02,553,1249
YS021043,2026-12-03 08:00:00,Y03,894,986
YS021044,2026-12-03 08:00:00,Y04,468,1113
YS021045,2026-12-03 08:00:00,Y05,858,930
YS021046,2026-12-03 08:00:00,Y06,1087,1758
YS021047,2026-12-03 08:00:00,Y07,805,1034
YS021048,2026-12-03 08:00:00,Y08,983,1028
YS021049,2026-12-03 08:00:00,Y09,820,1123
YS021050,2026-12-03 08:00:00,Y10,615,1339
YS021051,2026-12-03 16:00:00,Y01,1482,1995
YS021052,2026-12-03 16:00:00,Y02,556,1249
YS021053,2026-12-03 16:00:00,Y03,867,986
YS021054,2026-12-03 16:00:00,Y04,1059,1113
YS021055,2026-12-03 16:00:00,Y05,718,930
YS021056,2026-12-03 16:00:00,Y06,1287,1758
YS021057,2026-12-03 16:00:00,Y07,836,1034
YS021058,2026-12-03 16:00:00,Y08,537,1028
YS021059,2026-12-03 16:00:00,Y09,477,1123
YS021060,2026-12-03 16:00:00,Y10,834,1339
YS021061,2026-12-04 00:00:00,Y01,1498,1995
YS021062,2026-12-04 00:00:00,Y02,719,1249
YS021063,2026-12-04 00:00:00,Y03,682,986
YS021064,2026-12-04 00:00:00,Y04,565,1113
YS021065,2026-12-04 00:00:00,Y05,424,930
YS021066,2026-12-04 00:00:00,Y06,1097,1758
YS021067,2026-12-04 00:00:00,Y07,793,1034
YS021068,2026-12-04 00:00:00,Y08,722,1028
YS021069,2026-12-04 00:00:00,Y09,753,1123
YS021070,2026-12-04 00:00:00,Y10,761,1339
YS021071,2026-12-04 08:00:00,Y01,1585,1995
YS021072,2026-12-04 08:00:00,Y02,926,1249
YS021073,2026-12-04 08:00:00,Y03,875,986
YS021074,2026-12-04 08:00:00,Y04,935,1113
YS021075,2026-12-04 08:00:00,Y05,838,930
YS021076,2026-12-04 08:00:00,Y06,706,1758
YS021077,2026-12-04 08:00:00,Y07,416,1034
YS021078,2026-12-04 08:00:00,Y08,796,1028
YS021079,2026-12-04 08:00:00,Y09,553,1123
YS021080,2026-12-04 08:00:00,Y10,990,1339
YS021081,2026-12-04 16:00:00,Y01,834,1995
YS021082,2026-12-04 16:00:00,Y02,1104,1249
YS021083,2026-12-04 16:00:00,Y03,643,986
YS021084,2026-12-04 16:00:00,Y04,1019,1113
YS021085,2026-12-04 16:00:00,Y05,617,930
YS021086,2026-12-04 16:00:00,Y06,1317,1758
YS021087,2026-12-04 16:00:00,Y07,670,1034
YS021088,2026-12-04 16:00:00,Y08,780,1028
YS021089,2026-12-04 16:00:00,Y09,557,1123
YS021090,2026-12-04 16:00:00,Y10,1195,1339
YS021091,2026-12-05 00:00:00,Y01,1535,1995
YS021092,2026-12-05 00:00:00,Y02,527,1249
YS021093,2026-12-05 00:00:00,Y03,639,986
YS021094,2026-12-05 00:00:00,Y04,789,1113
YS021095,2026-12-05 00:00:00,Y05,372,930
YS021096,2026-12-05 00:00:00,Y06,1228,1758
YS021097,2026-12-05 00:00:00,Y07,977,1034
YS021098,2026-12-05 00:00:00,Y08,815,1028
YS021099,2026-12-05 00:00:00,Y09,591,1123
YS021100,2026-12-05 00:00:00,Y10,726,1339
YS021101,2026-12-05 08:00:00,Y01,1736,1995
YS021102,2026-12-05 08:00:00,Y02,1068,1249
YS021103,2026-12-05 08:00:00,Y03,962,986
YS021104,2026-12-05 08:00:00,Y04,814,1113
YS021105,2026-12-05 08:00:00,Y05,802,930
YS021106,2026-12-05 08:00:00,Y06,960,1758
YS021107,2026-12-05 08:00:00,Y07,854,1034
YS021108,2026-12-05 08:00:00,Y08,864,1028
YS021109,2026-12-05 08:00:00,Y09,715,1123
YS021110,2026-12-05 08:00:00,Y10,763,1339
YS021111,2026-12-05 16:00:00,Y01,1503,1995
YS021112,2026-12-05 16:00:00,Y02,792,1249
YS021113,2026-12-05 16:00:00,Y03,947,986
YS021114,2026-12-05 16:00:00,Y04,460,1113
YS021115,2026-12-05 16:00:00,Y05,566,930
YS021116,2026-12-05 16:00:00,Y06,1421,1758
YS021117,2026-12-05 16:00:00,Y07,958,1034
YS021118,2026-12-05 16:00:00,Y08,453,1028
YS021119,2026-12-05 16:00:00,Y09,726,1123
YS021120,2026-12-05 16:00:00,Y10,1215,1339
YS021121,2026-12-06 00:00:00,Y01,1027,1995
YS021122,2026-12-06 00:00:00,Y02,933,1249
YS021123,2026-12-06 00:00:00,Y03,624,986
YS021124,2026-12-06 00:00:00,Y04,790,1113
YS021125,2026-12-06 00:00:00,Y05,667,930
YS021126,2026-12-06 00:00:00,Y06,1185,1758
YS021127,2026-12-06 00:00:00,Y07,682,1034
YS021128,2026-12-06 00:00:00,Y08,767,1028
YS021129,2026-12-06 00:00:00,Y09,717,1123
YS021130,2026-12-06 00:00:00,Y10,1226,1339
YS021131,2026-12-06 08:00:00,Y01,1104,1995
YS021132,2026-12-06 08:00:00,Y02,1105,1249
YS021133,2026-12-06 08:00:00,Y03,536,986
YS021134,2026-12-06 08:00:00,Y04,891,1113
YS021135,2026-12-06 08:00:00,Y05,427,930
YS021136,2026-12-06 08:00:00,Y06,893,1758
YS021137,2026-12-06 08:00:00,Y07,916,1034
YS021138,2026-12-06 08:00:00,Y08,532,1028
YS021139,2026-12-06 08:00:00,Y09,906,1123
YS021140,2026-12-06 08:00:00,Y10,1274,1339
YS021141,2026-12-06 16:00:00,Y01,1724,1995
YS021142,2026-12-06 16:00:00,Y02,1031,1249
YS021143,2026-12-06 16:00:00,Y03,660,986
YS021144,2026-12-06 16:00:00,Y04,605,1113
YS021145,2026-12-06 16:00:00,Y05,673,930
YS021146,2026-12-06 16:00:00,Y06,1686,1758
YS021147,2026-12-06 16:00:00,Y07,1009,1034
YS021148,2026-12-06 16:00:00,Y08,807,1028
YS021149,2026-12-06 16:00:00,Y09,764,1123
YS021150,2026-12-06 16:00:00,Y10,588,1339
YS021151,2026-12-07 00:00:00,Y01,1230,1995
YS021152,2026-12-07 00:00:00,Y02,786,1249
YS021153,2026-12-07 00:00:00,Y03,860,986
YS021154,2026-12-07 00:00:00,Y04,829,1113
YS021155,2026-12-07 00:00:00,Y05,706,930
YS021156,2026-12-07 00:00:00,Y06,1505,1758
YS021157,2026-12-07 00:00:00,Y07,503,1034
YS021158,2026-12-07 00:00:00,Y08,768,1028
YS021159,2026-12-07 00:00:00,Y09,555,1123
YS021160,2026-12-07 00:00:00,Y10,1272,1339
YS021161,2026-12-07 08:00:00,Y01,1685,1995
YS021162,2026-12-07 08:00:00,Y02,1162,1249
YS021163,2026-12-07 08:00:00,Y03,405,986
YS021164,2026-12-07 08:00:00,Y04,888,1113
YS021165,2026-12-07 08:00:00,Y05,627,930
YS021166,2026-12-07 08:00:00,Y06,1219,1758
YS021167,2026-12-07 08:00:00,Y07,417,1034
YS021168,2026-12-07 08:00:00,Y08,653,1028
YS021169,2026-12-07 08:00:00,Y09,1012,1123
YS021170,2026-12-07 08:00:00,Y10,889,1339
YS021171,2026-12-07 16:00:00,Y01,922,1995
YS021172,2026-12-07 16:00:00,Y02,654,1249
YS021173,2026-12-07 16:00:00,Y03,669,986
YS021174,2026-12-07 16:00:00,Y04,1075,1113
YS021175,2026-12-07 16:00:00,Y05,546,930
YS021176,2026-12-07 16:00:00,Y06,1522,1758
YS021177,2026-12-07 16:00:00,Y07,438,1034
YS021178,2026-12-07 16:00:00,Y08,994,1028
YS021179,2026-12-07 16:00:00,Y09,861,1123
YS021180,2026-12-07 16:00:00,Y10,1228,1339
YS021181,2026-12-08 00:00:00,Y01,1696,1995
YS021182,2026-12-08 00:00:00,Y02,832,1249
YS021183,2026-12-08 00:00:00,Y03,641,986
YS021184,2026-12-08 00:00:00,Y04,896,1113
YS021185,2026-12-08 00:00:00,Y05,394,930
YS021186,2026-12-08 00:00:00,Y06,1585,1758
YS021187,2026-12-08 00:00:00,Y07,923,1034
YS021188,2026-12-08 00:00:00,Y08,464,1028
YS021189,2026-12-08 00:00:00,Y09,513,1123
YS021190,2026-12-08 00:00:00,Y10,982,1339
YS021191,2026-12-08 08:00:00,Y01,1399,1995
YS021192,2026-12-08 08:00:00,Y02,883,1249
YS021193,2026-12-08 08:00:00,Y03,759,986
YS021194,2026-12-08 08:00:00,Y04,572,1113
YS021195,2026-12-08 08:00:00,Y05,685,930
YS021196,2026-12-08 08:00:00,Y06,1505,1758
YS021197,2026-12-08 08:00:00,Y07,478,1034
YS021198,2026-12-08 08:00:00,Y08,579,1028
YS021199,2026-12-08 08:00:00,Y09,749,1123
YS021200,2026-12-08 08:00:00,Y10,838,1339
YS021201,2026-12-08 16:00:00,Y01,1517,1995
YS021202,2026-12-08 16:00:00,Y02,907,1249
YS021203,2026-12-08 16:00:00,Y03,963,986
YS021204,2026-12-08 16:00:00,Y04,476,1113
YS021205,2026-12-08 16:00:00,Y05,542,930
YS021206,2026-12-08 16:00:00,Y06,1506,1758
YS021207,2026-12-08 16:00:00,Y07,961,1034
YS021208,2026-12-08 16:00:00,Y08,447,1028
YS021209,2026-12-08 16:00:00,Y09,714,1123
YS021210,2026-12-08 16:00:00,Y10,1025,1339
YS021211,2026-12-09 00:00:00,Y01,1248,1995
YS021212,2026-12-09 00:00:00,Y02,783,1249
YS021213,2026-12-09 00:00:00,Y03,427,986
YS021214,2026-12-09 00:00:00,Y04,497,1113
YS021215,2026-12-09 00:00:00,Y05,586,930
YS021216,2026-12-09 00:00:00,Y06,1534,1758
YS021217,2026-12-09 00:00:00,Y07,762,1034
YS021218,2026-12-09 00:00:00,Y08,661,1028
YS021219,2026-12-09 00:00:00,Y09,1085,1123
YS021220,2026-12-09 00:00:00,Y10,777,1339
YS021221,2026-12-09 08:00:00,Y01,1166,1995
YS021222,2026-12-09 08:00:00,Y02,618,1249
YS021223,2026-12-09 08:00:00,Y03,433,986
YS021224,2026-12-09 08:00:00,Y04,508,1113
YS021225,2026-12-09 08:00:00,Y05,391,930
YS021226,2026-12-09 08:00:00,Y06,997,1758
YS021227,2026-12-09 08:00:00,Y07,746,1034
YS021228,2026-12-09 08:00:00,Y08,569,1028
YS021229,2026-12-09 08:00:00,Y09,921,1123
YS021230,2026-12-09 08:00:00,Y10,749,1339
YS021231,2026-12-09 16:00:00,Y01,1692,1995
YS021232,2026-12-09 16:00:00,Y02,659,1249
YS021233,2026-12-09 16:00:00,Y03,545,986
YS021234,2026-12-09 16:00:00,Y04,1008,1113
YS021235,2026-12-09 16:00:00,Y05,730,930
YS021236,2026-12-09 16:00:00,Y06,1564,1758
YS021237,2026-12-09 16:00:00,Y07,550,1034
YS021238,2026-12-09 16:00:00,Y08,773,1028
YS021239,2026-12-09 16:00:00,Y09,1049,1123
YS021240,2026-12-09 16:00:00,Y10,664,1339
YS021241,2026-12-10 00:00:00,Y01,1327,1995
YS021242,2026-12-10 00:00:00,Y02,1083,1249
YS021243,2026-12-10 00:00:00,Y03,396,986
YS021244,2026-12-10 00:00:00,Y04,984,1113
YS021245,2026-12-10 00:00:00,Y05,631,930
YS021246,2026-12-10 00:00:00,Y06,1196,1758
YS021247,2026-12-10 00:00:00,Y07,976,1034
YS021248,2026-12-10 00:00:00,Y08,895,1028
YS021249,2026-12-10 00:00:00,Y09,584,1123
YS021250,2026-12-10 00:00:00,Y10,1121,1339
YS021251,2026-12-10 08:00:00,Y01,939,1995
YS021252,2026-12-10 08:00:00,Y02,762,1249
YS021253,2026-12-10 08:00:00,Y03,910,986
YS021254,2026-12-10 08:00:00,Y04,722,1113
YS021255,2026-12-10 08:00:00,Y05,728,930
YS021256,2026-12-10 08:00:00,Y06,955,1758
YS021257,2026-12-10 08:00:00,Y07,955,1034
YS021258,2026-12-10 08:00:00,Y08,749,1028
YS021259,2026-12-10 08:00:00,Y09,628,1123
YS021260,2026-12-10 08:00:00,Y10,711,1339
YS021261,2026-12-10 16:00:00,Y01,1368,1995
YS021262,2026-12-10 16:00:00,Y02,966,1249
YS021263,2026-12-10 16:00:00,Y03,415,986
YS021264,2026-12-10 16:00:00,Y04,726,1113
YS021265,2026-12-10 16:00:00,Y05,461,930
YS021266,2026-12-10 16:00:00,Y06,1570,1758
YS021267,2026-12-10 16:00:00,Y07,447,1034
YS021268,2026-12-10 16:00:00,Y08,761,1028
YS021269,2026-12-10 16:00:00,Y09,515,1123
YS021270,2026-12-10 16:00:00,Y10,990,1339
YS021271,2026-12-11 00:00:00,Y01,1607,1995
YS021272,2026-12-11 00:00:00,Y02,1130,1249
YS021273,2026-12-11 00:00:00,Y03,702,986
YS021274,2026-12-11 00:00:00,Y04,967,1113
YS021275,2026-12-11 00:00:00,Y05,824,930
YS021276,2026-12-11 00:00:00,Y06,1193,1758
YS021277,2026-12-11 00:00:00,Y07,970,1034
YS021278,2026-12-11 00:00:00,Y08,962,1028
YS021279,2026-12-11 00:00:00,Y09,971,1123
YS021280,2026-12-11 00:00:00,Y10,1133,1339
YS021281,2026-12-11 08:00:00,Y01,1225,1995
YS021282,2026-12-11 08:00:00,Y02,1109,1249
YS021283,2026-12-11 08:00:00,Y03,707,986
YS021284,2026-12-11 08:00:00,Y04,737,1113
YS021285,2026-12-11 08:00:00,Y05,895,930
YS021286,2026-12-11 08:00:00,Y06,995,1758
YS021287,2026-12-11 08:00:00,Y07,489,1034
YS021288,2026-12-11 08:00:00,Y08,680,1028
YS021289,2026-12-11 08:00:00,Y09,755,1123
YS021290,2026-12-11 08:00:00,Y10,801,1339
YS021291,2026-12-11 16:00:00,Y01,1159,1995
YS021292,2026-12-11 16:00:00,Y02,792,1249
YS021293,2026-12-11 16:00:00,Y03,473,986
YS021294,2026-12-11 16:00:00,Y04,933,1113
YS021295,2026-12-11 16:00:00,Y05,651,930
YS021296,2026-12-11 16:00:00,Y06,886,1758
YS021297,2026-12-11 16:00:00,Y07,492,1034
YS021298,2026-12-11 16:00:00,Y08,839,1028
YS021299,2026-12-11 16:00:00,Y09,864,1123
YS021300,2026-12-11 16:00:00,Y10,647,1339
YS021301,2026-12-12 00:00:00,Y01,1758,1995
YS021302,2026-12-12 00:00:00,Y02,1045,1249
YS021303,2026-12-12 00:00:00,Y03,462,986
YS021304,2026-12-12 00:00:00,Y04,818,1113
YS021305,2026-12-12 00:00:00,Y05,612,930
YS021306,2026-12-12 00:00:00,Y06,1364,1758
YS021307,2026-12-12 00:00:00,Y07,516,1034
YS021308,2026-12-12 00:00:00,Y08,436,1028
YS021309,2026-12-12 00:00:00,Y09,715,1123
YS021310,2026-12-12 00:00:00,Y10,961,1339
YS021311,2026-12-12 08:00:00,Y01,1072,1995
YS021312,2026-12-12 08:00:00,Y02,688,1249
YS021313,2026-12-12 08:00:00,Y03,564,986
YS021314,2026-12-12 08:00:00,Y04,741,1113
YS021315,2026-12-12 08:00:00,Y05,895,930
YS021316,2026-12-12 08:00:00,Y06,1637,1758
YS021317,2026-12-12 08:00:00,Y07,506,1034
YS021318,2026-12-12 08:00:00,Y08,986,1028
YS021319,2026-12-12 08:00:00,Y09,1025,1123
YS021320,2026-12-12 08:00:00,Y10,547,1339
YS021321,2026-12-12 16:00:00,Y01,1043,1995
YS021322,2026-12-12 16:00:00,Y02,908,1249
YS021323,2026-12-12 16:00:00,Y03,589,986
YS021324,2026-12-12 16:00:00,Y04,1005,1113
YS021325,2026-12-12 16:00:00,Y05,556,930
YS021326,2026-12-12 16:00:00,Y06,1349,1758
YS021327,2026-12-12 16:00:00,Y07,519,1034
YS021328,2026-12-12 16:00:00,Y08,427,1028
YS021329,2026-12-12 16:00:00,Y09,473,1123
YS021330,2026-12-12 16:00:00,Y10,1280,1339
YS021331,2026-12-13 00:00:00,Y01,1076,1995
YS021332,2026-12-13 00:00:00,Y02,1007,1249
YS021333,2026-12-13 00:00:00,Y03,947,986
YS021334,2026-12-13 00:00:00,Y04,785,1113
YS021335,2026-12-13 00:00:00,Y05,829,930
YS021336,2026-12-13 00:00:00,Y06,938,1758
YS021337,2026-12-13 00:00:00,Y07,813,1034
YS021338,2026-12-13 00:00:00,Y08,910,1028
YS021339,2026-12-13 00:00:00,Y09,900,1123
YS021340,2026-12-13 00:00:00,Y10,637,1339
YS021341,2026-12-13 08:00:00,Y01,1700,1995
YS021342,2026-12-13 08:00:00,Y02,795,1249
YS021343,2026-12-13 08:00:00,Y03,498,986
YS021344,2026-12-13 08:00:00,Y04,786,1113
YS021345,2026-12-13 08:00:00,Y05,838,930
YS021346,2026-12-13 08:00:00,Y06,779,1758
YS021347,2026-12-13 08:00:00,Y07,778,1034
YS021348,2026-12-13 08:00:00,Y08,860,1028
YS021349,2026-12-13 08:00:00,Y09,1053,1123
YS021350,2026-12-13 08:00:00,Y10,1188,1339
YS021351,2026-12-13 16:00:00,Y01,1652,1995
YS021352,2026-12-13 16:00:00,Y02,923,1249
YS021353,2026-12-13 16:00:00,Y03,767,986
YS021354,2026-12-13 16:00:00,Y04,877,1113
YS021355,2026-12-13 16:00:00,Y05,874,930
YS021356,2026-12-13 16:00:00,Y06,860,1758
YS021357,2026-12-13 16:00:00,Y07,473,1034
YS021358,2026-12-13 16:00:00,Y08,919,1028
YS021359,2026-12-13 16:00:00,Y09,506,1123
YS021360,2026-12-13 16:00:00,Y10,584,1339
YS021361,2026-12-14 00:00:00,Y01,1410,1995
YS021362,2026-12-14 00:00:00,Y02,716,1249
YS021363,2026-12-14 00:00:00,Y03,962,986
YS021364,2026-12-14 00:00:00,Y04,454,1113
YS021365,2026-12-14 00:00:00,Y05,728,930
YS021366,2026-12-14 00:00:00,Y06,1080,1758
YS021367,2026-12-14 00:00:00,Y07,516,1034
YS021368,2026-12-14 00:00:00,Y08,744,1028
YS021369,2026-12-14 00:00:00,Y09,929,1123
YS021370,2026-12-14 00:00:00,Y10,693,1339
YS021371,2026-12-14 08:00:00,Y01,1933,1995
YS021372,2026-12-14 08:00:00,Y02,680,1249
YS021373,2026-12-14 08:00:00,Y03,816,986
YS021374,2026-12-14 08:00:00,Y04,818,1113
YS021375,2026-12-14 08:00:00,Y05,611,930
YS021376,2026-12-14 08:00:00,Y06,721,1758
YS021377,2026-12-14 08:00:00,Y07,456,1034
YS021378,2026-12-14 08:00:00,Y08,828,1028
YS021379,2026-12-14 08:00:00,Y09,832,1123
YS021380,2026-12-14 08:00:00,Y10,1044,1339
YS021381,2026-12-14 16:00:00,Y01,1040,1995
YS021382,2026-12-14 16:00:00,Y02,584,1249
YS021383,2026-12-14 16:00:00,Y03,786,986
YS021384,2026-12-14 16:00:00,Y04,962,1113
YS021385,2026-12-14 16:00:00,Y05,592,930
YS021386,2026-12-14 16:00:00,Y06,846,1758
YS021387,2026-12-14 16:00:00,Y07,587,1034
YS021388,2026-12-14 16:00:00,Y08,482,1028
YS021389,2026-12-14 16:00:00,Y09,885,1123
YS021390,2026-12-14 16:00:00,Y10,858,1339
YS021391,2026-12-15 00:00:00,Y01,1463,1995
YS021392,2026-12-15 00:00:00,Y02,1151,1249
YS021393,2026-12-15 00:00:00,Y03,913,986
YS021394,2026-12-15 00:00:00,Y04,909,1113
YS021395,2026-12-15 00:00:00,Y05,706,930
YS021396,2026-12-15 00:00:00,Y06,1660,1758
YS021397,2026-12-15 00:00:00,Y07,718,1034
YS021398,2026-12-15 00:00:00,Y08,862,1028
YS021399,2026-12-15 00:00:00,Y09,647,1123
YS021400,2026-12-15 00:00:00,Y10,1068,1339
YS021401,2026-12-15 08:00:00,Y01,1798,1995
YS021402,2026-12-15 08:00:00,Y02,553,1249
YS021403,2026-12-15 08:00:00,Y03,938,986
YS021404,2026-12-15 08:00:00,Y04,968,1113
YS021405,2026-12-15 08:00:00,Y05,501,930
YS021406,2026-12-15 08:00:00,Y06,1145,1758
YS021407,2026-12-15 08:00:00,Y07,483,1034
YS021408,2026-12-15 08:00:00,Y08,1004,1028
YS021409,2026-12-15 08:00:00,Y09,615,1123
YS021410,2026-12-15 08:00:00,Y10,900,1339
YS021411,2026-12-15 16:00:00,Y01,1769,1995
YS021412,2026-12-15 16:00:00,Y02,618,1249
YS021413,2026-12-15 16:00:00,Y03,457,986
YS021414,2026-12-15 16:00:00,Y04,789,1113
YS021415,2026-12-15 16:00:00,Y05,747,930
YS021416,2026-12-15 16:00:00,Y06,1308,1758
YS021417,2026-12-15 16:00:00,Y07,453,1034
YS021418,2026-12-15 16:00:00,Y08,486,1028
YS021419,2026-12-15 16:00:00,Y09,529,1123
YS021420,2026-12-15 16:00:00,Y10,1078,1339
YS021421,2026-12-16 00:00:00,Y01,911,1995
YS021422,2026-12-16 00:00:00,Y02,916,1249
YS021423,2026-12-16 00:00:00,Y03,499,986
YS021424,2026-12-16 00:00:00,Y04,1046,1113
YS021425,2026-12-16 00:00:00,Y05,408,930
YS021426,2026-12-16 00:00:00,Y06,1025,1758
YS021427,2026-12-16 00:00:00,Y07,478,1034
YS021428,2026-12-16 00:00:00,Y08,669,1028
YS021429,2026-12-16 00:00:00,Y09,687,1123
YS021430,2026-12-16 00:00:00,Y10,983,1339
YS021431,2026-12-16 08:00:00,Y01,1153,1995
YS021432,2026-12-16 08:00:00,Y02,713,1249
YS021433,2026-12-16 08:00:00,Y03,505,986
YS021434,2026-12-16 08:00:00,Y04,956,1113
YS021435,2026-12-16 08:00:00,Y05,561,930
YS021436,2026-12-16 08:00:00,Y06,1312,1758
YS021437,2026-12-16 08:00:00,Y07,859,1034
YS021438,2026-12-16 08:00:00,Y08,809,1028
YS021439,2026-12-16 08:00:00,Y09,566,1123
YS021440,2026-12-16 08:00:00,Y10,625,1339
YS021441,2026-12-16 16:00:00,Y01,1873,1995
YS021442,2026-12-16 16:00:00,Y02,989,1249
YS021443,2026-12-16 16:00:00,Y03,485,986
YS021444,2026-12-16 16:00:00,Y04,912,1113
YS021445,2026-12-16 16:00:00,Y05,895,930
YS021446,2026-12-16 16:00:00,Y06,1274,1758
YS021447,2026-12-16 16:00:00,Y07,474,1034
YS021448,2026-12-16 16:00:00,Y08,865,1028
YS021449,2026-12-16 16:00:00,Y09,970,1123
YS021450,2026-12-16 16:00:00,Y10,704,1339
YS021451,2026-12-17 00:00:00,Y01,858,1995
YS021452,2026-12-17 00:00:00,Y02,652,1249
YS021453,2026-12-17 00:00:00,Y03,842,986
YS021454,2026-12-17 00:00:00,Y04,555,1113
YS021455,2026-12-17 00:00:00,Y05,732,930
YS021456,2026-12-17 00:00:00,Y06,999,1758
YS021457,2026-12-17 00:00:00,Y07,708,1034
YS021458,2026-12-17 00:00:00,Y08,898,1028
YS021459,2026-12-17 00:00:00,Y09,779,1123
YS021460,2026-12-17 00:00:00,Y10,575,1339
YS021461,2026-12-17 08:00:00,Y01,1684,1995
YS021462,2026-12-17 08:00:00,Y02,722,1249
YS021463,2026-12-17 08:00:00,Y03,428,986
YS021464,2026-12-17 08:00:00,Y04,1070,1113
YS021465,2026-12-17 08:00:00,Y05,516,930
YS021466,2026-12-17 08:00:00,Y06,1090,1758
YS021467,2026-12-17 08:00:00,Y07,788,1034
YS021468,2026-12-17 08:00:00,Y08,440,1028
YS021469,2026-12-17 08:00:00,Y09,758,1123
YS021470,2026-12-17 08:00:00,Y10,660,1339
YS021471,2026-12-17 16:00:00,Y01,845,1995
YS021472,2026-12-17 16:00:00,Y02,831,1249
YS021473,2026-12-17 16:00:00,Y03,506,986
YS021474,2026-12-17 16:00:00,Y04,1068,1113
YS021475,2026-12-17 16:00:00,Y05,465,930
YS021476,2026-12-17 16:00:00,Y06,1211,1758
YS021477,2026-12-17 16:00:00,Y07,773,1034
YS021478,2026-12-17 16:00:00,Y08,895,1028
YS021479,2026-12-17 16:00:00,Y09,540,1123
YS021480,2026-12-17 16:00:00,Y10,634,1339
YS021481,2026-12-18 00:00:00,Y01,844,1995
YS021482,2026-12-18 00:00:00,Y02,995,1249
YS021483,2026-12-18 00:00:00,Y03,503,986
YS021484,2026-12-18 00:00:00,Y04,833,1113
YS021485,2026-12-18 00:00:00,Y05,686,930
YS021486,2026-12-18 00:00:00,Y06,844,1758
YS021487,2026-12-18 00:00:00,Y07,586,1034
YS021488,2026-12-18 00:00:00,Y08,779,1028
YS021489,2026-12-18 00:00:00,Y09,836,1123
YS021490,2026-12-18 00:00:00,Y10,1017,1339
YS021491,2026-12-18 08:00:00,Y01,1654,1995
YS021492,2026-12-18 08:00:00,Y02,1207,1249
YS021493,2026-12-18 08:00:00,Y03,675,986
YS021494,2026-12-18 08:00:00,Y04,796,1113
YS021495,2026-12-18 08:00:00,Y05,833,930
YS021496,2026-12-18 08:00:00,Y06,728,1758
YS021497,2026-12-18 08:00:00,Y07,955,1034
YS021498,2026-12-18 08:00:00,Y08,683,1028
YS021499,2026-12-18 08:00:00,Y09,475,1123
YS021500,2026-12-18 08:00:00,Y10,1105,1339
YS021501,2026-12-18 16:00:00,Y01,1697,1995
YS021502,2026-12-18 16:00:00,Y02,509,1249
YS021503,2026-12-18 16:00:00,Y03,929,986
YS021504,2026-12-18 16:00:00,Y04,539,1113
YS021505,2026-12-18 16:00:00,Y05,470,930
YS021506,2026-12-18 16:00:00,Y06,1342,1758
YS021507,2026-12-18 16:00:00,Y07,662,1034
YS021508,2026-12-18 16:00:00,Y08,434,1028
YS021509,2026-12-18 16:00:00,Y09,1061,1123
YS021510,2026-12-18 16:00:00,Y10,583,1339
YS021511,2026-12-19 00:00:00,Y01,1629,1995
YS021512,2026-12-19 00:00:00,Y02,1018,1249
YS021513,2026-12-19 00:00:00,Y03,925,986
YS021514,2026-12-19 00:00:00,Y04,1034,1113
YS021515,2026-12-19 00:00:00,Y05,909,930
YS021516,2026-12-19 00:00:00,Y06,1277,1758
YS021517,2026-12-19 00:00:00,Y07,602,1034
YS021518,2026-12-19 00:00:00,Y08,964,1028
YS021519,2026-12-19 00:00:00,Y09,750,1123
YS021520,2026-12-19 00:00:00,Y10,981,1339
YS021521,2026-12-19 08:00:00,Y01,910,1995
YS021522,2026-12-19 08:00:00,Y02,836,1249
YS021523,2026-12-19 08:00:00,Y03,673,986
YS021524,2026-12-19 08:00:00,Y04,481,1113
YS021525,2026-12-19 08:00:00,Y05,719,930
YS021526,2026-12-19 08:00:00,Y06,1249,1758
YS021527,2026-12-19 08:00:00,Y07,496,1034
YS021528,2026-12-19 08:00:00,Y08,610,1028
YS021529,2026-12-19 08:00:00,Y09,534,1123
YS021530,2026-12-19 08:00:00,Y10,882,1339
YS021531,2026-12-19 16:00:00,Y01,874,1995
YS021532,2026-12-19 16:00:00,Y02,1122,1249
YS021533,2026-12-19 16:00:00,Y03,784,986
YS021534,2026-12-19 16:00:00,Y04,1052,1113
YS021535,2026-12-19 16:00:00,Y05,827,930
YS021536,2026-12-19 16:00:00,Y06,1676,1758
YS021537,2026-12-19 16:00:00,Y07,952,1034
YS021538,2026-12-19 16:00:00,Y08,833,1028
YS021539,2026-12-19 16:00:00,Y09,973,1123
YS021540,2026-12-19 16:00:00,Y10,571,1339
YS021541,2026-12-20 00:00:00,Y01,1770,1995
YS021542,2026-12-20 00:00:00,Y02,883,1249
YS021543,2026-12-20 00:00:00,Y03,738,986
YS021544,2026-12-20 00:00:00,Y04,625,1113
YS021545,2026-12-20 00:00:00,Y05,795,930
YS021546,2026-12-20 00:00:00,Y06,1482,1758
YS021547,2026-12-20 00:00:00,Y07,511,1034
YS021548,2026-12-20 00:00:00,Y08,756,1028
YS021549,2026-12-20 00:00:00,Y09,630,1123
YS021550,2026-12-20 00:00:00,Y10,1180,1339
YS021551,2026-12-20 08:00:00,Y01,845,1995
YS021552,2026-12-20 08:00:00,Y02,529,1249
YS021553,2026-12-20 08:00:00,Y03,730,986
YS021554,2026-12-20 08:00:00,Y04,756,1113
YS021555,2026-12-20 08:00:00,Y05,906,930
YS021556,2026-12-20 08:00:00,Y06,924,1758
YS021557,2026-12-20 08:00:00,Y07,688,1034
YS021558,2026-12-20 08:00:00,Y08,743,1028
YS021559,2026-12-20 08:00:00,Y09,971,1123
YS021560,2026-12-20 08:00:00,Y10,719,1339
YS021561,2026-12-20 16:00:00,Y01,1168,1995
YS021562,2026-12-20 16:00:00,Y02,853,1249
YS021563,2026-12-20 16:00:00,Y03,855,986
YS021564,2026-12-20 16:00:00,Y04,933,1113
YS021565,2026-12-20 16:00:00,Y05,553,930
YS021566,2026-12-20 16:00:00,Y06,1312,1758
YS021567,2026-12-20 16:00:00,Y07,845,1034
YS021568,2026-12-20 16:00:00,Y08,921,1028
YS021569,2026-12-20 16:00:00,Y09,717,1123
YS021570,2026-12-20 16:00:00,Y10,1266,1339
YS021571,2026-12-21 00:00:00,Y01,1082,1995
YS021572,2026-12-21 00:00:00,Y02,1067,1249
YS021573,2026-12-21 00:00:00,Y03,668,986
YS021574,2026-12-21 00:00:00,Y04,591,1113
YS021575,2026-12-21 00:00:00,Y05,882,930
YS021576,2026-12-21 00:00:00,Y06,1166,1758
YS021577,2026-12-21 00:00:00,Y07,512,1034
YS021578,2026-12-21 00:00:00,Y08,481,1028
YS021579,2026-12-21 00:00:00,Y09,834,1123
YS021580,2026-12-21 00:00:00,Y10,872,1339
YS021581,2026-12-21 08:00:00,Y01,1887,1995
YS021582,2026-12-21 08:00:00,Y02,662,1249
YS021583,2026-12-21 08:00:00,Y03,871,986
YS021584,2026-12-21 08:00:00,Y04,699,1113
YS021585,2026-12-21 08:00:00,Y05,416,930
YS021586,2026-12-21 08:00:00,Y06,1231,1758
YS021587,2026-12-21 08:00:00,Y07,760,1034
YS021588,2026-12-21 08:00:00,Y08,876,1028
YS021589,2026-12-21 08:00:00,Y09,750,1123
YS021590,2026-12-21 08:00:00,Y10,898,1339
YS021591,2026-12-21 16:00:00,Y01,1508,1995
YS021592,2026-12-21 16:00:00,Y02,633,1249
YS021593,2026-12-21 16:00:00,Y03,938,986
YS021594,2026-12-21 16:00:00,Y04,616,1113
YS021595,2026-12-21 16:00:00,Y05,786,930
YS021596,2026-12-21 16:00:00,Y06,1465,1758
YS021597,2026-12-21 16:00:00,Y07,508,1034
YS021598,2026-12-21 16:00:00,Y08,662,1028
YS021599,2026-12-21 16:00:00,Y09,1092,1123
YS021600,2026-12-21 16:00:00,Y10,1277,1339
YS021601,2026-12-22 00:00:00,Y01,818,1995
YS021602,2026-12-22 00:00:00,Y02,1026,1249
YS021603,2026-12-22 00:00:00,Y03,631,986
YS021604,2026-12-22 00:00:00,Y04,1042,1113
YS021605,2026-12-22 00:00:00,Y05,608,930
YS021606,2026-12-22 00:00:00,Y06,1418,1758
YS021607,2026-12-22 00:00:00,Y07,1012,1034
YS021608,2026-12-22 00:00:00,Y08,986,1028
YS021609,2026-12-22 00:00:00,Y09,1088,1123
YS021610,2026-12-22 00:00:00,Y10,997,1339
YS021611,2026-12-22 08:00:00,Y01,1135,1995
YS021612,2026-12-22 08:00:00,Y02,712,1249
YS021613,2026-12-22 08:00:00,Y03,567,986
YS021614,2026-12-22 08:00:00,Y04,724,1113
YS021615,2026-12-22 08:00:00,Y05,768,930
YS021616,2026-12-22 08:00:00,Y06,850,1758
YS021617,2026-12-22 08:00:00,Y07,433,1034
YS021618,2026-12-22 08:00:00,Y08,744,1028
YS021619,2026-12-22 08:00:00,Y09,678,1123
YS021620,2026-12-22 08:00:00,Y10,1090,1339
YS021621,2026-12-22 16:00:00,Y01,1462,1995
YS021622,2026-12-22 16:00:00,Y02,812,1249
YS021623,2026-12-22 16:00:00,Y03,787,986
YS021624,2026-12-22 16:00:00,Y04,898,1113
YS021625,2026-12-22 16:00:00,Y05,490,930
YS021626,2026-12-22 16:00:00,Y06,1251,1758
YS021627,2026-12-22 16:00:00,Y07,440,1034
YS021628,2026-12-22 16:00:00,Y08,549,1028
YS021629,2026-12-22 16:00:00,Y09,533,1123
YS021630,2026-12-22 16:00:00,Y10,991,1339
YS021631,2026-12-23 00:00:00,Y01,1110,1995
YS021632,2026-12-23 00:00:00,Y02,660,1249
YS021633,2026-12-23 00:00:00,Y03,950,986
YS021634,2026-12-23 00:00:00,Y04,590,1113
YS021635,2026-12-23 00:00:00,Y05,450,930
YS021636,2026-12-23 00:00:00,Y06,1452,1758
YS021637,2026-12-23 00:00:00,Y07,525,1034
YS021638,2026-12-23 00:00:00,Y08,800,1028
YS021639,2026-12-23 00:00:00,Y09,918,1123
YS021640,2026-12-23 00:00:00,Y10,947,1339
YS021641,2026-12-23 08:00:00,Y01,1489,1995
YS021642,2026-12-23 08:00:00,Y02,890,1249
YS021643,2026-12-23 08:00:00,Y03,742,986
YS021644,2026-12-23 08:00:00,Y04,759,1113
YS021645,2026-12-23 08:00:00,Y05,448,930
YS021646,2026-12-23 08:00:00,Y06,1168,1758
YS021647,2026-12-23 08:00:00,Y07,553,1034
YS021648,2026-12-23 08:00:00,Y08,639,1028
YS021649,2026-12-23 08:00:00,Y09,957,1123
YS021650,2026-12-23 08:00:00,Y10,594,1339
YS021651,2026-12-23 16:00:00,Y01,1898,1995
YS021652,2026-12-23 16:00:00,Y02,1183,1249
YS021653,2026-12-23 16:00:00,Y03,792,986
YS021654,2026-12-23 16:00:00,Y04,459,1113
YS021655,2026-12-23 16:00:00,Y05,461,930
YS021656,2026-12-23 16:00:00,Y06,1078,1758
YS021657,2026-12-23 16:00:00,Y07,881,1034
YS021658,2026-12-23 16:00:00,Y08,903,1028
YS021659,2026-12-23 16:00:00,Y09,622,1123
YS021660,2026-12-23 16:00:00,Y10,898,1339
YS021661,2026-12-24 00:00:00,Y01,1122,1995
YS021662,2026-12-24 00:00:00,Y02,585,1249
YS021663,2026-12-24 00:00:00,Y03,703,986
YS021664,2026-12-24 00:00:00,Y04,889,1113
YS021665,2026-12-24 00:00:00,Y05,376,930
YS021666,2026-12-24 00:00:00,Y06,1030,1758
YS021667,2026-12-24 00:00:00,Y07,1009,1034
YS021668,2026-12-24 00:00:00,Y08,994,1028
YS021669,2026-12-24 00:00:00,Y09,917,1123
YS021670,2026-12-24 00:00:00,Y10,1030,1339
YS021671,2026-12-24 08:00:00,Y01,1788,1995
YS021672,2026-12-24 08:00:00,Y02,838,1249
YS021673,2026-12-24 08:00:00,Y03,602,986
YS021674,2026-12-24 08:00:00,Y04,676,1113
YS021675,2026-12-24 08:00:00,Y05,893,930
YS021676,2026-12-24 08:00:00,Y06,1403,1758
YS021677,2026-12-24 08:00:00,Y07,551,1034
YS021678,2026-12-24 08:00:00,Y08,1000,1028
YS021679,2026-12-24 08:00:00,Y09,790,1123
YS021680,2026-12-24 08:00:00,Y10,1049,1339
YS021681,2026-12-24 16:00:00,Y01,1119,1995
YS021682,2026-12-24 16:00:00,Y02,529,1249
YS021683,2026-12-24 16:00:00,Y03,593,986
YS021684,2026-12-24 16:00:00,Y04,994,1113
YS021685,2026-12-24 16:00:00,Y05,776,930
YS021686,2026-12-24 16:00:00,Y06,1393,1758
YS021687,2026-12-24 16:00:00,Y07,825,1034
YS021688,2026-12-24 16:00:00,Y08,679,1028
YS021689,2026-12-24 16:00:00,Y09,610,1123
YS021690,2026-12-24 16:00:00,Y10,1284,1339
YS021691,2026-12-25 00:00:00,Y01,1733,1995
YS021692,2026-12-25 00:00:00,Y02,932,1249
YS021693,2026-12-25 00:00:00,Y03,405,986
YS021694,2026-12-25 00:00:00,Y04,866,1113
YS021695,2026-12-25 00:00:00,Y05,548,930
YS021696,2026-12-25 00:00:00,Y06,1336,1758
YS021697,2026-12-25 00:00:00,Y07,441,1034
YS021698,2026-12-25 00:00:00,Y08,664,1028
YS021699,2026-12-25 00:00:00,Y09,779,1123
YS021700,2026-12-25 00:00:00,Y10,680,1339
YS021701,2026-12-25 08:00:00,Y01,1543,1995
YS021702,2026-12-25 08:00:00,Y02,575,1249
YS021703,2026-12-25 08:00:00,Y03,507,986
YS021704,2026-12-25 08:00:00,Y04,879,1113
YS021705,2026-12-25 08:00:00,Y05,520,930
YS021706,2026-12-25 08:00:00,Y06,985,1758
YS021707,2026-12-25 08:00:00,Y07,930,1034
YS021708,2026-12-25 08:00:00,Y08,728,1028
YS021709,2026-12-25 08:00:00,Y09,1043,1123
YS021710,2026-12-25 08:00:00,Y10,1119,1339
YS021711,2026-12-25 16:00:00,Y01,923,1995
YS021712,2026-12-25 16:00:00,Y02,817,1249
YS021713,2026-12-25 16:00:00,Y03,868,986
YS021714,2026-12-25 16:00:00,Y04,681,1113
YS021715,2026-12-25 16:00:00,Y05,392,930
YS021716,2026-12-25 16:00:00,Y06,1591,1758
YS021717,2026-12-25 16:00:00,Y07,523,1034
YS021718,2026-12-25 16:00:00,Y08,432,1028
YS021719,2026-12-25 16:00:00,Y09,946,1123
YS021720,2026-12-25 16:00:00,Y10,669,1339
YS021721,2026-12-26 00:00:00,Y01,943,1995
YS021722,2026-12-26 00:00:00,Y02,1068,1249
YS021723,2026-12-26 00:00:00,Y03,927,986
YS021724,2026-12-26 00:00:00,Y04,866,1113
YS021725,2026-12-26 00:00:00,Y05,404,930
YS021726,2026-12-26 00:00:00,Y06,1569,1758
YS021727,2026-12-26 00:00:00,Y07,477,1034
YS021728,2026-12-26 00:00:00,Y08,846,1028
YS021729,2026-12-26 00:00:00,Y09,454,1123
YS021730,2026-12-26 00:00:00,Y10,543,1339
YS021731,2026-12-26 08:00:00,Y01,1298,1995
YS021732,2026-12-26 08:00:00,Y02,760,1249
YS021733,2026-12-26 08:00:00,Y03,756,986
YS021734,2026-12-26 08:00:00,Y04,874,1113
YS021735,2026-12-26 08:00:00,Y05,421,930
YS021736,2026-12-26 08:00:00,Y06,1688,1758
YS021737,2026-12-26 08:00:00,Y07,802,1034
YS021738,2026-12-26 08:00:00,Y08,543,1028
YS021739,2026-12-26 08:00:00,Y09,1011,1123
YS021740,2026-12-26 08:00:00,Y10,1074,1339
YS021741,2026-12-26 16:00:00,Y01,1353,1995
YS021742,2026-12-26 16:00:00,Y02,924,1249
YS021743,2026-12-26 16:00:00,Y03,785,986
YS021744,2026-12-26 16:00:00,Y04,856,1113
YS021745,2026-12-26 16:00:00,Y05,668,930
YS021746,2026-12-26 16:00:00,Y06,1048,1758
YS021747,2026-12-26 16:00:00,Y07,558,1034
YS021748,2026-12-26 16:00:00,Y08,749,1028
YS021749,2026-12-26 16:00:00,Y09,919,1123
YS021750,2026-12-26 16:00:00,Y10,666,1339
YS021751,2026-12-27 00:00:00,Y01,1520,1995
YS021752,2026-12-27 00:00:00,Y02,697,1249
YS021753,2026-12-27 00:00:00,Y03,916,986
YS021754,2026-12-27 00:00:00,Y04,494,1113
YS021755,2026-12-27 00:00:00,Y05,372,930
YS021756,2026-12-27 00:00:00,Y06,1563,1758
YS021757,2026-12-27 00:00:00,Y07,418,1034
YS021758,2026-12-27 00:00:00,Y08,973,1028
YS021759,2026-12-27 00:00:00,Y09,815,1123
YS021760,2026-12-27 00:00:00,Y10,793,1339
YS021761,2026-12-27 08:00:00,Y01,1835,1995
YS021762,2026-12-27 08:00:00,Y02,1062,1249
YS021763,2026-12-27 08:00:00,Y03,945,986
YS021764,2026-12-27 08:00:00,Y04,558,1113
YS021765,2026-12-27 08:00:00,Y05,407,930
YS021766,2026-12-27 08:00:00,Y06,827,1758
YS021767,2026-12-27 08:00:00,Y07,778,1034
YS021768,2026-12-27 08:00:00,Y08,963,1028
YS021769,2026-12-27 08:00:00,Y09,1027,1123
YS021770,2026-12-27 08:00:00,Y10,935,1339
YS021771,2026-12-27 16:00:00,Y01,1667,1995
YS021772,2026-12-27 16:00:00,Y02,653,1249
YS021773,2026-12-27 16:00:00,Y03,576,986
YS021774,2026-12-27 16:00:00,Y04,712,1113
YS021775,2026-12-27 16:00:00,Y05,610,930
YS021776,2026-12-27 16:00:00,Y06,803,1758
YS021777,2026-12-27 16:00:00,Y07,939,1034
YS021778,2026-12-27 16:00:00,Y08,897,1028
YS021779,2026-12-27 16:00:00,Y09,549,1123
YS021780,2026-12-27 16:00:00,Y10,1236,1339
YS021781,2026-12-28 00:00:00,Y01,1868,1995
YS021782,2026-12-28 00:00:00,Y02,1152,1249
YS021783,2026-12-28 00:00:00,Y03,905,986
YS021784,2026-12-28 00:00:00,Y04,485,1113
YS021785,2026-12-28 00:00:00,Y05,473,930
YS021786,2026-12-28 00:00:00,Y06,993,1758
YS021787,2026-12-28 00:00:00,Y07,551,1034
YS021788,2026-12-28 00:00:00,Y08,969,1028
YS021789,2026-12-28 00:00:00,Y09,450,1123
YS021790,2026-12-28 00:00:00,Y10,818,1339
YS021791,2026-12-28 08:00:00,Y01,1717,1995
YS021792,2026-12-28 08:00:00,Y02,862,1249
YS021793,2026-12-28 08:00:00,Y03,621,986
YS021794,2026-12-28 08:00:00,Y04,720,1113
YS021795,2026-12-28 08:00:00,Y05,573,930
YS021796,2026-12-28 08:00:00,Y06,1347,1758
YS021797,2026-12-28 08:00:00,Y07,631,1034
YS021798,2026-12-28 08:00:00,Y08,652,1028
YS021799,2026-12-28 08:00:00,Y09,533,1123
YS021800,2026-12-28 08:00:00,Y10,587,1339
YS021801,2026-12-28 16:00:00,Y01,1385,1995
YS021802,2026-12-28 16:00:00,Y02,1219,1249
YS021803,2026-12-28 16:00:00,Y03,432,986
YS021804,2026-12-28 16:00:00,Y04,914,1113
YS021805,2026-12-28 16:00:00,Y05,736,930
YS021806,2026-12-28 16:00:00,Y06,1205,1758
YS021807,2026-12-28 16:00:00,Y07,757,1034
YS021808,2026-12-28 16:00:00,Y08,904,1028
YS021809,2026-12-28 16:00:00,Y09,485,1123
YS021810,2026-12-28 16:00:00,Y10,917,1339
YS021811,2026-12-29 00:00:00,Y01,1055,1995
YS021812,2026-12-29 00:00:00,Y02,784,1249
YS021813,2026-12-29 00:00:00,Y03,822,986
YS021814,2026-12-29 00:00:00,Y04,617,1113
YS021815,2026-12-29 00:00:00,Y05,759,930
YS021816,2026-12-29 00:00:00,Y06,881,1758
YS021817,2026-12-29 00:00:00,Y07,937,1034
YS021818,2026-12-29 00:00:00,Y08,887,1028
YS021819,2026-12-29 00:00:00,Y09,525,1123
YS021820,2026-12-29 00:00:00,Y10,1063,1339
YS021821,2026-12-29 08:00:00,Y01,1619,1995
YS021822,2026-12-29 08:00:00,Y02,1149,1249
YS021823,2026-12-29 08:00:00,Y03,638,986
YS021824,2026-12-29 08:00:00,Y04,687,1113
YS021825,2026-12-29 08:00:00,Y05,562,930
YS021826,2026-12-29 08:00:00,Y06,1254,1758
YS021827,2026-12-29 08:00:00,Y07,509,1034
YS021828,2026-12-29 08:00:00,Y08,413,1028
YS021829,2026-12-29 08:00:00,Y09,779,1123
YS021830,2026-12-29 08:00:00,Y10,739,1339
YS021831,2026-12-29 16:00:00,Y01,1219,1995
YS021832,2026-12-29 16:00:00,Y02,671,1249
YS021833,2026-12-29 16:00:00,Y03,715,986
YS021834,2026-12-29 16:00:00,Y04,476,1113
YS021835,2026-12-29 16:00:00,Y05,460,930
YS021836,2026-12-29 16:00:00,Y06,1362,1758
YS021837,2026-12-29 16:00:00,Y07,773,1034
YS021838,2026-12-29 16:00:00,Y08,961,1028
YS021839,2026-12-29 16:00:00,Y09,1100,1123
YS021840,2026-12-29 16:00:00,Y10,1212,1339
YS021841,2026-12-30 00:00:00,Y01,852,1995
YS021842,2026-12-30 00:00:00,Y02,916,1249
YS021843,2026-12-30 00:00:00,Y03,859,986
YS021844,2026-12-30 00:00:00,Y04,717,1113
YS021845,2026-12-30 00:00:00,Y05,378,930
YS021846,2026-12-30 00:00:00,Y06,1612,1758
YS021847,2026-12-30 00:00:00,Y07,874,1034
YS021848,2026-12-30 00:00:00,Y08,706,1028
YS021849,2026-12-30 00:00:00,Y09,769,1123
YS021850,2026-12-30 00:00:00,Y10,1105,1339
YS021851,2026-12-30 08:00:00,Y01,1451,1995
YS021852,2026-12-30 08:00:00,Y02,642,1249
YS021853,2026-12-30 08:00:00,Y03,601,986
YS021854,2026-12-30 08:00:00,Y04,751,1113
YS021855,2026-12-30 08:00:00,Y05,421,930
YS021856,2026-12-30 08:00:00,Y06,1204,1758
YS021857,2026-12-30 08:00:00,Y07,867,1034
YS021858,2026-12-30 08:00:00,Y08,947,1028
YS021859,2026-12-30 08:00:00,Y09,489,1123
YS021860,2026-12-30 08:00:00,Y10,793,1339
YS021861,2026-12-30 16:00:00,Y01,1497,1995
YS021862,2026-12-30 16:00:00,Y02,515,1249
YS021863,2026-12-30 16:00:00,Y03,417,986
YS021864,2026-12-30 16:00:00,Y04,880,1113
YS021865,2026-12-30 16:00:00,Y05,903,930
YS021866,2026-12-30 16:00:00,Y06,1552,1758
YS021867,2026-12-30 16:00:00,Y07,1003,1034
YS021868,2026-12-30 16:00:00,Y08,697,1028
YS021869,2026-12-30 16:00:00,Y09,991,1123
YS021870,2026-12-30 16:00:00,Y10,1125,1339
YS021871,2026-12-31 00:00:00,Y01,1387,1995
YS021872,2026-12-31 00:00:00,Y02,917,1249
YS021873,2026-12-31 00:00:00,Y03,862,986
YS021874,2026-12-31 00:00:00,Y04,587,1113
YS021875,2026-12-31 00:00:00,Y05,639,930
YS021876,2026-12-31 00:00:00,Y06,1190,1758
YS021877,2026-12-31 00:00:00,Y07,413,1034
YS021878,2026-12-31 00:00:00,Y08,732,1028
YS021879,2026-12-31 00:00:00,Y09,566,1123
YS021880,2026-12-31 00:00:00,Y10,1113,1339
