CraneEventID,CraneID,VesselCallID,EventTime,ActiveMinutes,DowntimeMinutes,MovesCompleted,ShiftName
CE00001,QC02,VC00410,2026-08-10 06:49:00,362,63,54,Evening
CE00002,QC03,VC00191,2025-07-02 03:52:00,420,38,78,Morning
CE00003,QC04,VC00822,2026-07-20 07:53:00,346,49,27,Morning
CE00004,QC02,VC00356,2026-06-15 21:32:00,353,22,50,Night
CE00005,QC06,VC00203,2025-08-07 10:45:00,395,16,57,Night
CE00006,QC02,VC00196,2026-01-09 01:33:00,334,31,47,Night
CE00007,QC03,VC00758,2026-06-21 13:18:00,425,67,69,Night
CE00008,QC06,VC00221,2025-02-26 05:44:00,402,66,28,Night
CE00009,QC08,VC00630,2026-10-17 02:17:00,360,34,43,Night
CE00010,QC07,VC00328,2026-12-01 18:58:00,454,18,59,Night
CE00011,QC06,VC00095,2025-09-30 02:46:00,357,15,24,Morning
CE00012,QC01,VC00874,2025-11-20 09:46:00,322,63,49,Night
CE00013,QC06,VC00847,2026-05-01 16:09:00,472,38,26,Morning
CE00014,QC06,VC00915,2025-03-28 03:07:00,371,43,73,Morning
CE00015,QC07,VC00850,2025-11-02 14:43:00,469,12,65,Morning
CE00016,QC01,VC00896,2026-01-22 21:38:00,454,28,25,Evening
CE00017,QC06,VC00726,2025-01-30 06:43:00,342,57,55,Night
CE00018,QC03,VC00448,2026-04-30 11:58:00,309,34,57,Morning
CE00019,QC06,VC00482,2025-12-19 05:13:00,422,39,78,Night
CE00020,QC05,VC00090,2026-05-27 22:10:00,375,67,55,Night
CE00021,QC01,VC00856,2025-08-06 06:36:00,459,65,20,Morning
CE00022,QC04,VC00424,2025-05-08 00:52:00,347,2,40,Morning
CE00023,QC08,VC00353,2025-05-30 08:54:00,407,21,80,Night
CE00024,QC03,VC00575,2025-02-14 05:33:00,427,68,35,Morning
CE00025,QC05,VC00835,2026-10-23 06:58:00,365,64,55,Morning
CE00026,QC04,VC00179,2025-02-06 13:02:00,398,45,36,Evening
CE00027,QC01,VC00962,2026-05-25 03:26:00,337,31,71,Evening
CE00028,QC01,VC00728,2026-04-20 19:15:00,462,46,69,Morning
CE00029,QC06,VC00804,2026-06-04 15:52:00,415,70,52,Evening
CE00030,QC07,VC00359,2026-06-20 23:28:00,418,51,20,Morning
CE00031,QC08,VC00806,2026-02-27 18:18:00,360,11,56,Night
CE00032,QC02,VC00353,2025-05-30 08:54:00,401,36,63,Night
CE00033,QC05,VC00525,2025-03-04 13:02:00,374,61,29,Evening
CE00034,QC05,VC00353,2025-05-30 08:54:00,347,6,32,Evening
CE00035,QC01,VC00538,2025-11-12 18:23:00,340,12,77,Night
CE00036,QC04,VC00256,2025-11-05 04:29:00,330,15,49,Evening
CE00037,QC03,VC00620,2025-10-26 22:39:00,355,57,20,Night
CE00038,QC05,VC00221,2025-02-26 05:44:00,302,4,68,Night
CE00039,QC04,VC00695,2025-04-24 16:23:00,305,88,60,Morning
CE00040,QC07,VC00747,2025-12-14 00:34:00,367,71,50,Morning
CE00041,QC04,VC00720,2025-03-13 04:21:00,464,39,22,Evening
CE00042,QC03,VC00715,2026-06-20 19:06:00,329,53,25,Night
CE00043,QC03,VC00206,2025-04-16 00:40:00,445,13,25,Night
CE00044,QC05,VC00081,2026-05-31 04:23:00,317,74,29,Morning
CE00045,QC01,VC00550,2026-06-10 12:46:00,437,68,45,Night
CE00046,QC08,VC00324,2025-04-28 03:01:00,470,75,28,Night
CE00047,QC03,VC00941,2025-07-17 23:20:00,352,84,38,Night
CE00048,QC01,VC00685,2025-12-21 19:34:00,427,12,67,Night
CE00049,QC02,VC00299,2026-01-22 14:44:00,454,15,74,Evening
CE00050,QC06,VC00752,2026-02-15 01:17:00,320,78,33,Morning
CE00051,QC04,VC00130,2025-04-27 14:17:00,473,4,79,Morning
CE00052,QC08,VC00707,2026-07-31 13:32:00,366,58,31,Evening
CE00053,QC08,VC00281,2025-06-12 01:01:00,443,87,60,Morning
CE00054,QC07,VC00604,2025-10-29 12:39:00,434,63,79,Morning
CE00055,QC04,VC00771,2025-03-24 03:55:00,338,50,36,Evening
CE00056,QC08,VC00591,2026-02-09 19:08:00,420,63,47,Night
CE00057,QC05,VC00400,2026-06-13 07:05:00,363,76,78,Night
CE00058,QC01,VC00382,2026-03-17 21:55:00,341,72,38,Night
CE00059,QC03,VC00025,2025-10-29 06:39:00,430,24,23,Night
CE00060,QC04,VC00805,2025-08-10 09:44:00,423,39,60,Night
CE00061,QC06,VC00644,2025-06-11 01:56:00,398,52,21,Night
CE00062,QC06,VC00540,2026-08-05 16:29:00,406,3,65,Evening
CE00063,QC08,VC00503,2025-12-11 03:21:00,314,2,75,Night
CE00064,QC02,VC00806,2026-02-27 18:18:00,300,73,33,Morning
CE00065,QC03,VC00401,2025-01-23 19:04:00,325,4,51,Night
CE00066,QC06,VC00985,2025-03-18 15:34:00,443,42,70,Morning
CE00067,QC08,VC00255,2025-07-07 11:25:00,440,50,35,Morning
CE00068,QC07,VC00046,2025-05-08 04:00:00,364,54,71,Morning
CE00069,QC03,VC00488,2026-03-29 16:31:00,468,6,31,Evening
CE00070,QC07,VC00842,2026-12-03 21:22:00,341,86,56,Morning
CE00071,QC05,VC00451,2025-01-28 09:59:00,476,86,34,Evening
CE00072,QC06,VC00553,2026-06-02 02:56:00,307,29,43,Morning
CE00073,QC01,VC00390,2026-10-15 06:06:00,319,8,69,Morning
CE00074,QC02,VC00429,2026-03-05 21:58:00,429,27,35,Night
CE00075,QC01,VC00825,2025-02-09 19:59:00,451,30,33,Morning
CE00076,QC05,VC00632,2025-02-23 13:45:00,311,44,67,Morning
CE00077,QC08,VC00071,2026-03-06 12:39:00,413,26,40,Night
CE00078,QC06,VC00229,2026-03-24 04:10:00,377,69,53,Morning
CE00079,QC08,VC00147,2025-02-27 22:13:00,313,80,31,Evening
CE00080,QC02,VC00980,2026-04-08 11:27:00,333,2,35,Evening
CE00081,QC01,VC00737,2025-10-29 09:06:00,312,27,78,Evening
CE00082,QC03,VC00647,2026-10-21 19:01:00,342,26,57,Morning
CE00083,QC07,VC00352,2026-02-14 23:52:00,362,57,43,Evening
CE00084,QC04,VC00750,2026-11-30 02:49:00,399,32,25,Evening
CE00085,QC08,VC00895,2026-07-16 12:20:00,477,28,35,Evening
CE00086,QC03,VC00705,2026-05-26 05:06:00,309,8,80,Morning
CE00087,QC02,VC00454,2026-06-25 03:21:00,474,27,46,Night
CE00088,QC01,VC00591,2026-02-09 19:08:00,371,56,24,Evening
CE00089,QC05,VC00444,2026-10-24 20:26:00,422,22,76,Evening
CE00090,QC01,VC00136,2026-04-25 06:33:00,354,23,60,Night
CE00091,QC06,VC00832,2026-09-10 03:04:00,348,39,20,Evening
CE00092,QC02,VC00942,2025-07-06 09:24:00,344,15,62,Morning
CE00093,QC03,VC00034,2025-08-12 17:09:00,419,84,29,Evening
CE00094,QC07,VC00666,2026-01-28 06:17:00,445,84,54,Morning
CE00095,QC07,VC00141,2026-10-26 06:16:00,406,71,49,Evening
CE00096,QC04,VC00296,2025-04-10 10:06:00,388,62,37,Evening
CE00097,QC04,VC00681,2025-07-19 04:46:00,319,44,39,Morning
CE00098,QC06,VC00948,2026-03-24 00:12:00,404,12,77,Night
CE00099,QC03,VC00965,2025-05-30 08:54:00,392,85,35,Evening
CE00100,QC02,VC00346,2025-05-25 15:35:00,309,85,70,Evening
CE00101,QC07,VC00663,2026-10-23 09:34:00,358,24,63,Evening
CE00102,QC04,VC00978,2026-03-14 05:49:00,326,39,60,Morning
CE00103,QC01,VC00750,2026-11-30 02:49:00,377,0,53,Night
CE00104,QC05,VC00892,2026-04-03 10:48:00,369,47,38,Night
CE00105,QC03,VC00531,2025-10-08 13:34:00,302,28,66,Night
CE00106,QC02,VC00153,2025-07-21 17:30:00,467,72,21,Night
CE00107,QC08,VC00622,2026-09-13 17:53:00,404,64,30,Evening
CE00108,QC03,VC00361,2026-02-21 23:29:00,416,29,44,Night
CE00109,QC04,VC00252,2026-06-03 12:52:00,473,29,30,Evening
CE00110,QC04,VC00361,2026-02-21 23:29:00,349,13,65,Night
CE00111,QC07,VC00615,2025-02-20 03:43:00,467,14,27,Night
CE00112,QC02,VC00214,2025-06-27 05:14:00,363,78,70,Morning
CE00113,QC02,VC00141,2026-10-26 06:16:00,435,86,39,Night
CE00114,QC06,VC00742,2025-12-06 17:01:00,391,72,37,Evening
CE00115,QC05,VC00941,2025-07-17 23:20:00,461,6,28,Evening
CE00116,QC02,VC00708,2026-01-03 04:01:00,390,90,66,Evening
CE00117,QC01,VC00585,2025-09-09 05:56:00,455,87,73,Night
CE00118,QC01,VC00999,2025-03-14 07:49:00,394,83,62,Evening
CE00119,QC02,VC00077,2026-10-07 19:34:00,386,10,68,Night
CE00120,QC03,VC00278,2025-03-24 07:05:00,353,15,36,Evening
CE00121,QC04,VC00517,2026-04-13 23:59:00,469,54,74,Evening
CE00122,QC03,VC00536,2025-01-04 17:36:00,409,28,60,Morning
CE00123,QC08,VC00333,2026-02-14 10:37:00,361,23,48,Evening
CE00124,QC05,VC00854,2026-07-08 22:24:00,456,56,25,Night
CE00125,QC05,VC00484,2026-07-27 22:27:00,390,53,67,Morning
CE00126,QC08,VC00195,2025-09-19 00:56:00,410,28,47,Morning
CE00127,QC07,VC00328,2026-12-01 18:58:00,404,24,24,Evening
CE00128,QC07,VC00536,2025-01-04 17:36:00,367,39,40,Night
CE00129,QC06,VC00215,2026-07-15 23:59:00,304,57,65,Night
CE00130,QC06,VC00810,2026-08-27 08:10:00,322,40,25,Evening
CE00131,QC04,VC00384,2025-08-04 20:15:00,407,2,26,Morning
CE00132,QC05,VC00812,2025-02-20 04:44:00,326,71,38,Morning
CE00133,QC07,VC00210,2025-08-24 21:17:00,402,75,40,Evening
CE00134,QC05,VC00181,2025-07-19 10:40:00,380,2,68,Evening
CE00135,QC02,VC00590,2026-05-28 02:53:00,438,76,64,Evening
CE00136,QC06,VC00887,2026-08-25 00:55:00,456,9,35,Morning
CE00137,QC08,VC00955,2025-01-02 21:06:00,431,34,71,Night
CE00138,QC06,VC00989,2025-04-28 13:43:00,334,25,21,Night
CE00139,QC04,VC00166,2026-02-27 19:42:00,452,1,44,Night
CE00140,QC01,VC00310,2026-01-11 04:56:00,340,55,62,Evening
CE00141,QC01,VC00711,2025-09-11 21:22:00,464,48,22,Night
CE00142,QC05,VC00268,2025-01-16 16:43:00,444,52,41,Night
CE00143,QC01,VC00897,2025-03-19 17:21:00,399,54,72,Night
CE00144,QC07,VC00091,2025-08-21 03:59:00,468,14,56,Night
CE00145,QC02,VC00191,2025-07-02 03:52:00,307,11,45,Night
CE00146,QC03,VC00065,2026-11-15 11:42:00,355,27,36,Evening
CE00147,QC03,VC00593,2025-10-08 20:12:00,310,33,31,Morning
CE00148,QC07,VC00224,2025-04-10 16:00:00,472,44,34,Morning
CE00149,QC07,VC00333,2026-02-14 10:37:00,391,69,69,Morning
CE00150,QC06,VC00944,2025-06-01 20:28:00,460,90,76,Morning
CE00151,QC03,VC00552,2026-03-14 20:33:00,332,16,59,Morning
CE00152,QC06,VC00122,2025-10-30 11:52:00,359,16,42,Night
CE00153,QC05,VC00390,2026-10-15 06:06:00,359,72,56,Evening
CE00154,QC02,VC00837,2025-06-08 03:32:00,451,35,43,Morning
CE00155,QC04,VC00171,2025-07-30 15:53:00,335,50,24,Evening
CE00156,QC03,VC00654,2026-08-23 08:35:00,362,52,34,Night
CE00157,QC02,VC00178,2025-07-21 08:13:00,304,68,61,Morning
CE00158,QC01,VC00222,2026-07-23 18:45:00,447,57,76,Morning
CE00159,QC02,VC00732,2026-06-14 03:07:00,399,85,20,Evening
CE00160,QC02,VC00905,2026-08-26 23:42:00,325,34,30,Evening
CE00161,QC02,VC00533,2026-01-22 00:28:00,382,86,22,Morning
CE00162,QC03,VC00937,2025-06-08 12:06:00,311,9,73,Morning
CE00163,QC04,VC00723,2025-12-06 15:50:00,323,52,44,Morning
CE00164,QC07,VC00488,2026-03-29 16:31:00,455,2,50,Morning
CE00165,QC01,VC00195,2025-09-19 00:56:00,475,24,56,Evening
CE00166,QC06,VC00073,2026-08-27 12:56:00,392,9,25,Evening
CE00167,QC06,VC00871,2025-07-05 10:13:00,320,19,68,Morning
CE00168,QC07,VC00185,2026-11-14 10:38:00,318,14,27,Night
CE00169,QC03,VC00666,2026-01-28 06:17:00,371,43,47,Evening
CE00170,QC01,VC00825,2025-02-09 19:59:00,428,89,79,Night
CE00171,QC01,VC00970,2026-09-01 02:24:00,475,7,31,Morning
CE00172,QC03,VC00444,2026-10-24 20:26:00,313,83,23,Evening
CE00173,QC08,VC00024,2026-10-14 05:33:00,372,73,76,Evening
CE00174,QC02,VC00392,2025-07-15 02:05:00,449,23,80,Evening
CE00175,QC03,VC00463,2026-05-28 12:21:00,367,84,35,Evening
CE00176,QC08,VC00318,2025-02-15 00:01:00,405,30,23,Evening
CE00177,QC08,VC00686,2026-07-17 05:32:00,442,47,42,Night
CE00178,QC05,VC00843,2026-01-06 02:42:00,313,36,79,Night
CE00179,QC08,VC00145,2025-06-13 19:33:00,373,63,68,Evening
CE00180,QC02,VC00430,2026-02-26 02:27:00,443,52,27,Night
CE00181,QC02,VC00328,2026-12-01 18:58:00,363,38,38,Evening
CE00182,QC02,VC00221,2025-02-26 05:44:00,462,9,52,Night
CE00183,QC05,VC00106,2026-05-23 05:25:00,465,48,77,Evening
CE00184,QC01,VC00457,2025-01-03 13:50:00,349,10,65,Night
CE00185,QC07,VC00488,2026-03-29 16:31:00,330,65,28,Morning
CE00186,QC07,VC00106,2026-05-23 05:25:00,403,52,67,Night
CE00187,QC05,VC00695,2025-04-24 16:23:00,401,22,30,Night
CE00188,QC07,VC00285,2025-11-25 16:15:00,468,55,41,Evening
CE00189,QC08,VC00625,2026-07-09 05:30:00,463,85,76,Evening
CE00190,QC08,VC00138,2025-10-21 20:42:00,417,18,77,Evening
CE00191,QC02,VC00205,2025-02-14 06:48:00,446,0,29,Night
CE00192,QC01,VC00507,2026-12-08 08:33:00,375,4,64,Evening
CE00193,QC08,VC00114,2025-05-06 05:18:00,315,26,64,Morning
CE00194,QC06,VC00501,2026-10-10 08:37:00,459,83,37,Morning
CE00195,QC06,VC00945,2026-02-08 00:50:00,449,74,23,Night
CE00196,QC02,VC00364,2026-09-08 18:57:00,350,1,37,Morning
CE00197,QC01,VC00675,2026-12-09 16:25:00,465,56,49,Night
CE00198,QC07,VC00561,2026-07-13 18:24:00,350,48,42,Evening
CE00199,QC04,VC00878,2026-10-03 07:22:00,477,15,45,Night
CE00200,QC04,VC00102,2026-01-08 03:54:00,472,78,69,Evening
CE00201,QC04,VC00151,2026-06-25 11:08:00,316,44,24,Evening
CE00202,QC01,VC00164,2025-05-10 03:47:00,388,46,36,Night
CE00203,QC03,VC00002,2026-03-29 03:44:00,480,69,50,Evening
CE00204,QC04,VC00581,2026-08-09 03:52:00,358,61,29,Morning
CE00205,QC01,VC00018,2025-08-06 11:33:00,395,25,76,Night
CE00206,QC07,VC00535,2025-02-23 23:44:00,348,79,35,Night
CE00207,QC01,VC00336,2026-04-03 04:10:00,403,23,35,Evening
CE00208,QC04,VC00390,2026-10-15 06:06:00,470,78,43,Night
CE00209,QC08,VC00478,2026-10-11 09:30:00,342,81,41,Morning
CE00210,QC01,VC00172,2026-07-16 02:36:00,404,89,65,Evening
CE00211,QC03,VC00303,2025-09-25 23:18:00,448,78,77,Evening
CE00212,QC06,VC00678,2026-11-13 03:07:00,349,18,69,Night
CE00213,QC07,VC00644,2025-06-11 01:56:00,479,34,38,Evening
CE00214,QC03,VC00493,2025-08-06 02:03:00,380,65,30,Morning
CE00215,QC04,VC00865,2025-03-27 08:39:00,424,26,28,Night
CE00216,QC08,VC00827,2026-04-03 16:26:00,435,32,74,Evening
CE00217,QC02,VC00609,2026-05-13 18:11:00,318,64,25,Morning
CE00218,QC06,VC00646,2026-08-02 10:37:00,371,8,25,Evening
CE00219,QC05,VC00799,2026-09-26 02:21:00,470,82,23,Night
CE00220,QC08,VC00324,2025-04-28 03:01:00,474,56,31,Night
CE00221,QC08,VC00721,2025-08-17 14:51:00,305,58,64,Morning
CE00222,QC08,VC00434,2025-12-08 04:18:00,476,40,46,Morning
CE00223,QC06,VC00713,2026-07-28 21:09:00,468,4,62,Morning
CE00224,QC04,VC00637,2025-01-23 16:13:00,343,43,29,Night
CE00225,QC08,VC00528,2026-11-21 00:56:00,452,38,79,Evening
CE00226,QC02,VC00009,2026-07-09 10:30:00,398,80,66,Morning
CE00227,QC02,VC00234,2026-05-15 15:53:00,347,9,43,Morning
CE00228,QC02,VC00547,2025-06-04 08:00:00,379,61,74,Evening
CE00229,QC03,VC00178,2025-07-21 08:13:00,408,67,36,Evening
CE00230,QC07,VC00728,2026-04-20 19:15:00,446,64,67,Evening
CE00231,QC06,VC00953,2026-02-21 05:52:00,384,18,65,Morning
CE00232,QC01,VC00956,2026-02-10 02:08:00,464,78,45,Night
CE00233,QC02,VC00014,2025-09-23 14:46:00,356,82,21,Morning
CE00234,QC04,VC00950,2026-06-23 13:35:00,318,39,44,Night
CE00235,QC04,VC00432,2025-12-06 00:32:00,325,23,69,Night
CE00236,QC03,VC00296,2025-04-10 10:06:00,315,39,51,Morning
CE00237,QC02,VC00966,2025-10-07 01:56:00,425,47,62,Morning
CE00238,QC02,VC00908,2026-12-05 20:41:00,346,37,37,Evening
CE00239,QC07,VC00522,2025-09-30 09:41:00,393,69,76,Evening
CE00240,QC01,VC00896,2026-01-22 21:38:00,371,41,34,Night
CE00241,QC04,VC00094,2026-04-17 22:03:00,406,11,68,Night
CE00242,QC03,VC00057,2026-09-08 06:16:00,339,77,31,Morning
CE00243,QC08,VC00139,2026-03-02 14:16:00,332,29,41,Night
CE00244,QC05,VC00990,2025-04-01 09:42:00,320,35,72,Morning
CE00245,QC02,VC00335,2026-06-25 09:20:00,342,15,76,Morning
CE00246,QC07,VC00390,2026-10-15 06:06:00,343,87,58,Evening
CE00247,QC02,VC00072,2026-09-23 22:01:00,478,43,49,Night
CE00248,QC06,VC00500,2025-10-10 08:47:00,310,16,63,Night
CE00249,QC02,VC00722,2025-02-27 12:33:00,340,32,39,Night
CE00250,QC07,VC00478,2026-10-11 09:30:00,355,61,57,Evening
CE00251,QC02,VC00866,2026-05-06 12:26:00,367,16,51,Night
CE00252,QC08,VC00469,2026-02-11 03:31:00,408,50,74,Night
CE00253,QC04,VC00357,2025-05-20 00:05:00,311,35,40,Evening
CE00254,QC07,VC00926,2026-05-29 14:50:00,326,44,73,Night
CE00255,QC06,VC00090,2026-05-27 22:10:00,300,50,72,Evening
CE00256,QC01,VC00376,2025-06-23 06:37:00,313,53,67,Evening
CE00257,QC04,VC00167,2025-05-08 18:06:00,344,14,57,Morning
CE00258,QC07,VC00839,2025-01-31 19:09:00,464,1,68,Morning
CE00259,QC07,VC00728,2026-04-20 19:15:00,300,28,78,Evening
CE00260,QC04,VC00432,2025-12-06 00:32:00,381,76,40,Night
CE00261,QC08,VC00631,2025-02-28 22:35:00,326,20,64,Evening
CE00262,QC08,VC00773,2025-05-28 07:39:00,370,64,33,Night
CE00263,QC05,VC00070,2026-01-29 15:55:00,473,54,33,Evening
CE00264,QC02,VC00145,2025-06-13 19:33:00,447,48,31,Morning
CE00265,QC07,VC00514,2026-02-06 15:27:00,363,77,21,Morning
CE00266,QC06,VC00663,2026-10-23 09:34:00,442,7,44,Morning
CE00267,QC08,VC00487,2026-01-12 03:56:00,317,89,66,Evening
CE00268,QC08,VC00419,2026-02-03 05:05:00,372,57,29,Evening
CE00269,QC06,VC00310,2026-01-11 04:56:00,337,2,49,Night
CE00270,QC08,VC00080,2025-07-23 01:18:00,349,63,45,Night
CE00271,QC06,VC00206,2025-04-16 00:40:00,456,16,64,Evening
CE00272,QC06,VC00100,2025-02-15 16:36:00,359,82,38,Morning
CE00273,QC04,VC00999,2025-03-14 07:49:00,360,1,57,Evening
CE00274,QC05,VC00925,2026-05-21 02:54:00,343,54,55,Evening
CE00275,QC06,VC00361,2026-02-21 23:29:00,424,16,78,Evening
CE00276,QC01,VC00531,2025-10-08 13:34:00,410,71,37,Night
CE00277,QC08,VC00231,2026-06-22 01:48:00,456,13,78,Evening
CE00278,QC06,VC00727,2026-10-25 18:14:00,373,12,32,Evening
CE00279,QC05,VC00428,2025-07-05 21:25:00,389,65,55,Morning
CE00280,QC01,VC00532,2026-01-04 15:40:00,430,44,80,Night
CE00281,QC06,VC00264,2025-12-18 08:05:00,320,15,29,Morning
CE00282,QC07,VC00366,2026-07-22 15:17:00,467,38,52,Morning
CE00283,QC02,VC00252,2026-06-03 12:52:00,434,21,80,Morning
CE00284,QC07,VC00427,2026-03-22 13:12:00,345,36,79,Night
CE00285,QC04,VC00987,2025-04-30 16:20:00,360,80,35,Morning
CE00286,QC05,VC00766,2025-09-30 18:41:00,345,69,58,Night
CE00287,QC03,VC00964,2025-04-30 05:11:00,383,48,36,Night
CE00288,QC02,VC00830,2025-08-15 17:49:00,426,31,79,Morning
CE00289,QC05,VC00216,2025-04-12 10:20:00,359,52,53,Evening
CE00290,QC02,VC00826,2026-10-10 20:48:00,452,33,58,Morning
CE00291,QC04,VC00046,2025-05-08 04:00:00,375,74,37,Night
CE00292,QC03,VC00293,2025-03-20 20:01:00,408,0,77,Night
CE00293,QC02,VC00627,2025-04-16 10:53:00,369,17,43,Evening
CE00294,QC05,VC00178,2025-07-21 08:13:00,392,39,57,Morning
CE00295,QC08,VC00465,2025-04-12 10:25:00,415,62,42,Morning
CE00296,QC03,VC00148,2026-07-07 08:03:00,346,33,34,Night
CE00297,QC04,VC00282,2025-02-01 03:02:00,301,4,77,Morning
CE00298,QC07,VC00138,2025-10-21 20:42:00,356,65,64,Evening
CE00299,QC06,VC00886,2025-07-18 02:48:00,409,46,28,Night
CE00300,QC08,VC00745,2026-04-27 03:11:00,426,69,66,Evening
CE00301,QC08,VC00605,2026-09-22 19:07:00,310,43,71,Morning
CE00302,QC02,VC00096,2026-05-06 05:01:00,306,9,59,Evening
CE00303,QC06,VC00002,2026-03-29 03:44:00,402,16,25,Morning
CE00304,QC04,VC00755,2026-08-17 03:03:00,445,90,36,Morning
CE00305,QC08,VC00201,2026-04-26 03:18:00,426,47,20,Night
CE00306,QC05,VC00154,2025-07-28 18:08:00,338,74,37,Morning
CE00307,QC05,VC00002,2026-03-29 03:44:00,336,45,30,Morning
CE00308,QC08,VC00045,2025-11-25 06:33:00,314,40,34,Night
CE00309,QC01,VC00398,2025-03-16 14:32:00,368,76,23,Night
CE00310,QC02,VC00527,2025-01-27 04:26:00,389,84,34,Evening
CE00311,QC05,VC00086,2025-04-20 18:18:00,472,33,78,Evening
CE00312,QC03,VC00146,2026-06-04 04:27:00,338,47,24,Night
CE00313,QC08,VC00143,2025-03-04 02:22:00,325,25,69,Night
CE00314,QC07,VC00453,2025-07-21 17:42:00,389,90,49,Morning
CE00315,QC08,VC00868,2025-10-16 10:58:00,371,71,41,Evening
CE00316,QC07,VC00536,2025-01-04 17:36:00,420,44,38,Night
CE00317,QC03,VC00406,2025-04-28 21:12:00,439,41,78,Night
CE00318,QC07,VC00443,2025-12-07 04:39:00,310,16,79,Evening
CE00319,QC03,VC00471,2026-02-07 07:35:00,431,54,49,Evening
CE00320,QC01,VC00844,2025-08-22 21:06:00,316,39,21,Evening
CE00321,QC07,VC00337,2025-10-02 09:35:00,436,51,28,Night
CE00322,QC08,VC00400,2026-06-13 07:05:00,388,3,46,Morning
CE00323,QC02,VC00960,2026-10-16 09:17:00,465,44,22,Morning
CE00324,QC01,VC00597,2026-06-16 20:30:00,393,46,70,Morning
CE00325,QC02,VC00610,2025-10-30 14:13:00,378,25,48,Morning
CE00326,QC03,VC00589,2026-06-05 17:28:00,448,34,78,Night
CE00327,QC03,VC00361,2026-02-21 23:29:00,375,21,43,Evening
CE00328,QC05,VC00225,2025-10-06 16:24:00,453,59,38,Evening
CE00329,QC01,VC00226,2026-06-29 10:36:00,443,19,36,Night
CE00330,QC06,VC00549,2025-05-11 04:11:00,477,54,20,Evening
CE00331,QC03,VC00234,2026-05-15 15:53:00,348,9,79,Morning
CE00332,QC05,VC00432,2025-12-06 00:32:00,422,68,76,Evening
CE00333,QC04,VC00605,2026-09-22 19:07:00,410,63,60,Evening
CE00334,QC07,VC00391,2026-03-04 22:38:00,304,86,67,Morning
CE00335,QC07,VC00912,2025-08-30 03:50:00,480,6,31,Night
CE00336,QC05,VC00975,2026-05-20 19:04:00,430,80,30,Evening
CE00337,QC01,VC00075,2025-01-19 19:58:00,318,34,49,Night
CE00338,QC02,VC00750,2026-11-30 02:49:00,352,77,30,Morning
CE00339,QC04,VC00128,2026-09-12 07:54:00,345,5,58,Morning
CE00340,QC08,VC00861,2025-07-09 16:30:00,476,0,70,Evening
CE00341,QC08,VC00847,2026-05-01 16:09:00,327,54,32,Night
CE00342,QC06,VC00250,2025-11-04 03:02:00,396,77,47,Night
CE00343,QC07,VC00562,2026-06-21 12:20:00,401,76,80,Night
CE00344,QC06,VC00579,2025-09-26 07:09:00,336,63,21,Evening
CE00345,QC01,VC00324,2025-04-28 03:01:00,386,16,65,Morning
CE00346,QC04,VC00629,2026-07-21 05:19:00,340,86,47,Evening
CE00347,QC04,VC00143,2025-03-04 02:22:00,399,43,39,Evening
CE00348,QC05,VC00463,2026-05-28 12:21:00,392,82,40,Evening
CE00349,QC04,VC00780,2026-06-21 09:40:00,371,9,44,Night
CE00350,QC07,VC00757,2025-07-24 08:17:00,365,16,28,Night
CE00351,QC01,VC00805,2025-08-10 09:44:00,362,14,28,Night
CE00352,QC01,VC00206,2025-04-16 00:40:00,302,6,53,Evening
CE00353,QC04,VC00584,2026-05-04 22:07:00,310,82,21,Evening
CE00354,QC07,VC00056,2025-06-11 21:03:00,478,71,30,Night
CE00355,QC08,VC00266,2025-05-11 07:04:00,468,63,77,Evening
CE00356,QC03,VC00099,2025-12-09 05:40:00,446,8,48,Night
CE00357,QC08,VC00929,2026-07-17 15:32:00,373,25,53,Evening
CE00358,QC07,VC00053,2026-01-24 09:30:00,343,37,29,Evening
CE00359,QC03,VC00797,2025-09-17 07:59:00,470,18,20,Morning
CE00360,QC08,VC00245,2025-02-13 03:26:00,381,73,70,Night
CE00361,QC05,VC00711,2025-09-11 21:22:00,420,47,25,Morning
CE00362,QC05,VC00631,2025-02-28 22:35:00,408,23,41,Night
CE00363,QC04,VC00112,2026-08-31 05:30:00,326,7,24,Evening
CE00364,QC01,VC00792,2025-10-31 22:13:00,319,39,66,Morning
CE00365,QC04,VC00297,2026-03-31 17:05:00,460,36,35,Morning
CE00366,QC04,VC00712,2025-11-14 21:16:00,416,7,72,Morning
CE00367,QC05,VC00689,2026-07-31 01:57:00,368,61,68,Morning
CE00368,QC07,VC00324,2025-04-28 03:01:00,422,86,73,Evening
CE00369,QC07,VC00868,2025-10-16 10:58:00,342,42,72,Morning
CE00370,QC02,VC00034,2025-08-12 17:09:00,470,51,29,Morning
CE00371,QC01,VC00553,2026-06-02 02:56:00,362,59,52,Evening
CE00372,QC05,VC00274,2026-08-27 07:29:00,337,39,60,Night
CE00373,QC04,VC00173,2026-09-06 00:29:00,457,83,72,Night
CE00374,QC08,VC00415,2026-07-27 15:24:00,303,35,32,Night
CE00375,QC06,VC00780,2026-06-21 09:40:00,447,87,39,Morning
CE00376,QC07,VC00144,2026-02-16 14:18:00,360,77,65,Morning
CE00377,QC05,VC00505,2026-02-12 13:25:00,459,2,46,Morning
CE00378,QC06,VC00353,2025-05-30 08:54:00,473,14,59,Night
CE00379,QC06,VC00837,2025-06-08 03:32:00,438,36,51,Evening
CE00380,QC07,VC00979,2026-10-10 03:58:00,408,51,40,Evening
CE00381,QC05,VC00944,2025-06-01 20:28:00,375,13,62,Morning
CE00382,QC01,VC00673,2025-06-25 02:57:00,310,68,41,Evening
CE00383,QC01,VC00880,2026-02-20 05:43:00,376,82,64,Night
CE00384,QC06,VC00206,2025-04-16 00:40:00,371,36,77,Evening
CE00385,QC08,VC00375,2026-12-04 09:18:00,436,17,34,Evening
CE00386,QC05,VC00885,2026-10-25 03:02:00,322,9,32,Evening
CE00387,QC08,VC00739,2026-07-23 00:38:00,455,55,73,Evening
CE00388,QC04,VC00614,2026-11-24 11:45:00,406,30,50,Morning
CE00389,QC04,VC00456,2025-11-01 20:59:00,384,44,63,Night
CE00390,QC06,VC00742,2025-12-06 17:01:00,368,83,36,Night
CE00391,QC07,VC00728,2026-04-20 19:15:00,312,24,67,Morning
CE00392,QC01,VC00489,2025-01-28 17:22:00,378,39,35,Morning
CE00393,QC05,VC00117,2025-01-04 22:51:00,358,26,23,Evening
CE00394,QC04,VC00647,2026-10-21 19:01:00,477,53,57,Morning
CE00395,QC03,VC00206,2025-04-16 00:40:00,302,2,74,Morning
CE00396,QC06,VC00933,2025-09-22 12:27:00,442,18,30,Morning
CE00397,QC06,VC00796,2026-12-10 07:52:00,343,59,23,Morning
CE00398,QC01,VC00938,2026-07-27 05:11:00,433,10,73,Evening
CE00399,QC06,VC00929,2026-07-17 15:32:00,441,55,46,Morning
CE00400,QC05,VC00001,2026-01-17 05:29:00,314,10,39,Evening
CE00401,QC05,VC00364,2026-09-08 18:57:00,310,38,67,Morning
CE00402,QC07,VC00702,2025-01-01 07:57:00,330,4,33,Evening
CE00403,QC02,VC00311,2025-05-12 16:58:00,448,20,54,Evening
CE00404,QC01,VC00520,2026-10-31 11:15:00,475,40,26,Morning
CE00405,QC04,VC00525,2025-03-04 13:02:00,438,8,79,Morning
CE00406,QC04,VC00204,2025-04-02 21:30:00,399,70,72,Evening
CE00407,QC02,VC00313,2026-07-09 12:25:00,357,12,54,Evening
CE00408,QC03,VC00155,2026-03-18 09:11:00,449,41,63,Evening
CE00409,QC03,VC00831,2025-02-13 06:49:00,442,79,57,Morning
CE00410,QC02,VC00748,2026-01-24 09:38:00,408,85,66,Night
CE00411,QC05,VC00522,2025-09-30 09:41:00,345,48,20,Evening
CE00412,QC03,VC00089,2026-02-13 20:44:00,389,8,76,Evening
CE00413,QC08,VC00047,2026-10-09 06:26:00,404,78,71,Night
CE00414,QC08,VC00871,2025-07-05 10:13:00,315,71,35,Night
CE00415,QC07,VC00625,2026-07-09 05:30:00,445,49,22,Evening
CE00416,QC03,VC00232,2025-03-08 10:55:00,406,35,72,Evening
CE00417,QC07,VC00177,2026-01-25 05:12:00,464,7,60,Night
CE00418,QC08,VC00368,2025-08-18 19:24:00,379,60,45,Morning
CE00419,QC08,VC00312,2025-12-11 18:31:00,423,36,69,Night
CE00420,QC03,VC00482,2025-12-19 05:13:00,388,36,21,Evening
CE00421,QC02,VC00775,2025-05-01 06:05:00,357,70,39,Morning
CE00422,QC01,VC00243,2025-02-06 13:32:00,315,18,72,Evening
CE00423,QC04,VC00759,2026-01-31 18:51:00,330,15,64,Night
CE00424,QC08,VC00455,2026-08-20 15:39:00,436,56,59,Night
CE00425,QC01,VC00692,2026-09-07 23:01:00,315,73,73,Morning
CE00426,QC01,VC00265,2025-08-28 17:57:00,403,7,31,Night
CE00427,QC03,VC00884,2025-07-26 12:18:00,385,83,27,Evening
CE00428,QC01,VC00909,2025-11-05 08:31:00,363,48,67,Evening
CE00429,QC02,VC00758,2026-06-21 13:18:00,427,65,41,Night
CE00430,QC06,VC00189,2026-06-13 08:41:00,457,43,34,Evening
CE00431,QC08,VC00244,2025-08-21 23:58:00,305,38,34,Night
CE00432,QC02,VC00926,2026-05-29 14:50:00,383,21,25,Night
CE00433,QC01,VC00269,2026-09-28 13:07:00,303,11,31,Night
CE00434,QC01,VC00844,2025-08-22 21:06:00,426,75,24,Morning
CE00435,QC05,VC00344,2026-05-06 22:13:00,395,4,65,Morning
CE00436,QC08,VC00072,2026-09-23 22:01:00,399,27,24,Night
CE00437,QC03,VC00966,2025-10-07 01:56:00,435,23,38,Evening
CE00438,QC02,VC00215,2026-07-15 23:59:00,416,30,37,Night
CE00439,QC01,VC00320,2026-03-30 01:46:00,479,74,36,Night
CE00440,QC01,VC00484,2026-07-27 22:27:00,449,43,38,Morning
CE00441,QC08,VC00263,2026-01-08 14:08:00,310,19,57,Night
CE00442,QC08,VC00866,2026-05-06 12:26:00,355,50,57,Morning
CE00443,QC07,VC00047,2026-10-09 06:26:00,423,85,68,Evening
CE00444,QC04,VC00804,2026-06-04 15:52:00,425,64,27,Morning
CE00445,QC03,VC00923,2025-07-07 15:14:00,460,21,24,Night
CE00446,QC06,VC00230,2026-09-30 12:45:00,301,26,80,Evening
CE00447,QC01,VC00565,2026-10-22 12:50:00,372,45,31,Night
CE00448,QC06,VC00018,2025-08-06 11:33:00,354,45,76,Night
CE00449,QC03,VC00558,2026-03-30 10:32:00,312,77,64,Evening
CE00450,QC06,VC00111,2026-10-31 05:58:00,317,67,44,Evening
CE00451,QC02,VC00337,2025-10-02 09:35:00,456,1,29,Morning
CE00452,QC01,VC00263,2026-01-08 14:08:00,354,20,42,Night
CE00453,QC04,VC00748,2026-01-24 09:38:00,409,39,78,Evening
CE00454,QC03,VC00676,2026-06-03 02:21:00,471,42,26,Morning
CE00455,QC02,VC00030,2025-12-11 11:11:00,340,36,49,Night
CE00456,QC08,VC00345,2025-08-16 02:52:00,404,44,69,Night
CE00457,QC08,VC00319,2026-06-28 20:09:00,364,10,66,Evening
CE00458,QC02,VC00688,2026-06-05 08:56:00,381,84,26,Night
CE00459,QC06,VC00332,2026-11-05 07:44:00,416,44,76,Evening
CE00460,QC07,VC00330,2026-06-14 12:13:00,406,23,68,Night
CE00461,QC01,VC00394,2025-10-24 15:14:00,437,79,79,Evening
CE00462,QC06,VC00337,2025-10-02 09:35:00,456,65,45,Evening
CE00463,QC08,VC00906,2026-09-01 18:39:00,409,9,70,Night
CE00464,QC03,VC00306,2026-10-29 19:04:00,314,70,51,Evening
CE00465,QC04,VC00952,2025-07-01 07:33:00,336,2,56,Evening
CE00466,QC04,VC00932,2026-11-25 01:22:00,399,1,49,Night
CE00467,QC05,VC00914,2025-02-18 19:08:00,358,66,49,Evening
CE00468,QC02,VC00844,2025-08-22 21:06:00,303,68,31,Evening
CE00469,QC01,VC00182,2026-09-05 11:32:00,467,13,75,Evening
CE00470,QC05,VC00403,2025-04-23 13:48:00,388,86,54,Morning
CE00471,QC01,VC00310,2026-01-11 04:56:00,355,21,72,Night
CE00472,QC08,VC00853,2025-08-22 06:54:00,369,3,73,Night
CE00473,QC06,VC00177,2026-01-25 05:12:00,450,55,49,Morning
CE00474,QC07,VC00713,2026-07-28 21:09:00,335,10,29,Night
CE00475,QC02,VC00213,2026-11-06 12:43:00,388,76,55,Night
CE00476,QC02,VC00087,2025-02-19 01:05:00,330,83,59,Night
CE00477,QC07,VC00461,2025-12-17 11:25:00,387,68,77,Night
CE00478,QC05,VC00072,2026-09-23 22:01:00,390,49,62,Night
CE00479,QC03,VC00557,2026-09-16 00:24:00,348,13,29,Morning
CE00480,QC02,VC00403,2025-04-23 13:48:00,373,82,76,Evening
CE00481,QC07,VC00964,2025-04-30 05:11:00,442,87,39,Morning
CE00482,QC04,VC00351,2025-05-14 10:14:00,449,28,67,Morning
CE00483,QC03,VC00090,2026-05-27 22:10:00,336,1,49,Evening
CE00484,QC02,VC00755,2026-08-17 03:03:00,363,0,46,Evening
CE00485,QC01,VC00170,2025-02-21 15:22:00,321,28,31,Night
CE00486,QC02,VC00212,2026-05-09 17:50:00,468,41,54,Night
CE00487,QC02,VC00772,2025-01-12 10:04:00,378,48,33,Evening
CE00488,QC07,VC00686,2026-07-17 05:32:00,358,77,35,Morning
CE00489,QC03,VC00919,2026-10-06 08:53:00,477,47,35,Morning
CE00490,QC02,VC00224,2025-04-10 16:00:00,471,54,64,Evening
CE00491,QC02,VC00224,2025-04-10 16:00:00,434,51,44,Morning
CE00492,QC03,VC00470,2026-11-02 08:48:00,444,36,63,Evening
CE00493,QC07,VC00611,2026-10-18 11:26:00,334,68,65,Evening
CE00494,QC02,VC00003,2025-02-22 06:25:00,352,83,70,Night
CE00495,QC03,VC00092,2026-11-11 12:43:00,418,1,63,Night
CE00496,QC05,VC00297,2026-03-31 17:05:00,434,9,64,Morning
CE00497,QC03,VC00997,2025-06-13 09:41:00,394,74,79,Morning
CE00498,QC05,VC00137,2025-04-06 01:42:00,454,10,63,Evening
CE00499,QC02,VC00484,2026-07-27 22:27:00,410,65,55,Night
CE00500,QC08,VC00901,2025-04-12 02:51:00,436,82,28,Night
CE00501,QC02,VC00496,2026-05-19 02:27:00,476,20,47,Night
CE00502,QC08,VC00840,2025-09-20 23:56:00,313,34,44,Morning
CE00503,QC08,VC00134,2026-05-17 21:28:00,469,78,43,Night
CE00504,QC04,VC00857,2026-08-18 12:25:00,430,71,28,Night
CE00505,QC01,VC00415,2026-07-27 15:24:00,454,48,78,Night
CE00506,QC05,VC00124,2026-08-29 15:07:00,300,18,31,Night
CE00507,QC02,VC00197,2026-06-13 00:23:00,397,30,68,Evening
CE00508,QC03,VC00099,2025-12-09 05:40:00,467,8,67,Morning
CE00509,QC08,VC00297,2026-03-31 17:05:00,310,58,69,Night
CE00510,QC01,VC00082,2025-11-16 01:00:00,462,55,64,Evening
CE00511,QC07,VC00144,2026-02-16 14:18:00,422,7,73,Morning
CE00512,QC05,VC00085,2025-04-13 07:30:00,416,81,23,Morning
CE00513,QC08,VC00748,2026-01-24 09:38:00,308,54,59,Morning
CE00514,QC01,VC00566,2025-06-25 07:23:00,478,41,71,Morning
CE00515,QC04,VC00963,2026-02-04 04:21:00,377,26,21,Evening
CE00516,QC03,VC00578,2025-01-18 18:38:00,426,78,57,Morning
CE00517,QC04,VC00976,2026-04-15 12:45:00,359,84,33,Evening
CE00518,QC07,VC00438,2026-09-22 09:55:00,351,29,23,Evening
CE00519,QC02,VC00860,2026-06-02 11:17:00,361,65,62,Morning
CE00520,QC04,VC00174,2026-05-18 09:15:00,372,21,50,Morning
CE00521,QC01,VC00577,2026-06-06 02:48:00,427,60,68,Evening
CE00522,QC06,VC00558,2026-03-30 10:32:00,368,10,59,Morning
CE00523,QC04,VC00429,2026-03-05 21:58:00,340,69,25,Night
CE00524,QC02,VC00279,2025-07-05 01:05:00,393,13,22,Morning
CE00525,QC08,VC00764,2026-04-21 15:07:00,442,86,73,Evening
CE00526,QC02,VC00106,2026-05-23 05:25:00,367,11,79,Morning
CE00527,QC02,VC00576,2025-11-03 09:49:00,383,1,45,Morning
CE00528,QC02,VC00633,2026-07-08 13:39:00,452,32,30,Night
CE00529,QC07,VC00376,2025-06-23 06:37:00,397,66,72,Night
CE00530,QC06,VC00928,2025-06-23 08:15:00,388,59,73,Night
CE00531,QC07,VC00045,2025-11-25 06:33:00,366,79,39,Night
CE00532,QC06,VC00033,2026-09-28 00:41:00,304,10,57,Evening
CE00533,QC08,VC00896,2026-01-22 21:38:00,345,45,50,Morning
CE00534,QC01,VC00570,2025-08-31 22:47:00,459,82,58,Evening
CE00535,QC05,VC00887,2026-08-25 00:55:00,469,58,53,Night
CE00536,QC06,VC00265,2025-08-28 17:57:00,385,59,25,Evening
CE00537,QC04,VC00029,2025-10-17 03:22:00,413,1,35,Night
CE00538,QC03,VC00190,2026-04-16 20:33:00,416,49,45,Night
CE00539,QC06,VC00466,2025-05-08 05:23:00,405,32,28,Night
CE00540,QC04,VC00499,2025-02-07 14:47:00,455,66,51,Evening
CE00541,QC05,VC00145,2025-06-13 19:33:00,366,65,43,Morning
CE00542,QC03,VC00207,2025-12-07 20:28:00,364,48,26,Morning
CE00543,QC08,VC00628,2025-08-03 23:35:00,441,36,29,Evening
CE00544,QC01,VC00997,2025-06-13 09:41:00,457,27,30,Evening
CE00545,QC08,VC00132,2025-03-12 07:57:00,429,59,79,Night
CE00546,QC08,VC00271,2026-05-26 06:02:00,315,87,50,Night
CE00547,QC03,VC00830,2025-08-15 17:49:00,387,38,68,Night
CE00548,QC06,VC00671,2025-01-10 01:51:00,440,39,32,Morning
CE00549,QC06,VC00550,2026-06-10 12:46:00,351,87,72,Morning
CE00550,QC06,VC00877,2025-04-17 17:09:00,314,30,34,Night
CE00551,QC06,VC00239,2026-09-16 23:46:00,433,52,23,Morning
CE00552,QC05,VC00547,2025-06-04 08:00:00,452,72,47,Morning
CE00553,QC08,VC00566,2025-06-25 07:23:00,380,90,65,Morning
CE00554,QC08,VC00479,2026-11-17 16:54:00,319,67,50,Night
CE00555,QC02,VC00797,2025-09-17 07:59:00,359,87,44,Evening
CE00556,QC04,VC00308,2025-04-03 20:47:00,322,75,37,Morning
CE00557,QC01,VC00886,2025-07-18 02:48:00,445,77,53,Morning
CE00558,QC06,VC00636,2026-09-12 04:05:00,332,62,23,Evening
CE00559,QC03,VC00131,2025-03-24 00:18:00,372,56,62,Night
CE00560,QC05,VC00073,2026-08-27 12:56:00,350,57,25,Evening
CE00561,QC06,VC00277,2025-10-25 13:07:00,390,17,38,Evening
CE00562,QC03,VC00239,2026-09-16 23:46:00,393,0,59,Morning
CE00563,QC01,VC00314,2025-02-13 07:17:00,304,75,42,Night
CE00564,QC07,VC00255,2025-07-07 11:25:00,427,25,25,Night
CE00565,QC02,VC00298,2025-11-28 07:14:00,473,24,44,Evening
CE00566,QC06,VC00689,2026-07-31 01:57:00,467,25,45,Evening
CE00567,QC01,VC00762,2025-09-25 21:58:00,310,8,36,Night
CE00568,QC03,VC00637,2025-01-23 16:13:00,406,84,62,Night
CE00569,QC07,VC00551,2026-11-22 10:30:00,370,41,39,Morning
CE00570,QC07,VC00810,2026-08-27 08:10:00,308,58,63,Morning
CE00571,QC07,VC00869,2026-05-08 01:03:00,303,79,41,Evening
CE00572,QC08,VC00319,2026-06-28 20:09:00,431,12,35,Evening
CE00573,QC04,VC00329,2025-05-08 04:16:00,447,75,27,Evening
CE00574,QC08,VC00321,2026-04-18 05:57:00,436,73,62,Morning
CE00575,QC01,VC00214,2025-06-27 05:14:00,325,40,43,Night
CE00576,QC05,VC00246,2025-07-26 22:01:00,364,17,77,Morning
CE00577,QC02,VC00128,2026-09-12 07:54:00,447,75,78,Morning
CE00578,QC01,VC00569,2025-10-24 19:12:00,450,34,56,Morning
CE00579,QC06,VC00224,2025-04-10 16:00:00,355,86,54,Night
CE00580,QC02,VC00890,2025-07-18 08:12:00,443,1,30,Morning
CE00581,QC02,VC00501,2026-10-10 08:37:00,470,55,28,Morning
CE00582,QC02,VC00212,2026-05-09 17:50:00,435,79,34,Night
CE00583,QC02,VC00831,2025-02-13 06:49:00,344,7,20,Morning
CE00584,QC01,VC00452,2025-06-28 06:24:00,349,79,54,Night
CE00585,QC07,VC00338,2026-11-02 11:34:00,381,24,66,Morning
CE00586,QC07,VC00786,2026-08-28 22:50:00,380,84,34,Night
CE00587,QC04,VC00101,2026-07-22 08:59:00,325,19,39,Morning
CE00588,QC02,VC00050,2026-01-22 10:21:00,460,35,55,Night
CE00589,QC04,VC00879,2026-07-29 22:30:00,363,14,35,Night
CE00590,QC07,VC00927,2025-01-10 22:01:00,372,26,36,Night
CE00591,QC01,VC00688,2026-06-05 08:56:00,432,29,61,Morning
CE00592,QC02,VC00950,2026-06-23 13:35:00,471,34,58,Night
CE00593,QC06,VC00509,2026-07-07 12:48:00,384,56,70,Morning
CE00594,QC06,VC00237,2026-05-15 05:43:00,322,70,67,Night
CE00595,QC08,VC00623,2026-01-09 11:44:00,327,28,50,Morning
CE00596,QC07,VC00805,2025-08-10 09:44:00,455,77,30,Morning
CE00597,QC03,VC00268,2025-01-16 16:43:00,478,60,42,Morning
CE00598,QC06,VC00693,2025-12-10 14:10:00,354,26,65,Evening
CE00599,QC01,VC00166,2026-02-27 19:42:00,412,26,28,Night
CE00600,QC07,VC00057,2026-09-08 06:16:00,335,76,54,Evening
CE00601,QC07,VC00207,2025-12-07 20:28:00,478,77,58,Evening
CE00602,QC06,VC00332,2026-11-05 07:44:00,454,86,54,Night
CE00603,QC01,VC00532,2026-01-04 15:40:00,476,69,40,Evening
CE00604,QC08,VC00390,2026-10-15 06:06:00,335,54,47,Morning
CE00605,QC05,VC00501,2026-10-10 08:37:00,389,82,45,Evening
CE00606,QC01,VC00431,2026-02-20 08:50:00,336,23,60,Morning
CE00607,QC02,VC00717,2025-12-04 11:47:00,400,79,69,Night
CE00608,QC02,VC00093,2025-01-13 23:28:00,398,52,68,Night
CE00609,QC05,VC00114,2025-05-06 05:18:00,322,3,51,Night
CE00610,QC06,VC00615,2025-02-20 03:43:00,433,65,69,Evening
CE00611,QC04,VC00791,2025-11-05 22:46:00,467,27,72,Evening
CE00612,QC04,VC00814,2025-08-31 09:23:00,439,30,31,Night
CE00613,QC03,VC00577,2026-06-06 02:48:00,477,4,28,Morning
CE00614,QC01,VC00903,2026-11-03 10:12:00,362,57,52,Evening
CE00615,QC05,VC00027,2025-06-24 06:43:00,467,88,71,Morning
CE00616,QC04,VC00931,2025-01-07 07:30:00,436,90,39,Night
CE00617,QC03,VC00355,2025-09-12 15:11:00,428,6,76,Evening
CE00618,QC04,VC00293,2025-03-20 20:01:00,467,85,73,Evening
CE00619,QC05,VC00924,2026-04-04 02:02:00,388,11,27,Evening
CE00620,QC04,VC00442,2026-01-18 02:46:00,449,66,46,Evening
CE00621,QC07,VC00584,2026-05-04 22:07:00,396,44,26,Night
CE00622,QC05,VC00463,2026-05-28 12:21:00,364,69,40,Night
CE00623,QC06,VC00564,2026-11-20 10:38:00,334,17,23,Evening
CE00624,QC03,VC00162,2025-08-05 20:36:00,306,37,66,Evening
CE00625,QC08,VC00368,2025-08-18 19:24:00,477,17,44,Evening
CE00626,QC02,VC00378,2026-05-28 09:21:00,425,66,46,Evening
CE00627,QC01,VC00370,2026-08-26 16:21:00,429,82,40,Night
CE00628,QC01,VC00919,2026-10-06 08:53:00,389,57,48,Morning
CE00629,QC06,VC00909,2025-11-05 08:31:00,422,40,66,Night
CE00630,QC08,VC00852,2025-02-11 08:03:00,443,83,60,Night
CE00631,QC06,VC00786,2026-08-28 22:50:00,368,15,26,Night
CE00632,QC08,VC00391,2026-03-04 22:38:00,376,6,65,Evening
CE00633,QC01,VC00195,2025-09-19 00:56:00,329,80,58,Night
CE00634,QC04,VC00780,2026-06-21 09:40:00,405,29,41,Morning
CE00635,QC03,VC00699,2025-07-04 13:00:00,362,47,75,Morning
CE00636,QC06,VC00077,2026-10-07 19:34:00,383,81,77,Morning
CE00637,QC04,VC00361,2026-02-21 23:29:00,442,58,28,Evening
CE00638,QC07,VC00617,2026-11-16 08:51:00,400,37,43,Evening
CE00639,QC04,VC00388,2025-10-19 13:34:00,384,68,76,Evening
CE00640,QC06,VC00942,2025-07-06 09:24:00,470,30,70,Morning
CE00641,QC02,VC00189,2026-06-13 08:41:00,447,9,34,Evening
CE00642,QC04,VC00958,2026-05-15 07:28:00,359,12,46,Evening
CE00643,QC05,VC00004,2026-11-30 07:29:00,418,63,60,Night
CE00644,QC01,VC00538,2025-11-12 18:23:00,415,50,55,Morning
CE00645,QC07,VC00829,2026-04-28 19:03:00,398,51,53,Evening
CE00646,QC07,VC00274,2026-08-27 07:29:00,389,14,78,Night
CE00647,QC03,VC00830,2025-08-15 17:49:00,341,23,24,Evening
CE00648,QC08,VC00380,2025-05-08 08:24:00,379,68,28,Night
CE00649,QC07,VC00189,2026-06-13 08:41:00,336,66,78,Night
CE00650,QC04,VC00528,2026-11-21 00:56:00,391,69,28,Night
CE00651,QC02,VC00475,2026-09-01 15:52:00,330,65,49,Morning
CE00652,QC03,VC00556,2025-01-01 06:16:00,350,35,55,Evening
CE00653,QC02,VC00037,2025-04-05 07:49:00,476,57,24,Morning
CE00654,QC08,VC00366,2026-07-22 15:17:00,476,33,35,Evening
CE00655,QC05,VC00441,2026-02-08 02:45:00,369,20,23,Night
CE00656,QC07,VC00701,2026-02-25 11:37:00,478,47,72,Morning
CE00657,QC07,VC00986,2026-05-25 00:36:00,416,72,76,Evening
CE00658,QC08,VC00822,2026-07-20 07:53:00,460,83,21,Night
CE00659,QC01,VC00951,2025-11-25 10:12:00,320,4,40,Night
CE00660,QC07,VC00319,2026-06-28 20:09:00,341,47,74,Night
CE00661,QC01,VC00653,2026-01-27 03:59:00,310,87,67,Evening
CE00662,QC05,VC00836,2026-12-06 18:37:00,412,13,65,Evening
CE00663,QC01,VC00509,2026-07-07 12:48:00,389,39,70,Evening
CE00664,QC02,VC00453,2025-07-21 17:42:00,315,86,48,Night
CE00665,QC01,VC00180,2025-04-22 13:41:00,348,45,60,Evening
CE00666,QC03,VC00672,2026-11-04 07:50:00,319,59,51,Morning
CE00667,QC07,VC00908,2026-12-05 20:41:00,389,47,55,Evening
CE00668,QC07,VC00481,2026-08-02 02:10:00,300,34,53,Night
CE00669,QC07,VC00443,2025-12-07 04:39:00,339,49,39,Morning
CE00670,QC02,VC00331,2025-08-20 15:44:00,327,38,29,Morning
CE00671,QC06,VC00208,2026-06-13 09:30:00,451,88,80,Evening
CE00672,QC02,VC00829,2026-04-28 19:03:00,466,20,60,Morning
CE00673,QC01,VC00889,2026-10-13 08:29:00,368,59,35,Evening
CE00674,QC07,VC00643,2026-07-13 00:41:00,302,25,45,Evening
CE00675,QC07,VC00362,2026-07-26 01:40:00,382,39,61,Evening
CE00676,QC04,VC00682,2026-11-14 03:38:00,378,19,79,Night
CE00677,QC01,VC00051,2025-09-03 02:04:00,479,2,80,Morning
CE00678,QC08,VC00180,2025-04-22 13:41:00,329,38,45,Evening
CE00679,QC06,VC00254,2026-10-17 04:19:00,423,41,54,Night
CE00680,QC02,VC00460,2026-09-02 19:35:00,331,3,75,Morning
CE00681,QC08,VC00762,2025-09-25 21:58:00,318,73,30,Evening
CE00682,QC05,VC00194,2026-02-28 12:53:00,345,51,70,Morning
CE00683,QC01,VC00528,2026-11-21 00:56:00,321,58,23,Evening
CE00684,QC06,VC00719,2025-06-16 20:39:00,410,58,26,Morning
CE00685,QC02,VC00668,2025-09-07 15:07:00,396,67,50,Morning
CE00686,QC04,VC00304,2026-04-06 23:41:00,397,0,47,Morning
CE00687,QC02,VC00771,2025-03-24 03:55:00,458,12,51,Evening
CE00688,QC08,VC00305,2026-09-22 05:56:00,425,64,79,Night
CE00689,QC01,VC00831,2025-02-13 06:49:00,304,42,74,Morning
CE00690,QC02,VC00148,2026-07-07 08:03:00,476,24,37,Evening
CE00691,QC05,VC00217,2025-09-06 11:36:00,369,15,68,Evening
CE00692,QC03,VC00554,2026-09-04 20:15:00,340,71,75,Night
CE00693,QC02,VC00833,2026-05-26 22:49:00,405,46,56,Evening
CE00694,QC01,VC00483,2026-06-27 15:16:00,386,37,78,Night
CE00695,QC04,VC00863,2026-03-09 09:03:00,479,61,51,Morning
CE00696,QC05,VC00381,2026-06-28 02:21:00,384,45,20,Night
CE00697,QC07,VC00183,2025-07-24 08:00:00,375,90,28,Morning
CE00698,QC03,VC00931,2025-01-07 07:30:00,396,70,61,Evening
CE00699,QC04,VC00529,2025-03-08 08:54:00,376,65,80,Night
CE00700,QC08,VC00121,2026-09-05 04:35:00,395,67,43,Night
CE00701,QC04,VC00449,2026-04-26 04:42:00,367,10,43,Morning
CE00702,QC05,VC00819,2025-12-21 16:59:00,441,9,47,Morning
CE00703,QC05,VC00543,2026-07-01 15:23:00,331,64,53,Evening
CE00704,QC04,VC00288,2026-03-14 21:31:00,428,16,21,Night
CE00705,QC07,VC00693,2025-12-10 14:10:00,325,57,68,Evening
CE00706,QC01,VC00892,2026-04-03 10:48:00,381,89,71,Morning
CE00707,QC04,VC00611,2026-10-18 11:26:00,395,1,52,Night
CE00708,QC03,VC00204,2025-04-02 21:30:00,347,90,61,Morning
CE00709,QC03,VC00290,2026-08-07 10:43:00,372,47,76,Night
CE00710,QC03,VC00317,2026-10-12 07:48:00,456,50,41,Evening
CE00711,QC05,VC00555,2026-11-11 01:39:00,378,18,21,Evening
CE00712,QC07,VC00593,2025-10-08 20:12:00,427,4,70,Evening
CE00713,QC03,VC00479,2026-11-17 16:54:00,379,87,46,Evening
CE00714,QC02,VC00123,2025-03-25 05:35:00,369,54,51,Night
CE00715,QC04,VC00936,2025-03-13 16:00:00,441,87,54,Evening
CE00716,QC07,VC00273,2025-03-26 11:48:00,439,50,48,Night
CE00717,QC02,VC00705,2026-05-26 05:06:00,365,70,44,Morning
CE00718,QC06,VC00967,2025-06-30 10:32:00,404,90,30,Morning
CE00719,QC01,VC00280,2026-05-28 22:11:00,301,33,74,Morning
CE00720,QC04,VC00371,2026-09-07 02:44:00,384,14,62,Morning
CE00721,QC01,VC00344,2026-05-06 22:13:00,403,82,31,Evening
CE00722,QC05,VC00169,2025-07-07 20:49:00,444,47,48,Night
CE00723,QC03,VC00192,2026-09-27 12:35:00,302,21,49,Night
CE00724,QC02,VC00287,2025-03-19 02:41:00,323,31,36,Morning
CE00725,QC07,VC00820,2026-11-11 17:42:00,358,9,77,Morning
CE00726,QC07,VC00900,2026-01-13 12:08:00,339,7,52,Morning
CE00727,QC07,VC00669,2025-12-29 10:15:00,303,43,36,Night
CE00728,QC08,VC00703,2026-10-03 14:34:00,332,20,29,Evening
CE00729,QC08,VC00848,2025-04-18 09:28:00,427,20,67,Evening
CE00730,QC04,VC00358,2025-12-25 08:40:00,374,69,31,Evening
CE00731,QC08,VC00510,2026-10-12 15:33:00,396,39,66,Morning
CE00732,QC05,VC00879,2026-07-29 22:30:00,462,79,47,Night
CE00733,QC06,VC00543,2026-07-01 15:23:00,480,78,43,Evening
CE00734,QC02,VC00588,2025-06-06 18:27:00,374,50,72,Morning
CE00735,QC05,VC00386,2025-12-08 21:12:00,472,85,63,Night
CE00736,QC04,VC00308,2025-04-03 20:47:00,302,79,48,Evening
CE00737,QC08,VC00570,2025-08-31 22:47:00,480,66,20,Evening
CE00738,QC04,VC00801,2026-09-12 12:13:00,320,61,55,Night
CE00739,QC08,VC00693,2025-12-10 14:10:00,435,28,64,Evening
CE00740,QC07,VC00110,2026-05-22 17:04:00,351,73,30,Evening
CE00741,QC03,VC00684,2025-12-14 08:33:00,449,82,24,Night
CE00742,QC04,VC00317,2026-10-12 07:48:00,432,63,62,Evening
CE00743,QC02,VC00767,2025-11-28 21:45:00,325,50,43,Evening
CE00744,QC01,VC00120,2025-03-13 14:34:00,430,78,22,Evening
CE00745,QC02,VC00282,2025-02-01 03:02:00,303,38,57,Morning
CE00746,QC04,VC00979,2026-10-10 03:58:00,330,23,72,Evening
CE00747,QC08,VC00494,2025-02-09 13:58:00,410,9,68,Morning
CE00748,QC08,VC00372,2025-11-20 14:17:00,389,90,37,Morning
CE00749,QC07,VC00163,2026-04-07 23:56:00,333,0,34,Evening
CE00750,QC04,VC00585,2025-09-09 05:56:00,391,54,41,Evening
CE00751,QC03,VC00984,2025-04-30 11:52:00,334,35,56,Morning
CE00752,QC06,VC00014,2025-09-23 14:46:00,303,74,46,Night
CE00753,QC01,VC00519,2025-01-07 14:21:00,312,18,45,Night
CE00754,QC06,VC00994,2026-02-14 23:31:00,325,18,26,Morning
CE00755,QC04,VC00803,2025-04-27 15:58:00,310,69,72,Morning
CE00756,QC02,VC00707,2026-07-31 13:32:00,455,53,56,Night
CE00757,QC02,VC00414,2026-10-07 05:36:00,351,80,47,Evening
CE00758,QC06,VC00441,2026-02-08 02:45:00,461,18,68,Morning
CE00759,QC04,VC00379,2026-01-15 23:38:00,467,58,69,Night
CE00760,QC07,VC00674,2025-02-14 15:47:00,444,82,30,Night
CE00761,QC08,VC00631,2025-02-28 22:35:00,306,17,67,Night
CE00762,QC08,VC00249,2025-12-28 02:37:00,326,10,46,Night
CE00763,QC08,VC00743,2026-09-19 11:08:00,333,77,76,Night
CE00764,QC07,VC00365,2025-09-24 12:46:00,314,27,75,Morning
CE00765,QC03,VC00034,2025-08-12 17:09:00,440,59,38,Evening
CE00766,QC03,VC00076,2025-07-30 09:45:00,331,60,63,Morning
CE00767,QC08,VC00503,2025-12-11 03:21:00,317,84,38,Morning
CE00768,QC02,VC00053,2026-01-24 09:30:00,399,66,23,Morning
CE00769,QC04,VC00233,2025-01-12 04:25:00,440,2,71,Night
CE00770,QC08,VC00606,2025-09-27 16:39:00,400,61,65,Morning
CE00771,QC02,VC00078,2026-11-25 23:39:00,408,62,27,Morning
CE00772,QC01,VC00411,2026-11-09 13:23:00,422,6,62,Night
CE00773,QC06,VC00775,2025-05-01 06:05:00,379,25,53,Night
CE00774,QC03,VC00556,2025-01-01 06:16:00,436,46,57,Evening
CE00775,QC02,VC00696,2026-02-27 11:27:00,347,90,31,Night
CE00776,QC08,VC00670,2025-08-02 00:24:00,309,73,42,Night
CE00777,QC08,VC00555,2026-11-11 01:39:00,437,56,71,Morning
CE00778,QC05,VC00158,2025-04-15 19:16:00,400,81,43,Evening
CE00779,QC06,VC00839,2025-01-31 19:09:00,373,28,64,Evening
CE00780,QC02,VC00476,2026-01-02 17:01:00,391,14,43,Night
CE00781,QC08,VC00785,2025-07-18 16:45:00,447,32,32,Night
CE00782,QC04,VC00831,2025-02-13 06:49:00,436,89,46,Evening
CE00783,QC07,VC00415,2026-07-27 15:24:00,382,16,75,Evening
CE00784,QC08,VC00949,2026-07-25 09:52:00,313,24,69,Night
CE00785,QC06,VC00480,2025-08-25 01:55:00,367,84,31,Morning
CE00786,QC03,VC00557,2026-09-16 00:24:00,343,11,51,Morning
CE00787,QC02,VC00284,2025-06-04 01:46:00,436,25,80,Night
CE00788,QC07,VC00979,2026-10-10 03:58:00,302,76,54,Evening
CE00789,QC04,VC00471,2026-02-07 07:35:00,403,70,32,Morning
CE00790,QC05,VC00122,2025-10-30 11:52:00,435,87,41,Morning
CE00791,QC01,VC00687,2025-08-27 09:55:00,313,34,52,Morning
CE00792,QC06,VC00478,2026-10-11 09:30:00,306,42,43,Night
CE00793,QC04,VC00364,2026-09-08 18:57:00,405,33,65,Evening
CE00794,QC08,VC00612,2025-05-29 15:59:00,312,16,59,Morning
CE00795,QC01,VC00833,2026-05-26 22:49:00,444,41,54,Morning
CE00796,QC01,VC00354,2026-03-29 01:08:00,362,5,46,Night
CE00797,QC03,VC00377,2026-10-31 07:42:00,480,1,22,Night
CE00798,QC03,VC00060,2026-07-12 22:20:00,387,60,34,Morning
CE00799,QC02,VC00922,2026-08-06 01:22:00,342,41,71,Evening
CE00800,QC03,VC00148,2026-07-07 08:03:00,446,66,62,Evening
CE00801,QC01,VC00417,2026-12-06 04:53:00,380,66,46,Morning
CE00802,QC04,VC00198,2025-12-31 04:12:00,341,70,71,Morning
CE00803,QC08,VC00097,2026-01-10 18:34:00,302,77,71,Evening
CE00804,QC03,VC00562,2026-06-21 12:20:00,475,72,57,Morning
CE00805,QC07,VC00286,2025-12-01 03:52:00,453,32,76,Evening
CE00806,QC06,VC00346,2025-05-25 15:35:00,322,52,36,Night
CE00807,QC01,VC00396,2025-04-26 02:37:00,351,47,50,Night
CE00808,QC03,VC00473,2026-10-06 03:40:00,443,69,37,Evening
CE00809,QC01,VC00396,2025-04-26 02:37:00,470,52,75,Morning
CE00810,QC02,VC00807,2025-10-04 23:31:00,415,69,52,Morning
CE00811,QC08,VC00931,2025-01-07 07:30:00,371,75,62,Evening
CE00812,QC06,VC00187,2025-09-13 18:13:00,384,1,44,Evening
CE00813,QC07,VC00477,2026-07-20 07:26:00,365,68,45,Evening
CE00814,QC08,VC00034,2025-08-12 17:09:00,433,30,36,Evening
CE00815,QC06,VC00925,2026-05-21 02:54:00,380,16,52,Evening
CE00816,QC02,VC00771,2025-03-24 03:55:00,315,36,33,Evening
CE00817,QC06,VC00020,2026-01-07 02:21:00,477,6,79,Night
CE00818,QC01,VC00747,2025-12-14 00:34:00,339,4,39,Evening
CE00819,QC07,VC00378,2026-05-28 09:21:00,327,41,24,Evening
CE00820,QC07,VC00770,2025-07-12 23:39:00,310,20,75,Night
CE00821,QC07,VC00472,2026-02-03 11:11:00,338,35,70,Morning
CE00822,QC06,VC00202,2026-01-10 20:59:00,324,63,29,Night
CE00823,QC05,VC00232,2025-03-08 10:55:00,411,56,31,Morning
CE00824,QC02,VC00656,2026-05-07 05:32:00,394,83,78,Evening
CE00825,QC01,VC00233,2025-01-12 04:25:00,404,46,76,Evening
CE00826,QC06,VC00493,2025-08-06 02:03:00,480,44,32,Night
CE00827,QC01,VC00102,2026-01-08 03:54:00,405,34,52,Morning
CE00828,QC06,VC00467,2025-08-14 10:12:00,446,81,67,Evening
CE00829,QC07,VC00449,2026-04-26 04:42:00,382,35,46,Morning
CE00830,QC07,VC00124,2026-08-29 15:07:00,412,65,62,Morning
CE00831,QC03,VC00162,2025-08-05 20:36:00,361,66,36,Morning
CE00832,QC04,VC00895,2026-07-16 12:20:00,383,24,75,Evening
CE00833,QC04,VC00860,2026-06-02 11:17:00,382,16,46,Evening
CE00834,QC03,VC00131,2025-03-24 00:18:00,416,74,44,Evening
CE00835,QC06,VC00166,2026-02-27 19:42:00,378,54,41,Night
CE00836,QC08,VC00364,2026-09-08 18:57:00,354,5,55,Night
CE00837,QC06,VC00760,2025-03-09 10:54:00,327,29,66,Evening
CE00838,QC03,VC00323,2025-11-08 14:32:00,413,33,60,Night
CE00839,QC07,VC00721,2025-08-17 14:51:00,419,82,27,Evening
CE00840,QC07,VC00950,2026-06-23 13:35:00,335,86,68,Morning
CE00841,QC04,VC00462,2026-07-28 00:55:00,463,35,49,Evening
CE00842,QC01,VC00664,2025-02-07 12:36:00,455,48,25,Morning
CE00843,QC01,VC00091,2025-08-21 03:59:00,346,34,74,Evening
CE00844,QC06,VC00860,2026-06-02 11:17:00,415,23,65,Evening
CE00845,QC08,VC00432,2025-12-06 00:32:00,318,22,20,Evening
CE00846,QC02,VC00871,2025-07-05 10:13:00,390,34,20,Morning
CE00847,QC06,VC00758,2026-06-21 13:18:00,418,41,30,Night
CE00848,QC04,VC00537,2025-07-23 16:16:00,321,75,64,Night
CE00849,QC08,VC00464,2025-04-11 15:47:00,433,35,66,Morning
CE00850,QC03,VC00981,2025-06-09 16:07:00,352,26,73,Morning
CE00851,QC02,VC00909,2025-11-05 08:31:00,363,82,73,Evening
CE00852,QC08,VC00980,2026-04-08 11:27:00,377,36,57,Morning
CE00853,QC08,VC00590,2026-05-28 02:53:00,331,30,62,Morning
CE00854,QC08,VC00186,2026-08-10 01:30:00,413,20,51,Morning
CE00855,QC05,VC00157,2026-02-28 23:26:00,390,19,33,Morning
CE00856,QC01,VC00189,2026-06-13 08:41:00,332,26,66,Evening
CE00857,QC08,VC00593,2025-10-08 20:12:00,436,83,27,Night
CE00858,QC04,VC00008,2025-09-20 02:05:00,417,13,43,Night
CE00859,QC01,VC00102,2026-01-08 03:54:00,458,38,22,Evening
CE00860,QC08,VC00112,2026-08-31 05:30:00,336,12,54,Night
CE00861,QC03,VC00783,2025-10-04 06:40:00,411,1,33,Morning
CE00862,QC08,VC00975,2026-05-20 19:04:00,335,33,54,Evening
CE00863,QC06,VC00716,2026-06-05 23:36:00,381,30,68,Evening
CE00864,QC06,VC00807,2025-10-04 23:31:00,457,12,35,Evening
CE00865,QC07,VC00302,2025-07-19 05:38:00,454,40,34,Morning
CE00866,QC01,VC00418,2026-03-23 21:14:00,474,4,40,Evening
CE00867,QC08,VC00813,2025-03-08 23:25:00,434,21,48,Morning
CE00868,QC02,VC00725,2025-11-14 19:12:00,329,17,20,Morning
CE00869,QC06,VC00388,2025-10-19 13:34:00,312,41,35,Night
CE00870,QC07,VC00455,2026-08-20 15:39:00,421,33,60,Evening
CE00871,QC01,VC00560,2026-05-26 12:24:00,305,13,59,Night
CE00872,QC01,VC00949,2026-07-25 09:52:00,473,12,46,Evening
CE00873,QC01,VC00679,2026-01-17 22:20:00,417,39,76,Evening
CE00874,QC01,VC00887,2026-08-25 00:55:00,477,60,69,Night
CE00875,QC05,VC00918,2025-04-09 08:48:00,475,64,70,Night
CE00876,QC03,VC00619,2025-09-02 15:44:00,452,52,49,Night
CE00877,QC03,VC00004,2026-11-30 07:29:00,312,1,59,Night
CE00878,QC04,VC00320,2026-03-30 01:46:00,434,20,40,Evening
CE00879,QC08,VC00998,2025-03-21 22:44:00,399,77,68,Evening
CE00880,QC01,VC00116,2025-10-10 22:20:00,393,65,66,Evening
CE00881,QC05,VC00317,2026-10-12 07:48:00,467,54,43,Evening
CE00882,QC05,VC00923,2025-07-07 15:14:00,445,16,57,Morning
CE00883,QC05,VC00502,2026-02-22 03:50:00,422,40,35,Night
CE00884,QC03,VC00803,2025-04-27 15:58:00,369,23,73,Morning
CE00885,QC08,VC00984,2025-04-30 11:52:00,461,85,49,Evening
CE00886,QC06,VC00945,2026-02-08 00:50:00,387,33,68,Night
CE00887,QC06,VC00553,2026-06-02 02:56:00,461,78,49,Evening
CE00888,QC04,VC00436,2025-12-20 10:08:00,448,71,47,Evening
CE00889,QC03,VC00005,2026-08-19 08:30:00,386,17,25,Night
CE00890,QC02,VC00904,2025-05-29 02:43:00,462,4,31,Evening
CE00891,QC03,VC00190,2026-04-16 20:33:00,471,70,32,Evening
CE00892,QC02,VC00119,2026-05-05 04:31:00,350,0,58,Evening
CE00893,QC05,VC00954,2025-07-09 09:57:00,313,38,47,Morning
CE00894,QC08,VC00326,2026-05-08 12:24:00,353,49,32,Evening
CE00895,QC08,VC00072,2026-09-23 22:01:00,477,27,60,Night
CE00896,QC08,VC00398,2025-03-16 14:32:00,384,61,23,Evening
CE00897,QC01,VC00417,2026-12-06 04:53:00,352,2,40,Morning
CE00898,QC07,VC00717,2025-12-04 11:47:00,340,60,61,Evening
CE00899,QC07,VC00198,2025-12-31 04:12:00,315,1,79,Morning
CE00900,QC08,VC00854,2026-07-08 22:24:00,442,69,56,Evening
CE00901,QC07,VC00997,2025-06-13 09:41:00,399,45,25,Morning
CE00902,QC05,VC00642,2026-08-04 23:38:00,473,2,75,Night
CE00903,QC04,VC00720,2025-03-13 04:21:00,379,81,66,Morning
CE00904,QC03,VC00501,2026-10-10 08:37:00,317,31,50,Morning
CE00905,QC05,VC00458,2025-10-29 15:23:00,431,40,29,Night
CE00906,QC02,VC00634,2026-09-06 11:31:00,414,17,68,Morning
CE00907,QC03,VC00637,2025-01-23 16:13:00,306,46,80,Night
CE00908,QC01,VC00586,2026-07-05 20:17:00,435,28,35,Morning
CE00909,QC03,VC00049,2025-06-13 07:04:00,383,85,36,Night
CE00910,QC07,VC00287,2025-03-19 02:41:00,351,42,41,Evening
CE00911,QC04,VC00584,2026-05-04 22:07:00,466,88,20,Evening
CE00912,QC05,VC00701,2026-02-25 11:37:00,366,14,27,Evening
CE00913,QC07,VC00463,2026-05-28 12:21:00,367,83,70,Night
CE00914,QC01,VC00560,2026-05-26 12:24:00,379,87,78,Night
CE00915,QC08,VC00625,2026-07-09 05:30:00,387,55,73,Night
CE00916,QC02,VC00518,2025-09-04 06:11:00,318,0,58,Evening
CE00917,QC03,VC00887,2026-08-25 00:55:00,336,63,33,Morning
CE00918,QC07,VC00418,2026-03-23 21:14:00,357,32,48,Morning
CE00919,QC08,VC00331,2025-08-20 15:44:00,323,9,38,Evening
CE00920,QC02,VC00694,2025-03-29 06:32:00,468,84,59,Morning
CE00921,QC05,VC00395,2026-04-26 03:09:00,469,78,70,Evening
CE00922,QC03,VC00884,2025-07-26 12:18:00,322,30,50,Night
CE00923,QC04,VC00920,2025-03-10 08:07:00,399,73,23,Evening
CE00924,QC05,VC00787,2025-09-10 05:43:00,380,57,23,Night
CE00925,QC03,VC00181,2025-07-19 10:40:00,397,49,30,Morning
CE00926,QC07,VC00265,2025-08-28 17:57:00,348,20,64,Evening
CE00927,QC07,VC00434,2025-12-08 04:18:00,357,33,26,Night
CE00928,QC06,VC00488,2026-03-29 16:31:00,422,88,43,Morning
CE00929,QC08,VC00607,2025-05-17 16:55:00,415,55,56,Morning
CE00930,QC04,VC00170,2025-02-21 15:22:00,350,6,47,Evening
CE00931,QC03,VC00376,2025-06-23 06:37:00,422,8,79,Evening
CE00932,QC01,VC00576,2025-11-03 09:49:00,420,59,29,Evening
CE00933,QC07,VC00616,2026-05-15 14:50:00,437,32,20,Night
CE00934,QC05,VC00821,2025-01-03 04:30:00,447,38,77,Evening
CE00935,QC06,VC00933,2025-09-22 12:27:00,320,54,63,Evening
CE00936,QC06,VC00038,2025-05-25 06:11:00,355,86,20,Night
CE00937,QC05,VC00210,2025-08-24 21:17:00,379,30,74,Night
CE00938,QC03,VC00504,2025-01-11 04:51:00,440,80,43,Evening
CE00939,QC03,VC00754,2025-02-21 03:45:00,431,52,42,Morning
CE00940,QC04,VC00413,2025-11-09 00:50:00,443,9,66,Night
CE00941,QC03,VC00856,2025-08-06 06:36:00,419,75,42,Evening
CE00942,QC08,VC00065,2026-11-15 11:42:00,384,50,24,Evening
CE00943,QC07,VC00931,2025-01-07 07:30:00,451,24,59,Night
CE00944,QC01,VC00581,2026-08-09 03:52:00,474,42,52,Evening
CE00945,QC02,VC00322,2026-06-26 18:17:00,315,84,33,Morning
CE00946,QC04,VC00567,2026-07-26 16:37:00,405,25,47,Night
CE00947,QC01,VC00664,2025-02-07 12:36:00,478,19,61,Night
CE00948,QC01,VC00150,2025-05-25 14:34:00,374,71,37,Evening
CE00949,QC04,VC00008,2025-09-20 02:05:00,353,75,42,Evening
CE00950,QC07,VC00941,2025-07-17 23:20:00,444,27,49,Evening
CE00951,QC06,VC00309,2026-10-22 21:39:00,453,51,23,Night
CE00952,QC04,VC00437,2025-06-25 21:17:00,446,74,76,Evening
CE00953,QC05,VC00057,2026-09-08 06:16:00,465,60,46,Night
CE00954,QC03,VC00489,2025-01-28 17:22:00,477,5,56,Evening
CE00955,QC04,VC00178,2025-07-21 08:13:00,364,56,36,Morning
CE00956,QC08,VC00992,2026-06-06 07:58:00,339,4,71,Morning
CE00957,QC02,VC00993,2026-11-06 18:27:00,390,28,45,Morning
CE00958,QC01,VC00710,2025-09-14 12:14:00,317,3,33,Night
CE00959,QC06,VC00429,2026-03-05 21:58:00,472,89,47,Morning
CE00960,QC07,VC00851,2025-09-08 11:19:00,467,61,48,Morning
CE00961,QC06,VC00741,2025-05-13 15:21:00,377,76,27,Morning
CE00962,QC07,VC00778,2025-11-19 15:46:00,381,55,63,Night
CE00963,QC08,VC00313,2026-07-09 12:25:00,355,67,43,Morning
CE00964,QC04,VC00058,2025-05-16 13:16:00,319,28,77,Evening
CE00965,QC08,VC00742,2025-12-06 17:01:00,344,20,46,Morning
CE00966,QC01,VC00830,2025-08-15 17:49:00,349,76,74,Morning
CE00967,QC05,VC00998,2025-03-21 22:44:00,302,59,33,Evening
CE00968,QC04,VC00639,2025-06-10 11:17:00,472,43,52,Morning
CE00969,QC06,VC00299,2026-01-22 14:44:00,346,34,20,Evening
CE00970,QC03,VC00472,2026-02-03 11:11:00,367,40,78,Morning
CE00971,QC05,VC00018,2025-08-06 11:33:00,440,4,47,Night
CE00972,QC03,VC00869,2026-05-08 01:03:00,468,44,77,Evening
CE00973,QC03,VC00229,2026-03-24 04:10:00,373,64,46,Morning
CE00974,QC04,VC00250,2025-11-04 03:02:00,395,78,34,Night
CE00975,QC01,VC00195,2025-09-19 00:56:00,433,45,63,Morning
CE00976,QC06,VC00772,2025-01-12 10:04:00,425,12,78,Evening
CE00977,QC01,VC00461,2025-12-17 11:25:00,309,72,44,Evening
CE00978,QC08,VC00557,2026-09-16 00:24:00,374,29,64,Evening
CE00979,QC02,VC00621,2025-02-28 12:15:00,414,14,33,Evening
CE00980,QC08,VC00348,2025-07-25 22:26:00,351,16,68,Evening
CE00981,QC02,VC00656,2026-05-07 05:32:00,356,40,41,Night
CE00982,QC07,VC00429,2026-03-05 21:58:00,364,51,65,Evening
CE00983,QC07,VC00646,2026-08-02 10:37:00,421,80,51,Night
CE00984,QC04,VC00284,2025-06-04 01:46:00,464,66,48,Evening
CE00985,QC03,VC00534,2025-12-26 05:57:00,383,5,50,Morning
CE00986,QC07,VC00297,2026-03-31 17:05:00,319,28,73,Night
CE00987,QC08,VC00744,2026-07-03 10:48:00,440,39,74,Morning
CE00988,QC08,VC00585,2025-09-09 05:56:00,403,23,59,Morning
CE00989,QC03,VC00825,2025-02-09 19:59:00,352,59,29,Morning
CE00990,QC06,VC00667,2025-09-01 20:33:00,455,74,47,Evening
CE00991,QC08,VC00703,2026-10-03 14:34:00,388,27,38,Morning
CE00992,QC07,VC00955,2025-01-02 21:06:00,348,72,38,Night
CE00993,QC03,VC00451,2025-01-28 09:59:00,444,14,22,Evening
CE00994,QC07,VC00590,2026-05-28 02:53:00,459,74,61,Night
CE00995,QC01,VC00189,2026-06-13 08:41:00,469,1,58,Morning
CE00996,QC07,VC00156,2026-02-18 12:50:00,300,5,72,Night
CE00997,QC06,VC00722,2025-02-27 12:33:00,359,39,59,Morning
CE00998,QC07,VC00997,2025-06-13 09:41:00,311,16,65,Morning
CE00999,QC05,VC00169,2025-07-07 20:49:00,412,22,79,Morning
CE01000,QC02,VC00791,2025-11-05 22:46:00,316,51,60,Evening
CE01001,QC03,VC00164,2025-05-10 03:47:00,427,80,26,Evening
CE01002,QC01,VC00451,2025-01-28 09:59:00,476,72,57,Morning
CE01003,QC03,VC00427,2026-03-22 13:12:00,330,17,59,Evening
CE01004,QC07,VC00712,2025-11-14 21:16:00,326,86,61,Evening
CE01005,QC04,VC00326,2026-05-08 12:24:00,339,15,49,Evening
CE01006,QC01,VC00834,2025-02-04 05:37:00,385,88,22,Evening
CE01007,QC01,VC00230,2026-09-30 12:45:00,347,67,40,Night
CE01008,QC08,VC00214,2025-06-27 05:14:00,426,33,53,Evening
CE01009,QC07,VC00427,2026-03-22 13:12:00,322,40,77,Night
CE01010,QC08,VC00510,2026-10-12 15:33:00,351,39,21,Morning
CE01011,QC03,VC00258,2026-10-14 23:12:00,351,5,71,Night
CE01012,QC04,VC00201,2026-04-26 03:18:00,432,76,30,Night
CE01013,QC03,VC00715,2026-06-20 19:06:00,426,25,68,Morning
CE01014,QC02,VC00847,2026-05-01 16:09:00,350,83,64,Night
CE01015,QC08,VC00278,2025-03-24 07:05:00,377,73,66,Morning
CE01016,QC01,VC00436,2025-12-20 10:08:00,398,41,40,Night
CE01017,QC03,VC00740,2025-02-25 13:06:00,326,19,69,Evening
CE01018,QC02,VC00648,2026-04-16 06:53:00,332,53,50,Night
CE01019,QC05,VC00959,2025-04-02 13:14:00,435,83,31,Morning
CE01020,QC08,VC00952,2025-07-01 07:33:00,428,33,33,Night
CE01021,QC04,VC00686,2026-07-17 05:32:00,426,11,49,Evening
CE01022,QC05,VC00922,2026-08-06 01:22:00,476,60,25,Evening
CE01023,QC01,VC00164,2025-05-10 03:47:00,383,49,65,Evening
CE01024,QC02,VC00067,2025-02-24 23:59:00,454,57,76,Morning
CE01025,QC06,VC00799,2026-09-26 02:21:00,367,82,25,Morning
CE01026,QC01,VC00618,2025-11-23 04:54:00,302,40,28,Night
CE01027,QC05,VC00871,2025-07-05 10:13:00,352,49,49,Evening
CE01028,QC05,VC00379,2026-01-15 23:38:00,419,76,55,Evening
CE01029,QC02,VC00453,2025-07-21 17:42:00,468,51,28,Evening
CE01030,QC04,VC00960,2026-10-16 09:17:00,318,9,65,Evening
CE01031,QC05,VC00213,2026-11-06 12:43:00,425,83,21,Morning
CE01032,QC03,VC00722,2025-02-27 12:33:00,411,47,70,Night
CE01033,QC06,VC00657,2026-06-30 11:30:00,337,26,22,Night
CE01034,QC01,VC00031,2025-04-04 16:50:00,330,32,48,Evening
CE01035,QC04,VC00355,2025-09-12 15:11:00,423,59,78,Night
CE01036,QC02,VC00173,2026-09-06 00:29:00,383,87,42,Evening
CE01037,QC02,VC00927,2025-01-10 22:01:00,397,1,23,Evening
CE01038,QC02,VC00807,2025-10-04 23:31:00,371,59,58,Evening
CE01039,QC07,VC00202,2026-01-10 20:59:00,379,58,22,Evening
CE01040,QC02,VC00900,2026-01-13 12:08:00,318,56,78,Morning
CE01041,QC06,VC00724,2025-03-23 17:32:00,420,45,58,Night
CE01042,QC02,VC00832,2026-09-10 03:04:00,436,87,74,Morning
CE01043,QC07,VC00995,2026-11-03 16:35:00,401,24,52,Night
CE01044,QC01,VC00895,2026-07-16 12:20:00,343,41,20,Night
CE01045,QC07,VC00310,2026-01-11 04:56:00,348,74,26,Night
CE01046,QC08,VC00924,2026-04-04 02:02:00,393,89,40,Evening
CE01047,QC03,VC00702,2025-01-01 07:57:00,433,23,51,Morning
CE01048,QC06,VC00185,2026-11-14 10:38:00,398,55,31,Morning
CE01049,QC01,VC00615,2025-02-20 03:43:00,381,18,34,Morning
CE01050,QC07,VC00845,2025-03-11 07:36:00,358,88,23,Morning
CE01051,QC08,VC00914,2025-02-18 19:08:00,451,52,27,Night
CE01052,QC06,VC00531,2025-10-08 13:34:00,330,8,41,Morning
CE01053,QC01,VC00939,2026-03-22 08:26:00,423,46,54,Morning
CE01054,QC07,VC00033,2026-09-28 00:41:00,404,47,37,Morning
CE01055,QC06,VC00652,2025-04-20 06:49:00,357,12,59,Morning
CE01056,QC01,VC00088,2026-08-16 13:20:00,380,67,37,Night
CE01057,QC01,VC00086,2025-04-20 18:18:00,464,64,41,Night
CE01058,QC01,VC00071,2026-03-06 12:39:00,367,11,49,Morning
CE01059,QC06,VC00799,2026-09-26 02:21:00,434,59,47,Night
CE01060,QC05,VC00155,2026-03-18 09:11:00,390,76,67,Evening
CE01061,QC06,VC00670,2025-08-02 00:24:00,335,47,72,Night
CE01062,QC02,VC00882,2025-04-23 16:34:00,371,39,64,Evening
CE01063,QC01,VC00387,2026-02-22 04:29:00,447,30,60,Night
CE01064,QC08,VC00395,2026-04-26 03:09:00,389,68,76,Evening
CE01065,QC04,VC00299,2026-01-22 14:44:00,460,0,51,Evening
CE01066,QC01,VC00088,2026-08-16 13:20:00,350,41,74,Night
CE01067,QC06,VC00621,2025-02-28 12:15:00,393,13,69,Morning
CE01068,QC03,VC00599,2026-01-20 12:14:00,467,67,55,Night
CE01069,QC04,VC00732,2026-06-14 03:07:00,427,22,49,Evening
CE01070,QC08,VC00917,2025-10-17 04:57:00,351,23,42,Morning
CE01071,QC04,VC00336,2026-04-03 04:10:00,367,22,56,Night
CE01072,QC08,VC00109,2025-05-13 18:30:00,442,83,68,Morning
CE01073,QC08,VC00156,2026-02-18 12:50:00,382,45,73,Morning
CE01074,QC05,VC00059,2025-08-03 12:32:00,411,89,76,Morning
CE01075,QC03,VC00324,2025-04-28 03:01:00,354,12,20,Morning
CE01076,QC02,VC00854,2026-07-08 22:24:00,446,0,63,Morning
CE01077,QC01,VC00469,2026-02-11 03:31:00,476,52,38,Night
CE01078,QC04,VC00621,2025-02-28 12:15:00,477,81,33,Morning
CE01079,QC08,VC00321,2026-04-18 05:57:00,435,42,42,Night
CE01080,QC01,VC00507,2026-12-08 08:33:00,329,2,64,Evening
CE01081,QC04,VC00482,2025-12-19 05:13:00,380,86,54,Night
CE01082,QC02,VC00852,2025-02-11 08:03:00,428,37,36,Night
CE01083,QC04,VC00254,2026-10-17 04:19:00,361,28,70,Morning
CE01084,QC02,VC00595,2025-12-10 23:06:00,449,40,71,Morning
CE01085,QC06,VC00142,2026-04-17 10:10:00,308,64,33,Evening
CE01086,QC07,VC00920,2025-03-10 08:07:00,462,17,41,Night
CE01087,QC08,VC00666,2026-01-28 06:17:00,354,24,44,Evening
CE01088,QC06,VC00566,2025-06-25 07:23:00,478,69,28,Night
CE01089,QC02,VC00752,2026-02-15 01:17:00,434,60,53,Evening
CE01090,QC06,VC00668,2025-09-07 15:07:00,476,59,53,Morning
CE01091,QC05,VC00515,2026-10-07 19:09:00,373,1,74,Night
CE01092,QC04,VC00889,2026-10-13 08:29:00,440,27,40,Morning
CE01093,QC03,VC00639,2025-06-10 11:17:00,352,1,20,Night
CE01094,QC08,VC00482,2025-12-19 05:13:00,324,18,76,Morning
CE01095,QC02,VC00241,2026-11-24 19:50:00,465,27,72,Night
CE01096,QC05,VC00652,2025-04-20 06:49:00,400,65,80,Night
CE01097,QC06,VC00520,2026-10-31 11:15:00,476,75,43,Evening
CE01098,QC01,VC00685,2025-12-21 19:34:00,379,58,56,Night
CE01099,QC03,VC00252,2026-06-03 12:52:00,431,13,62,Morning
CE01100,QC06,VC00892,2026-04-03 10:48:00,346,0,69,Morning
CE01101,QC02,VC00203,2025-08-07 10:45:00,308,67,79,Evening
CE01102,QC06,VC00673,2025-06-25 02:57:00,378,27,40,Evening
CE01103,QC02,VC00066,2025-12-08 20:43:00,345,70,59,Night
CE01104,QC06,VC00018,2025-08-06 11:33:00,307,60,77,Evening
CE01105,QC07,VC00754,2025-02-21 03:45:00,444,35,27,Night
CE01106,QC02,VC00890,2025-07-18 08:12:00,407,1,41,Morning
CE01107,QC07,VC00539,2025-08-27 12:50:00,469,11,72,Night
CE01108,QC02,VC00007,2026-02-27 09:59:00,371,14,78,Night
CE01109,QC05,VC00067,2025-02-24 23:59:00,418,72,45,Morning
CE01110,QC07,VC00603,2026-04-15 13:18:00,465,10,37,Evening
CE01111,QC04,VC00618,2025-11-23 04:54:00,307,10,51,Evening
CE01112,QC07,VC00987,2025-04-30 16:20:00,332,49,56,Evening
CE01113,QC04,VC00404,2025-10-05 11:49:00,339,18,56,Night
CE01114,QC03,VC00108,2025-06-09 08:41:00,454,79,32,Morning
CE01115,QC02,VC00002,2026-03-29 03:44:00,347,24,65,Night
CE01116,QC08,VC00761,2025-06-28 01:39:00,312,34,70,Morning
CE01117,QC08,VC00235,2026-01-30 01:07:00,467,32,41,Morning
CE01118,QC07,VC00072,2026-09-23 22:01:00,474,11,47,Morning
CE01119,QC02,VC00103,2025-06-07 09:29:00,362,54,37,Morning
CE01120,QC01,VC00459,2026-04-19 15:13:00,310,65,68,Morning
CE01121,QC03,VC00586,2026-07-05 20:17:00,453,76,71,Night
CE01122,QC08,VC00914,2025-02-18 19:08:00,346,36,50,Night
CE01123,QC01,VC00827,2026-04-03 16:26:00,474,67,79,Night
CE01124,QC02,VC00841,2026-01-08 07:46:00,329,11,76,Evening
CE01125,QC03,VC00393,2026-08-25 00:29:00,335,28,70,Night
CE01126,QC02,VC00154,2025-07-28 18:08:00,382,12,26,Night
CE01127,QC02,VC00307,2025-04-12 11:54:00,360,85,62,Morning
CE01128,QC04,VC00802,2025-08-12 22:33:00,442,30,23,Morning
CE01129,QC01,VC00519,2025-01-07 14:21:00,438,34,51,Morning
CE01130,QC03,VC00208,2026-06-13 09:30:00,325,52,44,Evening
CE01131,QC04,VC00736,2026-11-01 01:59:00,331,52,66,Evening
CE01132,QC05,VC00904,2025-05-29 02:43:00,432,23,27,Morning
CE01133,QC08,VC00174,2026-05-18 09:15:00,433,71,77,Evening
CE01134,QC05,VC00225,2025-10-06 16:24:00,325,35,77,Morning
CE01135,QC04,VC00347,2025-10-29 22:18:00,423,85,41,Evening
CE01136,QC06,VC00913,2025-05-26 21:33:00,476,87,33,Night
CE01137,QC08,VC00315,2025-03-18 14:34:00,308,0,61,Morning
CE01138,QC08,VC00217,2025-09-06 11:36:00,340,86,73,Morning
CE01139,QC08,VC00976,2026-04-15 12:45:00,384,47,34,Evening
CE01140,QC04,VC00572,2025-05-26 08:42:00,377,89,21,Morning
CE01141,QC05,VC00373,2025-08-15 15:41:00,447,1,64,Evening
CE01142,QC02,VC00110,2026-05-22 17:04:00,463,71,76,Morning
CE01143,QC03,VC00740,2025-02-25 13:06:00,479,22,26,Morning
CE01144,QC01,VC00676,2026-06-03 02:21:00,405,0,35,Night
CE01145,QC07,VC00086,2025-04-20 18:18:00,341,12,21,Morning
CE01146,QC02,VC00358,2025-12-25 08:40:00,453,84,76,Night
CE01147,QC01,VC00267,2025-12-23 04:46:00,309,2,74,Morning
CE01148,QC05,VC00681,2025-07-19 04:46:00,316,68,20,Evening
CE01149,QC04,VC00888,2025-06-08 08:56:00,419,17,67,Morning
CE01150,QC06,VC00427,2026-03-22 13:12:00,448,48,48,Morning
CE01151,QC03,VC00179,2025-02-06 13:02:00,335,3,61,Evening
CE01152,QC04,VC00375,2026-12-04 09:18:00,353,2,24,Evening
CE01153,QC03,VC00151,2026-06-25 11:08:00,438,73,78,Night
CE01154,QC01,VC00195,2025-09-19 00:56:00,433,49,50,Night
CE01155,QC05,VC00698,2026-03-21 04:33:00,359,63,34,Evening
CE01156,QC05,VC00946,2025-11-10 15:14:00,397,4,30,Morning
CE01157,QC04,VC00077,2026-10-07 19:34:00,382,25,34,Night
CE01158,QC04,VC00084,2025-05-17 07:59:00,437,58,38,Morning
CE01159,QC02,VC00587,2026-03-29 03:34:00,377,24,44,Night
CE01160,QC08,VC00999,2025-03-14 07:49:00,367,66,62,Evening
CE01161,QC06,VC00586,2026-07-05 20:17:00,439,62,36,Night
CE01162,QC06,VC00255,2025-07-07 11:25:00,419,34,46,Morning
CE01163,QC06,VC00253,2026-01-28 18:10:00,414,89,56,Night
CE01164,QC08,VC00151,2026-06-25 11:08:00,405,15,73,Morning
CE01165,QC01,VC00072,2026-09-23 22:01:00,375,87,55,Night
CE01166,QC08,VC00919,2026-10-06 08:53:00,433,67,71,Morning
CE01167,QC01,VC00546,2026-05-05 14:44:00,362,38,64,Evening
CE01168,QC04,VC00109,2025-05-13 18:30:00,310,77,25,Morning
CE01169,QC03,VC00753,2026-10-21 20:58:00,325,71,68,Morning
CE01170,QC05,VC00597,2026-06-16 20:30:00,349,82,48,Night
CE01171,QC08,VC00190,2026-04-16 20:33:00,347,79,25,Evening
CE01172,QC04,VC00551,2026-11-22 10:30:00,480,85,30,Night
CE01173,QC04,VC00277,2025-10-25 13:07:00,304,7,61,Morning
CE01174,QC04,VC00195,2025-09-19 00:56:00,320,71,55,Night
CE01175,QC01,VC00872,2025-09-03 15:22:00,415,69,27,Night
CE01176,QC03,VC00338,2026-11-02 11:34:00,380,86,78,Morning
CE01177,QC08,VC00462,2026-07-28 00:55:00,397,1,80,Night
CE01178,QC05,VC00160,2026-11-16 13:47:00,417,17,60,Morning
CE01179,QC04,VC00004,2026-11-30 07:29:00,338,75,34,Night
CE01180,QC04,VC00817,2026-07-20 02:58:00,363,66,63,Morning
CE01181,QC07,VC00823,2026-01-20 14:40:00,391,31,47,Morning
CE01182,QC03,VC00434,2025-12-08 04:18:00,410,28,60,Night
CE01183,QC04,VC00034,2025-08-12 17:09:00,438,57,41,Morning
CE01184,QC04,VC00013,2025-12-01 11:33:00,427,53,75,Evening
CE01185,QC07,VC00171,2025-07-30 15:53:00,316,37,80,Morning
CE01186,QC01,VC00083,2025-07-27 20:43:00,337,53,73,Evening
CE01187,QC01,VC00046,2025-05-08 04:00:00,441,11,64,Night
CE01188,QC05,VC00396,2025-04-26 02:37:00,304,51,60,Evening
CE01189,QC02,VC00800,2025-07-04 20:51:00,337,10,76,Evening
CE01190,QC06,VC00138,2025-10-21 20:42:00,336,47,62,Evening
CE01191,QC05,VC00843,2026-01-06 02:42:00,460,7,79,Night
CE01192,QC02,VC00652,2025-04-20 06:49:00,305,61,69,Morning
CE01193,QC01,VC00132,2025-03-12 07:57:00,454,49,21,Evening
CE01194,QC07,VC00354,2026-03-29 01:08:00,460,53,53,Night
CE01195,QC08,VC00463,2026-05-28 12:21:00,466,67,68,Morning
CE01196,QC06,VC00296,2025-04-10 10:06:00,333,35,24,Night
CE01197,QC06,VC00389,2025-01-13 16:34:00,338,88,80,Night
CE01198,QC04,VC00833,2026-05-26 22:49:00,396,74,58,Night
CE01199,QC03,VC00062,2025-12-28 06:11:00,360,69,65,Morning
CE01200,QC03,VC00622,2026-09-13 17:53:00,311,29,45,Night
CE01201,QC06,VC00234,2026-05-15 15:53:00,353,86,50,Night
CE01202,QC02,VC00080,2025-07-23 01:18:00,454,2,74,Evening
CE01203,QC07,VC00837,2025-06-08 03:32:00,381,64,36,Morning
CE01204,QC05,VC00768,2025-06-02 01:06:00,467,71,52,Morning
CE01205,QC01,VC00527,2025-01-27 04:26:00,350,43,43,Morning
CE01206,QC06,VC00892,2026-04-03 10:48:00,418,36,60,Night
CE01207,QC06,VC00220,2025-05-08 17:47:00,480,40,78,Night
CE01208,QC04,VC00917,2025-10-17 04:57:00,344,3,24,Night
CE01209,QC01,VC00463,2026-05-28 12:21:00,362,9,44,Evening
CE01210,QC05,VC00121,2026-09-05 04:35:00,339,68,28,Night
CE01211,QC04,VC00101,2026-07-22 08:59:00,328,5,38,Evening
CE01212,QC07,VC00083,2025-07-27 20:43:00,471,72,71,Night
CE01213,QC04,VC00389,2025-01-13 16:34:00,411,27,64,Night
CE01214,QC04,VC00709,2026-01-31 10:26:00,307,72,31,Night
CE01215,QC05,VC00147,2025-02-27 22:13:00,474,9,68,Morning
CE01216,QC07,VC00247,2025-03-27 01:40:00,395,50,79,Evening
CE01217,QC01,VC00396,2025-04-26 02:37:00,382,34,21,Night
CE01218,QC02,VC00594,2026-09-20 02:19:00,324,25,55,Morning
CE01219,QC01,VC00726,2025-01-30 06:43:00,480,22,26,Evening
CE01220,QC01,VC00409,2025-06-23 09:47:00,386,10,66,Evening
CE01221,QC02,VC00265,2025-08-28 17:57:00,416,36,24,Morning
CE01222,QC06,VC00139,2026-03-02 14:16:00,404,46,34,Morning
CE01223,QC02,VC00157,2026-02-28 23:26:00,375,37,50,Evening
CE01224,QC08,VC00728,2026-04-20 19:15:00,303,67,21,Morning
CE01225,QC04,VC00852,2025-02-11 08:03:00,480,36,43,Night
CE01226,QC05,VC00315,2025-03-18 14:34:00,322,77,52,Morning
CE01227,QC04,VC00727,2026-10-25 18:14:00,377,55,74,Night
CE01228,QC02,VC00826,2026-10-10 20:48:00,352,22,29,Evening
CE01229,QC07,VC00723,2025-12-06 15:50:00,344,68,44,Night
CE01230,QC06,VC00819,2025-12-21 16:59:00,310,72,42,Evening
CE01231,QC06,VC00400,2026-06-13 07:05:00,427,84,25,Evening
CE01232,QC02,VC00544,2025-08-16 18:27:00,359,2,52,Night
CE01233,QC04,VC00094,2026-04-17 22:03:00,388,6,72,Morning
CE01234,QC07,VC00908,2026-12-05 20:41:00,390,66,32,Evening
CE01235,QC08,VC00037,2025-04-05 07:49:00,391,51,47,Night
CE01236,QC02,VC00511,2025-09-05 10:00:00,315,65,39,Evening
CE01237,QC02,VC00474,2026-06-14 04:04:00,320,59,24,Evening
CE01238,QC04,VC00408,2026-04-19 12:57:00,407,4,65,Morning
CE01239,QC03,VC00976,2026-04-15 12:45:00,385,82,67,Evening
CE01240,QC01,VC00810,2026-08-27 08:10:00,370,67,78,Morning
CE01241,QC03,VC00404,2025-10-05 11:49:00,306,42,75,Morning
CE01242,QC05,VC00101,2026-07-22 08:59:00,326,74,44,Morning
CE01243,QC01,VC00890,2025-07-18 08:12:00,369,36,52,Morning
CE01244,QC08,VC00746,2026-03-18 16:33:00,466,4,67,Morning
CE01245,QC04,VC00168,2025-09-04 04:19:00,332,23,78,Evening
CE01246,QC01,VC00725,2025-11-14 19:12:00,469,76,63,Morning
CE01247,QC04,VC00551,2026-11-22 10:30:00,478,36,72,Morning
CE01248,QC01,VC00499,2025-02-07 14:47:00,410,3,26,Morning
CE01249,QC01,VC00874,2025-11-20 09:46:00,451,3,28,Morning
CE01250,QC06,VC00191,2025-07-02 03:52:00,473,82,54,Night
CE01251,QC04,VC00859,2025-05-14 11:17:00,460,36,29,Night
CE01252,QC02,VC00217,2025-09-06 11:36:00,364,51,72,Evening
CE01253,QC02,VC00943,2026-04-04 15:35:00,342,82,31,Morning
CE01254,QC01,VC00724,2025-03-23 17:32:00,402,28,27,Evening
CE01255,QC04,VC00920,2025-03-10 08:07:00,423,46,37,Morning
CE01256,QC06,VC00792,2025-10-31 22:13:00,457,74,35,Morning
CE01257,QC08,VC00835,2026-10-23 06:58:00,312,67,38,Evening
CE01258,QC02,VC00867,2026-06-23 10:12:00,339,40,27,Night
CE01259,QC02,VC00277,2025-10-25 13:07:00,373,33,39,Night
CE01260,QC07,VC00611,2026-10-18 11:26:00,458,25,54,Evening
CE01261,QC04,VC00568,2025-07-02 03:40:00,399,1,79,Evening
CE01262,QC03,VC00685,2025-12-21 19:34:00,411,53,78,Night
CE01263,QC03,VC00738,2025-04-20 08:29:00,340,40,55,Morning
CE01264,QC01,VC00882,2025-04-23 16:34:00,328,40,28,Morning
CE01265,QC02,VC00633,2026-07-08 13:39:00,346,43,38,Night
CE01266,QC06,VC00153,2025-07-21 17:30:00,368,72,65,Night
CE01267,QC07,VC00965,2025-05-30 08:54:00,462,14,37,Morning
CE01268,QC05,VC00855,2026-09-22 12:55:00,433,34,26,Evening
CE01269,QC04,VC00150,2025-05-25 14:34:00,301,1,32,Morning
CE01270,QC08,VC00400,2026-06-13 07:05:00,406,77,70,Morning
CE01271,QC05,VC00099,2025-12-09 05:40:00,465,36,57,Evening
CE01272,QC01,VC00320,2026-03-30 01:46:00,402,73,40,Night
CE01273,QC08,VC00014,2025-09-23 14:46:00,449,72,80,Evening
CE01274,QC03,VC00910,2026-05-06 04:20:00,347,37,29,Morning
CE01275,QC04,VC00569,2025-10-24 19:12:00,457,88,75,Evening
CE01276,QC01,VC00539,2025-08-27 12:50:00,343,29,22,Morning
CE01277,QC04,VC00656,2026-05-07 05:32:00,444,75,42,Morning
CE01278,QC05,VC00562,2026-06-21 12:20:00,306,63,52,Night
CE01279,QC07,VC00539,2025-08-27 12:50:00,437,13,66,Evening
CE01280,QC02,VC00010,2026-09-28 00:16:00,305,66,55,Night
CE01281,QC07,VC00826,2026-10-10 20:48:00,432,80,73,Evening
CE01282,QC03,VC00102,2026-01-08 03:54:00,352,74,64,Morning
CE01283,QC05,VC00418,2026-03-23 21:14:00,364,23,49,Night
CE01284,QC08,VC00349,2025-04-28 06:29:00,335,8,52,Morning
CE01285,QC07,VC00736,2026-11-01 01:59:00,416,90,35,Night
CE01286,QC08,VC00340,2025-02-06 21:26:00,331,29,52,Evening
CE01287,QC03,VC00959,2025-04-02 13:14:00,384,61,47,Morning
CE01288,QC01,VC00553,2026-06-02 02:56:00,384,68,53,Morning
CE01289,QC02,VC00858,2026-10-27 10:28:00,351,53,37,Night
CE01290,QC05,VC00004,2026-11-30 07:29:00,321,23,74,Night
CE01291,QC05,VC00253,2026-01-28 18:10:00,375,70,52,Night
CE01292,QC08,VC00023,2026-07-28 18:49:00,347,68,63,Night
CE01293,QC07,VC00834,2025-02-04 05:37:00,330,15,39,Morning
CE01294,QC02,VC00534,2025-12-26 05:57:00,389,7,28,Evening
CE01295,QC02,VC00498,2026-04-23 15:26:00,327,35,52,Evening
CE01296,QC06,VC00104,2026-05-15 10:16:00,316,54,63,Morning
CE01297,QC05,VC00911,2026-05-14 22:24:00,374,6,20,Morning
CE01298,QC06,VC00700,2026-02-27 21:27:00,353,72,25,Morning
CE01299,QC08,VC00793,2026-11-01 01:16:00,323,25,32,Morning
CE01300,QC01,VC00157,2026-02-28 23:26:00,328,22,58,Night
CE01301,QC03,VC00824,2026-03-19 06:33:00,450,22,61,Evening
CE01302,QC04,VC00284,2025-06-04 01:46:00,439,65,22,Morning
CE01303,QC08,VC00937,2025-06-08 12:06:00,355,37,56,Morning
CE01304,QC03,VC00779,2026-06-13 14:45:00,417,26,53,Morning
CE01305,QC08,VC00298,2025-11-28 07:14:00,398,43,40,Night
CE01306,QC03,VC00249,2025-12-28 02:37:00,336,32,31,Night
CE01307,QC06,VC00144,2026-02-16 14:18:00,342,46,56,Night
CE01308,QC01,VC00940,2025-10-29 07:07:00,399,74,34,Evening
CE01309,QC06,VC00535,2025-02-23 23:44:00,344,52,50,Evening
CE01310,QC08,VC00303,2025-09-25 23:18:00,387,26,72,Morning
CE01311,QC01,VC00755,2026-08-17 03:03:00,449,18,30,Evening
CE01312,QC07,VC00497,2025-11-27 10:40:00,447,14,37,Morning
CE01313,QC03,VC00633,2026-07-08 13:39:00,427,15,54,Morning
CE01314,QC06,VC00275,2026-09-01 05:58:00,428,79,65,Morning
CE01315,QC08,VC00331,2025-08-20 15:44:00,397,67,33,Evening
CE01316,QC05,VC00636,2026-09-12 04:05:00,446,78,23,Night
CE01317,QC05,VC00197,2026-06-13 00:23:00,463,19,28,Evening
CE01318,QC03,VC00731,2026-05-13 04:32:00,310,23,45,Night
CE01319,QC05,VC00202,2026-01-10 20:59:00,475,61,40,Evening
CE01320,QC03,VC00415,2026-07-27 15:24:00,314,90,62,Evening
CE01321,QC07,VC00838,2026-04-01 05:29:00,300,72,73,Night
CE01322,QC06,VC00091,2025-08-21 03:59:00,383,66,23,Morning
CE01323,QC03,VC00352,2026-02-14 23:52:00,436,72,69,Morning
CE01324,QC02,VC00723,2025-12-06 15:50:00,359,74,62,Night
CE01325,QC06,VC00470,2026-11-02 08:48:00,442,18,39,Night
CE01326,QC05,VC00366,2026-07-22 15:17:00,383,78,71,Morning
CE01327,QC06,VC00479,2026-11-17 16:54:00,367,50,55,Night
CE01328,QC08,VC00655,2026-11-29 05:54:00,336,21,46,Night
CE01329,QC07,VC00355,2025-09-12 15:11:00,345,49,24,Night
CE01330,QC07,VC00146,2026-06-04 04:27:00,405,43,31,Morning
CE01331,QC01,VC00403,2025-04-23 13:48:00,348,1,40,Evening
CE01332,QC02,VC00326,2026-05-08 12:24:00,420,59,36,Morning
CE01333,QC01,VC00861,2025-07-09 16:30:00,462,35,79,Evening
CE01334,QC04,VC00640,2025-01-02 19:10:00,347,77,43,Morning
CE01335,QC04,VC00265,2025-08-28 17:57:00,443,65,62,Night
CE01336,QC08,VC00019,2026-10-24 17:32:00,391,52,72,Evening
CE01337,QC04,VC00170,2025-02-21 15:22:00,460,15,27,Night
CE01338,QC03,VC00983,2025-10-31 09:52:00,459,29,53,Evening
CE01339,QC04,VC00810,2026-08-27 08:10:00,352,68,22,Evening
CE01340,QC04,VC00693,2025-12-10 14:10:00,309,14,65,Night
CE01341,QC02,VC00107,2026-03-24 22:23:00,458,63,38,Night
CE01342,QC03,VC00547,2025-06-04 08:00:00,369,42,34,Evening
CE01343,QC06,VC00217,2025-09-06 11:36:00,451,89,30,Night
CE01344,QC04,VC00276,2026-09-24 10:07:00,455,36,21,Evening
CE01345,QC02,VC00843,2026-01-06 02:42:00,343,69,33,Night
CE01346,QC07,VC00490,2026-11-03 06:20:00,471,2,21,Night
CE01347,QC07,VC00251,2026-10-18 05:28:00,335,75,48,Evening
CE01348,QC07,VC00685,2025-12-21 19:34:00,413,7,58,Night
CE01349,QC07,VC00596,2026-06-14 23:20:00,416,69,56,Evening
CE01350,QC01,VC00167,2025-05-08 18:06:00,373,79,38,Morning
CE01351,QC07,VC00332,2026-11-05 07:44:00,439,35,57,Morning
CE01352,QC03,VC00089,2026-02-13 20:44:00,438,79,21,Night
CE01353,QC06,VC00065,2026-11-15 11:42:00,349,66,73,Evening
CE01354,QC01,VC00811,2026-01-15 19:16:00,422,72,30,Morning
CE01355,QC04,VC00072,2026-09-23 22:01:00,321,36,40,Evening
CE01356,QC04,VC00345,2025-08-16 02:52:00,322,32,58,Morning
CE01357,QC03,VC00059,2025-08-03 12:32:00,368,57,54,Morning
CE01358,QC08,VC00767,2025-11-28 21:45:00,393,40,47,Evening
CE01359,QC07,VC00064,2026-08-23 15:33:00,425,76,20,Evening
CE01360,QC06,VC00399,2025-04-08 03:00:00,393,69,53,Evening
CE01361,QC01,VC00317,2026-10-12 07:48:00,410,45,75,Morning
CE01362,QC01,VC00601,2026-02-12 01:41:00,328,25,46,Evening
CE01363,QC06,VC00315,2025-03-18 14:34:00,421,88,76,Night
CE01364,QC04,VC00387,2026-02-22 04:29:00,420,46,79,Night
CE01365,QC04,VC00397,2025-10-08 16:55:00,330,3,48,Morning
CE01366,QC06,VC00047,2026-10-09 06:26:00,317,84,79,Morning
CE01367,QC06,VC00748,2026-01-24 09:38:00,336,5,70,Night
CE01368,QC08,VC00420,2026-11-05 16:10:00,389,82,27,Morning
CE01369,QC03,VC00090,2026-05-27 22:10:00,423,17,47,Evening
CE01370,QC02,VC00162,2025-08-05 20:36:00,446,22,29,Morning
CE01371,QC04,VC00067,2025-02-24 23:59:00,327,7,52,Evening
CE01372,QC03,VC00167,2025-05-08 18:06:00,303,8,25,Night
CE01373,QC04,VC00157,2026-02-28 23:26:00,476,8,43,Evening
CE01374,QC02,VC00352,2026-02-14 23:52:00,345,5,46,Evening
CE01375,QC04,VC00848,2025-04-18 09:28:00,342,69,53,Evening
CE01376,QC07,VC00145,2025-06-13 19:33:00,459,64,59,Night
CE01377,QC04,VC00295,2025-05-07 07:07:00,364,17,78,Morning
CE01378,QC05,VC00686,2026-07-17 05:32:00,332,0,40,Evening
CE01379,QC08,VC00355,2025-09-12 15:11:00,445,40,33,Night
CE01380,QC08,VC00296,2025-04-10 10:06:00,451,52,42,Morning
CE01381,QC02,VC00098,2026-01-26 20:27:00,376,37,69,Night
CE01382,QC06,VC00588,2025-06-06 18:27:00,322,7,74,Night
CE01383,QC08,VC00911,2026-05-14 22:24:00,372,22,37,Night
CE01384,QC08,VC00462,2026-07-28 00:55:00,320,44,51,Night
CE01385,QC08,VC00440,2025-09-13 14:50:00,327,73,27,Evening
CE01386,QC07,VC00073,2026-08-27 12:56:00,389,88,60,Morning
CE01387,QC03,VC00459,2026-04-19 15:13:00,311,30,52,Evening
CE01388,QC03,VC00920,2025-03-10 08:07:00,390,19,54,Evening
CE01389,QC06,VC00891,2025-02-26 01:19:00,353,42,72,Night
CE01390,QC05,VC00067,2025-02-24 23:59:00,319,64,52,Evening
CE01391,QC02,VC00049,2025-06-13 07:04:00,465,86,47,Morning
CE01392,QC07,VC00979,2026-10-10 03:58:00,461,55,70,Morning
CE01393,QC03,VC00428,2025-07-05 21:25:00,390,17,22,Evening
CE01394,QC08,VC00589,2026-06-05 17:28:00,316,29,71,Night
CE01395,QC07,VC00074,2026-10-24 20:32:00,395,45,36,Night
CE01396,QC08,VC00651,2026-10-07 03:12:00,379,36,53,Morning
CE01397,QC07,VC00035,2026-06-26 15:11:00,394,35,32,Morning
CE01398,QC02,VC00040,2026-01-02 13:15:00,462,74,47,Night
CE01399,QC05,VC00895,2026-07-16 12:20:00,315,21,48,Morning
CE01400,QC07,VC00317,2026-10-12 07:48:00,350,68,24,Night
CE01401,QC05,VC00564,2026-11-20 10:38:00,447,15,25,Morning
CE01402,QC06,VC00135,2025-02-05 22:46:00,386,11,67,Evening
CE01403,QC05,VC00398,2025-03-16 14:32:00,439,61,60,Evening
CE01404,QC04,VC00223,2026-10-22 11:35:00,381,60,68,Night
CE01405,QC06,VC00014,2025-09-23 14:46:00,406,7,42,Night
CE01406,QC03,VC00193,2025-02-20 14:00:00,315,22,68,Morning
CE01407,QC06,VC00650,2025-03-13 02:52:00,319,87,28,Evening
CE01408,QC03,VC00373,2025-08-15 15:41:00,348,56,42,Morning
CE01409,QC06,VC00117,2025-01-04 22:51:00,430,47,39,Morning
CE01410,QC02,VC00543,2026-07-01 15:23:00,369,31,27,Morning
CE01411,QC06,VC00315,2025-03-18 14:34:00,378,19,49,Evening
CE01412,QC05,VC00639,2025-06-10 11:17:00,383,2,49,Morning
CE01413,QC05,VC00269,2026-09-28 13:07:00,323,87,37,Night
CE01414,QC04,VC00144,2026-02-16 14:18:00,339,43,66,Night
CE01415,QC08,VC00336,2026-04-03 04:10:00,347,51,46,Night
CE01416,QC06,VC00716,2026-06-05 23:36:00,390,52,58,Evening
CE01417,QC01,VC00473,2026-10-06 03:40:00,463,32,29,Evening
CE01418,QC03,VC00141,2026-10-26 06:16:00,449,74,43,Morning
CE01419,QC01,VC00365,2025-09-24 12:46:00,310,30,52,Morning
CE01420,QC08,VC00025,2025-10-29 06:39:00,431,2,62,Evening
CE01421,QC01,VC00610,2025-10-30 14:13:00,324,43,54,Morning
CE01422,QC08,VC00373,2025-08-15 15:41:00,428,43,37,Night
CE01423,QC03,VC00635,2025-07-14 22:03:00,462,52,39,Night
CE01424,QC06,VC00762,2025-09-25 21:58:00,337,23,41,Night
CE01425,QC07,VC00309,2026-10-22 21:39:00,468,4,38,Morning
CE01426,QC06,VC00966,2025-10-07 01:56:00,327,2,76,Evening
CE01427,QC02,VC00039,2025-08-29 15:57:00,307,83,38,Morning
CE01428,QC03,VC00676,2026-06-03 02:21:00,390,5,53,Evening
CE01429,QC07,VC00684,2025-12-14 08:33:00,307,28,55,Night
CE01430,QC04,VC00748,2026-01-24 09:38:00,439,37,74,Evening
CE01431,QC06,VC00414,2026-10-07 05:36:00,456,38,32,Morning
CE01432,QC01,VC00173,2026-09-06 00:29:00,308,24,21,Morning
CE01433,QC06,VC00040,2026-01-02 13:15:00,380,7,29,Morning
CE01434,QC07,VC00753,2026-10-21 20:58:00,477,71,36,Night
CE01435,QC05,VC00023,2026-07-28 18:49:00,416,0,40,Night
CE01436,QC01,VC00211,2025-03-30 17:58:00,350,40,54,Evening
CE01437,QC01,VC00887,2026-08-25 00:55:00,420,22,59,Morning
CE01438,QC01,VC00911,2026-05-14 22:24:00,441,86,48,Night
CE01439,QC06,VC00407,2025-06-13 01:36:00,433,80,32,Evening
CE01440,QC01,VC00985,2025-03-18 15:34:00,394,12,58,Morning
CE01441,QC06,VC00905,2026-08-26 23:42:00,303,33,59,Evening
CE01442,QC02,VC00363,2025-08-25 13:55:00,349,7,56,Night
CE01443,QC07,VC00933,2025-09-22 12:27:00,339,88,58,Morning
CE01444,QC04,VC00860,2026-06-02 11:17:00,377,79,51,Night
CE01445,QC05,VC00459,2026-04-19 15:13:00,447,11,34,Evening
CE01446,QC08,VC00713,2026-07-28 21:09:00,333,76,37,Night
CE01447,QC07,VC00403,2025-04-23 13:48:00,339,84,44,Morning
CE01448,QC01,VC00787,2025-09-10 05:43:00,317,0,70,Evening
CE01449,QC08,VC00272,2025-12-04 21:11:00,417,27,69,Morning
CE01450,QC08,VC00518,2025-09-04 06:11:00,398,37,78,Morning
CE01451,QC06,VC00726,2025-01-30 06:43:00,464,53,45,Morning
CE01452,QC05,VC00939,2026-03-22 08:26:00,335,10,45,Morning
CE01453,QC07,VC00589,2026-06-05 17:28:00,346,66,66,Night
CE01454,QC01,VC00157,2026-02-28 23:26:00,449,62,55,Night
CE01455,QC08,VC00149,2025-08-23 19:25:00,448,49,75,Morning
CE01456,QC02,VC00938,2026-07-27 05:11:00,454,38,65,Night
CE01457,QC07,VC00631,2025-02-28 22:35:00,302,48,40,Morning
CE01458,QC03,VC00310,2026-01-11 04:56:00,373,32,49,Evening
CE01459,QC06,VC00972,2026-04-28 05:55:00,470,73,57,Night
CE01460,QC06,VC00529,2025-03-08 08:54:00,336,1,20,Night
CE01461,QC06,VC00975,2026-05-20 19:04:00,446,13,29,Night
CE01462,QC01,VC00008,2025-09-20 02:05:00,445,25,56,Evening
CE01463,QC02,VC00376,2025-06-23 06:37:00,385,85,59,Morning
CE01464,QC08,VC00146,2026-06-04 04:27:00,463,84,79,Evening
CE01465,QC06,VC00309,2026-10-22 21:39:00,304,86,64,Evening
CE01466,QC02,VC00926,2026-05-29 14:50:00,400,60,34,Night
CE01467,QC02,VC00942,2025-07-06 09:24:00,350,22,59,Night
CE01468,QC02,VC00549,2025-05-11 04:11:00,317,30,66,Night
CE01469,QC06,VC00306,2026-10-29 19:04:00,448,5,72,Evening
CE01470,QC01,VC00235,2026-01-30 01:07:00,466,10,53,Evening
CE01471,QC01,VC00399,2025-04-08 03:00:00,433,28,27,Night
CE01472,QC04,VC00404,2025-10-05 11:49:00,438,54,80,Night
CE01473,QC02,VC00244,2025-08-21 23:58:00,346,34,75,Night
CE01474,QC04,VC00408,2026-04-19 12:57:00,480,19,47,Morning
CE01475,QC03,VC00993,2026-11-06 18:27:00,418,17,47,Night
CE01476,QC02,VC00699,2025-07-04 13:00:00,394,73,74,Night
CE01477,QC06,VC00648,2026-04-16 06:53:00,409,56,22,Morning
CE01478,QC05,VC00007,2026-02-27 09:59:00,437,16,62,Morning
CE01479,QC05,VC00833,2026-05-26 22:49:00,397,10,58,Evening
CE01480,QC01,VC00553,2026-06-02 02:56:00,316,73,71,Night
CE01481,QC07,VC00853,2025-08-22 06:54:00,362,5,79,Morning
CE01482,QC02,VC00597,2026-06-16 20:30:00,386,71,80,Morning
CE01483,QC05,VC00190,2026-04-16 20:33:00,410,43,50,Evening
CE01484,QC04,VC00634,2026-09-06 11:31:00,304,78,37,Night
CE01485,QC08,VC00062,2025-12-28 06:11:00,466,60,51,Evening
CE01486,QC02,VC00620,2025-10-26 22:39:00,392,0,52,Night
CE01487,QC05,VC00642,2026-08-04 23:38:00,432,45,42,Morning
CE01488,QC03,VC00747,2025-12-14 00:34:00,465,27,47,Morning
CE01489,QC06,VC00291,2026-07-23 13:59:00,329,37,23,Night
CE01490,QC08,VC00282,2025-02-01 03:02:00,451,23,54,Night
CE01491,QC04,VC00930,2026-11-14 13:15:00,458,29,63,Night
CE01492,QC08,VC00664,2025-02-07 12:36:00,465,28,76,Morning
CE01493,QC05,VC00889,2026-10-13 08:29:00,383,72,40,Evening
CE01494,QC08,VC00936,2025-03-13 16:00:00,428,18,57,Evening
CE01495,QC03,VC00945,2026-02-08 00:50:00,343,26,33,Evening
CE01496,QC08,VC00821,2025-01-03 04:30:00,321,84,22,Evening
CE01497,QC03,VC00405,2026-02-28 15:13:00,469,71,49,Night
CE01498,QC06,VC00311,2025-05-12 16:58:00,387,89,21,Evening
CE01499,QC08,VC00508,2025-07-11 01:43:00,349,20,79,Morning
CE01500,QC08,VC00114,2025-05-06 05:18:00,420,69,54,Morning
CE01501,QC07,VC00898,2025-06-27 11:42:00,421,56,40,Night
CE01502,QC08,VC00349,2025-04-28 06:29:00,434,34,31,Evening
CE01503,QC01,VC00873,2025-11-05 07:05:00,302,72,37,Evening
CE01504,QC01,VC00866,2026-05-06 12:26:00,473,34,56,Morning
CE01505,QC01,VC00494,2025-02-09 13:58:00,366,77,70,Morning
CE01506,QC07,VC00913,2025-05-26 21:33:00,428,58,52,Morning
CE01507,QC06,VC00051,2025-09-03 02:04:00,441,31,36,Evening
CE01508,QC03,VC00668,2025-09-07 15:07:00,450,74,65,Morning
CE01509,QC05,VC00870,2025-04-08 22:38:00,359,52,66,Night
CE01510,QC01,VC00137,2025-04-06 01:42:00,368,41,41,Morning
CE01511,QC01,VC00079,2026-11-25 07:46:00,374,47,71,Night
CE01512,QC08,VC00978,2026-03-14 05:49:00,336,66,20,Morning
CE01513,QC06,VC00314,2025-02-13 07:17:00,327,22,59,Evening
CE01514,QC01,VC00313,2026-07-09 12:25:00,331,30,30,Evening
CE01515,QC07,VC00238,2025-03-03 20:49:00,421,50,55,Morning
CE01516,QC07,VC00854,2026-07-08 22:24:00,463,72,30,Evening
CE01517,QC08,VC00093,2025-01-13 23:28:00,446,76,53,Evening
CE01518,QC05,VC00853,2025-08-22 06:54:00,301,50,36,Morning
CE01519,QC03,VC00203,2025-08-07 10:45:00,322,25,48,Evening
CE01520,QC04,VC00913,2025-05-26 21:33:00,459,43,41,Morning
CE01521,QC01,VC00859,2025-05-14 11:17:00,475,62,26,Evening
CE01522,QC08,VC00671,2025-01-10 01:51:00,449,81,46,Evening
CE01523,QC02,VC00033,2026-09-28 00:41:00,337,66,24,Evening
CE01524,QC02,VC00406,2025-04-28 21:12:00,314,32,46,Morning
CE01525,QC02,VC00119,2026-05-05 04:31:00,480,77,48,Night
CE01526,QC02,VC00467,2025-08-14 10:12:00,473,31,38,Night
CE01527,QC02,VC00890,2025-07-18 08:12:00,383,10,63,Night
CE01528,QC07,VC00704,2025-01-13 15:10:00,396,39,39,Evening
CE01529,QC03,VC00818,2025-05-30 10:00:00,464,21,49,Morning
CE01530,QC07,VC00983,2025-10-31 09:52:00,440,72,70,Morning
CE01531,QC03,VC00731,2026-05-13 04:32:00,446,24,76,Morning
CE01532,QC07,VC00785,2025-07-18 16:45:00,435,83,28,Morning
CE01533,QC01,VC00242,2026-05-19 01:19:00,331,37,55,Evening
CE01534,QC03,VC00966,2025-10-07 01:56:00,378,13,33,Night
CE01535,QC06,VC00707,2026-07-31 13:32:00,324,63,72,Night
CE01536,QC06,VC00848,2025-04-18 09:28:00,326,89,79,Night
CE01537,QC05,VC00658,2026-12-08 21:37:00,420,89,66,Evening
CE01538,QC01,VC00437,2025-06-25 21:17:00,424,60,26,Night
CE01539,QC02,VC00298,2025-11-28 07:14:00,363,77,20,Evening
CE01540,QC08,VC00865,2025-03-27 08:39:00,343,68,67,Night
CE01541,QC03,VC00589,2026-06-05 17:28:00,397,61,79,Morning
CE01542,QC05,VC00812,2025-02-20 04:44:00,311,58,69,Evening
CE01543,QC07,VC00981,2025-06-09 16:07:00,396,67,73,Night
CE01544,QC08,VC00994,2026-02-14 23:31:00,342,22,55,Night
CE01545,QC04,VC00736,2026-11-01 01:59:00,387,22,69,Morning
CE01546,QC06,VC00239,2026-09-16 23:46:00,450,85,27,Morning
CE01547,QC01,VC00549,2025-05-11 04:11:00,402,59,56,Evening
CE01548,QC04,VC00205,2025-02-14 06:48:00,378,2,63,Morning
CE01549,QC03,VC00728,2026-04-20 19:15:00,400,55,53,Morning
CE01550,QC01,VC00892,2026-04-03 10:48:00,370,3,69,Evening
CE01551,QC03,VC00640,2025-01-02 19:10:00,464,75,77,Night
CE01552,QC03,VC00451,2025-01-28 09:59:00,410,13,47,Evening
CE01553,QC06,VC00600,2025-10-28 05:39:00,457,0,35,Night
CE01554,QC03,VC00385,2026-02-17 04:51:00,476,70,66,Night
CE01555,QC07,VC00105,2025-06-18 21:22:00,429,26,35,Morning
CE01556,QC05,VC00082,2025-11-16 01:00:00,422,51,23,Night
CE01557,QC07,VC00338,2026-11-02 11:34:00,380,51,33,Night
CE01558,QC03,VC00987,2025-04-30 16:20:00,352,48,48,Night
CE01559,QC08,VC00740,2025-02-25 13:06:00,444,70,27,Evening
CE01560,QC01,VC00478,2026-10-11 09:30:00,325,90,57,Morning
CE01561,QC07,VC00779,2026-06-13 14:45:00,364,35,80,Morning
CE01562,QC04,VC00375,2026-12-04 09:18:00,431,29,22,Evening
CE01563,QC07,VC00059,2025-08-03 12:32:00,372,1,68,Evening
CE01564,QC04,VC00727,2026-10-25 18:14:00,410,79,44,Night
CE01565,QC06,VC00181,2025-07-19 10:40:00,347,9,65,Morning
CE01566,QC05,VC00843,2026-01-06 02:42:00,423,75,53,Night
CE01567,QC07,VC00724,2025-03-23 17:32:00,427,43,79,Night
CE01568,QC07,VC00814,2025-08-31 09:23:00,428,3,79,Evening
CE01569,QC04,VC00938,2026-07-27 05:11:00,438,7,68,Evening
CE01570,QC02,VC00243,2025-02-06 13:32:00,322,35,48,Night
CE01571,QC05,VC00774,2026-11-26 08:20:00,382,76,57,Evening
CE01572,QC06,VC00028,2025-07-05 10:26:00,312,56,46,Evening
CE01573,QC05,VC00369,2025-06-04 14:28:00,379,65,42,Morning
CE01574,QC05,VC00728,2026-04-20 19:15:00,304,33,78,Evening
CE01575,QC01,VC00482,2025-12-19 05:13:00,324,90,34,Morning
CE01576,QC08,VC00957,2025-03-17 00:53:00,458,7,74,Evening
CE01577,QC05,VC00236,2025-06-12 06:35:00,382,56,56,Morning
CE01578,QC07,VC00262,2026-09-13 12:58:00,410,60,21,Evening
CE01579,QC01,VC00128,2026-09-12 07:54:00,361,41,61,Night
CE01580,QC04,VC00463,2026-05-28 12:21:00,354,44,79,Night
CE01581,QC05,VC00181,2025-07-19 10:40:00,357,4,52,Night
CE01582,QC04,VC00372,2025-11-20 14:17:00,406,36,76,Morning
CE01583,QC05,VC00152,2025-04-15 10:51:00,457,19,55,Night
CE01584,QC04,VC00976,2026-04-15 12:45:00,384,40,54,Morning
CE01585,QC07,VC00310,2026-01-11 04:56:00,352,51,74,Morning
CE01586,QC08,VC00792,2025-10-31 22:13:00,328,31,49,Morning
CE01587,QC03,VC00923,2025-07-07 15:14:00,409,1,61,Morning
CE01588,QC02,VC00603,2026-04-15 13:18:00,457,63,79,Morning
CE01589,QC08,VC00907,2025-02-21 18:49:00,479,19,24,Morning
CE01590,QC04,VC00725,2025-11-14 19:12:00,330,74,20,Evening
CE01591,QC04,VC00560,2026-05-26 12:24:00,420,77,57,Evening
CE01592,QC07,VC00415,2026-07-27 15:24:00,319,59,76,Morning
CE01593,QC02,VC00037,2025-04-05 07:49:00,380,7,21,Morning
CE01594,QC05,VC00630,2026-10-17 02:17:00,338,87,63,Morning
CE01595,QC02,VC00252,2026-06-03 12:52:00,414,57,36,Night
CE01596,QC04,VC00509,2026-07-07 12:48:00,418,19,43,Morning
CE01597,QC05,VC00067,2025-02-24 23:59:00,358,90,66,Night
CE01598,QC06,VC00134,2026-05-17 21:28:00,414,23,70,Night
CE01599,QC01,VC00917,2025-10-17 04:57:00,353,4,53,Morning
CE01600,QC06,VC00277,2025-10-25 13:07:00,359,64,80,Morning
CE01601,QC01,VC00516,2026-07-19 00:57:00,332,27,53,Evening
CE01602,QC02,VC00450,2025-08-28 20:41:00,405,0,73,Morning
CE01603,QC04,VC00134,2026-05-17 21:28:00,326,43,56,Evening
CE01604,QC04,VC00928,2025-06-23 08:15:00,312,75,68,Morning
CE01605,QC05,VC00386,2025-12-08 21:12:00,444,52,72,Night
CE01606,QC04,VC00862,2026-02-03 02:49:00,389,62,58,Morning
CE01607,QC03,VC00072,2026-09-23 22:01:00,459,21,35,Evening
CE01608,QC06,VC00707,2026-07-31 13:32:00,340,72,32,Morning
CE01609,QC03,VC00742,2025-12-06 17:01:00,392,53,48,Morning
CE01610,QC08,VC00616,2026-05-15 14:50:00,340,8,56,Evening
CE01611,QC01,VC00240,2025-08-10 23:51:00,366,76,41,Evening
CE01612,QC01,VC00398,2025-03-16 14:32:00,367,14,21,Night
CE01613,QC05,VC00019,2026-10-24 17:32:00,368,17,36,Evening
CE01614,QC03,VC00607,2025-05-17 16:55:00,334,25,45,Night
CE01615,QC06,VC00489,2025-01-28 17:22:00,455,36,52,Morning
CE01616,QC08,VC00386,2025-12-08 21:12:00,327,16,33,Night
CE01617,QC01,VC00096,2026-05-06 05:01:00,399,7,37,Morning
CE01618,QC07,VC00798,2025-08-16 11:06:00,453,52,55,Evening
CE01619,QC01,VC00754,2025-02-21 03:45:00,311,19,66,Evening
CE01620,QC01,VC00728,2026-04-20 19:15:00,401,53,32,Evening
CE01621,QC04,VC00530,2026-07-24 04:17:00,401,13,44,Night
CE01622,QC08,VC00538,2025-11-12 18:23:00,416,39,52,Evening
CE01623,QC03,VC00269,2026-09-28 13:07:00,336,68,45,Evening
CE01624,QC08,VC00950,2026-06-23 13:35:00,445,7,74,Night
CE01625,QC06,VC00298,2025-11-28 07:14:00,409,16,58,Morning
CE01626,QC04,VC00239,2026-09-16 23:46:00,405,58,57,Night
CE01627,QC07,VC00481,2026-08-02 02:10:00,377,23,46,Evening
CE01628,QC03,VC00740,2025-02-25 13:06:00,371,52,63,Night
CE01629,QC04,VC00237,2026-05-15 05:43:00,377,9,73,Evening
CE01630,QC07,VC00586,2026-07-05 20:17:00,360,39,60,Evening
CE01631,QC05,VC00322,2026-06-26 18:17:00,419,30,38,Evening
CE01632,QC05,VC00571,2026-10-19 00:03:00,305,14,66,Evening
CE01633,QC03,VC00710,2025-09-14 12:14:00,337,74,49,Evening
CE01634,QC05,VC00958,2026-05-15 07:28:00,335,39,22,Night
CE01635,QC08,VC00829,2026-04-28 19:03:00,312,88,75,Evening
CE01636,QC01,VC00245,2025-02-13 03:26:00,341,23,29,Morning
CE01637,QC02,VC00261,2025-02-21 03:34:00,348,29,68,Morning
CE01638,QC06,VC00274,2026-08-27 07:29:00,468,75,22,Evening
CE01639,QC07,VC00405,2026-02-28 15:13:00,378,25,78,Morning
CE01640,QC01,VC00429,2026-03-05 21:58:00,472,88,72,Morning
CE01641,QC04,VC00958,2026-05-15 07:28:00,327,67,54,Night
CE01642,QC07,VC00539,2025-08-27 12:50:00,407,53,50,Morning
CE01643,QC03,VC00103,2025-06-07 09:29:00,449,20,38,Evening
CE01644,QC04,VC00878,2026-10-03 07:22:00,450,71,32,Night
CE01645,QC05,VC00327,2026-01-04 08:22:00,465,77,27,Morning
CE01646,QC08,VC00517,2026-04-13 23:59:00,337,13,74,Morning
CE01647,QC04,VC00134,2026-05-17 21:28:00,450,70,72,Evening
CE01648,QC02,VC00432,2025-12-06 00:32:00,381,34,70,Night
CE01649,QC08,VC00458,2025-10-29 15:23:00,312,89,71,Night
CE01650,QC06,VC00176,2026-10-19 06:40:00,304,13,27,Night
CE01651,QC02,VC00621,2025-02-28 12:15:00,475,23,76,Morning
CE01652,QC07,VC00488,2026-03-29 16:31:00,405,49,47,Morning
CE01653,QC07,VC00845,2025-03-11 07:36:00,327,13,56,Morning
CE01654,QC05,VC00565,2026-10-22 12:50:00,345,56,75,Evening
CE01655,QC07,VC00609,2026-05-13 18:11:00,467,72,64,Night
CE01656,QC01,VC00643,2026-07-13 00:41:00,433,69,76,Night
CE01657,QC01,VC00868,2025-10-16 10:58:00,355,21,78,Evening
CE01658,QC01,VC00658,2026-12-08 21:37:00,463,44,49,Evening
CE01659,QC03,VC00392,2025-07-15 02:05:00,314,43,50,Night
CE01660,QC08,VC00853,2025-08-22 06:54:00,460,66,71,Morning
CE01661,QC04,VC00656,2026-05-07 05:32:00,314,42,21,Night
CE01662,QC04,VC00163,2026-04-07 23:56:00,342,41,73,Night
CE01663,QC04,VC00615,2025-02-20 03:43:00,378,46,62,Night
CE01664,QC07,VC00442,2026-01-18 02:46:00,343,40,22,Morning
CE01665,QC01,VC00558,2026-03-30 10:32:00,467,87,55,Evening
CE01666,QC02,VC00996,2026-05-10 02:36:00,321,81,44,Evening
CE01667,QC04,VC00935,2026-08-17 13:38:00,348,19,65,Morning
CE01668,QC04,VC00031,2025-04-04 16:50:00,333,65,61,Night
CE01669,QC05,VC00162,2025-08-05 20:36:00,448,32,32,Night
CE01670,QC07,VC00426,2026-08-17 22:36:00,476,26,76,Night
CE01671,QC06,VC00564,2026-11-20 10:38:00,449,39,28,Night
CE01672,QC05,VC00518,2025-09-04 06:11:00,328,80,54,Morning
CE01673,QC02,VC00936,2025-03-13 16:00:00,369,27,53,Evening
CE01674,QC08,VC00941,2025-07-17 23:20:00,370,0,57,Night
CE01675,QC07,VC00820,2026-11-11 17:42:00,311,12,80,Night
CE01676,QC07,VC00545,2026-07-23 04:37:00,405,25,71,Morning
CE01677,QC04,VC00726,2025-01-30 06:43:00,401,36,49,Evening
CE01678,QC07,VC00588,2025-06-06 18:27:00,345,15,67,Night
CE01679,QC03,VC00543,2026-07-01 15:23:00,443,82,70,Evening
CE01680,QC02,VC00842,2026-12-03 21:22:00,451,76,78,Evening
CE01681,QC01,VC00708,2026-01-03 04:01:00,466,78,27,Morning
CE01682,QC07,VC00222,2026-07-23 18:45:00,327,42,46,Morning
CE01683,QC04,VC00881,2025-03-12 13:59:00,370,26,69,Morning
CE01684,QC06,VC00358,2025-12-25 08:40:00,431,69,23,Morning
CE01685,QC03,VC00043,2026-04-10 18:53:00,357,19,78,Evening
CE01686,QC01,VC00261,2025-02-21 03:34:00,406,43,31,Morning
CE01687,QC01,VC00961,2026-01-01 04:47:00,317,65,61,Night
CE01688,QC03,VC00497,2025-11-27 10:40:00,472,67,27,Morning
CE01689,QC02,VC00836,2026-12-06 18:37:00,392,54,51,Evening
CE01690,QC07,VC00462,2026-07-28 00:55:00,428,28,75,Morning
CE01691,QC03,VC00878,2026-10-03 07:22:00,383,63,58,Night
CE01692,QC08,VC00639,2025-06-10 11:17:00,338,60,73,Morning
CE01693,QC07,VC00374,2026-01-19 19:56:00,347,29,63,Night
CE01694,QC03,VC00275,2026-09-01 05:58:00,327,75,80,Night
CE01695,QC06,VC00403,2025-04-23 13:48:00,358,64,22,Night
CE01696,QC03,VC00540,2026-08-05 16:29:00,301,33,34,Morning
CE01697,QC03,VC00808,2026-11-11 14:45:00,378,63,44,Night
CE01698,QC08,VC00872,2025-09-03 15:22:00,377,15,32,Night
CE01699,QC07,VC00224,2025-04-10 16:00:00,379,29,58,Evening
CE01700,QC08,VC00712,2025-11-14 21:16:00,325,60,21,Morning
CE01701,QC04,VC00263,2026-01-08 14:08:00,318,10,57,Evening
CE01702,QC01,VC00619,2025-09-02 15:44:00,369,8,43,Night
CE01703,QC01,VC00397,2025-10-08 16:55:00,361,89,68,Night
CE01704,QC02,VC00248,2026-05-30 14:10:00,346,84,40,Morning
CE01705,QC02,VC00329,2025-05-08 04:16:00,400,39,23,Evening
CE01706,QC07,VC00392,2025-07-15 02:05:00,331,66,62,Night
CE01707,QC04,VC00403,2025-04-23 13:48:00,371,81,76,Night
CE01708,QC02,VC00633,2026-07-08 13:39:00,441,36,43,Morning
CE01709,QC06,VC00527,2025-01-27 04:26:00,335,31,44,Night
CE01710,QC01,VC00664,2025-02-07 12:36:00,390,62,35,Evening
CE01711,QC02,VC00771,2025-03-24 03:55:00,316,64,61,Morning
CE01712,QC02,VC00369,2025-06-04 14:28:00,304,38,69,Evening
CE01713,QC07,VC00655,2026-11-29 05:54:00,460,31,62,Evening
CE01714,QC05,VC00724,2025-03-23 17:32:00,343,84,46,Morning
CE01715,QC08,VC00428,2025-07-05 21:25:00,469,60,70,Night
CE01716,QC06,VC00568,2025-07-02 03:40:00,334,34,44,Evening
CE01717,QC05,VC00014,2025-09-23 14:46:00,477,52,51,Night
CE01718,QC05,VC00480,2025-08-25 01:55:00,461,4,55,Evening
CE01719,QC07,VC00532,2026-01-04 15:40:00,380,81,52,Night
CE01720,QC07,VC00550,2026-06-10 12:46:00,369,60,76,Evening
CE01721,QC01,VC00611,2026-10-18 11:26:00,310,83,30,Evening
CE01722,QC06,VC00870,2025-04-08 22:38:00,452,89,47,Night
CE01723,QC05,VC00490,2026-11-03 06:20:00,450,6,25,Morning
CE01724,QC01,VC00156,2026-02-18 12:50:00,466,47,43,Night
CE01725,QC03,VC00735,2025-05-27 07:38:00,465,30,60,Night
CE01726,QC06,VC00320,2026-03-30 01:46:00,326,55,33,Night
CE01727,QC06,VC00972,2026-04-28 05:55:00,334,51,65,Morning
CE01728,QC04,VC00280,2026-05-28 22:11:00,422,87,71,Morning
CE01729,QC06,VC00684,2025-12-14 08:33:00,409,87,45,Morning
CE01730,QC06,VC00958,2026-05-15 07:28:00,306,4,53,Morning
CE01731,QC02,VC00720,2025-03-13 04:21:00,388,37,71,Morning
CE01732,QC06,VC00393,2026-08-25 00:29:00,350,76,65,Morning
CE01733,QC07,VC00036,2025-06-15 06:51:00,382,81,73,Evening
CE01734,QC06,VC00168,2025-09-04 04:19:00,456,7,40,Evening
CE01735,QC08,VC00612,2025-05-29 15:59:00,323,81,64,Evening
CE01736,QC06,VC00713,2026-07-28 21:09:00,303,82,39,Morning
CE01737,QC05,VC00280,2026-05-28 22:11:00,445,22,53,Evening
CE01738,QC07,VC00338,2026-11-02 11:34:00,322,0,37,Evening
CE01739,QC05,VC00170,2025-02-21 15:22:00,327,48,35,Night
CE01740,QC06,VC00585,2025-09-09 05:56:00,333,77,38,Morning
CE01741,QC06,VC00842,2026-12-03 21:22:00,386,34,37,Night
CE01742,QC08,VC00948,2026-03-24 00:12:00,346,6,59,Night
CE01743,QC02,VC00087,2025-02-19 01:05:00,460,3,77,Night
CE01744,QC03,VC00983,2025-10-31 09:52:00,360,74,50,Night
CE01745,QC06,VC00641,2026-08-09 18:27:00,345,48,61,Evening
CE01746,QC03,VC00296,2025-04-10 10:06:00,358,1,45,Evening
CE01747,QC05,VC00429,2026-03-05 21:58:00,353,34,24,Night
CE01748,QC02,VC00342,2025-07-30 14:06:00,317,12,56,Evening
CE01749,QC04,VC00759,2026-01-31 18:51:00,438,60,47,Night
CE01750,QC02,VC00497,2025-11-27 10:40:00,352,37,33,Evening
CE01751,QC04,VC00739,2026-07-23 00:38:00,455,48,62,Evening
CE01752,QC07,VC00101,2026-07-22 08:59:00,349,47,70,Night
CE01753,QC01,VC00679,2026-01-17 22:20:00,404,55,49,Night
CE01754,QC04,VC00187,2025-09-13 18:13:00,319,60,26,Morning
CE01755,QC06,VC00021,2025-11-12 20:46:00,378,34,69,Morning
CE01756,QC02,VC00996,2026-05-10 02:36:00,480,78,59,Evening
CE01757,QC06,VC00837,2025-06-08 03:32:00,386,47,70,Morning
CE01758,QC05,VC00471,2026-02-07 07:35:00,397,37,67,Evening
CE01759,QC08,VC00376,2025-06-23 06:37:00,352,22,34,Night
CE01760,QC03,VC00634,2026-09-06 11:31:00,415,19,66,Morning
CE01761,QC04,VC00567,2026-07-26 16:37:00,449,47,55,Night
CE01762,QC06,VC00843,2026-01-06 02:42:00,338,15,52,Morning
CE01763,QC07,VC00917,2025-10-17 04:57:00,361,86,51,Evening
CE01764,QC06,VC00617,2026-11-16 08:51:00,412,24,59,Night
CE01765,QC02,VC00104,2026-05-15 10:16:00,319,28,32,Night
CE01766,QC05,VC00423,2025-10-08 05:31:00,438,22,29,Evening
CE01767,QC05,VC00626,2025-01-10 04:46:00,436,33,33,Morning
CE01768,QC02,VC00379,2026-01-15 23:38:00,339,41,46,Morning
CE01769,QC01,VC00006,2025-04-06 15:19:00,472,81,23,Morning
CE01770,QC08,VC00488,2026-03-29 16:31:00,344,7,68,Morning
CE01771,QC07,VC00709,2026-01-31 10:26:00,439,49,70,Evening
CE01772,QC08,VC00724,2025-03-23 17:32:00,338,22,72,Evening
CE01773,QC07,VC00459,2026-04-19 15:13:00,380,69,40,Morning
CE01774,QC02,VC00767,2025-11-28 21:45:00,441,5,53,Morning
CE01775,QC03,VC00039,2025-08-29 15:57:00,370,82,55,Night
CE01776,QC07,VC00281,2025-06-12 01:01:00,443,17,75,Evening
CE01777,QC04,VC00640,2025-01-02 19:10:00,374,73,38,Night
CE01778,QC07,VC00086,2025-04-20 18:18:00,423,52,24,Night
CE01779,QC04,VC00076,2025-07-30 09:45:00,303,15,46,Morning
CE01780,QC07,VC00234,2026-05-15 15:53:00,418,70,65,Evening
CE01781,QC06,VC00846,2025-03-15 11:14:00,340,61,64,Evening
CE01782,QC05,VC00316,2026-03-29 08:18:00,477,21,79,Evening
CE01783,QC01,VC00852,2025-02-11 08:03:00,406,24,76,Evening
CE01784,QC04,VC00606,2025-09-27 16:39:00,411,15,31,Evening
CE01785,QC07,VC00215,2026-07-15 23:59:00,458,58,77,Evening
CE01786,QC07,VC00509,2026-07-07 12:48:00,462,82,44,Night
CE01787,QC03,VC00997,2025-06-13 09:41:00,428,20,75,Night
CE01788,QC05,VC00257,2025-05-18 07:40:00,447,30,38,Evening
CE01789,QC07,VC00168,2025-09-04 04:19:00,474,62,22,Morning
CE01790,QC06,VC00109,2025-05-13 18:30:00,398,35,23,Evening
CE01791,QC05,VC00683,2025-12-09 15:54:00,315,76,44,Evening
CE01792,QC01,VC00682,2026-11-14 03:38:00,323,82,25,Night
CE01793,QC03,VC00005,2026-08-19 08:30:00,435,1,53,Morning
CE01794,QC01,VC00366,2026-07-22 15:17:00,331,67,20,Morning
CE01795,QC05,VC00276,2026-09-24 10:07:00,415,82,76,Morning
CE01796,QC04,VC00655,2026-11-29 05:54:00,338,65,39,Evening
CE01797,QC04,VC00440,2025-09-13 14:50:00,368,27,58,Night
CE01798,QC07,VC00756,2026-06-07 05:57:00,310,32,46,Evening
CE01799,QC08,VC00994,2026-02-14 23:31:00,380,1,69,Night
CE01800,QC08,VC00473,2026-10-06 03:40:00,447,77,31,Morning
CE01801,QC08,VC00782,2026-09-06 07:37:00,408,44,56,Night
CE01802,QC04,VC00049,2025-06-13 07:04:00,328,54,24,Night
CE01803,QC02,VC00464,2025-04-11 15:47:00,403,9,41,Night
CE01804,QC06,VC00850,2025-11-02 14:43:00,463,12,62,Night
CE01805,QC06,VC00856,2025-08-06 06:36:00,444,71,53,Night
CE01806,QC08,VC00360,2026-02-11 03:13:00,348,87,62,Night
CE01807,QC05,VC00097,2026-01-10 18:34:00,387,18,56,Night
CE01808,QC06,VC00976,2026-04-15 12:45:00,384,0,43,Evening
CE01809,QC03,VC00787,2025-09-10 05:43:00,431,70,42,Night
CE01810,QC01,VC00147,2025-02-27 22:13:00,431,35,42,Evening
CE01811,QC08,VC00612,2025-05-29 15:59:00,427,67,41,Night
CE01812,QC01,VC00620,2025-10-26 22:39:00,320,88,60,Night
CE01813,QC04,VC00049,2025-06-13 07:04:00,478,69,45,Evening
CE01814,QC07,VC00407,2025-06-13 01:36:00,375,46,57,Night
CE01815,QC02,VC00777,2025-08-03 08:39:00,325,67,47,Evening
CE01816,QC07,VC00426,2026-08-17 22:36:00,325,22,55,Evening
CE01817,QC04,VC00361,2026-02-21 23:29:00,305,47,80,Night
CE01818,QC08,VC00217,2025-09-06 11:36:00,319,53,38,Morning
CE01819,QC01,VC00793,2026-11-01 01:16:00,449,6,69,Morning
CE01820,QC08,VC00924,2026-04-04 02:02:00,309,13,76,Night
CE01821,QC02,VC00968,2026-02-03 02:06:00,383,2,39,Night
CE01822,QC02,VC00093,2025-01-13 23:28:00,333,42,37,Morning
CE01823,QC06,VC00286,2025-12-01 03:52:00,431,18,31,Morning
CE01824,QC04,VC00403,2025-04-23 13:48:00,375,52,23,Morning
CE01825,QC04,VC00054,2025-12-11 21:34:00,416,89,22,Night
CE01826,QC02,VC00951,2025-11-25 10:12:00,382,41,40,Morning
CE01827,QC06,VC00017,2026-03-10 09:16:00,338,56,44,Morning
CE01828,QC08,VC00728,2026-04-20 19:15:00,460,24,77,Evening
CE01829,QC03,VC00242,2026-05-19 01:19:00,357,3,32,Night
CE01830,QC07,VC00946,2025-11-10 15:14:00,373,74,36,Evening
CE01831,QC03,VC00735,2025-05-27 07:38:00,356,0,57,Night
CE01832,QC05,VC00515,2026-10-07 19:09:00,452,49,20,Night
CE01833,QC02,VC00277,2025-10-25 13:07:00,369,88,66,Night
CE01834,QC07,VC00202,2026-01-10 20:59:00,426,28,67,Evening
CE01835,QC06,VC00337,2025-10-02 09:35:00,304,10,68,Night
CE01836,QC07,VC00495,2025-02-15 07:23:00,454,47,35,Evening
CE01837,QC01,VC00747,2025-12-14 00:34:00,394,85,21,Evening
CE01838,QC01,VC00499,2025-02-07 14:47:00,427,44,61,Night
CE01839,QC01,VC00132,2025-03-12 07:57:00,411,45,63,Evening
CE01840,QC02,VC00785,2025-07-18 16:45:00,367,28,31,Morning
CE01841,QC01,VC00863,2026-03-09 09:03:00,360,3,33,Evening
CE01842,QC02,VC00924,2026-04-04 02:02:00,376,40,53,Morning
CE01843,QC03,VC00259,2025-05-03 05:28:00,453,19,70,Night
CE01844,QC03,VC00926,2026-05-29 14:50:00,428,64,62,Morning
CE01845,QC03,VC00466,2025-05-08 05:23:00,376,57,62,Night
CE01846,QC08,VC00149,2025-08-23 19:25:00,320,5,78,Morning
CE01847,QC02,VC00816,2025-03-30 17:59:00,353,77,73,Morning
CE01848,QC03,VC00690,2026-04-15 05:26:00,378,89,73,Morning
CE01849,QC06,VC00596,2026-06-14 23:20:00,383,49,38,Morning
CE01850,QC02,VC00428,2025-07-05 21:25:00,441,34,73,Evening
CE01851,QC06,VC00855,2026-09-22 12:55:00,399,66,40,Evening
CE01852,QC06,VC00957,2025-03-17 00:53:00,456,66,21,Evening
CE01853,QC08,VC00855,2026-09-22 12:55:00,312,69,60,Evening
CE01854,QC02,VC00461,2025-12-17 11:25:00,354,73,78,Evening
CE01855,QC01,VC00054,2025-12-11 21:34:00,393,6,71,Night
CE01856,QC08,VC00584,2026-05-04 22:07:00,327,9,27,Night
CE01857,QC07,VC00849,2026-09-15 03:08:00,370,10,21,Evening
CE01858,QC05,VC00375,2026-12-04 09:18:00,469,41,76,Night
CE01859,QC01,VC00293,2025-03-20 20:01:00,461,74,68,Night
CE01860,QC07,VC00351,2025-05-14 10:14:00,357,25,39,Morning
CE01861,QC03,VC00562,2026-06-21 12:20:00,450,34,50,Evening
CE01862,QC04,VC00287,2025-03-19 02:41:00,311,67,50,Evening
CE01863,QC07,VC00653,2026-01-27 03:59:00,417,56,70,Evening
CE01864,QC01,VC00522,2025-09-30 09:41:00,415,50,48,Evening
CE01865,QC07,VC00987,2025-04-30 16:20:00,350,49,58,Evening
CE01866,QC01,VC00039,2025-08-29 15:57:00,465,18,67,Morning
CE01867,QC05,VC00043,2026-04-10 18:53:00,391,77,70,Night
CE01868,QC02,VC00269,2026-09-28 13:07:00,330,7,64,Morning
CE01869,QC06,VC00534,2025-12-26 05:57:00,443,48,66,Night
CE01870,QC02,VC00361,2026-02-21 23:29:00,385,3,73,Morning
CE01871,QC06,VC00794,2025-02-27 05:44:00,358,42,35,Evening
CE01872,QC03,VC00981,2025-06-09 16:07:00,455,44,20,Morning
CE01873,QC07,VC00516,2026-07-19 00:57:00,329,14,64,Morning
CE01874,QC07,VC00714,2025-02-13 10:19:00,430,0,65,Evening
CE01875,QC01,VC00225,2025-10-06 16:24:00,329,68,25,Evening
CE01876,QC07,VC00636,2026-09-12 04:05:00,417,51,47,Morning
CE01877,QC06,VC00855,2026-09-22 12:55:00,442,88,80,Evening
CE01878,QC03,VC00344,2026-05-06 22:13:00,341,87,25,Morning
CE01879,QC03,VC00076,2025-07-30 09:45:00,334,12,66,Morning
CE01880,QC07,VC00194,2026-02-28 12:53:00,315,6,69,Night
CE01881,QC04,VC00291,2026-07-23 13:59:00,343,43,36,Evening
CE01882,QC08,VC00564,2026-11-20 10:38:00,427,85,78,Morning
CE01883,QC05,VC00792,2025-10-31 22:13:00,411,54,56,Morning
CE01884,QC02,VC00284,2025-06-04 01:46:00,359,41,72,Evening
CE01885,QC01,VC00962,2026-05-25 03:26:00,448,63,73,Night
CE01886,QC08,VC00508,2025-07-11 01:43:00,327,10,34,Evening
CE01887,QC01,VC00166,2026-02-27 19:42:00,477,13,47,Night
CE01888,QC03,VC00541,2025-08-21 22:18:00,430,67,80,Evening
CE01889,QC06,VC00988,2026-01-30 02:53:00,478,62,51,Night
CE01890,QC01,VC00765,2026-04-23 15:16:00,408,56,52,Morning
CE01891,QC04,VC00973,2025-09-06 21:59:00,341,59,71,Morning
CE01892,QC04,VC00302,2025-07-19 05:38:00,431,52,67,Night
CE01893,QC03,VC00032,2025-07-28 03:32:00,338,21,25,Night
CE01894,QC04,VC00840,2025-09-20 23:56:00,303,63,27,Evening
CE01895,QC06,VC00609,2026-05-13 18:11:00,413,12,76,Morning
CE01896,QC01,VC00252,2026-06-03 12:52:00,446,7,68,Morning
CE01897,QC06,VC00323,2025-11-08 14:32:00,441,18,60,Morning
CE01898,QC02,VC00933,2025-09-22 12:27:00,463,32,52,Morning
CE01899,QC02,VC00102,2026-01-08 03:54:00,416,9,51,Evening
CE01900,QC01,VC00221,2025-02-26 05:44:00,332,35,79,Night
CE01901,QC08,VC00856,2025-08-06 06:36:00,403,25,70,Night
CE01902,QC03,VC00515,2026-10-07 19:09:00,385,80,38,Morning
CE01903,QC06,VC00819,2025-12-21 16:59:00,425,19,21,Morning
CE01904,QC03,VC00855,2026-09-22 12:55:00,345,50,28,Evening
CE01905,QC05,VC00893,2026-09-22 15:33:00,336,72,73,Night
CE01906,QC08,VC00385,2026-02-17 04:51:00,300,68,49,Evening
CE01907,QC08,VC00760,2025-03-09 10:54:00,333,31,55,Night
CE01908,QC01,VC00908,2026-12-05 20:41:00,390,11,23,Night
CE01909,QC07,VC00979,2026-10-10 03:58:00,368,27,61,Evening
CE01910,QC05,VC00573,2025-10-01 00:46:00,377,58,71,Evening
CE01911,QC04,VC00551,2026-11-22 10:30:00,352,74,54,Morning
CE01912,QC08,VC00324,2025-04-28 03:01:00,330,31,72,Night
CE01913,QC02,VC00202,2026-01-10 20:59:00,310,10,69,Night
CE01914,QC08,VC00210,2025-08-24 21:17:00,387,45,53,Evening
CE01915,QC04,VC00806,2026-02-27 18:18:00,399,5,42,Evening
CE01916,QC06,VC00092,2026-11-11 12:43:00,429,23,54,Evening
CE01917,QC05,VC00796,2026-12-10 07:52:00,332,86,69,Night
CE01918,QC07,VC00686,2026-07-17 05:32:00,404,31,80,Evening
CE01919,QC04,VC00865,2025-03-27 08:39:00,420,78,77,Morning
CE01920,QC07,VC00239,2026-09-16 23:46:00,434,9,37,Morning
CE01921,QC04,VC00829,2026-04-28 19:03:00,383,80,75,Morning
CE01922,QC07,VC00102,2026-01-08 03:54:00,317,74,33,Evening
CE01923,QC05,VC00219,2026-01-23 20:10:00,334,66,71,Night
CE01924,QC04,VC00629,2026-07-21 05:19:00,313,0,68,Evening
CE01925,QC03,VC00567,2026-07-26 16:37:00,331,61,56,Night
CE01926,QC07,VC00923,2025-07-07 15:14:00,355,63,47,Evening
CE01927,QC03,VC00065,2026-11-15 11:42:00,301,89,61,Night
CE01928,QC04,VC00692,2026-09-07 23:01:00,463,7,28,Evening
CE01929,QC05,VC00910,2026-05-06 04:20:00,362,47,24,Evening
CE01930,QC08,VC00348,2025-07-25 22:26:00,388,74,44,Night
CE01931,QC02,VC00299,2026-01-22 14:44:00,414,28,61,Evening
CE01932,QC01,VC00079,2026-11-25 07:46:00,393,46,70,Night
CE01933,QC06,VC00982,2025-05-07 09:17:00,362,43,36,Evening
CE01934,QC05,VC00532,2026-01-04 15:40:00,326,23,31,Night
CE01935,QC01,VC00899,2025-12-13 00:00:00,404,0,36,Night
CE01936,QC04,VC00414,2026-10-07 05:36:00,384,18,22,Night
CE01937,QC02,VC00743,2026-09-19 11:08:00,447,23,68,Evening
CE01938,QC07,VC00278,2025-03-24 07:05:00,349,3,47,Night
CE01939,QC07,VC00754,2025-02-21 03:45:00,329,62,68,Night
CE01940,QC01,VC00550,2026-06-10 12:46:00,408,86,73,Night
CE01941,QC02,VC00772,2025-01-12 10:04:00,475,32,46,Evening
CE01942,QC03,VC00148,2026-07-07 08:03:00,435,33,66,Night
CE01943,QC05,VC00017,2026-03-10 09:16:00,324,88,76,Morning
CE01944,QC08,VC00357,2025-05-20 00:05:00,404,62,78,Evening
CE01945,QC05,VC00164,2025-05-10 03:47:00,447,58,58,Morning
CE01946,QC05,VC00701,2026-02-25 11:37:00,378,37,51,Night
CE01947,QC07,VC00289,2025-10-29 23:01:00,311,12,45,Night
CE01948,QC07,VC00854,2026-07-08 22:24:00,411,45,57,Night
CE01949,QC05,VC00061,2025-11-13 03:57:00,316,78,54,Morning
CE01950,QC02,VC00740,2025-02-25 13:06:00,373,68,64,Morning
CE01951,QC08,VC00197,2026-06-13 00:23:00,372,3,47,Night
CE01952,QC06,VC00657,2026-06-30 11:30:00,370,90,53,Night
CE01953,QC08,VC00215,2026-07-15 23:59:00,436,87,24,Night
CE01954,QC07,VC00850,2025-11-02 14:43:00,305,87,20,Night
CE01955,QC08,VC00328,2026-12-01 18:58:00,438,10,48,Morning
CE01956,QC01,VC00298,2025-11-28 07:14:00,327,76,78,Morning
CE01957,QC04,VC00074,2026-10-24 20:32:00,468,65,34,Night
CE01958,QC08,VC00626,2025-01-10 04:46:00,358,4,45,Night
CE01959,QC01,VC00640,2025-01-02 19:10:00,444,36,71,Night
CE01960,QC01,VC00516,2026-07-19 00:57:00,350,5,64,Night
CE01961,QC04,VC00721,2025-08-17 14:51:00,414,90,25,Evening
CE01962,QC05,VC00901,2025-04-12 02:51:00,381,43,27,Morning
CE01963,QC05,VC00352,2026-02-14 23:52:00,454,50,34,Evening
CE01964,QC06,VC00170,2025-02-21 15:22:00,426,10,33,Night
CE01965,QC06,VC00251,2026-10-18 05:28:00,445,18,27,Night
CE01966,QC02,VC00130,2025-04-27 14:17:00,349,20,79,Evening
CE01967,QC01,VC00082,2025-11-16 01:00:00,476,84,53,Night
CE01968,QC07,VC00615,2025-02-20 03:43:00,440,4,62,Night
CE01969,QC01,VC00260,2025-08-29 00:48:00,472,13,56,Night
CE01970,QC06,VC00045,2025-11-25 06:33:00,470,66,42,Morning
CE01971,QC07,VC00471,2026-02-07 07:35:00,333,68,67,Evening
CE01972,QC04,VC00412,2026-05-18 01:50:00,417,12,32,Morning
CE01973,QC06,VC00329,2025-05-08 04:16:00,369,37,35,Morning
CE01974,QC02,VC00233,2025-01-12 04:25:00,344,84,69,Night
CE01975,QC02,VC00327,2026-01-04 08:22:00,361,21,79,Morning
CE01976,QC04,VC00914,2025-02-18 19:08:00,420,35,24,Night
CE01977,QC05,VC00046,2025-05-08 04:00:00,473,23,48,Night
CE01978,QC04,VC00969,2026-07-17 05:25:00,322,87,55,Evening
CE01979,QC05,VC00872,2025-09-03 15:22:00,323,40,54,Night
CE01980,QC04,VC00472,2026-02-03 11:11:00,452,66,20,Morning
CE01981,QC07,VC00464,2025-04-11 15:47:00,400,16,74,Evening
CE01982,QC07,VC00511,2025-09-05 10:00:00,337,60,34,Night
CE01983,QC05,VC00664,2025-02-07 12:36:00,303,2,32,Evening
CE01984,QC05,VC00876,2026-01-17 16:28:00,396,86,33,Night
CE01985,QC05,VC00584,2026-05-04 22:07:00,334,84,32,Night
CE01986,QC05,VC00112,2026-08-31 05:30:00,372,81,33,Morning
CE01987,QC01,VC00964,2025-04-30 05:11:00,349,29,49,Evening
CE01988,QC04,VC00070,2026-01-29 15:55:00,301,69,61,Evening
CE01989,QC07,VC00056,2025-06-11 21:03:00,426,89,59,Night
CE01990,QC06,VC00400,2026-06-13 07:05:00,305,2,74,Evening
CE01991,QC08,VC00366,2026-07-22 15:17:00,378,44,39,Evening
CE01992,QC02,VC00149,2025-08-23 19:25:00,319,35,68,Night
CE01993,QC02,VC00645,2026-05-10 15:24:00,373,21,34,Night
CE01994,QC04,VC00391,2026-03-04 22:38:00,396,2,61,Morning
CE01995,QC02,VC00337,2025-10-02 09:35:00,346,64,24,Night
CE01996,QC05,VC00380,2025-05-08 08:24:00,477,72,70,Morning
CE01997,QC04,VC00576,2025-11-03 09:49:00,479,90,77,Night
CE01998,QC01,VC00156,2026-02-18 12:50:00,444,53,34,Evening
CE01999,QC03,VC00113,2026-05-05 18:01:00,300,76,53,Night
CE02000,QC05,VC00295,2025-05-07 07:07:00,310,57,43,Night
CE02001,QC02,VC00175,2026-07-26 15:52:00,397,78,57,Night
CE02002,QC03,VC00881,2025-03-12 13:59:00,442,11,48,Morning
CE02003,QC02,VC00393,2026-08-25 00:29:00,456,75,37,Evening
CE02004,QC04,VC00134,2026-05-17 21:28:00,470,85,68,Morning
CE02005,QC08,VC00073,2026-08-27 12:56:00,442,28,23,Night
CE02006,QC07,VC00846,2025-03-15 11:14:00,391,88,70,Morning
CE02007,QC06,VC00457,2025-01-03 13:50:00,404,36,41,Evening
CE02008,QC03,VC00467,2025-08-14 10:12:00,465,12,38,Evening
CE02009,QC02,VC00880,2026-02-20 05:43:00,383,65,59,Night
CE02010,QC04,VC00567,2026-07-26 16:37:00,300,49,27,Night
CE02011,QC06,VC00216,2025-04-12 10:20:00,428,66,52,Evening
CE02012,QC01,VC00295,2025-05-07 07:07:00,377,18,62,Evening
CE02013,QC05,VC00361,2026-02-21 23:29:00,396,6,57,Morning
CE02014,QC04,VC00837,2025-06-08 03:32:00,337,83,67,Morning
CE02015,QC08,VC00990,2025-04-01 09:42:00,345,60,75,Morning
CE02016,QC03,VC00676,2026-06-03 02:21:00,432,70,63,Morning
CE02017,QC03,VC00654,2026-08-23 08:35:00,404,80,27,Evening
CE02018,QC02,VC00114,2025-05-06 05:18:00,341,14,30,Morning
CE02019,QC08,VC00064,2026-08-23 15:33:00,378,74,52,Morning
CE02020,QC02,VC00935,2026-08-17 13:38:00,445,85,55,Night
CE02021,QC04,VC00701,2026-02-25 11:37:00,414,62,41,Evening
CE02022,QC04,VC00347,2025-10-29 22:18:00,476,41,22,Morning
CE02023,QC07,VC00966,2025-10-07 01:56:00,473,57,80,Evening
CE02024,QC02,VC00806,2026-02-27 18:18:00,311,59,44,Night
CE02025,QC01,VC00306,2026-10-29 19:04:00,301,58,70,Night
CE02026,QC08,VC00192,2026-09-27 12:35:00,374,57,50,Evening
CE02027,QC08,VC00753,2026-10-21 20:58:00,380,70,62,Morning
CE02028,QC04,VC00467,2025-08-14 10:12:00,310,47,66,Morning
CE02029,QC06,VC00269,2026-09-28 13:07:00,313,43,50,Morning
CE02030,QC07,VC00050,2026-01-22 10:21:00,329,74,39,Morning
CE02031,QC06,VC00015,2025-05-26 16:07:00,378,12,30,Morning
CE02032,QC04,VC00099,2025-12-09 05:40:00,304,4,71,Morning
CE02033,QC03,VC00357,2025-05-20 00:05:00,307,43,54,Morning
CE02034,QC04,VC00771,2025-03-24 03:55:00,317,12,45,Morning
CE02035,QC01,VC00124,2026-08-29 15:07:00,305,4,73,Evening
CE02036,QC03,VC00171,2025-07-30 15:53:00,422,83,38,Evening
CE02037,QC01,VC00162,2025-08-05 20:36:00,347,74,64,Night
CE02038,QC08,VC00216,2025-04-12 10:20:00,471,11,26,Evening
CE02039,QC01,VC00155,2026-03-18 09:11:00,427,10,20,Morning
CE02040,QC06,VC00998,2025-03-21 22:44:00,461,50,50,Evening
CE02041,QC02,VC00897,2025-03-19 17:21:00,352,48,28,Morning
CE02042,QC08,VC00963,2026-02-04 04:21:00,309,52,79,Evening
CE02043,QC08,VC00925,2026-05-21 02:54:00,474,21,55,Morning
CE02044,QC02,VC00776,2025-02-24 08:36:00,382,77,20,Night
CE02045,QC01,VC00016,2025-12-07 06:32:00,456,9,76,Morning
CE02046,QC03,VC00681,2025-07-19 04:46:00,315,10,47,Evening
CE02047,QC02,VC00238,2025-03-03 20:49:00,329,29,43,Morning
CE02048,QC08,VC00841,2026-01-08 07:46:00,373,85,68,Morning
CE02049,QC05,VC00845,2025-03-11 07:36:00,453,51,71,Evening
CE02050,QC08,VC00641,2026-08-09 18:27:00,442,22,24,Morning
CE02051,QC06,VC00917,2025-10-17 04:57:00,363,21,25,Evening
CE02052,QC03,VC00659,2026-01-24 13:28:00,406,77,20,Morning
CE02053,QC03,VC00170,2025-02-21 15:22:00,332,70,24,Night
CE02054,QC06,VC00914,2025-02-18 19:08:00,459,32,73,Morning
CE02055,QC03,VC00592,2025-01-11 01:03:00,423,41,39,Evening
CE02056,QC04,VC00698,2026-03-21 04:33:00,463,57,46,Night
CE02057,QC08,VC00833,2026-05-26 22:49:00,395,83,39,Morning
CE02058,QC08,VC00512,2025-09-08 01:21:00,447,73,71,Evening
CE02059,QC05,VC00097,2026-01-10 18:34:00,473,9,63,Morning
CE02060,QC02,VC00522,2025-09-30 09:41:00,351,52,51,Night
CE02061,QC07,VC00200,2026-02-23 15:18:00,320,32,54,Night
CE02062,QC07,VC00665,2025-11-11 01:11:00,450,5,71,Night
CE02063,QC02,VC00310,2026-01-11 04:56:00,384,21,75,Morning
CE02064,QC04,VC00107,2026-03-24 22:23:00,345,65,78,Night
CE02065,QC06,VC00389,2025-01-13 16:34:00,403,36,68,Evening
CE02066,QC05,VC00821,2025-01-03 04:30:00,420,51,66,Evening
CE02067,QC07,VC00554,2026-09-04 20:15:00,353,16,46,Evening
CE02068,QC02,VC00865,2025-03-27 08:39:00,464,43,59,Evening
CE02069,QC01,VC00171,2025-07-30 15:53:00,315,52,59,Morning
CE02070,QC08,VC00446,2025-03-22 03:31:00,455,45,48,Morning
CE02071,QC04,VC00024,2026-10-14 05:33:00,459,2,42,Night
CE02072,QC02,VC00471,2026-02-07 07:35:00,405,87,34,Night
CE02073,QC04,VC00685,2025-12-21 19:34:00,389,76,78,Night
CE02074,QC02,VC00585,2025-09-09 05:56:00,345,64,74,Morning
CE02075,QC07,VC00671,2025-01-10 01:51:00,444,62,74,Night
CE02076,QC08,VC00337,2025-10-02 09:35:00,326,0,55,Night
CE02077,QC01,VC00213,2026-11-06 12:43:00,310,58,22,Morning
CE02078,QC03,VC00132,2025-03-12 07:57:00,336,28,42,Night
CE02079,QC04,VC00545,2026-07-23 04:37:00,389,49,28,Morning
CE02080,QC05,VC00916,2026-04-09 05:58:00,339,8,75,Morning
CE02081,QC04,VC00883,2026-01-19 16:50:00,452,66,60,Morning
CE02082,QC07,VC00214,2025-06-27 05:14:00,386,33,74,Night
CE02083,QC01,VC00506,2026-01-14 02:43:00,423,62,52,Evening
CE02084,QC06,VC00297,2026-03-31 17:05:00,477,29,79,Night
CE02085,QC04,VC00509,2026-07-07 12:48:00,384,33,70,Night
CE02086,QC03,VC00802,2025-08-12 22:33:00,354,36,27,Morning
CE02087,QC08,VC00505,2026-02-12 13:25:00,423,26,80,Night
CE02088,QC08,VC00992,2026-06-06 07:58:00,448,45,30,Evening
CE02089,QC07,VC00033,2026-09-28 00:41:00,388,51,20,Night
CE02090,QC02,VC00251,2026-10-18 05:28:00,459,43,54,Morning
CE02091,QC08,VC00578,2025-01-18 18:38:00,353,9,38,Evening
CE02092,QC02,VC00947,2026-09-24 21:52:00,444,15,24,Morning
CE02093,QC02,VC00075,2025-01-19 19:58:00,417,54,28,Evening
CE02094,QC07,VC00784,2025-08-04 21:12:00,451,60,29,Night
CE02095,QC04,VC00094,2026-04-17 22:03:00,351,27,74,Night
CE02096,QC07,VC00327,2026-01-04 08:22:00,356,79,78,Morning
CE02097,QC01,VC00755,2026-08-17 03:03:00,353,69,61,Evening
CE02098,QC08,VC00580,2025-09-13 07:58:00,425,27,57,Evening
CE02099,QC01,VC00615,2025-02-20 03:43:00,396,86,61,Morning
CE02100,QC06,VC00894,2025-09-03 18:10:00,367,16,55,Morning
CE02101,QC06,VC00153,2025-07-21 17:30:00,310,73,78,Evening
CE02102,QC05,VC00869,2026-05-08 01:03:00,479,13,77,Evening
CE02103,QC08,VC00157,2026-02-28 23:26:00,312,7,35,Night
CE02104,QC06,VC00855,2026-09-22 12:55:00,356,21,42,Morning
CE02105,QC08,VC00772,2025-01-12 10:04:00,372,0,54,Evening
CE02106,QC03,VC00892,2026-04-03 10:48:00,410,10,54,Night
CE02107,QC07,VC00644,2025-06-11 01:56:00,359,30,32,Night
CE02108,QC07,VC00666,2026-01-28 06:17:00,397,85,69,Evening
CE02109,QC06,VC00962,2026-05-25 03:26:00,480,82,42,Evening
CE02110,QC02,VC00886,2025-07-18 02:48:00,463,15,62,Night
CE02111,QC06,VC00670,2025-08-02 00:24:00,412,63,54,Evening
CE02112,QC03,VC00789,2025-07-03 05:47:00,383,45,35,Night
CE02113,QC04,VC00350,2026-04-14 13:23:00,406,62,20,Night
CE02114,QC03,VC00711,2025-09-11 21:22:00,480,71,60,Morning
CE02115,QC03,VC00600,2025-10-28 05:39:00,452,81,65,Evening
CE02116,QC06,VC00675,2026-12-09 16:25:00,424,41,61,Night
CE02117,QC07,VC00715,2026-06-20 19:06:00,462,58,42,Evening
CE02118,QC08,VC00323,2025-11-08 14:32:00,306,12,49,Morning
CE02119,QC04,VC00325,2025-07-30 16:44:00,400,89,48,Morning
CE02120,QC02,VC00851,2025-09-08 11:19:00,313,66,21,Night
CE02121,QC05,VC00436,2025-12-20 10:08:00,478,63,79,Night
CE02122,QC08,VC00314,2025-02-13 07:17:00,475,88,80,Night
CE02123,QC04,VC00348,2025-07-25 22:26:00,341,17,34,Evening
CE02124,QC05,VC00356,2026-06-15 21:32:00,408,15,33,Evening
CE02125,QC03,VC00212,2026-05-09 17:50:00,325,22,69,Night
CE02126,QC02,VC00425,2025-04-26 23:18:00,300,34,20,Evening
CE02127,QC03,VC00714,2025-02-13 10:19:00,468,84,45,Night
CE02128,QC04,VC00583,2026-03-17 11:56:00,479,88,50,Evening
CE02129,QC03,VC00193,2025-02-20 14:00:00,389,54,63,Evening
CE02130,QC03,VC00811,2026-01-15 19:16:00,364,89,59,Morning
CE02131,QC03,VC00780,2026-06-21 09:40:00,431,85,80,Evening
CE02132,QC06,VC00112,2026-08-31 05:30:00,473,11,62,Night
CE02133,QC06,VC00825,2025-02-09 19:59:00,313,63,43,Evening
CE02134,QC02,VC00050,2026-01-22 10:21:00,477,16,20,Evening
CE02135,QC08,VC00901,2025-04-12 02:51:00,399,69,77,Evening
CE02136,QC07,VC00407,2025-06-13 01:36:00,378,72,40,Night
CE02137,QC01,VC00432,2025-12-06 00:32:00,478,14,33,Evening
CE02138,QC08,VC00888,2025-06-08 08:56:00,402,74,78,Evening
CE02139,QC05,VC00660,2026-09-14 00:56:00,309,37,57,Night
CE02140,QC04,VC00309,2026-10-22 21:39:00,341,71,59,Night
CE02141,QC03,VC00023,2026-07-28 18:49:00,408,20,38,Evening
CE02142,QC01,VC00221,2025-02-26 05:44:00,316,83,60,Morning
CE02143,QC04,VC00985,2025-03-18 15:34:00,379,7,21,Night
CE02144,QC02,VC00542,2025-05-08 00:40:00,383,7,78,Morning
CE02145,QC03,VC00066,2025-12-08 20:43:00,403,53,30,Morning
CE02146,QC02,VC00589,2026-06-05 17:28:00,371,86,37,Morning
CE02147,QC05,VC00859,2025-05-14 11:17:00,473,65,29,Evening
CE02148,QC07,VC00806,2026-02-27 18:18:00,365,72,56,Evening
CE02149,QC02,VC00757,2025-07-24 08:17:00,305,25,60,Evening
CE02150,QC04,VC00198,2025-12-31 04:12:00,306,51,20,Night
CE02151,QC06,VC00376,2025-06-23 06:37:00,342,74,64,Morning
CE02152,QC04,VC00856,2025-08-06 06:36:00,452,74,55,Evening
CE02153,QC03,VC00535,2025-02-23 23:44:00,452,12,74,Morning
CE02154,QC07,VC00870,2025-04-08 22:38:00,401,62,75,Night
CE02155,QC03,VC00994,2026-02-14 23:31:00,419,15,56,Evening
CE02156,QC02,VC00664,2025-02-07 12:36:00,372,14,78,Morning
CE02157,QC07,VC00570,2025-08-31 22:47:00,438,0,60,Night
CE02158,QC04,VC00822,2026-07-20 07:53:00,367,18,37,Evening
CE02159,QC02,VC00725,2025-11-14 19:12:00,307,9,60,Morning
CE02160,QC06,VC00956,2026-02-10 02:08:00,364,38,55,Morning
CE02161,QC04,VC00429,2026-03-05 21:58:00,344,2,30,Night
CE02162,QC01,VC00836,2026-12-06 18:37:00,377,61,51,Night
CE02163,QC01,VC00555,2026-11-11 01:39:00,421,11,20,Evening
CE02164,QC08,VC00902,2025-03-24 02:42:00,477,79,23,Morning
CE02165,QC06,VC00551,2026-11-22 10:30:00,363,57,75,Night
CE02166,QC08,VC00805,2025-08-10 09:44:00,446,83,52,Night
CE02167,QC04,VC00428,2025-07-05 21:25:00,337,8,32,Evening
CE02168,QC01,VC00845,2025-03-11 07:36:00,408,0,35,Evening
CE02169,QC03,VC00011,2025-08-20 17:13:00,469,10,55,Night
CE02170,QC05,VC00456,2025-11-01 20:59:00,423,79,63,Night
CE02171,QC01,VC00109,2025-05-13 18:30:00,382,23,59,Morning
CE02172,QC03,VC00774,2026-11-26 08:20:00,458,44,38,Night
CE02173,QC06,VC00308,2025-04-03 20:47:00,424,27,60,Night
CE02174,QC04,VC00425,2025-04-26 23:18:00,478,42,46,Night
CE02175,QC03,VC00310,2026-01-11 04:56:00,464,26,59,Morning
CE02176,QC03,VC00188,2026-11-24 20:49:00,369,41,32,Night
CE02177,QC07,VC00193,2025-02-20 14:00:00,396,26,54,Evening
CE02178,QC03,VC00473,2026-10-06 03:40:00,346,15,27,Evening
CE02179,QC05,VC00645,2026-05-10 15:24:00,314,75,52,Morning
CE02180,QC01,VC00326,2026-05-08 12:24:00,472,62,41,Night
CE02181,QC04,VC00406,2025-04-28 21:12:00,358,90,27,Night
CE02182,QC05,VC00722,2025-02-27 12:33:00,374,46,47,Evening
CE02183,QC07,VC00256,2025-11-05 04:29:00,310,41,57,Morning
CE02184,QC06,VC00733,2026-01-22 16:15:00,334,90,29,Evening
CE02185,QC04,VC00646,2026-08-02 10:37:00,428,83,51,Night
CE02186,QC01,VC00027,2025-06-24 06:43:00,401,30,60,Morning
CE02187,QC04,VC00515,2026-10-07 19:09:00,441,3,52,Night
CE02188,QC06,VC00304,2026-04-06 23:41:00,425,41,64,Evening
CE02189,QC08,VC00228,2025-03-11 04:58:00,308,21,31,Night
CE02190,QC08,VC00457,2025-01-03 13:50:00,313,24,70,Night
CE02191,QC05,VC00095,2025-09-30 02:46:00,391,75,46,Evening
CE02192,QC04,VC00777,2025-08-03 08:39:00,403,83,37,Evening
CE02193,QC01,VC00772,2025-01-12 10:04:00,418,87,68,Night
CE02194,QC04,VC00769,2025-10-17 08:14:00,395,33,69,Morning
CE02195,QC06,VC00456,2025-11-01 20:59:00,440,12,64,Morning
CE02196,QC01,VC00461,2025-12-17 11:25:00,433,16,61,Morning
CE02197,QC04,VC00947,2026-09-24 21:52:00,338,76,27,Morning
CE02198,QC08,VC00412,2026-05-18 01:50:00,401,0,52,Evening
CE02199,QC01,VC00795,2025-02-22 17:56:00,445,65,71,Evening
CE02200,QC01,VC00039,2025-08-29 15:57:00,329,78,47,Night
CE02201,QC07,VC00583,2026-03-17 11:56:00,375,30,73,Evening
CE02202,QC01,VC00257,2025-05-18 07:40:00,437,90,59,Night
CE02203,QC01,VC00822,2026-07-20 07:53:00,436,30,79,Night
CE02204,QC02,VC00889,2026-10-13 08:29:00,305,46,27,Morning
CE02205,QC02,VC00512,2025-09-08 01:21:00,381,11,72,Night
CE02206,QC02,VC00474,2026-06-14 04:04:00,312,50,80,Morning
CE02207,QC01,VC00822,2026-07-20 07:53:00,301,66,27,Night
CE02208,QC08,VC00648,2026-04-16 06:53:00,404,53,78,Morning
CE02209,QC05,VC00327,2026-01-04 08:22:00,449,14,73,Night
CE02210,QC02,VC00010,2026-09-28 00:16:00,354,17,62,Morning
CE02211,QC06,VC00278,2025-03-24 07:05:00,464,37,61,Night
CE02212,QC06,VC00031,2025-04-04 16:50:00,377,30,35,Evening
CE02213,QC06,VC00981,2025-06-09 16:07:00,416,24,25,Morning
CE02214,QC03,VC00825,2025-02-09 19:59:00,318,34,62,Morning
CE02215,QC03,VC00458,2025-10-29 15:23:00,334,45,77,Night
CE02216,QC02,VC00323,2025-11-08 14:32:00,463,39,67,Morning
CE02217,QC02,VC00238,2025-03-03 20:49:00,438,84,64,Morning
CE02218,QC03,VC00905,2026-08-26 23:42:00,453,63,69,Night
CE02219,QC06,VC00523,2025-01-25 11:32:00,419,36,74,Night
CE02220,QC03,VC00308,2025-04-03 20:47:00,323,46,71,Night
CE02221,QC03,VC00902,2025-03-24 02:42:00,303,13,49,Evening
CE02222,QC07,VC00009,2026-07-09 10:30:00,378,87,51,Evening
CE02223,QC05,VC00950,2026-06-23 13:35:00,337,40,41,Morning
CE02224,QC08,VC00063,2025-12-29 17:42:00,323,51,41,Morning
CE02225,QC02,VC00922,2026-08-06 01:22:00,303,47,77,Night
CE02226,QC07,VC00641,2026-08-09 18:27:00,422,6,43,Night
CE02227,QC01,VC00376,2025-06-23 06:37:00,471,72,64,Night
CE02228,QC05,VC00109,2025-05-13 18:30:00,329,87,76,Night
CE02229,QC06,VC00252,2026-06-03 12:52:00,404,9,51,Morning
CE02230,QC02,VC00809,2025-11-21 20:21:00,443,50,44,Evening
CE02231,QC01,VC00431,2026-02-20 08:50:00,402,60,60,Night
CE02232,QC04,VC00117,2025-01-04 22:51:00,410,72,21,Morning
CE02233,QC05,VC00815,2026-02-13 18:15:00,381,84,71,Morning
CE02234,QC06,VC00485,2025-05-25 06:21:00,451,15,44,Evening
CE02235,QC04,VC00648,2026-04-16 06:53:00,471,21,26,Night
CE02236,QC02,VC00878,2026-10-03 07:22:00,446,68,60,Night
CE02237,QC07,VC00602,2025-01-07 23:51:00,360,6,55,Evening
CE02238,QC07,VC00125,2025-03-31 17:34:00,337,79,31,Evening
CE02239,QC03,VC00613,2025-09-26 06:44:00,362,54,55,Night
CE02240,QC03,VC00803,2025-04-27 15:58:00,401,14,41,Morning
CE02241,QC04,VC00196,2026-01-09 01:33:00,360,37,73,Morning
CE02242,QC01,VC00388,2025-10-19 13:34:00,328,20,78,Morning
CE02243,QC02,VC00203,2025-08-07 10:45:00,336,70,74,Night
CE02244,QC05,VC00174,2026-05-18 09:15:00,385,0,52,Morning
CE02245,QC08,VC00738,2025-04-20 08:29:00,425,23,55,Night
CE02246,QC06,VC00158,2025-04-15 19:16:00,445,16,23,Night
CE02247,QC03,VC00320,2026-03-30 01:46:00,382,16,72,Night
CE02248,QC08,VC00727,2026-10-25 18:14:00,365,19,38,Evening
CE02249,QC04,VC00758,2026-06-21 13:18:00,354,54,29,Night
CE02250,QC01,VC00195,2025-09-19 00:56:00,316,15,42,Evening
CE02251,QC07,VC00167,2025-05-08 18:06:00,427,63,39,Morning
CE02252,QC04,VC00568,2025-07-02 03:40:00,419,57,43,Evening
CE02253,QC02,VC00724,2025-03-23 17:32:00,379,73,30,Morning
CE02254,QC01,VC00181,2025-07-19 10:40:00,318,68,62,Morning
CE02255,QC01,VC00808,2026-11-11 14:45:00,313,36,47,Night
CE02256,QC03,VC00042,2026-11-07 00:16:00,458,6,56,Night
CE02257,QC02,VC00144,2026-02-16 14:18:00,480,55,22,Evening
CE02258,QC04,VC00003,2025-02-22 06:25:00,454,56,36,Night
CE02259,QC01,VC00392,2025-07-15 02:05:00,412,48,29,Morning
CE02260,QC03,VC00422,2026-04-03 09:30:00,443,65,71,Morning
CE02261,QC05,VC00024,2026-10-14 05:33:00,307,27,23,Evening
CE02262,QC04,VC00579,2025-09-26 07:09:00,361,64,52,Evening
CE02263,QC04,VC00935,2026-08-17 13:38:00,317,52,50,Evening
CE02264,QC07,VC00234,2026-05-15 15:53:00,341,14,70,Morning
CE02265,QC06,VC00134,2026-05-17 21:28:00,435,12,45,Night
CE02266,QC08,VC00517,2026-04-13 23:59:00,314,61,69,Morning
CE02267,QC08,VC00418,2026-03-23 21:14:00,333,83,27,Night
CE02268,QC07,VC00662,2026-12-02 21:41:00,362,42,29,Night
CE02269,QC01,VC00374,2026-01-19 19:56:00,402,64,63,Evening
CE02270,QC08,VC00343,2026-07-02 09:49:00,416,67,47,Night
CE02271,QC04,VC00513,2026-02-24 10:05:00,378,0,62,Morning
CE02272,QC05,VC00899,2025-12-13 00:00:00,445,22,64,Morning
CE02273,QC03,VC00295,2025-05-07 07:07:00,423,43,73,Morning
CE02274,QC03,VC00098,2026-01-26 20:27:00,348,27,58,Night
CE02275,QC06,VC00990,2025-04-01 09:42:00,371,89,72,Morning
CE02276,QC08,VC00276,2026-09-24 10:07:00,405,3,73,Morning
CE02277,QC02,VC00816,2025-03-30 17:59:00,375,1,69,Night
CE02278,QC08,VC00518,2025-09-04 06:11:00,327,16,51,Morning
CE02279,QC01,VC00550,2026-06-10 12:46:00,430,89,65,Morning
CE02280,QC01,VC00759,2026-01-31 18:51:00,347,49,43,Evening
CE02281,QC03,VC00323,2025-11-08 14:32:00,372,13,68,Evening
CE02282,QC01,VC00548,2025-01-18 01:58:00,436,67,21,Night
CE02283,QC07,VC00410,2026-08-10 06:49:00,334,56,51,Morning
CE02284,QC05,VC00470,2026-11-02 08:48:00,461,72,32,Night
CE02285,QC04,VC00938,2026-07-27 05:11:00,300,55,68,Morning
CE02286,QC06,VC00826,2026-10-10 20:48:00,354,9,24,Morning
CE02287,QC05,VC00681,2025-07-19 04:46:00,416,39,39,Morning
CE02288,QC05,VC00186,2026-08-10 01:30:00,360,0,60,Night
CE02289,QC03,VC00411,2026-11-09 13:23:00,396,14,62,Evening
CE02290,QC03,VC00484,2026-07-27 22:27:00,331,67,40,Night
CE02291,QC02,VC00058,2025-05-16 13:16:00,379,34,71,Evening
CE02292,QC02,VC00132,2025-03-12 07:57:00,444,11,36,Evening
CE02293,QC08,VC00532,2026-01-04 15:40:00,352,46,33,Morning
CE02294,QC05,VC00140,2025-08-03 22:55:00,344,23,62,Night
CE02295,QC03,VC00671,2025-01-10 01:51:00,467,32,36,Night
CE02296,QC08,VC00371,2026-09-07 02:44:00,346,41,20,Morning
CE02297,QC05,VC00737,2025-10-29 09:06:00,411,18,36,Evening
CE02298,QC07,VC00312,2025-12-11 18:31:00,326,3,68,Night
CE02299,QC01,VC00026,2026-06-16 01:22:00,414,52,25,Evening
CE02300,QC07,VC00730,2026-05-17 09:22:00,308,28,65,Night
CE02301,QC04,VC00047,2026-10-09 06:26:00,364,10,37,Evening
CE02302,QC01,VC00511,2025-09-05 10:00:00,377,31,47,Morning
CE02303,QC04,VC00091,2025-08-21 03:59:00,315,28,21,Evening
CE02304,QC05,VC00129,2026-03-03 18:40:00,380,76,48,Night
CE02305,QC01,VC00535,2025-02-23 23:44:00,306,28,48,Night
CE02306,QC08,VC00744,2026-07-03 10:48:00,410,39,34,Morning
CE02307,QC08,VC00644,2025-06-11 01:56:00,326,46,23,Evening
CE02308,QC03,VC00799,2026-09-26 02:21:00,446,18,79,Night
CE02309,QC06,VC00590,2026-05-28 02:53:00,308,40,65,Evening
CE02310,QC08,VC00109,2025-05-13 18:30:00,341,48,60,Morning
CE02311,QC08,VC00507,2026-12-08 08:33:00,325,80,20,Night
CE02312,QC08,VC00337,2025-10-02 09:35:00,443,36,24,Evening
CE02313,QC08,VC00522,2025-09-30 09:41:00,413,7,47,Night
CE02314,QC03,VC00621,2025-02-28 12:15:00,407,9,79,Evening
CE02315,QC02,VC00268,2025-01-16 16:43:00,471,14,29,Morning
CE02316,QC03,VC00901,2025-04-12 02:51:00,334,29,47,Evening
CE02317,QC05,VC00232,2025-03-08 10:55:00,387,34,73,Night
CE02318,QC08,VC00107,2026-03-24 22:23:00,415,67,31,Morning
CE02319,QC01,VC00590,2026-05-28 02:53:00,327,19,35,Evening
CE02320,QC04,VC00078,2026-11-25 23:39:00,453,45,30,Evening
CE02321,QC03,VC00408,2026-04-19 12:57:00,323,32,57,Evening
CE02322,QC02,VC00649,2025-08-09 22:21:00,364,66,73,Night
CE02323,QC03,VC00823,2026-01-20 14:40:00,466,61,74,Evening
CE02324,QC01,VC00977,2025-06-15 20:42:00,405,35,77,Morning
CE02325,QC01,VC00973,2025-09-06 21:59:00,435,69,45,Evening
CE02326,QC04,VC00415,2026-07-27 15:24:00,301,35,56,Evening
CE02327,QC08,VC00260,2025-08-29 00:48:00,336,85,57,Night
CE02328,QC05,VC00828,2026-02-13 19:11:00,343,17,20,Morning
CE02329,QC03,VC00552,2026-03-14 20:33:00,335,46,43,Night
CE02330,QC02,VC00679,2026-01-17 22:20:00,454,39,46,Morning
CE02331,QC08,VC00310,2026-01-11 04:56:00,461,73,36,Evening
CE02332,QC05,VC00278,2025-03-24 07:05:00,373,48,65,Night
CE02333,QC06,VC00993,2026-11-06 18:27:00,320,82,50,Evening
CE02334,QC05,VC00420,2026-11-05 16:10:00,446,45,70,Night
CE02335,QC07,VC00710,2025-09-14 12:14:00,405,52,50,Evening
CE02336,QC04,VC00679,2026-01-17 22:20:00,358,34,34,Morning
CE02337,QC08,VC00782,2026-09-06 07:37:00,403,3,58,Night
CE02338,QC02,VC00412,2026-05-18 01:50:00,339,79,49,Evening
CE02339,QC06,VC00011,2025-08-20 17:13:00,467,19,65,Morning
CE02340,QC08,VC00997,2025-06-13 09:41:00,392,16,47,Evening
CE02341,QC07,VC00745,2026-04-27 03:11:00,441,45,71,Night
CE02342,QC06,VC00313,2026-07-09 12:25:00,446,18,47,Evening
CE02343,QC08,VC00176,2026-10-19 06:40:00,474,20,62,Morning
CE02344,QC02,VC00205,2025-02-14 06:48:00,475,58,78,Morning
CE02345,QC02,VC00135,2025-02-05 22:46:00,408,3,70,Morning
CE02346,QC08,VC00783,2025-10-04 06:40:00,402,50,39,Morning
CE02347,QC01,VC00381,2026-06-28 02:21:00,305,46,54,Evening
CE02348,QC03,VC00180,2025-04-22 13:41:00,405,67,78,Night
CE02349,QC04,VC00399,2025-04-08 03:00:00,439,79,80,Evening
CE02350,QC01,VC00004,2026-11-30 07:29:00,476,59,73,Morning
CE02351,QC02,VC00425,2025-04-26 23:18:00,301,79,58,Night
CE02352,QC04,VC00572,2025-05-26 08:42:00,426,79,42,Morning
CE02353,QC04,VC00051,2025-09-03 02:04:00,416,66,51,Evening
CE02354,QC07,VC00369,2025-06-04 14:28:00,342,38,50,Night
CE02355,QC05,VC00559,2025-05-14 02:23:00,477,42,61,Night
CE02356,QC04,VC00777,2025-08-03 08:39:00,313,67,67,Evening
CE02357,QC03,VC00378,2026-05-28 09:21:00,374,8,75,Evening
CE02358,QC05,VC00936,2025-03-13 16:00:00,469,14,80,Night
CE02359,QC01,VC00579,2025-09-26 07:09:00,451,74,69,Morning
CE02360,QC07,VC00864,2025-05-02 21:34:00,352,63,47,Morning
CE02361,QC04,VC00620,2025-10-26 22:39:00,351,31,54,Morning
CE02362,QC01,VC00190,2026-04-16 20:33:00,302,85,49,Evening
CE02363,QC06,VC00789,2025-07-03 05:47:00,326,40,47,Morning
CE02364,QC01,VC00608,2026-09-08 09:18:00,437,56,49,Evening
CE02365,QC01,VC00467,2025-08-14 10:12:00,453,87,62,Morning
CE02366,QC01,VC00288,2026-03-14 21:31:00,371,72,65,Evening
CE02367,QC01,VC00541,2025-08-21 22:18:00,452,18,38,Evening
CE02368,QC01,VC00037,2025-04-05 07:49:00,329,9,28,Night
CE02369,QC03,VC00724,2025-03-23 17:32:00,441,22,52,Evening
CE02370,QC05,VC00187,2025-09-13 18:13:00,340,41,33,Night
CE02371,QC03,VC00436,2025-12-20 10:08:00,428,30,71,Evening
CE02372,QC07,VC00695,2025-04-24 16:23:00,469,59,41,Evening
CE02373,QC05,VC00436,2025-12-20 10:08:00,391,19,26,Morning
CE02374,QC01,VC00153,2025-07-21 17:30:00,390,84,75,Evening
CE02375,QC03,VC00005,2026-08-19 08:30:00,479,63,49,Morning
CE02376,QC05,VC00624,2026-05-14 19:09:00,393,78,47,Evening
CE02377,QC06,VC00873,2025-11-05 07:05:00,330,90,44,Morning
CE02378,QC01,VC00922,2026-08-06 01:22:00,365,85,41,Night
CE02379,QC06,VC00217,2025-09-06 11:36:00,344,59,27,Night
CE02380,QC01,VC00066,2025-12-08 20:43:00,388,0,61,Morning
CE02381,QC03,VC00220,2025-05-08 17:47:00,410,86,41,Night
CE02382,QC05,VC00776,2025-02-24 08:36:00,448,23,44,Evening
CE02383,QC08,VC01000,2026-02-03 06:09:00,465,55,30,Night
CE02384,QC07,VC00377,2026-10-31 07:42:00,449,52,53,Morning
CE02385,QC07,VC00692,2026-09-07 23:01:00,448,76,78,Evening
CE02386,QC07,VC00048,2026-01-06 00:06:00,400,66,35,Evening
CE02387,QC06,VC00148,2026-07-07 08:03:00,385,81,42,Night
CE02388,QC08,VC00255,2025-07-07 11:25:00,446,29,41,Night
CE02389,QC06,VC00023,2026-07-28 18:49:00,336,7,34,Evening
CE02390,QC06,VC00618,2025-11-23 04:54:00,448,22,39,Night
CE02391,QC01,VC00433,2025-12-22 06:59:00,348,36,78,Morning
CE02392,QC01,VC00875,2026-10-22 22:38:00,424,34,38,Morning
CE02393,QC01,VC00805,2025-08-10 09:44:00,469,5,74,Evening
CE02394,QC08,VC00175,2026-07-26 15:52:00,346,71,44,Evening
CE02395,QC05,VC00081,2026-05-31 04:23:00,425,78,20,Night
CE02396,QC06,VC00241,2026-11-24 19:50:00,401,38,56,Morning
CE02397,QC02,VC00895,2026-07-16 12:20:00,450,2,39,Evening
CE02398,QC05,VC00305,2026-09-22 05:56:00,460,4,41,Evening
CE02399,QC01,VC00859,2025-05-14 11:17:00,308,8,22,Morning
CE02400,QC05,VC00475,2026-09-01 15:52:00,477,28,58,Night
CE02401,QC04,VC00280,2026-05-28 22:11:00,317,39,27,Evening
CE02402,QC02,VC00827,2026-04-03 16:26:00,308,88,62,Evening
CE02403,QC02,VC00701,2026-02-25 11:37:00,350,38,36,Evening
CE02404,QC05,VC00822,2026-07-20 07:53:00,399,81,53,Morning
CE02405,QC04,VC00412,2026-05-18 01:50:00,341,79,71,Night
CE02406,QC08,VC00047,2026-10-09 06:26:00,424,54,41,Evening
CE02407,QC03,VC00719,2025-06-16 20:39:00,425,68,78,Evening
CE02408,QC06,VC00375,2026-12-04 09:18:00,478,15,61,Morning
CE02409,QC04,VC00215,2026-07-15 23:59:00,378,22,32,Night
CE02410,QC06,VC00006,2025-04-06 15:19:00,460,90,33,Night
CE02411,QC02,VC00064,2026-08-23 15:33:00,321,35,60,Morning
CE02412,QC01,VC00468,2025-09-17 12:59:00,302,50,33,Night
CE02413,QC03,VC00759,2026-01-31 18:51:00,443,10,54,Morning
CE02414,QC04,VC00326,2026-05-08 12:24:00,401,25,63,Evening
CE02415,QC07,VC00904,2025-05-29 02:43:00,327,21,61,Night
CE02416,QC07,VC00648,2026-04-16 06:53:00,407,69,25,Evening
CE02417,QC08,VC00983,2025-10-31 09:52:00,431,1,37,Evening
CE02418,QC07,VC00621,2025-02-28 12:15:00,355,39,22,Evening
CE02419,QC02,VC00790,2025-09-09 07:48:00,371,10,80,Morning
CE02420,QC02,VC00752,2026-02-15 01:17:00,372,77,50,Evening
CE02421,QC02,VC00394,2025-10-24 15:14:00,403,78,67,Night
CE02422,QC08,VC00725,2025-11-14 19:12:00,401,7,62,Night
CE02423,QC06,VC00058,2025-05-16 13:16:00,362,84,42,Morning
CE02424,QC01,VC00657,2026-06-30 11:30:00,452,2,61,Night
CE02425,QC07,VC00197,2026-06-13 00:23:00,473,10,47,Evening
CE02426,QC04,VC00740,2025-02-25 13:06:00,348,37,76,Night
CE02427,QC05,VC00984,2025-04-30 11:52:00,362,90,45,Night
CE02428,QC08,VC00396,2025-04-26 02:37:00,390,49,61,Morning
CE02429,QC07,VC00558,2026-03-30 10:32:00,458,58,63,Evening
CE02430,QC05,VC00125,2025-03-31 17:34:00,445,30,76,Night
CE02431,QC07,VC00329,2025-05-08 04:16:00,447,60,55,Night
CE02432,QC03,VC00171,2025-07-30 15:53:00,322,88,37,Morning
CE02433,QC02,VC00817,2026-07-20 02:58:00,303,26,79,Night
CE02434,QC01,VC00494,2025-02-09 13:58:00,301,47,37,Evening
CE02435,QC08,VC00016,2025-12-07 06:32:00,338,7,62,Morning
CE02436,QC08,VC00042,2026-11-07 00:16:00,369,73,61,Evening
CE02437,QC05,VC00225,2025-10-06 16:24:00,334,20,60,Morning
CE02438,QC03,VC00134,2026-05-17 21:28:00,436,73,30,Night
CE02439,QC01,VC00629,2026-07-21 05:19:00,380,65,30,Night
CE02440,QC05,VC00028,2025-07-05 10:26:00,344,83,55,Morning
CE02441,QC01,VC00122,2025-10-30 11:52:00,352,31,39,Evening
CE02442,QC07,VC00818,2025-05-30 10:00:00,339,29,53,Evening
CE02443,QC03,VC00112,2026-08-31 05:30:00,452,10,21,Night
CE02444,QC06,VC00758,2026-06-21 13:18:00,310,7,66,Morning
CE02445,QC03,VC00697,2025-06-29 09:59:00,417,60,76,Night
CE02446,QC07,VC00173,2026-09-06 00:29:00,358,15,63,Morning
CE02447,QC04,VC00494,2025-02-09 13:58:00,421,37,78,Night
CE02448,QC06,VC00115,2025-11-29 14:34:00,397,78,55,Evening
CE02449,QC08,VC00281,2025-06-12 01:01:00,344,3,22,Evening
CE02450,QC01,VC00535,2025-02-23 23:44:00,395,9,60,Evening
CE02451,QC03,VC00708,2026-01-03 04:01:00,419,68,60,Night
CE02452,QC01,VC00418,2026-03-23 21:14:00,367,20,58,Morning
CE02453,QC04,VC00291,2026-07-23 13:59:00,394,8,64,Evening
CE02454,QC05,VC00714,2025-02-13 10:19:00,358,36,34,Night
CE02455,QC03,VC00052,2025-03-16 12:59:00,418,0,50,Evening
CE02456,QC01,VC00312,2025-12-11 18:31:00,369,66,33,Evening
CE02457,QC03,VC00546,2026-05-05 14:44:00,360,5,63,Night
CE02458,QC08,VC00928,2025-06-23 08:15:00,354,76,48,Night
CE02459,QC06,VC00164,2025-05-10 03:47:00,372,24,30,Evening
CE02460,QC01,VC00232,2025-03-08 10:55:00,334,32,78,Evening
CE02461,QC02,VC00831,2025-02-13 06:49:00,316,40,20,Morning
CE02462,QC04,VC00549,2025-05-11 04:11:00,388,43,37,Evening
CE02463,QC02,VC00414,2026-10-07 05:36:00,443,69,30,Night
CE02464,QC06,VC00565,2026-10-22 12:50:00,409,19,74,Evening
CE02465,QC05,VC00548,2025-01-18 01:58:00,310,19,41,Evening
CE02466,QC04,VC00316,2026-03-29 08:18:00,364,65,45,Night
CE02467,QC02,VC00755,2026-08-17 03:03:00,336,81,63,Evening
CE02468,QC01,VC00052,2025-03-16 12:59:00,419,40,40,Night
CE02469,QC08,VC00346,2025-05-25 15:35:00,319,52,32,Morning
CE02470,QC03,VC00458,2025-10-29 15:23:00,322,41,21,Morning
CE02471,QC02,VC00712,2025-11-14 21:16:00,393,3,59,Night
CE02472,QC06,VC00280,2026-05-28 22:11:00,338,85,38,Night
CE02473,QC05,VC00814,2025-08-31 09:23:00,383,23,75,Morning
CE02474,QC07,VC00102,2026-01-08 03:54:00,408,62,63,Evening
CE02475,QC07,VC00005,2026-08-19 08:30:00,405,2,75,Night
CE02476,QC06,VC00483,2026-06-27 15:16:00,443,78,55,Evening
CE02477,QC06,VC00715,2026-06-20 19:06:00,306,19,60,Evening
CE02478,QC08,VC00556,2025-01-01 06:16:00,311,61,44,Morning
CE02479,QC01,VC00634,2026-09-06 11:31:00,330,19,68,Evening
CE02480,QC06,VC00018,2025-08-06 11:33:00,429,10,61,Morning
CE02481,QC08,VC00508,2025-07-11 01:43:00,330,16,53,Morning
CE02482,QC07,VC00521,2026-07-05 22:09:00,320,10,34,Night
CE02483,QC07,VC00283,2025-11-10 15:36:00,473,37,28,Morning
CE02484,QC03,VC00984,2025-04-30 11:52:00,316,75,51,Night
CE02485,QC07,VC00123,2025-03-25 05:35:00,311,79,26,Evening
CE02486,QC06,VC00299,2026-01-22 14:44:00,353,11,30,Evening
CE02487,QC08,VC00878,2026-10-03 07:22:00,392,62,51,Night
CE02488,QC05,VC00300,2026-05-07 04:52:00,394,26,25,Night
CE02489,QC01,VC00685,2025-12-21 19:34:00,349,88,27,Night
CE02490,QC03,VC00726,2025-01-30 06:43:00,472,12,31,Morning
CE02491,QC03,VC00557,2026-09-16 00:24:00,447,47,65,Night
CE02492,QC04,VC00855,2026-09-22 12:55:00,447,46,31,Night
CE02493,QC01,VC00600,2025-10-28 05:39:00,406,38,32,Night
CE02494,QC06,VC00337,2025-10-02 09:35:00,399,33,70,Evening
CE02495,QC05,VC00792,2025-10-31 22:13:00,399,58,33,Morning
CE02496,QC02,VC00151,2026-06-25 11:08:00,314,45,46,Morning
CE02497,QC02,VC00060,2026-07-12 22:20:00,478,59,66,Night
CE02498,QC06,VC00458,2025-10-29 15:23:00,336,78,44,Evening
CE02499,QC05,VC00403,2025-04-23 13:48:00,353,81,72,Evening
CE02500,QC02,VC00625,2026-07-09 05:30:00,324,65,71,Night
CE02501,QC07,VC00890,2025-07-18 08:12:00,353,55,20,Morning
CE02502,QC01,VC00877,2025-04-17 17:09:00,401,22,59,Evening
CE02503,QC08,VC00042,2026-11-07 00:16:00,343,12,24,Night
CE02504,QC03,VC00034,2025-08-12 17:09:00,428,76,75,Night
CE02505,QC06,VC00555,2026-11-11 01:39:00,344,60,76,Evening
CE02506,QC05,VC00941,2025-07-17 23:20:00,427,33,52,Night
CE02507,QC05,VC00815,2026-02-13 18:15:00,459,49,36,Morning
CE02508,QC02,VC00420,2026-11-05 16:10:00,471,15,34,Evening
CE02509,QC01,VC00696,2026-02-27 11:27:00,325,13,68,Night
CE02510,QC08,VC00272,2025-12-04 21:11:00,473,33,78,Evening
CE02511,QC04,VC00628,2025-08-03 23:35:00,356,63,35,Night
CE02512,QC02,VC00925,2026-05-21 02:54:00,333,59,70,Evening
CE02513,QC08,VC00715,2026-06-20 19:06:00,438,79,41,Evening
CE02514,QC04,VC00795,2025-02-22 17:56:00,327,29,28,Morning
CE02515,QC04,VC00773,2025-05-28 07:39:00,403,16,70,Evening
CE02516,QC03,VC00187,2025-09-13 18:13:00,351,61,53,Night
CE02517,QC03,VC00318,2025-02-15 00:01:00,320,7,29,Morning
CE02518,QC08,VC00026,2026-06-16 01:22:00,342,75,58,Night
CE02519,QC02,VC00760,2025-03-09 10:54:00,468,70,79,Night
CE02520,QC01,VC00278,2025-03-24 07:05:00,404,78,41,Night
CE02521,QC02,VC00652,2025-04-20 06:49:00,352,13,48,Evening
CE02522,QC06,VC00196,2026-01-09 01:33:00,313,28,52,Morning
CE02523,QC03,VC00621,2025-02-28 12:15:00,403,37,46,Evening
CE02524,QC01,VC00660,2026-09-14 00:56:00,374,84,27,Night
CE02525,QC04,VC00936,2025-03-13 16:00:00,461,36,58,Morning
CE02526,QC01,VC00846,2025-03-15 11:14:00,396,54,76,Night
CE02527,QC07,VC00464,2025-04-11 15:47:00,454,48,79,Night
CE02528,QC07,VC00973,2025-09-06 21:59:00,460,21,47,Evening
CE02529,QC03,VC00665,2025-11-11 01:11:00,306,50,78,Evening
CE02530,QC03,VC00250,2025-11-04 03:02:00,407,3,28,Night
CE02531,QC03,VC00772,2025-01-12 10:04:00,351,77,37,Night
CE02532,QC02,VC00233,2025-01-12 04:25:00,463,34,72,Evening
CE02533,QC02,VC00795,2025-02-22 17:56:00,331,27,29,Evening
CE02534,QC08,VC00403,2025-04-23 13:48:00,348,7,74,Morning
CE02535,QC08,VC00463,2026-05-28 12:21:00,428,16,77,Night
CE02536,QC08,VC00253,2026-01-28 18:10:00,366,33,68,Evening
CE02537,QC04,VC00003,2025-02-22 06:25:00,433,28,66,Morning
CE02538,QC04,VC00114,2025-05-06 05:18:00,451,1,60,Morning
CE02539,QC07,VC00932,2026-11-25 01:22:00,313,12,61,Morning
CE02540,QC06,VC00934,2025-08-07 03:52:00,443,11,63,Night
CE02541,QC08,VC00329,2025-05-08 04:16:00,359,2,67,Evening
CE02542,QC03,VC00260,2025-08-29 00:48:00,462,60,30,Night
CE02543,QC02,VC00601,2026-02-12 01:41:00,363,1,37,Evening
CE02544,QC03,VC00720,2025-03-13 04:21:00,342,8,37,Evening
CE02545,QC02,VC00429,2026-03-05 21:58:00,477,3,67,Night
CE02546,QC04,VC00973,2025-09-06 21:59:00,300,82,61,Morning
CE02547,QC03,VC00058,2025-05-16 13:16:00,421,78,66,Night
CE02548,QC07,VC00722,2025-02-27 12:33:00,387,15,70,Evening
CE02549,QC04,VC00454,2026-06-25 03:21:00,341,43,66,Evening
CE02550,QC08,VC00212,2026-05-09 17:50:00,309,6,24,Evening
CE02551,QC02,VC00598,2025-04-10 05:33:00,399,22,59,Evening
CE02552,QC02,VC00907,2025-02-21 18:49:00,364,53,49,Night
CE02553,QC03,VC00115,2025-11-29 14:34:00,464,17,24,Night
CE02554,QC05,VC00331,2025-08-20 15:44:00,367,73,51,Night
CE02555,QC07,VC00693,2025-12-10 14:10:00,358,23,30,Night
CE02556,QC01,VC00319,2026-06-28 20:09:00,319,7,29,Morning
CE02557,QC06,VC00380,2025-05-08 08:24:00,463,83,59,Morning
CE02558,QC06,VC00725,2025-11-14 19:12:00,474,29,74,Evening
CE02559,QC01,VC00339,2025-06-05 13:12:00,418,16,22,Evening
CE02560,QC08,VC00386,2025-12-08 21:12:00,353,60,25,Evening
CE02561,QC08,VC00301,2026-03-14 07:14:00,443,30,80,Night
CE02562,QC06,VC00269,2026-09-28 13:07:00,330,88,74,Morning
CE02563,QC06,VC00619,2025-09-02 15:44:00,442,30,50,Morning
CE02564,QC02,VC00764,2026-04-21 15:07:00,341,71,39,Evening
CE02565,QC08,VC00800,2025-07-04 20:51:00,382,15,55,Night
CE02566,QC06,VC00153,2025-07-21 17:30:00,343,42,46,Night
CE02567,QC08,VC00188,2026-11-24 20:49:00,322,16,58,Night
CE02568,QC07,VC00054,2025-12-11 21:34:00,473,45,79,Morning
CE02569,QC05,VC00258,2026-10-14 23:12:00,388,7,43,Night
CE02570,QC01,VC00058,2025-05-16 13:16:00,420,60,70,Night
CE02571,QC06,VC00307,2025-04-12 11:54:00,424,44,35,Evening
CE02572,QC02,VC00485,2025-05-25 06:21:00,325,20,44,Evening
CE02573,QC06,VC00480,2025-08-25 01:55:00,406,80,20,Morning
CE02574,QC01,VC00327,2026-01-04 08:22:00,358,47,61,Evening
CE02575,QC07,VC00268,2025-01-16 16:43:00,456,18,65,Evening
CE02576,QC06,VC00148,2026-07-07 08:03:00,419,39,80,Morning
CE02577,QC06,VC00296,2025-04-10 10:06:00,418,67,30,Morning
CE02578,QC01,VC00923,2025-07-07 15:14:00,320,55,71,Night
CE02579,QC04,VC00323,2025-11-08 14:32:00,378,13,53,Morning
CE02580,QC04,VC00551,2026-11-22 10:30:00,456,81,52,Evening
CE02581,QC07,VC00614,2026-11-24 11:45:00,365,32,60,Night
CE02582,QC01,VC00609,2026-05-13 18:11:00,331,63,53,Evening
CE02583,QC08,VC00976,2026-04-15 12:45:00,430,84,24,Morning
CE02584,QC03,VC00030,2025-12-11 11:11:00,448,63,28,Morning
CE02585,QC08,VC00266,2025-05-11 07:04:00,400,17,23,Night
CE02586,QC03,VC00963,2026-02-04 04:21:00,380,49,61,Evening
CE02587,QC05,VC00298,2025-11-28 07:14:00,446,52,34,Morning
CE02588,QC06,VC00789,2025-07-03 05:47:00,448,67,31,Evening
CE02589,QC01,VC00243,2025-02-06 13:32:00,444,79,73,Evening
CE02590,QC06,VC00361,2026-02-21 23:29:00,442,64,44,Morning
CE02591,QC05,VC00359,2026-06-20 23:28:00,376,76,28,Night
CE02592,QC07,VC00341,2026-07-13 18:45:00,389,16,26,Night
CE02593,QC06,VC00522,2025-09-30 09:41:00,388,32,77,Night
CE02594,QC07,VC00432,2025-12-06 00:32:00,321,83,78,Night
CE02595,QC04,VC00129,2026-03-03 18:40:00,415,79,34,Morning
CE02596,QC02,VC00552,2026-03-14 20:33:00,480,1,46,Morning
CE02597,QC01,VC00691,2026-01-06 12:17:00,446,38,67,Night
CE02598,QC07,VC00751,2025-07-09 01:45:00,477,14,37,Evening
CE02599,QC03,VC00959,2025-04-02 13:14:00,352,49,41,Night
CE02600,QC01,VC00620,2025-10-26 22:39:00,433,63,49,Evening
CE02601,QC03,VC00578,2025-01-18 18:38:00,479,36,80,Morning
CE02602,QC06,VC00649,2025-08-09 22:21:00,402,35,30,Evening
CE02603,QC06,VC00510,2026-10-12 15:33:00,389,4,51,Evening
CE02604,QC02,VC00219,2026-01-23 20:10:00,469,53,54,Night
CE02605,QC06,VC00962,2026-05-25 03:26:00,351,77,46,Night
CE02606,QC03,VC00334,2026-11-09 00:10:00,426,88,36,Night
CE02607,QC06,VC00382,2026-03-17 21:55:00,303,43,77,Night
CE02608,QC06,VC00677,2025-12-25 23:31:00,471,11,31,Evening
CE02609,QC01,VC00261,2025-02-21 03:34:00,451,21,48,Evening
CE02610,QC07,VC00148,2026-07-07 08:03:00,440,55,56,Morning
CE02611,QC01,VC00275,2026-09-01 05:58:00,313,7,64,Morning
CE02612,QC07,VC00205,2025-02-14 06:48:00,345,38,22,Night
CE02613,QC08,VC00182,2026-09-05 11:32:00,359,50,39,Night
CE02614,QC08,VC00346,2025-05-25 15:35:00,470,9,25,Night
CE02615,QC07,VC00888,2025-06-08 08:56:00,348,13,37,Morning
CE02616,QC01,VC00451,2025-01-28 09:59:00,364,23,43,Night
CE02617,QC05,VC00480,2025-08-25 01:55:00,451,59,23,Morning
CE02618,QC02,VC00408,2026-04-19 12:57:00,478,5,26,Night
CE02619,QC04,VC00131,2025-03-24 00:18:00,316,75,57,Morning
CE02620,QC06,VC00353,2025-05-30 08:54:00,311,59,66,Night
CE02621,QC04,VC00023,2026-07-28 18:49:00,399,51,61,Evening
CE02622,QC07,VC00066,2025-12-08 20:43:00,461,51,29,Morning
CE02623,QC03,VC00347,2025-10-29 22:18:00,467,73,30,Night
CE02624,QC08,VC00991,2026-07-20 23:59:00,324,40,20,Morning
CE02625,QC04,VC00300,2026-05-07 04:52:00,332,48,41,Night
CE02626,QC08,VC00608,2026-09-08 09:18:00,363,60,39,Evening
CE02627,QC02,VC00004,2026-11-30 07:29:00,347,3,68,Evening
CE02628,QC07,VC00645,2026-05-10 15:24:00,468,84,56,Night
CE02629,QC05,VC00835,2026-10-23 06:58:00,368,6,27,Evening
CE02630,QC05,VC00172,2026-07-16 02:36:00,385,73,69,Night
CE02631,QC03,VC00555,2026-11-11 01:39:00,372,90,78,Morning
CE02632,QC02,VC00892,2026-04-03 10:48:00,337,35,35,Night
CE02633,QC07,VC00123,2025-03-25 05:35:00,302,19,27,Morning
CE02634,QC01,VC00435,2025-03-26 06:23:00,459,29,37,Evening
CE02635,QC06,VC00856,2025-08-06 06:36:00,441,30,59,Evening
CE02636,QC07,VC00395,2026-04-26 03:09:00,324,46,41,Night
CE02637,QC07,VC00599,2026-01-20 12:14:00,379,22,30,Morning
CE02638,QC06,VC00394,2025-10-24 15:14:00,409,28,20,Night
CE02639,QC02,VC00682,2026-11-14 03:38:00,433,51,66,Evening
CE02640,QC02,VC00989,2025-04-28 13:43:00,470,68,60,Night
CE02641,QC08,VC00219,2026-01-23 20:10:00,423,45,66,Morning
CE02642,QC03,VC00854,2026-07-08 22:24:00,444,21,28,Evening
CE02643,QC05,VC00914,2025-02-18 19:08:00,368,33,65,Morning
CE02644,QC08,VC00937,2025-06-08 12:06:00,414,3,76,Morning
CE02645,QC03,VC00372,2025-11-20 14:17:00,335,67,60,Morning
CE02646,QC05,VC00267,2025-12-23 04:46:00,390,77,70,Evening
CE02647,QC02,VC00315,2025-03-18 14:34:00,310,4,57,Morning
CE02648,QC04,VC00893,2026-09-22 15:33:00,404,63,71,Morning
CE02649,QC08,VC00608,2026-09-08 09:18:00,339,64,60,Night
CE02650,QC02,VC00872,2025-09-03 15:22:00,467,18,25,Morning
CE02651,QC07,VC00051,2025-09-03 02:04:00,364,36,70,Evening
CE02652,QC03,VC00957,2025-03-17 00:53:00,460,44,37,Night
CE02653,QC06,VC00918,2025-04-09 08:48:00,385,36,35,Evening
CE02654,QC04,VC00413,2025-11-09 00:50:00,472,11,68,Night
CE02655,QC04,VC00468,2025-09-17 12:59:00,446,45,56,Morning
CE02656,QC01,VC00017,2026-03-10 09:16:00,328,16,80,Night
CE02657,QC04,VC00825,2025-02-09 19:59:00,388,2,25,Night
CE02658,QC07,VC00826,2026-10-10 20:48:00,337,52,41,Morning
CE02659,QC03,VC00743,2026-09-19 11:08:00,438,63,60,Night
CE02660,QC04,VC00325,2025-07-30 16:44:00,426,50,36,Morning
CE02661,QC05,VC00264,2025-12-18 08:05:00,453,65,65,Morning
CE02662,QC06,VC00829,2026-04-28 19:03:00,444,48,68,Evening
CE02663,QC06,VC00825,2025-02-09 19:59:00,463,73,26,Morning
CE02664,QC01,VC00729,2025-08-07 23:05:00,448,24,27,Night
CE02665,QC04,VC00559,2025-05-14 02:23:00,445,2,71,Night
CE02666,QC06,VC00396,2025-04-26 02:37:00,328,23,41,Morning
CE02667,QC07,VC00574,2025-07-19 23:01:00,336,0,28,Morning
CE02668,QC03,VC00346,2025-05-25 15:35:00,343,79,23,Evening
CE02669,QC01,VC00177,2026-01-25 05:12:00,434,41,44,Morning
CE02670,QC04,VC00763,2026-03-18 14:15:00,471,44,74,Morning
CE02671,QC02,VC00273,2025-03-26 11:48:00,413,21,34,Night
CE02672,QC06,VC00496,2026-05-19 02:27:00,425,0,74,Morning
CE02673,QC07,VC00303,2025-09-25 23:18:00,374,34,23,Evening
CE02674,QC03,VC00387,2026-02-22 04:29:00,384,18,53,Night
CE02675,QC03,VC00913,2025-05-26 21:33:00,439,84,65,Evening
CE02676,QC01,VC00666,2026-01-28 06:17:00,335,41,67,Morning
CE02677,QC06,VC00316,2026-03-29 08:18:00,422,62,53,Morning
CE02678,QC05,VC00541,2025-08-21 22:18:00,401,1,32,Morning
CE02679,QC04,VC00300,2026-05-07 04:52:00,453,35,50,Night
CE02680,QC03,VC00509,2026-07-07 12:48:00,419,27,51,Evening
CE02681,QC05,VC00160,2026-11-16 13:47:00,323,6,50,Evening
CE02682,QC04,VC00793,2026-11-01 01:16:00,327,7,21,Night
CE02683,QC06,VC00261,2025-02-21 03:34:00,476,33,27,Evening
CE02684,QC07,VC00205,2025-02-14 06:48:00,436,52,76,Night
CE02685,QC02,VC00590,2026-05-28 02:53:00,453,85,55,Evening
CE02686,QC06,VC00680,2025-05-17 10:48:00,453,32,68,Evening
CE02687,QC08,VC00926,2026-05-29 14:50:00,384,22,73,Night
CE02688,QC08,VC00923,2025-07-07 15:14:00,420,8,40,Morning
CE02689,QC02,VC00279,2025-07-05 01:05:00,424,23,50,Morning
CE02690,QC08,VC00644,2025-06-11 01:56:00,363,0,22,Evening
CE02691,QC04,VC00738,2025-04-20 08:29:00,435,77,34,Night
CE02692,QC06,VC00696,2026-02-27 11:27:00,330,36,56,Morning
CE02693,QC08,VC00290,2026-08-07 10:43:00,385,30,49,Morning
CE02694,QC04,VC00658,2026-12-08 21:37:00,329,52,32,Evening
CE02695,QC08,VC00575,2025-02-14 05:33:00,300,39,44,Morning
CE02696,QC01,VC00362,2026-07-26 01:40:00,463,33,43,Evening
CE02697,QC03,VC00203,2025-08-07 10:45:00,412,61,60,Evening
CE02698,QC02,VC00032,2025-07-28 03:32:00,448,5,53,Morning
CE02699,QC01,VC00363,2025-08-25 13:55:00,468,56,29,Morning
CE02700,QC05,VC00135,2025-02-05 22:46:00,378,34,61,Morning
CE02701,QC08,VC00198,2025-12-31 04:12:00,427,25,22,Evening
CE02702,QC06,VC00626,2025-01-10 04:46:00,436,21,75,Night
CE02703,QC01,VC00247,2025-03-27 01:40:00,401,82,45,Night
CE02704,QC05,VC00033,2026-09-28 00:41:00,384,90,46,Night
CE02705,QC08,VC00650,2025-03-13 02:52:00,362,78,68,Night
CE02706,QC08,VC00296,2025-04-10 10:06:00,324,11,44,Morning
CE02707,QC03,VC00752,2026-02-15 01:17:00,314,24,44,Evening
CE02708,QC08,VC00937,2025-06-08 12:06:00,398,82,28,Evening
CE02709,QC08,VC00872,2025-09-03 15:22:00,423,53,30,Evening
CE02710,QC01,VC00137,2025-04-06 01:42:00,364,90,66,Evening
CE02711,QC02,VC00175,2026-07-26 15:52:00,400,82,67,Night
CE02712,QC04,VC00923,2025-07-07 15:14:00,377,21,65,Night
CE02713,QC01,VC00793,2026-11-01 01:16:00,387,25,37,Evening
CE02714,QC05,VC00001,2026-01-17 05:29:00,479,39,31,Evening
CE02715,QC01,VC00835,2026-10-23 06:58:00,345,15,66,Morning
CE02716,QC08,VC00469,2026-02-11 03:31:00,324,90,30,Morning
CE02717,QC01,VC00771,2025-03-24 03:55:00,318,35,71,Evening
CE02718,QC05,VC00697,2025-06-29 09:59:00,305,88,44,Evening
CE02719,QC05,VC00771,2025-03-24 03:55:00,386,89,29,Evening
CE02720,QC01,VC00854,2026-07-08 22:24:00,398,72,25,Night
CE02721,QC06,VC00220,2025-05-08 17:47:00,412,87,24,Morning
CE02722,QC08,VC00703,2026-10-03 14:34:00,379,35,68,Morning
CE02723,QC08,VC00133,2025-10-18 12:49:00,329,50,46,Evening
CE02724,QC04,VC00203,2025-08-07 10:45:00,401,75,65,Evening
CE02725,QC06,VC00245,2025-02-13 03:26:00,382,7,59,Evening
CE02726,QC03,VC00303,2025-09-25 23:18:00,382,13,31,Morning
CE02727,QC04,VC00945,2026-02-08 00:50:00,300,9,55,Night
CE02728,QC08,VC00597,2026-06-16 20:30:00,465,35,34,Evening
CE02729,QC02,VC00825,2025-02-09 19:59:00,464,9,35,Morning
CE02730,QC06,VC00063,2025-12-29 17:42:00,304,0,59,Night
CE02731,QC07,VC00895,2026-07-16 12:20:00,456,25,26,Evening
CE02732,QC08,VC00538,2025-11-12 18:23:00,342,4,74,Evening
CE02733,QC05,VC00808,2026-11-11 14:45:00,461,24,25,Morning
CE02734,QC03,VC00185,2026-11-14 10:38:00,460,62,29,Night
CE02735,QC01,VC00031,2025-04-04 16:50:00,423,52,79,Evening
CE02736,QC03,VC00503,2025-12-11 03:21:00,470,43,61,Morning
CE02737,QC03,VC00574,2025-07-19 23:01:00,300,76,38,Night
CE02738,QC08,VC00853,2025-08-22 06:54:00,390,30,33,Night
CE02739,QC04,VC00225,2025-10-06 16:24:00,414,40,23,Evening
CE02740,QC07,VC00397,2025-10-08 16:55:00,468,38,51,Evening
CE02741,QC08,VC00765,2026-04-23 15:16:00,423,30,48,Morning
CE02742,QC07,VC00323,2025-11-08 14:32:00,436,9,66,Morning
CE02743,QC06,VC00950,2026-06-23 13:35:00,425,28,32,Morning
CE02744,QC02,VC00799,2026-09-26 02:21:00,326,52,57,Evening
CE02745,QC04,VC00056,2025-06-11 21:03:00,323,16,54,Evening
CE02746,QC08,VC00662,2026-12-02 21:41:00,374,13,36,Evening
CE02747,QC06,VC00508,2025-07-11 01:43:00,415,18,43,Evening
CE02748,QC08,VC00647,2026-10-21 19:01:00,325,46,58,Morning
CE02749,QC01,VC00963,2026-02-04 04:21:00,450,31,32,Morning
CE02750,QC03,VC00644,2025-06-11 01:56:00,377,11,45,Night
CE02751,QC03,VC00965,2025-05-30 08:54:00,327,31,51,Evening
CE02752,QC04,VC00053,2026-01-24 09:30:00,432,70,75,Morning
CE02753,QC01,VC00769,2025-10-17 08:14:00,330,15,35,Evening
CE02754,QC03,VC00078,2026-11-25 23:39:00,414,10,76,Morning
CE02755,QC07,VC00345,2025-08-16 02:52:00,431,74,26,Evening
CE02756,QC08,VC00895,2026-07-16 12:20:00,316,87,59,Night
CE02757,QC07,VC00174,2026-05-18 09:15:00,341,8,63,Night
CE02758,QC04,VC00225,2025-10-06 16:24:00,424,59,23,Night
CE02759,QC06,VC00072,2026-09-23 22:01:00,338,55,45,Night
CE02760,QC05,VC00686,2026-07-17 05:32:00,448,47,54,Night
CE02761,QC04,VC00067,2025-02-24 23:59:00,450,71,47,Night
CE02762,QC04,VC00785,2025-07-18 16:45:00,416,9,27,Morning
CE02763,QC05,VC00069,2026-03-15 09:23:00,304,45,27,Evening
CE02764,QC04,VC00059,2025-08-03 12:32:00,409,62,52,Evening
CE02765,QC08,VC00829,2026-04-28 19:03:00,305,3,74,Morning
CE02766,QC08,VC00073,2026-08-27 12:56:00,404,54,64,Morning
CE02767,QC02,VC00890,2025-07-18 08:12:00,358,88,31,Evening
CE02768,QC02,VC00368,2025-08-18 19:24:00,394,81,67,Morning
CE02769,QC05,VC00179,2025-02-06 13:02:00,449,6,46,Morning
CE02770,QC04,VC00275,2026-09-01 05:58:00,455,41,71,Evening
CE02771,QC02,VC00776,2025-02-24 08:36:00,396,90,77,Morning
CE02772,QC01,VC00090,2026-05-27 22:10:00,325,74,49,Morning
CE02773,QC01,VC00972,2026-04-28 05:55:00,319,72,30,Morning
CE02774,QC06,VC00250,2025-11-04 03:02:00,460,55,52,Night
CE02775,QC06,VC00801,2026-09-12 12:13:00,425,25,49,Night
CE02776,QC04,VC00766,2025-09-30 18:41:00,478,30,52,Evening
CE02777,QC03,VC00774,2026-11-26 08:20:00,373,17,75,Night
CE02778,QC02,VC00456,2025-11-01 20:59:00,300,19,61,Night
CE02779,QC01,VC00370,2026-08-26 16:21:00,319,67,72,Morning
CE02780,QC04,VC00556,2025-01-01 06:16:00,479,39,44,Evening
CE02781,QC08,VC00303,2025-09-25 23:18:00,407,82,59,Evening
CE02782,QC06,VC00185,2026-11-14 10:38:00,420,58,53,Night
CE02783,QC06,VC00148,2026-07-07 08:03:00,434,22,72,Morning
CE02784,QC06,VC00871,2025-07-05 10:13:00,323,21,78,Morning
CE02785,QC07,VC00717,2025-12-04 11:47:00,463,39,42,Night
CE02786,QC05,VC00953,2026-02-21 05:52:00,442,41,56,Night
CE02787,QC06,VC00536,2025-01-04 17:36:00,310,48,69,Evening
CE02788,QC03,VC00270,2026-05-17 21:23:00,314,70,65,Morning
CE02789,QC01,VC00564,2026-11-20 10:38:00,305,5,65,Night
CE02790,QC04,VC00521,2026-07-05 22:09:00,407,29,67,Night
CE02791,QC02,VC00523,2025-01-25 11:32:00,469,8,73,Night
CE02792,QC07,VC00450,2025-08-28 20:41:00,387,51,53,Night
CE02793,QC02,VC00776,2025-02-24 08:36:00,347,71,56,Night
CE02794,QC02,VC00850,2025-11-02 14:43:00,451,13,78,Evening
CE02795,QC01,VC00322,2026-06-26 18:17:00,429,7,34,Morning
CE02796,QC01,VC00659,2026-01-24 13:28:00,345,42,71,Evening
CE02797,QC08,VC00681,2025-07-19 04:46:00,425,60,67,Evening
CE02798,QC04,VC00152,2025-04-15 10:51:00,355,83,44,Morning
CE02799,QC08,VC00100,2025-02-15 16:36:00,319,14,48,Morning
CE02800,QC06,VC00882,2025-04-23 16:34:00,335,89,41,Night
CE02801,QC01,VC00214,2025-06-27 05:14:00,366,87,35,Night
CE02802,QC05,VC00819,2025-12-21 16:59:00,424,44,75,Night
CE02803,QC02,VC00335,2026-06-25 09:20:00,342,69,27,Morning
CE02804,QC04,VC00901,2025-04-12 02:51:00,358,51,76,Night
CE02805,QC06,VC00779,2026-06-13 14:45:00,471,13,57,Night
CE02806,QC02,VC00953,2026-02-21 05:52:00,398,13,29,Night
CE02807,QC08,VC00929,2026-07-17 15:32:00,419,84,20,Morning
CE02808,QC06,VC00631,2025-02-28 22:35:00,350,15,51,Morning
CE02809,QC05,VC00642,2026-08-04 23:38:00,338,33,72,Night
CE02810,QC04,VC00516,2026-07-19 00:57:00,310,61,58,Morning
CE02811,QC06,VC00624,2026-05-14 19:09:00,306,64,40,Evening
CE02812,QC06,VC00968,2026-02-03 02:06:00,477,73,35,Morning
CE02813,QC01,VC00009,2026-07-09 10:30:00,445,84,42,Night
CE02814,QC06,VC00267,2025-12-23 04:46:00,457,21,62,Evening
CE02815,QC05,VC00166,2026-02-27 19:42:00,446,18,60,Evening
CE02816,QC05,VC00961,2026-01-01 04:47:00,340,56,52,Evening
CE02817,QC05,VC00894,2025-09-03 18:10:00,398,54,72,Evening
CE02818,QC07,VC00856,2025-08-06 06:36:00,401,59,50,Morning
CE02819,QC02,VC00228,2025-03-11 04:58:00,387,36,22,Night
CE02820,QC08,VC00690,2026-04-15 05:26:00,478,77,41,Morning
CE02821,QC02,VC00698,2026-03-21 04:33:00,413,65,60,Morning
CE02822,QC01,VC00407,2025-06-13 01:36:00,309,22,64,Night
CE02823,QC07,VC00959,2025-04-02 13:14:00,382,90,40,Night
CE02824,QC05,VC00526,2026-04-14 02:40:00,314,58,39,Night
CE02825,QC01,VC00146,2026-06-04 04:27:00,395,20,48,Morning
CE02826,QC04,VC00511,2025-09-05 10:00:00,387,31,74,Night
CE02827,QC03,VC00922,2026-08-06 01:22:00,454,30,70,Night
CE02828,QC02,VC00245,2025-02-13 03:26:00,428,45,34,Evening
CE02829,QC02,VC00083,2025-07-27 20:43:00,337,12,74,Morning
CE02830,QC04,VC00051,2025-09-03 02:04:00,449,65,46,Night
CE02831,QC02,VC00037,2025-04-05 07:49:00,396,32,24,Night
CE02832,QC04,VC00835,2026-10-23 06:58:00,435,18,56,Evening
CE02833,QC04,VC00249,2025-12-28 02:37:00,304,53,24,Evening
CE02834,QC08,VC00314,2025-02-13 07:17:00,472,53,72,Morning
CE02835,QC02,VC00211,2025-03-30 17:58:00,371,55,43,Morning
CE02836,QC05,VC00534,2025-12-26 05:57:00,453,44,42,Night
CE02837,QC01,VC00695,2025-04-24 16:23:00,417,3,28,Evening
CE02838,QC05,VC00154,2025-07-28 18:08:00,457,23,40,Night
CE02839,QC06,VC00186,2026-08-10 01:30:00,314,24,36,Evening
CE02840,QC03,VC00661,2026-11-23 05:24:00,439,45,21,Night
CE02841,QC01,VC00901,2025-04-12 02:51:00,335,63,56,Night
CE02842,QC04,VC00647,2026-10-21 19:01:00,329,84,25,Night
CE02843,QC08,VC00833,2026-05-26 22:49:00,444,84,55,Morning
CE02844,QC08,VC00657,2026-06-30 11:30:00,419,33,59,Night
CE02845,QC05,VC00100,2025-02-15 16:36:00,399,25,59,Evening
CE02846,QC06,VC00456,2025-11-01 20:59:00,454,33,53,Night
CE02847,QC03,VC00105,2025-06-18 21:22:00,318,34,23,Night
CE02848,QC01,VC00971,2025-12-22 01:26:00,354,23,73,Evening
CE02849,QC07,VC00553,2026-06-02 02:56:00,421,74,77,Night
CE02850,QC04,VC00192,2026-09-27 12:35:00,429,30,63,Evening
CE02851,QC08,VC00260,2025-08-29 00:48:00,396,51,55,Morning
CE02852,QC01,VC00389,2025-01-13 16:34:00,426,88,75,Night
CE02853,QC06,VC00742,2025-12-06 17:01:00,421,34,79,Evening
CE02854,QC05,VC00181,2025-07-19 10:40:00,383,5,66,Evening
CE02855,QC02,VC00613,2025-09-26 06:44:00,308,41,80,Evening
CE02856,QC06,VC00437,2025-06-25 21:17:00,380,18,53,Night
CE02857,QC06,VC00067,2025-02-24 23:59:00,449,19,21,Evening
CE02858,QC06,VC00431,2026-02-20 08:50:00,424,5,79,Evening
CE02859,QC02,VC00727,2026-10-25 18:14:00,337,12,26,Morning
CE02860,QC08,VC00404,2025-10-05 11:49:00,367,56,59,Evening
CE02861,QC02,VC00179,2025-02-06 13:02:00,354,56,80,Morning
CE02862,QC02,VC00861,2025-07-09 16:30:00,367,47,21,Morning
CE02863,QC02,VC00314,2025-02-13 07:17:00,405,19,71,Night
CE02864,QC03,VC00809,2025-11-21 20:21:00,318,21,44,Night
CE02865,QC01,VC00312,2025-12-11 18:31:00,464,9,36,Evening
CE02866,QC02,VC00783,2025-10-04 06:40:00,439,34,37,Evening
CE02867,QC02,VC00019,2026-10-24 17:32:00,330,64,47,Morning
CE02868,QC06,VC00299,2026-01-22 14:44:00,393,81,56,Evening
CE02869,QC01,VC00939,2026-03-22 08:26:00,455,77,72,Evening
CE02870,QC08,VC00764,2026-04-21 15:07:00,397,6,78,Night
CE02871,QC08,VC00158,2025-04-15 19:16:00,354,69,31,Night
CE02872,QC07,VC00620,2025-10-26 22:39:00,355,32,20,Morning
CE02873,QC07,VC00710,2025-09-14 12:14:00,458,67,36,Evening
CE02874,QC06,VC00174,2026-05-18 09:15:00,427,67,77,Morning
CE02875,QC07,VC00734,2025-04-02 00:52:00,402,68,53,Night
CE02876,QC03,VC00189,2026-06-13 08:41:00,318,54,64,Morning
CE02877,QC01,VC00863,2026-03-09 09:03:00,469,73,57,Morning
CE02878,QC05,VC00839,2025-01-31 19:09:00,342,8,42,Evening
CE02879,QC06,VC00655,2026-11-29 05:54:00,371,71,66,Night
CE02880,QC07,VC00496,2026-05-19 02:27:00,417,79,67,Night
CE02881,QC02,VC00605,2026-09-22 19:07:00,325,48,43,Night
CE02882,QC03,VC00973,2025-09-06 21:59:00,479,60,77,Evening
CE02883,QC05,VC00260,2025-08-29 00:48:00,357,19,68,Evening
CE02884,QC04,VC00066,2025-12-08 20:43:00,417,31,55,Night
CE02885,QC03,VC00295,2025-05-07 07:07:00,442,58,69,Morning
CE02886,QC01,VC00892,2026-04-03 10:48:00,339,77,51,Morning
CE02887,QC03,VC00344,2026-05-06 22:13:00,451,12,33,Morning
CE02888,QC06,VC00868,2025-10-16 10:58:00,353,0,57,Night
CE02889,QC05,VC00491,2026-03-15 04:47:00,361,76,47,Night
CE02890,QC03,VC00346,2025-05-25 15:35:00,327,85,78,Morning
CE02891,QC04,VC00045,2025-11-25 06:33:00,453,30,23,Night
CE02892,QC04,VC00839,2025-01-31 19:09:00,393,15,73,Night
CE02893,QC05,VC00517,2026-04-13 23:59:00,354,73,27,Evening
CE02894,QC04,VC00286,2025-12-01 03:52:00,438,2,55,Morning
CE02895,QC04,VC00041,2025-11-30 02:27:00,316,87,62,Morning
CE02896,QC03,VC00747,2025-12-14 00:34:00,359,19,69,Morning
CE02897,QC01,VC00434,2025-12-08 04:18:00,306,77,62,Night
CE02898,QC02,VC00448,2026-04-30 11:58:00,379,11,66,Evening
CE02899,QC08,VC00198,2025-12-31 04:12:00,435,84,79,Morning
CE02900,QC05,VC00853,2025-08-22 06:54:00,389,42,44,Evening
CE02901,QC03,VC00629,2026-07-21 05:19:00,438,89,56,Evening
CE02902,QC08,VC00264,2025-12-18 08:05:00,468,24,20,Night
CE02903,QC08,VC00613,2025-09-26 06:44:00,410,72,31,Morning
CE02904,QC08,VC00552,2026-03-14 20:33:00,448,88,52,Night
CE02905,QC01,VC00306,2026-10-29 19:04:00,396,60,80,Evening
CE02906,QC03,VC00231,2026-06-22 01:48:00,443,52,67,Night
CE02907,QC02,VC00229,2026-03-24 04:10:00,327,18,31,Night
CE02908,QC03,VC00554,2026-09-04 20:15:00,327,72,31,Evening
CE02909,QC05,VC00196,2026-01-09 01:33:00,392,44,25,Evening
CE02910,QC07,VC00631,2025-02-28 22:35:00,433,70,66,Night
CE02911,QC01,VC00879,2026-07-29 22:30:00,307,12,50,Evening
CE02912,QC08,VC00156,2026-02-18 12:50:00,475,55,54,Morning
CE02913,QC07,VC00220,2025-05-08 17:47:00,474,86,70,Morning
CE02914,QC08,VC00693,2025-12-10 14:10:00,380,59,65,Evening
CE02915,QC03,VC00994,2026-02-14 23:31:00,414,87,59,Morning
CE02916,QC04,VC00680,2025-05-17 10:48:00,333,86,58,Night
CE02917,QC02,VC00921,2025-03-29 08:24:00,464,73,58,Night
CE02918,QC02,VC00879,2026-07-29 22:30:00,410,76,52,Night
CE02919,QC01,VC00396,2025-04-26 02:37:00,419,3,24,Morning
CE02920,QC06,VC00870,2025-04-08 22:38:00,411,5,27,Evening
CE02921,QC07,VC00993,2026-11-06 18:27:00,452,58,46,Evening
CE02922,QC03,VC00877,2025-04-17 17:09:00,453,6,56,Evening
CE02923,QC01,VC00848,2025-04-18 09:28:00,340,25,20,Evening
CE02924,QC08,VC00900,2026-01-13 12:08:00,359,80,25,Evening
CE02925,QC06,VC00878,2026-10-03 07:22:00,427,83,43,Evening
CE02926,QC04,VC00420,2026-11-05 16:10:00,349,46,73,Evening
CE02927,QC08,VC00095,2025-09-30 02:46:00,306,43,35,Evening
CE02928,QC08,VC00595,2025-12-10 23:06:00,394,0,53,Night
CE02929,QC04,VC00994,2026-02-14 23:31:00,434,54,70,Morning
CE02930,QC05,VC00453,2025-07-21 17:42:00,458,80,75,Evening
CE02931,QC05,VC00164,2025-05-10 03:47:00,460,23,26,Night
CE02932,QC04,VC00882,2025-04-23 16:34:00,310,58,56,Evening
CE02933,QC03,VC00485,2025-05-25 06:21:00,436,8,55,Evening
CE02934,QC02,VC00607,2025-05-17 16:55:00,363,58,57,Evening
CE02935,QC07,VC00752,2026-02-15 01:17:00,474,66,50,Evening
CE02936,QC01,VC00149,2025-08-23 19:25:00,381,54,40,Night
CE02937,QC04,VC00532,2026-01-04 15:40:00,440,7,68,Night
CE02938,QC06,VC00049,2025-06-13 07:04:00,373,57,70,Morning
CE02939,QC05,VC00941,2025-07-17 23:20:00,353,73,68,Evening
CE02940,QC03,VC00268,2025-01-16 16:43:00,337,76,57,Evening
CE02941,QC03,VC00210,2025-08-24 21:17:00,398,78,71,Morning
CE02942,QC03,VC00633,2026-07-08 13:39:00,336,87,54,Night
CE02943,QC01,VC00157,2026-02-28 23:26:00,351,0,80,Evening
CE02944,QC02,VC00220,2025-05-08 17:47:00,349,26,66,Night
CE02945,QC02,VC00843,2026-01-06 02:42:00,394,31,24,Night
CE02946,QC08,VC00434,2025-12-08 04:18:00,393,39,36,Night
CE02947,QC02,VC00469,2026-02-11 03:31:00,400,46,37,Evening
CE02948,QC02,VC00564,2026-11-20 10:38:00,330,40,39,Morning
CE02949,QC03,VC00781,2026-07-24 21:33:00,476,26,26,Evening
CE02950,QC07,VC00331,2025-08-20 15:44:00,389,34,69,Evening
CE02951,QC08,VC00205,2025-02-14 06:48:00,417,18,51,Morning
CE02952,QC01,VC00067,2025-02-24 23:59:00,382,42,68,Morning
CE02953,QC03,VC00180,2025-04-22 13:41:00,452,6,46,Morning
CE02954,QC04,VC00946,2025-11-10 15:14:00,422,33,73,Night
CE02955,QC03,VC00343,2026-07-02 09:49:00,438,16,56,Evening
CE02956,QC04,VC00361,2026-02-21 23:29:00,300,24,49,Evening
CE02957,QC04,VC00367,2025-10-29 04:59:00,399,88,78,Morning
CE02958,QC05,VC00022,2026-07-11 15:19:00,439,24,45,Night
CE02959,QC03,VC00140,2025-08-03 22:55:00,327,32,23,Morning
CE02960,QC04,VC00597,2026-06-16 20:30:00,410,36,66,Morning
CE02961,QC02,VC00764,2026-04-21 15:07:00,404,5,22,Evening
CE02962,QC05,VC00545,2026-07-23 04:37:00,343,15,72,Night
CE02963,QC04,VC00449,2026-04-26 04:42:00,332,21,75,Morning
CE02964,QC02,VC00230,2026-09-30 12:45:00,330,32,25,Evening
CE02965,QC06,VC00302,2025-07-19 05:38:00,376,51,30,Morning
CE02966,QC05,VC00750,2026-11-30 02:49:00,327,69,51,Evening
CE02967,QC06,VC00271,2026-05-26 06:02:00,321,55,28,Evening
CE02968,QC07,VC00084,2025-05-17 07:59:00,415,84,63,Morning
CE02969,QC06,VC00995,2026-11-03 16:35:00,376,46,39,Evening
CE02970,QC01,VC00036,2025-06-15 06:51:00,457,61,29,Night
CE02971,QC01,VC00960,2026-10-16 09:17:00,367,85,70,Evening
CE02972,QC02,VC00832,2026-09-10 03:04:00,385,86,35,Evening
CE02973,QC02,VC00508,2025-07-11 01:43:00,463,5,22,Evening
CE02974,QC07,VC00508,2025-07-11 01:43:00,377,58,40,Night
CE02975,QC04,VC00330,2026-06-14 12:13:00,374,28,43,Morning
CE02976,QC08,VC00008,2025-09-20 02:05:00,468,44,38,Evening
CE02977,QC02,VC00273,2025-03-26 11:48:00,408,11,78,Night
CE02978,QC01,VC00920,2025-03-10 08:07:00,376,7,45,Evening
CE02979,QC03,VC00514,2026-02-06 15:27:00,302,79,23,Night
CE02980,QC01,VC00972,2026-04-28 05:55:00,310,1,24,Morning
CE02981,QC03,VC00342,2025-07-30 14:06:00,366,80,48,Evening
CE02982,QC05,VC00912,2025-08-30 03:50:00,352,24,48,Morning
CE02983,QC04,VC00181,2025-07-19 10:40:00,318,75,21,Evening
CE02984,QC01,VC00847,2026-05-01 16:09:00,442,62,61,Evening
CE02985,QC06,VC00155,2026-03-18 09:11:00,419,26,25,Morning
CE02986,QC08,VC00147,2025-02-27 22:13:00,439,45,47,Morning
CE02987,QC05,VC00375,2026-12-04 09:18:00,467,28,46,Morning
CE02988,QC01,VC00363,2025-08-25 13:55:00,378,59,61,Night
CE02989,QC02,VC00397,2025-10-08 16:55:00,373,16,71,Morning
CE02990,QC05,VC00779,2026-06-13 14:45:00,388,88,66,Night
CE02991,QC02,VC00324,2025-04-28 03:01:00,362,4,77,Evening
CE02992,QC06,VC00017,2026-03-10 09:16:00,396,20,59,Morning
CE02993,QC04,VC00814,2025-08-31 09:23:00,410,78,63,Night
CE02994,QC02,VC00763,2026-03-18 14:15:00,435,20,58,Morning
CE02995,QC06,VC00413,2025-11-09 00:50:00,366,51,62,Night
CE02996,QC08,VC00529,2025-03-08 08:54:00,452,62,41,Night
CE02997,QC03,VC00375,2026-12-04 09:18:00,399,84,38,Evening
CE02998,QC04,VC00322,2026-06-26 18:17:00,376,17,49,Night
CE02999,QC04,VC00359,2026-06-20 23:28:00,411,73,66,Night
CE03000,QC04,VC00359,2026-06-20 23:28:00,390,42,41,Morning
